Date,Open,High,Low,Close,Volume,Dividends,Stock Splits,daily_return,cum_return,middle_band,upper_band,lower_band,Conversion,Baseline,SpanA,SpanB,Lagging
2021-01-15,12.75,13.050000190734863,11.760000228881836,11.760000228881836,16575700,0,0,,,,,,,,,,11.829999923706056
2021-01-19,12.239999771118164,12.399999618530272,12.0,12.210000038146973,2386000,0,0,0.03826528915875049,1.0382652891587505,,,,,,,,11.789999961853027
2021-01-20,12.359999656677246,12.550000190734863,12.199999809265137,12.449999809265137,2532000,0,0,0.01965600084916841,1.058673432564117,,,,,,,,11.6899995803833
2021-01-21,12.550000190734863,12.920000076293944,12.460000038146973,12.920000076293944,2515000,0,0,0.03775102604250957,1.0986394408873579,,,,,,,,11.649999618530272
2021-01-22,12.800000190734863,13.1899995803833,12.800000190734863,12.949999809265137,1600600,0,0,0.0023219607425728483,1.1011904385393405,,,,,,,,11.43000030517578
2021-01-25,13.0,13.0,12.449999809265137,12.489999771118164,1377500,0,0,-0.03552123899012438,1.0620747897983447,,,,,,,,11.020000457763672
2021-01-26,12.550000190734863,12.760000228881836,11.800000190734863,11.859999656677246,2556900,0,0,-0.05044036236875904,1.0085033525381926,,,,,,,,10.739999771118164
2021-01-27,11.649999618530272,11.89799976348877,11.300000190734863,11.4399995803833,2105000,0,0,-0.035413160915016006,0.9727890610314245,,,,,,,,10.90999984741211
2021-01-28,11.5600004196167,12.109999656677246,11.5600004196167,11.979999542236328,1017900,0,0,0.0472027955996599,1.0187074242408758,,,,12.244999885559082,,,,10.760000228881836
2021-01-29,11.880000114440918,12.699999809265137,11.880000114440918,11.9399995803833,514800,0,0,-0.0033388951069659445,1.015306067006648,,,,12.244999885559082,,,,10.84000015258789
2021-02-01,12.079999923706056,12.350000381469728,11.970000267028809,12.0,947100,0,0,0.0050251609485210125,1.0204081434053662,,,,12.244999885559082,,,,10.68000030517578
2021-02-02,12.140000343322754,12.350000381469728,11.899999618530272,11.9399995803833,336100,0,0,-0.005000034968058231,1.015306067006648,,,,12.244999885559082,,,,11.0
2021-02-03,12.050000190734863,12.199999809265137,12.0,12.020000457763672,2605900,0,0,0.006700241222102443,1.0221088625698567,,,,12.244999885559082,,,,11.149999618530272
2021-02-04,12.100000381469728,12.119999885559082,11.880000114440918,11.90999984741211,1398800,0,0,-0.009151464738964554,1.0127550693546654,,,,12.150000095367432,,,,10.8100004196167
2021-02-05,12.050000190734863,12.050000190734863,11.8100004196167,11.880000114440918,712300,0,0,-0.002518869299373616,1.010204071702683,,,,12.03000020980835,,,,10.579999923706056
2021-02-08,12.020000457763672,12.43000030517578,11.972000122070312,12.34000015258789,1137600,0,0,0.03872054155856541,1.0493197204436788,,,,12.0,,,,10.520000457763672
2021-02-09,12.260000228881836,12.5,12.229999542236328,12.460000038146973,710000,0,0,0.009724463863472144,1.059523792146362,,,,12.130000114440918,,,,10.81999969482422
2021-02-10,12.5,12.800000190734863,12.399999618530272,12.699999809265137,377200,0,0,0.019261618810866077,1.0799319355517285,,,,12.305000305175781,,,,10.81999969482422
2021-02-11,12.5,12.699999809265137,12.1899995803833,12.68000030517578,451000,0,0,-0.0015747641251747657,1.0782312974819912,,,,12.305000305175781,,,,10.699999809265137
2021-02-12,12.56999969482422,12.729999542236328,12.399999618530272,12.59000015258789,488100,0,0,-0.007097803661026081,1.0705782234312906,12.225999927520752,13.038256446716538,11.413743408324965,12.305000305175781,,,,10.449999809265137
2021-02-16,12.739999771118164,12.739999771118164,12.380000114440918,12.56999969482422,247600,0,0,-0.0015885986911253758,1.0688775042668004,12.266499900817871,13.062205560385465,11.470794241250278,12.305000305175781,,,,10.220000267028809
2021-02-17,12.5,12.6899995803833,12.260000228881836,12.5,481000,0,0,-0.0055687904951217115,1.06292514938059,12.280999898910522,13.082670459890267,11.479329337930778,12.305000305175781,,,,10.65999984741211
2021-02-18,12.539999961853027,12.539999961853027,12.260000228881836,12.40999984741211,754000,0,0,-0.007200012207031259,1.0552720753298892,12.27899990081787,13.079155771963098,11.478844029672644,12.305000305175781,,,,10.399999618530272
2021-02-19,12.520000457763672,12.770000457763672,12.40999984741211,12.65999984741211,526400,0,0,0.020145044566792114,1.076530578317501,12.265999889373779,13.031401859480852,11.500597919266706,12.386000156402588,,,,10.489999771118164
2021-02-22,12.5,12.770000457763672,12.40999984741211,12.489999771118164,432400,0,0,-0.013428126251415096,1.0620747897983447,12.24299988746643,12.949576509592413,11.536423265340447,12.494999885559082,,,,10.449999809265137
2021-02-23,12.31999969482422,12.31999969482422,11.789999961853027,12.050000190734863,855700,0,0,-0.035228149595387004,1.0246598602218393,12.220999908447265,12.922775726369522,11.519224090525007,12.295000076293945,12.244999885559082,,,10.449999809265137
2021-02-24,12.109999656677246,12.119999885559082,11.75,11.829999923706056,870900,0,0,-0.01825728328186771,1.0059523548862102,12.219499921798706,12.92451166327272,11.514488180324692,12.260000228881836,12.244999885559082,,,10.489999771118164
2021-02-25,11.829999923706056,11.829999923706056,11.529999732971191,11.789999961853027,756800,0,0,-0.0033812309476750624,1.0025509976519822,12.236999940872192,12.877504860467283,11.5964950212771,12.150000095367432,12.244999885559082,,,10.300000190734863
2021-02-26,11.539999961853027,11.739999771118164,11.3100004196167,11.6899995803833,1569700,0,0,-0.008481796589760893,0.9940475640190363,12.22249994277954,12.898176552931622,11.54682333262746,12.040000438690186,12.244999885559082,,,10.25
2021-03-01,11.770000457763672,11.970000267028809,11.619999885559082,11.649999618530272,405700,0,0,-0.0034217248322362392,0.9906462067848084,12.20799994468689,12.919211297703919,11.49678859166986,12.040000438690186,12.244999885559082,,,10.199999809265137
2021-03-02,11.600000381469728,11.619999885559082,11.350000381469728,11.43000030517578,457700,0,0,-0.01888406185048841,0.9719387825439324,12.179499959945678,12.964465846731592,11.394534073159765,12.040000438690186,12.150000095367432,,,10.270000457763672
2021-03-03,11.56999969482422,11.56999969482422,10.949999809265137,11.020000457763672,504500,0,0,-0.03587050187797891,0.9370748506194098,12.133500003814698,13.065083901714157,11.201916105915238,11.860000133514404,11.875,,,10.25
2021-03-04,11.0,11.020000457763672,10.489999771118164,10.739999771118164,645500,0,0,-0.025408409710931168,0.9132652688850622,12.069499969482422,13.183636737787158,10.955363201177686,11.630000114440918,11.644999980926514,,,10.149999618530272
2021-03-05,10.8100004196167,11.050000190734863,10.5,10.90999984741211,1204900,0,0,0.01582868528089798,0.9277210574042185,12.019499969482421,13.243378733885352,10.79562120507949,11.404999732971191,11.644999980926514,,,10.170000076293944
2021-03-08,10.850000381469728,10.864999771118164,10.579999923706056,10.760000228881836,657500,0,0,-0.013748819489292075,0.9149659880495528,11.963499975204467,13.305887559825981,10.621112390582953,11.304999828338623,11.644999980926514,,,10.229999542236328
2021-03-09,10.899999618530272,10.989999771118164,10.760000228881836,10.84000015258789,894900,0,0,0.007434936989250351,0.9217687025180084,11.888499975204468,13.304766655326713,10.472233295082223,11.230000019073486,11.644999980926514,,,10.199999809265137
2021-03-10,10.899999618530272,10.899999618530272,10.649999618530272,10.68000030517578,479400,0,0,-0.01476013331733339,0.9081632735810972,11.799499988555908,13.28376237885111,10.315237598260707,11.230000019073486,11.644999980926514,,,10.199999809265137
2021-03-11,10.8100004196167,11.18000030517578,10.640000343322754,11.0,497800,0,0,0.02996251738580402,0.9353741314549194,11.714499998092652,13.17706712469214,10.251932871493164,11.230000019073486,11.644999980926514,,,10.119999885559082
2021-03-12,11.0,11.15999984741211,10.81999969482422,11.149999618530272,409600,0,0,0.013636328957297383,0.9481292008095851,11.637999963760375,13.049165429104852,10.226834498415899,11.054999828338623,11.644999980926514,,,9.979999542236328
2021-03-15,11.649999618530272,11.649999618530272,10.729999542236328,10.8100004196167,2631000,0,0,-0.030493202739534153,0.9192177048660259,11.548999977111816,12.932737538144778,10.165262416078853,11.069999694824219,11.644999980926514,,,10.020000457763672
2021-03-16,10.770000457763672,10.949999809265137,10.550000190734863,10.579999923706056,820100,0,0,-0.021276640793950863,0.8996598399481516,11.449499988555909,12.811033201894457,10.08796677521736,11.069999694824219,11.644999980926514,,,10.119999885559082
2021-03-17,10.56999969482422,10.600000381469728,10.350000381469728,10.520000457763672,769400,0,0,-0.005671027067585044,0.8945578446441864,11.350500011444092,12.679296005338715,10.02170401754947,11.0,11.575000286102295,,,10.170000076293944
2021-03-18,10.5,10.949999809265137,10.399999618530272,10.81999969482422,876100,0,0,0.02851703650251758,0.9200679833535181,11.271000003814697,12.524027369059947,10.017972638569447,11.0,11.575000286102295,,,10.149999618530272
2021-03-19,10.829999923706056,10.949999809265137,10.67099952697754,10.81999969482422,294100,0,0,0.0,0.9200679833535181,11.178999996185302,12.2684439947695,10.089555997601105,11.0,11.5600004196167,,,10.40999984741211
2021-03-22,11.399999618530272,11.399999618530272,10.609999656677246,10.699999809265137,13832100,0,0,-0.011090562748951482,0.9098639116508347,11.089499998092652,12.013285622009251,10.165714374176053,11.0,11.5600004196167,,,10.460000038146973
2021-03-23,10.68000030517578,10.708999633789062,10.354999542236328,10.449999809265137,4488700,0,0,-0.023364486397796425,0.8886054086632229,11.009499979019164,11.860179163145585,10.158820794892744,11.0,11.5600004196167,,,10.550000190734863
2021-03-24,10.479999542236328,10.649999618530272,10.06999969482422,10.220000267028809,2814400,0,0,-0.022009525974575284,0.8690476248401016,10.928999996185302,11.758071144228069,10.099928848142536,10.859999656677246,11.420000076293945,,,10.93000030517578
2021-03-25,10.18000030517578,10.760000228881836,10.029999732971191,10.65999984741211,4183300,0,0,0.04305279539011386,0.9064625544166068,10.872499990463258,11.60679797954932,10.138202001377195,10.839999675750732,11.400000095367432,,,10.550000190734863
2021-03-26,10.65999984741211,10.739999771118164,10.199999809265137,10.399999618530272,4254600,0,0,-0.02439026572265446,0.8843536918467497,10.807999992370606,11.465560745441202,10.15043923930001,10.714999675750732,11.400000095367432,,,10.289999961853027
2021-03-29,10.399999618530272,10.5600004196167,10.350000381469728,10.489999771118164,1596800,0,0,0.008653861143180563,0.8920067658974505,10.75,11.29395233782296,10.20604766217704,10.714999675750732,11.400000095367432,,,10.5
2021-03-30,10.460000038146973,10.505000114440918,10.260000228881836,10.449999809265137,1227900,0,0,-0.0038131518327729763,0.8886054086632228,10.700999975204468,11.16021623873691,10.241783711672026,10.714999675750732,11.174999713897705,,,10.25
2021-03-31,10.449999809265137,10.520999908447266,10.3149995803833,10.449999809265137,509800,0,0,0.0,0.8886054086632228,10.672499942779542,11.119442994871076,10.225556890688008,10.714999675750732,11.074999809265137,12.269999980926514,,10.279999732971191
2021-04-01,10.460000038146973,10.729999542236328,10.449999809265137,10.489999771118164,531000,0,0,0.0038277476156087786,0.8920067658974505,10.65999994277954,11.112702068277217,10.207297817281864,10.714999675750732,11.0,12.252500057220459,,10.140000343322754
2021-04-05,10.550000190734863,10.645000457763672,10.229999542236328,10.300000190734863,1352200,0,0,-0.018112448477493936,0.8758503393085569,10.62949995994568,11.09290515061096,10.166094769280399,10.394999980926514,11.0,12.197499990463257,,10.109999656677246
2021-04-06,10.300000190734863,10.350000381469728,10.220000267028809,10.25,1291900,0,0,-0.004854387360093471,0.8715986224920839,10.603999948501587,11.091638047089353,10.11636184991382,10.394999980926514,11.0,12.142500162124634,,10.079999923706056
2021-04-07,10.270000457763672,10.300000190734863,10.18000030517578,10.199999809265137,810400,0,0,-0.004878067388767171,0.8673469056756108,10.57199993133545,11.077360679525684,10.066639183145215,10.394999980926514,10.839999675750732,12.142500162124634,,10.140000343322754
2021-04-08,10.210000038146973,10.270000457763672,10.199999809265137,10.270000457763672,911900,0,0,0.00686280880465806,0.8732993416565743,10.551499938964843,11.07089589069287,10.032103987236816,10.460000038146973,10.839999675750732,12.095000267028809,,10.239999771118164
2021-04-09,10.25,10.31999969482422,10.220000267028809,10.25,741900,0,0,-0.0019474641550334404,0.8715986224920839,10.513999938964844,11.005725642726006,10.022274235203682,10.454999923706055,10.839999675750732,11.867500066757202,,10.140000343322754
2021-04-12,10.300000190734863,10.329999923706056,10.119999885559082,10.149999618530272,2747300,0,0,-0.009756134777534453,0.8630951888591377,10.463999938964843,10.884344186921311,10.043655691008375,10.424999713897705,10.839999675750732,11.637500047683716,,10.140000343322754
2021-04-13,10.140000343322754,10.220000267028809,10.130000114440918,10.170000076293944,1282200,0,0,0.0019704885236802028,0.8647959080236283,10.431999921798706,10.839209318381076,10.024790525216336,10.424999713897705,10.839999675750732,11.524999856948853,,10.1899995803833
2021-04-14,10.1899995803833,10.329999923706056,10.170000076293944,10.229999542236328,231900,0,0,0.0058996524574510545,0.8698979033275935,10.41449990272522,10.82486862885092,10.00413117659952,10.424999713897705,10.839999675750732,11.474999904632568,,10.43000030517578
2021-04-15,10.220000267028809,10.399999618530272,10.18000030517578,10.199999809265137,1935300,0,0,-0.0029325253483475366,0.867346905675611,10.398499870300293,10.816135633077623,9.980864107522963,10.382500171661377,10.839999675750732,11.4375,,10.31999969482422
2021-04-16,10.210000038146973,10.27400016784668,10.130000114440918,10.199999809265137,599400,0,0,0.0,0.867346905675611,10.36749987602234,10.74509604692162,9.989903705123059,10.259999752044678,10.839999675750732,11.4375,,10.18000030517578
2021-04-19,10.239999771118164,10.260000228881836,10.100000381469728,10.119999885559082,569400,0,0,-0.007843129921765946,0.8605441912071555,10.332499885559082,10.662061824501961,10.002937946616203,10.25,10.839999675750732,11.4375,,10.170000076293944
2021-04-20,10.100000381469728,10.130000114440918,9.94499969482422,9.979999542236328,4297200,0,0,-0.013834026176475556,0.8486394003399818,10.296499872207642,10.614598489801711,9.978401254613573,10.172499656677246,10.797499656677246,11.349999904632568,,10.170000076293944
2021-04-21,9.979999542236328,10.0600004196167,9.960000038146973,10.020000457763672,1090100,0,0,0.0040081079521152585,0.8520408386689627,10.274999904632569,10.606679319381076,9.943320489884062,10.172499656677246,10.672499656677246,11.357499837875366,,10.380000114440918
2021-04-22,10.079999923706056,10.130000114440918,10.06999969482422,10.119999885559082,639800,0,0,0.009979982357977812,0.8605441912071556,10.269999885559082,10.607869870705171,9.932129900412994,10.172499656677246,10.672499656677246,11.357499837875366,,10.329999923706056
2021-04-23,10.109999656677246,10.170000076293944,10.100000381469728,10.170000076293944,1113100,0,0,0.004940730365640578,0.8647959080236285,10.245499897003175,10.533593143351078,9.95740665065527,10.172499656677246,10.672499656677246,11.287500143051147,,10.220000267028809
2021-04-26,10.1899995803833,10.1899995803833,10.119999885559082,10.149999618530272,624500,0,0,-0.001966613334673628,0.863095188859138,10.232999897003173,10.514750868432401,9.951248925573946,10.172499656677246,10.672499656677246,11.287500143051147,,10.1899995803833
2021-04-27,10.130000114440918,10.420000076293944,10.11299991607666,10.40999984741211,1369500,0,0,0.025615787059456663,0.8852040514289953,10.228999900817872,10.497884449276846,9.960115352358898,10.182499885559082,10.672499656677246,11.28000020980835,,10.149999618530272
2021-04-28,10.40999984741211,10.510000228881836,10.232000350952148,10.460000038146973,878200,0,0,0.004803092360015082,0.8894557682454682,10.229499912261963,10.500076716214886,9.958923108309039,10.227499961853027,10.352499961853027,11.28000020980835,,10.15999984741211
2021-04-29,10.5,10.609999656677246,10.270000457763672,10.550000190734863,1369700,0,0,0.008604221057329386,0.8971088422961689,10.23449993133545,10.524412344195596,9.944587518475302,10.277499675750732,10.352499961853027,11.28000020980835,,10.149999618530272
2021-04-30,10.550000190734863,10.93000030517578,10.479999542236328,10.93000030517578,4080400,0,0,0.03601896754225997,0.9294217765687091,10.25649995803833,10.664784532002137,9.848215384074521,10.4375,10.4375,11.139999866485596,,10.220000267028809
2021-05-03,10.899999618530272,10.979999542236328,10.491999626159668,10.550000190734863,632800,0,0,-0.03476670666339976,0.8971088422961688,10.26899995803833,10.696900574903784,9.841099341172876,10.46999979019165,10.462499618530273,11.119999885559082,,10.1899995803833
2021-05-04,10.5,10.54800033569336,10.210000038146973,10.289999961853027,4082800,0,0,-0.02464457101244144,0.8749999797263117,10.270999956130982,10.69890057344706,9.843099338814904,10.524999618530273,10.462499618530273,11.057499885559082,,10.279999732971191
2021-05-05,10.289999961853027,10.539999961853027,10.145000457763672,10.5,2893400,0,0,0.020408167048151737,0.8928571254796956,10.285999965667724,10.72391875426823,9.848081177067218,10.539999961853027,10.462499618530273,11.057499885559082,,10.239999771118164
2021-05-06,10.420000076293944,10.460000038146973,10.18000030517578,10.25,581500,0,0,-0.023809523809523836,0.8715986224920839,10.28499994277954,10.723154140718378,9.846845744840703,10.546499729156494,10.462499618530273,10.944999694824219,,10.130000114440918
2021-05-07,10.25,10.289999961853027,10.199999809265137,10.279999732971191,249000,0,0,0.002926803216701579,0.8741496201440664,10.2864999294281,10.724366777536899,9.848633081319301,10.546499729156494,10.462499618530273,10.894999742507935,11.609999656677246,10.0
2021-05-10,10.270000457763672,10.28499984741211,10.104999542236328,10.140000343322754,301400,0,0,-0.013618618023832796,0.8622449103716459,10.285999965667724,10.7245185176149,9.847481413720548,10.542499542236328,10.462499618530273,10.857499837875366,11.609999656677246,9.989999771118164
2021-05-11,10.100000381469728,10.15999984741211,9.979999542236328,10.109999656677246,1416600,0,0,-0.0029586474980016764,0.8596938316249101,10.282999944686889,10.725497981458592,9.840501907915186,10.479999542236328,10.462499618530273,10.697499990463257,11.609999656677246,9.970000267028809
2021-05-12,10.109999656677246,10.220000267028809,10.0,10.079999923706056,620500,0,0,-0.0029673327388667348,0.8571428339729277,10.275499963760376,10.726433572434905,9.824566355085848,10.479999542236328,10.462499618530273,10.697499990463257,11.609999656677246,9.970000267028809
2021-05-13,10.18000030517578,10.1899995803833,10.06999969482422,10.140000343322754,441000,0,0,0.005952422626074538,0.8622449103716457,10.272499990463256,10.726222834496253,9.818777146430259,10.479999542236328,10.462499618530273,10.617499828338623,11.609999656677246,9.970000267028809
2021-05-14,10.119999885559082,10.289999961853027,10.119999885559082,10.239999771118164,340800,0,0,0.009861876174517059,0.8707482629098384,10.274499988555908,10.727268191780592,9.821731785331224,10.263999938964844,10.462499618530273,10.649999856948853,11.514999866485596,9.979999542236328
2021-05-17,10.279999732971191,10.279999732971191,10.100000381469728,10.140000343322754,180800,0,0,-0.00976556933892303,0.8622449103716456,10.275500011444091,10.726971296232573,9.824028726655609,10.259999752044678,10.462499618530273,10.647499799728394,11.414999961853027,9.979999542236328
2021-05-18,10.149999618530272,10.211999893188477,10.109999656677246,10.140000343322754,104400,0,0,0.0,0.8622449103716456,10.283500051498413,10.718958953707531,9.848041149289294,10.21999979019165,10.462499618530273,10.632499694824219,11.414999961853027,10.0600004196167
2021-05-19,10.1899995803833,10.25,10.109999656677246,10.1899995803833,294800,0,0,0.004930891061899478,0.8664965460933655,10.292000007629394,10.712786743023084,9.871213272235703,10.134999752044678,10.462499618530273,10.632499694824219,11.414999961853027,10.149999618530272
2021-05-20,10.1899995803833,10.489999771118164,10.149999618530272,10.43000030517578,698100,0,0,0.023552574551082728,0.8869047705934852,10.30750002861023,10.724583814789328,9.890416242431131,10.234999656677246,10.462499618530273,10.632499694824219,11.414999961853027,10.979999542236328
2021-05-21,10.43000030517578,10.479999542236328,10.239999771118164,10.31999969482422,361300,0,0,-0.010546558689645713,0.8775509773782942,10.315000009536742,10.727238255002991,9.902761764070494,10.234999656677246,10.462499618530273,10.611249923706055,11.414999961853027,11.0
2021-05-24,10.300000190734863,10.300000190734863,10.149999618530272,10.18000030517578,573400,0,0,-0.013565832731434524,0.8656462676058734,10.316500043869018,10.72651409800727,9.906485989730767,10.244999885559082,10.462499618530273,10.549999713897705,11.414999961853027,10.5
2021-05-25,10.18000030517578,10.210000038146973,10.145000457763672,10.170000076293944,375000,0,0,-0.000982340725152242,0.864795908023628,10.30450005531311,10.7169331718661,9.89206693876012,10.279999732971191,10.462499618530273,10.544999837875366,11.414999961853027,10.760000228881836
2021-05-26,10.1899995803833,10.270000457763672,10.149999618530272,10.170000076293944,567300,0,0,0.0,0.864795908023628,10.290000057220457,10.699901917621215,9.880098196819699,10.295000076293945,10.46999979019165,10.484999656677246,11.372499942779541,10.789999961853027
2021-05-27,10.170000076293944,10.40999984741211,10.170000076293944,10.380000114440918,1775300,0,0,0.0206489711476483,0.8826530537770123,10.281500053405761,10.676084753399383,9.886915353412139,10.295000076293945,10.479999542236328,10.422499656677246,11.372499942779541,10.5
2021-05-28,10.380000114440918,10.4399995803833,10.270000457763672,10.329999923706056,686500,0,0,-0.004816974006127461,0.8784013369605395,10.251500034332276,10.511311434875855,9.991688633788696,10.299999713897705,10.479999542236328,10.422499656677246,11.372499942779541,10.779999732971191
2021-06-01,10.380000114440918,10.420000076293944,10.210000038146973,10.220000267028809,2423200,0,0,-0.010648563164537106,0.8690476248401013,10.235000038146973,10.455422601211577,10.014577475082369,10.299999713897705,10.479999542236328,10.422499656677246,11.372499942779541,10.359999656677246
2021-06-02,10.239999771118164,10.300000190734863,10.15999984741211,10.1899995803833,4300800,0,0,-0.0029354878533902617,0.8664965460933656,10.230000019073486,10.44973356533573,10.010266472811242,10.317500114440918,10.479999542236328,10.422499656677246,11.372499942779541,10.300000190734863
2021-06-03,10.199999809265137,10.199999809265137,10.119999885559082,10.149999618530272,601200,0,0,-0.003925413493640617,0.8630951888591377,10.212499999999999,10.395799844973643,10.029200155026354,10.299999713897705,10.479999542236328,10.427499771118164,11.357500076293945,10.270000457763672
2021-06-04,10.140000343322754,10.18000030517578,10.109999656677246,10.15999984741211,771800,0,0,0.0009852442618403234,0.8639455484413832,10.207999992370604,10.391820299142621,10.024179685598588,10.274999618530273,10.479999542236328,10.289999961853027,11.357500076293945,10.020000457763672
2021-06-07,10.18000030517578,10.18000030517578,10.130000114440918,10.149999618530272,1630000,0,0,-0.0009842745110262285,0.8630951888591377,10.201499986648559,10.383848790467315,10.019151182829802,10.274999618530273,10.479999542236328,10.31499981880188,11.357500076293945,8.720000267028809
2021-06-08,10.149999618530272,10.329999923706056,10.130000114440918,10.220000267028809,1551400,0,0,0.006896615874816492,0.8690476248401013,10.20549998283386,10.385752208684867,10.025247756982854,10.274999618530273,10.479999542236328,10.4375,11.357500076293945,8.430000305175781
2021-06-09,10.25,10.300000190734863,10.15999984741211,10.1899995803833,645200,0,0,-0.0029354878533902617,0.8664965460933656,10.209499979019164,10.384516297734582,10.034483660303746,10.274999618530273,10.263999938964844,10.466249704360962,11.357500076293945,8.270000457763672
2021-06-10,10.210000038146973,10.359999656677246,10.1899995803833,10.279999732971191,1902100,0,0,0.00883220375800109,0.8741496201440664,10.21949996948242,10.38635466057638,10.05264527838846,10.274999618530273,10.259999752044678,10.493749618530273,11.357500076293945,7.920000076293945
2021-06-11,10.31999969482422,10.34000015258789,10.220000267028809,10.239999771118164,1357400,0,0,-0.0038910469739347198,0.8707482629098386,10.22449994087219,10.387430867461553,10.061569014282828,10.264999866485596,10.234999656677246,10.50124979019165,11.357500076293945,8.380000114440918
2021-06-14,10.350000381469728,10.359999656677246,10.119999885559082,10.130000114440918,1884500,0,0,-0.010742154212493138,0.8613945507894006,10.218999958038328,10.38687248089081,10.051127435185846,10.234999656677246,10.234999656677246,10.504499673843384,11.13249969482422,8.890000343322754
2021-06-15,10.140000343322754,10.140000343322754,9.9399995803833,10.0,2178700,0,0,-0.012833179957776664,0.8503401195044721,10.211999940872191,10.402835971817824,10.021163909926559,10.149999618530273,10.214999675750732,10.504499673843384,11.03249979019165,9.050000190734863
2021-06-16,10.005000114440918,10.020000457763672,9.975000381469728,9.989999771118164,2117200,0,0,-0.0010000228881835715,0.8494897599222269,10.204499912261962,10.416885195555949,9.992114628967975,10.149999618530273,10.214999675750732,10.5024995803833,10.957499980926514,8.800000190734863
2021-06-17,9.970000267028809,9.989999771118164,9.880000114440918,9.970000267028809,4574100,0,0,-0.0020019524071637207,0.8477891218524897,10.193499946594237,10.429495956875957,9.957503936312516,10.119999885559082,10.184999942779541,10.4712495803833,10.957499980926514,8.75
2021-06-18,9.960000038146973,10.020000457763672,9.869999885559082,9.970000267028809,847600,0,0,0.0,0.8477891218524897,10.170499944686888,10.399291980335537,9.94170790903824,10.114999771118164,10.179999828338623,10.4712495803833,10.957499980926514,8.729999542236328
2021-06-21,9.979999542236328,10.020000457763672,9.717000007629396,9.970000267028809,610200,0,0,0.0,0.8477891218524897,10.152999973297117,10.386915471233905,9.919084475360329,10.03849983215332,10.10349988937378,10.4712495803833,10.797499656677246,8.460000038146973
2021-06-22,10.109999656677246,10.18000030517578,9.800000190734863,9.979999542236328,742400,0,0,0.001002936302879398,0.8486394003399818,10.142999935150145,10.388389497492355,9.897610372807936,10.03849983215332,10.10349988937378,10.363249778747559,10.797499656677246,8.65999984741211
2021-06-23,10.149999618530272,10.149999618530272,9.869999885559082,9.979999542236328,543800,0,0,0.0,0.8486394003399818,10.133499908447266,10.388599268721414,9.878400548173119,10.03849983215332,10.10349988937378,10.361249685287476,10.797499656677246,8.529999732971191
2021-06-24,10.0,10.079999923706056,9.90999984741211,10.0600004196167,784700,0,0,0.008016120345677225,0.8554421959031904,10.127999925613404,10.384468740933958,9.87153111029285,10.03849983215332,10.10349988937378,10.341249704360962,10.797499656677246,8.8100004196167
2021-06-25,10.100000381469728,10.619999885559082,10.050000190734863,10.149999618530272,1195000,0,0,0.008946242063576637,0.8630951888591378,10.116499900817871,10.345627500993414,9.887372300642328,10.168499946594238,10.168499946594238,10.298749685287476,10.797499656677246,8.819999694824219
2021-06-28,10.210000038146973,11.050000190734863,10.210000038146973,10.979999542236328,3348000,0,0,0.0817733945714414,0.9336734122904289,10.148999881744384,10.584626813201435,9.713372950287333,10.383500099182129,10.383500099182129,10.34874963760376,10.797499656677246,8.890000343322754
2021-06-29,11.25,11.25,10.859999656677246,11.0,2268500,0,0,0.001821535391393958,0.9353741314549194,10.187999868392945,10.761608476557257,9.614391260228633,10.483500003814697,10.483500003814697,10.34874963760376,10.797499656677246,8.789999961853027
2021-06-30,11.130000114440918,11.25,10.31999969482422,10.5,3750000,0,0,-0.045454545454545414,0.8928571254796959,10.203499889373779,10.793191717801767,9.613808060945791,10.483500003814697,10.483500003814697,10.353749752044678,10.797499656677246,8.539999961853027
2021-07-01,10.550000190734863,10.824999809265137,10.279999732971191,10.760000228881836,1408800,0,0,0.02476192656017484,0.9149659880495529,10.233999919891357,10.871191081617496,9.596808758165217,10.483500003814697,10.483500003814697,10.371249675750732,10.797499656677246,8.710000038146973
2021-07-02,10.609999656677246,10.8100004196167,10.529999732971191,10.789999961853027,500400,0,0,0.0027880792131087517,0.9175169857015354,10.265499925613403,10.946232610199223,9.584767241027583,10.525000095367432,10.483500003814697,10.382499933242798,10.797499656677246,8.760000228881836
2021-07-06,10.746999740600586,10.75,10.359999656677246,10.5,1860800,0,0,-0.026876734279730585,0.8928571254796959,10.282999944686889,10.968988107068576,9.597011782305202,10.559999942779541,10.483500003814697,10.387499809265137,10.672499656677246,8.90999984741211
2021-07-07,10.550000190734863,10.789999961853027,10.470000267028809,10.779999732971191,1970800,0,0,0.026666641235351562,0.9166666261192902,10.31099991798401,11.029713720115048,9.592286115852971,10.579999923706055,10.483500003814697,10.389999628067017,10.672499656677246,9.68000030517578
2021-07-08,10.640000343322754,10.640000343322754,10.15999984741211,10.359999656677246,1907300,0,0,-0.03896104700349423,0.880952334612522,10.319499921798705,11.036286183153932,9.602713660443479,10.650000095367432,10.483500003814697,10.389999628067017,10.672499656677246,9.68000030517578
2021-07-09,10.449999809265137,10.59000015258789,10.260000228881836,10.300000190734863,1125600,0,0,-0.005791454433467291,0.8758503393085569,10.32049994468689,11.037116935678085,9.603882953695695,10.704999923706055,10.483500003814697,10.398749828338623,10.672499656677246,8.979999542236328
2021-07-12,10.5,10.600000381469728,10.25,10.270000457763672,343500,0,0,-0.002912595380160976,0.8732993416565744,10.321999979019164,11.038055976881914,9.605943981156415,10.704999923706055,10.483500003814697,10.389999628067017,10.672499656677246,8.649999618530273
2021-07-13,10.25,10.43000030517578,9.989999771118164,10.020000457763672,1930800,0,0,-0.024342744776706504,0.8520408386689626,10.316499996185303,11.040102646993091,9.592897345377516,10.619999885559082,10.483500003814697,10.3774995803833,10.462499618530273,8.649999618530273
2021-07-14,10.020000457763672,10.050000190734863,8.65999984741211,8.720000267028809,2836700,0,0,-0.12974053207029546,0.7414966069144306,10.252500009536742,11.253562694866106,9.251437324207378,9.742499828338623,9.954999923706055,10.3774995803833,10.462499618530273,8.600000381469727
2021-07-15,8.720000267028809,8.890000343322754,8.25,8.430000305175781,3247200,0,0,-0.033256875340881176,0.716836746692591,10.174500036239625,11.453235873135958,8.895764199343292,9.53000020980835,9.75,10.3774995803833,10.462499618530273,8.970000267028809
2021-07-16,8.550000190734863,8.600000381469727,8.079999923706055,8.270000457763672,2383600,0,0,-0.018979815138781664,0.7032313177556799,10.089500045776367,11.616215010209615,8.562785081343119,9.434999942779541,9.664999961853027,10.269499778747559,10.462499618530273,9.010000228881836
2021-07-19,8.199999809265137,8.234999656677246,7.800000190734863,7.920000076293945,2572200,0,0,-0.04232168828251448,0.6734693811351221,9.987000036239625,11.786204719222862,8.187795353256387,9.295000076293945,9.525000095367432,10.267499685287476,10.462499618530273,9.56999969482422
2021-07-20,8.010000228881836,8.460000038146973,7.829999923706055,8.380000114440918,2206400,0,0,0.05808081233784823,0.7125850298761179,9.90750002861023,11.83976948396039,7.9752305732600695,9.220000267028809,9.525000095367432,10.249999761581421,10.462499618530273,10.539999961853027
2021-07-21,8.520000457763672,9.18000030517578,8.480999946594238,8.890000343322754,1647000,0,0,0.06085921502590108,0.7559523954335867,9.853000068664551,11.835402488000058,7.870597649329044,9.200000286102295,9.525000095367432,10.234999656677246,10.462499618530273,9.59000015258789
2021-07-22,8.90999984741211,9.199999809265137,8.779999732971191,9.050000190734863,995800,0,0,0.01799773242216851,0.7695578243704977,9.806500101089478,11.818535922416908,7.794464279762048,9.200000286102295,9.525000095367432,10.182499647140503,10.459999561309814,9.9399995803833
2021-07-23,9.25,9.25,8.729999542236328,8.800000190734863,773400,0,0,-0.02762430881006428,0.7482993213828858,9.743500089645385,11.79875472101256,7.688245458278209,9.115000247955322,9.525000095367432,10.182499647140503,10.459999561309814,9.779999732971191
2021-07-26,8.989999771118164,9.18000030517578,8.630000114440918,8.75,991100,0,0,-0.005681839733083893,0.7440476045664128,9.673500108718873,11.764054213511162,7.582946003926583,8.925000190734863,9.525000095367432,10.152499914169312,10.429999828338623,9.9399995803833
2021-07-27,8.880000114440918,8.9399995803833,8.510000228881836,8.729999542236328,984500,0,0,-0.0022857666015625444,0.7423468854019223,9.561000108718872,11.59916092605435,7.522839291383394,8.525000095367432,9.525000095367432,10.147499799728394,10.424999713897705,9.8100004196167
2021-07-28,8.869999885559082,8.890000343322754,8.350000381469727,8.460000038146973,1515900,0,0,-0.030927779867923166,0.7193877443445732,9.43400011062622,11.412710202225298,7.455290019027142,8.525000095367432,9.525000095367432,10.07099986076355,10.348499774932861,9.81999969482422
2021-07-29,8.460000038146973,8.930000305175781,8.460000038146973,8.65999984741211,900200,0,0,0.02364063928644411,0.7363945305157119,9.342000102996826,11.284275767382198,7.399724438611454,8.525000095367432,9.525000095367432,10.07099986076355,10.348499774932861,10.300000190734863
2021-07-30,8.720000267028809,8.720000267028809,8.40999984741211,8.529999732971191,675000,0,0,-0.01501156082349886,0.7253400992307835,9.230500078201294,11.087628660391744,7.373371496010843,8.539999961853027,9.525000095367432,10.07099986076355,10.348499774932861,10.239999771118164
2021-08-02,8.529999732971191,8.84000015258789,8.420000076293945,8.8100004196167,520100,0,0,0.032825403916862506,0.749149680965131,9.131500101089477,10.850020301424284,7.412979900754671,8.800000190734863,9.525000095367432,10.07099986076355,10.348499774932861,10.119999885559082
2021-08-03,8.720000267028809,9.109999656677246,8.623000144958496,8.819999694824219,1201500,0,0,0.001134991456442469,0.749999959452623,9.047500085830688,10.649292462324546,7.445707709336831,8.800000190734863,9.525000095367432,10.168499946594238,10.348499774932861,10.479999542236328
2021-08-04,8.829999923706055,8.970000267028809,8.699999809265137,8.890000343322754,981800,0,0,0.007936581737028048,0.7559523954335865,8.953000116348267,10.341437909261531,7.564562323435004,8.800000190734863,9.525000095367432,10.383500099182129,10.383500099182129,11.510000228881836
2021-08-05,8.949999809265137,8.956999778747559,8.6899995803833,8.789999961853027,680000,0,0,-0.011248636401328893,0.7474489618006405,8.874500131607055,10.102485769653443,7.646514493560669,8.765000343322754,9.525000095367432,10.483500003814697,10.483500003814697,11.239999771118164
2021-08-06,8.800000190734863,8.819000244140625,8.420000076293945,8.539999961853027,730500,0,0,-0.028441410817400925,0.7261904588130287,8.786500120162964,9.829763012490512,7.743237227835416,8.730000019073486,9.3125,10.483500003814697,10.483500003814697,11.920000076293944
2021-08-09,8.550000190734863,8.819999694824219,8.479999542236328,8.710000038146973,395600,0,0,0.019906332207647814,0.740646247332185,8.708500099182128,9.495904134317328,7.921096064046927,8.730000019073486,9.305000305175781,10.483500003814697,10.483500003814697,12.359999656677246
2021-08-10,8.859999656677246,8.887999534606934,8.649999618530273,8.760000228881836,494200,0,0,0.005740550001823053,0.7448979641486579,8.645500087738037,9.152174502435699,8.138825673040376,8.759999752044678,9.295000076293945,10.504250049591064,10.483500003814697,12.43000030517578
2021-08-11,9.010000228881836,9.130000114440918,8.649999618530273,8.90999984741211,2096900,0,0,0.017123243677063194,0.7576530335033237,8.655000066757202,9.174015485617787,8.135984647896617,8.769999980926514,9.295000076293945,10.52174997329712,10.483500003814697,12.399999618530272
2021-08-12,9.0,9.845000267028809,8.961999893188477,9.68000030517578,1185200,0,0,0.08641980594279297,0.8231292616306494,8.717500066757202,9.392607870431537,8.042392263082867,9.132500171661377,9.220000267028809,10.531749963760376,10.483500003814697,11.789999961853027
2021-08-13,9.789999961853027,10.079999923706056,9.609999656677246,9.68000030517578,1044400,0,0,0.0,0.8231292616306494,8.788000059127807,9.551211665544178,8.024788452711435,9.25,9.200000286102295,10.566750049591064,10.483500003814697,11.59000015258789
2021-08-16,9.600000381469728,9.645000457763672,8.829999923706055,8.979999542236328,1274400,0,0,-0.07231412612303012,0.763605388389534,8.841000032424926,9.493879837299781,8.18812022755007,9.25,9.200000286102295,10.594249963760376,10.483500003814697,11.760000228881836
2021-08-17,8.890000343322754,8.970000267028809,8.600000381469727,8.649999618530273,1099300,0,0,-0.03674832299867503,0.7355441709334667,8.854500007629394,9.478937093330416,8.230062921928372,9.25,9.115000247955322,10.594249963760376,10.483500003814697,11.949999809265137
2021-08-18,8.569999694824219,8.920000076293945,8.449999809265137,8.649999618530273,1127000,0,0,0.0,0.7355441709334667,8.84249997138977,9.47300785968922,8.21199208309032,9.25,8.940000057220459,10.55174994468689,10.483500003814697,12.15999984741211
2021-08-19,8.550000190734863,8.970000267028809,8.460000038146973,8.600000381469727,1204400,0,0,-0.005780258874628963,0.7312925352117469,8.819999980926514,9.45140908453096,8.188590877322069,9.264999866485596,8.940000057220459,9.848749876022339,9.954999923706055,11.520000457763672
2021-08-20,8.680000305175781,9.229999542236328,8.600000381469727,8.970000267028809,1084800,0,0,0.0430232405984905,0.762755109902042,8.82849998474121,9.463207554006136,8.193792415476285,9.264999866485596,8.940000057220459,9.640000104904175,9.75,11.600000381469728
2021-08-23,9.0,9.15999984741211,8.701000213623047,9.010000228881836,614400,0,0,0.004459304421657206,0.7661564671362698,8.841499996185302,9.479923796936978,8.203076195433626,9.264999866485596,8.940000057220459,9.549999952316284,9.664999961853027,11.260000228881836
2021-08-24,8.90999984741211,9.68000030517578,8.850000381469727,9.56999969482422,2821100,0,0,0.06215310229929738,0.8137754684154587,8.883500003814698,9.59430402273861,8.172695984890785,9.264999866485596,8.954999923706055,9.410000085830688,9.525000095367432,10.869999885559082
2021-08-25,9.770000457763672,10.609999656677246,9.75,10.539999961853027,3218700,0,0,0.10135844283813467,0.8962584827139232,8.9875,9.977473696186141,7.997526303813859,9.529999732971191,9.480000019073486,9.37250018119812,9.525000095367432,10.630000114440918
2021-08-26,10.380000114440918,10.4350004196167,9.539999961853027,9.59000015258789,1376200,0,0,-0.09013280955440517,0.815476187579949,9.034000015258789,10.045441661858199,8.022558368659379,9.529999732971191,9.480000019073486,9.362500190734863,9.525000095367432,10.1899995803833
2021-08-27,9.56999969482422,10.029999732971191,9.56999969482422,9.9399995803833,721700,0,0,0.03649629011746791,0.8452380431057535,9.104500007629394,10.161628374863756,8.047371640395031,9.529999732971191,9.480000019073486,9.362500190734863,9.525000095367432,10.550000190734863
2021-08-30,9.989999771118164,10.010000228881836,9.75,9.779999732971191,546800,0,0,-0.016096564805482605,0.8316326141688424,9.152999973297119,10.240534585305697,8.06546536128854,9.529999732971191,9.480000019073486,9.320000171661377,9.525000095367432,10.56999969482422
2021-08-31,9.59000015258789,10.020000457763672,9.59000015258789,9.9399995803833,2440300,0,0,0.016359903045058743,0.8452380431057533,9.208999967575073,10.337210653642035,8.08078928150811,9.53499984741211,9.480000019073486,9.225000143051147,9.525000095367432,10.600000381469728
2021-09-01,9.90999984741211,9.989999771118164,9.640000343322754,9.8100004196167,919900,0,0,-0.013078386947133924,0.834183692915578,9.25499997138977,10.402501120667448,8.107498822112092,9.605000019073486,9.480000019073486,9.025000095367432,9.525000095367432,10.470000267028809
2021-09-02,9.8100004196167,9.899999618530272,9.5600004196167,9.81999969482422,1042500,0,0,0.0010192940652200555,0.8350339714030702,9.30649995803833,10.45839370458408,8.154606211492581,9.655499935150146,9.509999752044678,9.025000095367432,9.525000095367432,10.699999809265137
2021-09-03,9.720000267028809,10.529999732971191,9.720000267028809,10.300000190734863,1253100,0,0,0.0488798890863138,0.8758503393085564,9.394499969482421,10.56766786995397,8.221332069010872,9.730000019073486,9.509999752044678,9.025000095367432,9.525000095367432,10.890000343322754
2021-09-07,10.239999771118164,10.5600004196167,10.0600004196167,10.239999771118164,1102800,0,0,-0.005825283350059718,0.8707482629098381,9.470999956130981,10.655256240998234,8.286743671263729,10.074999809265137,9.514999866485596,9.03250002861023,9.525000095367432,11.09000015258789
2021-09-08,10.020000457763672,10.460000038146973,10.020000457763672,10.119999885559082,754800,0,0,-0.011718739086063357,0.8605441912071548,9.538999938964844,10.708066198267256,8.369933679662433,10.050000190734863,9.514999866485596,9.162500143051147,9.525000095367432,11.510000228881836
2021-09-09,10.020000457763672,10.600000381469728,10.020000457763672,10.479999542236328,697800,0,0,0.035573089006745384,0.8911564063152045,9.617499923706054,10.817848791403213,8.417151056008896,10.080000400543213,9.514999866485596,9.162500143051147,9.525000095367432,11.739999771118164
2021-09-10,10.470000267028809,11.56999969482422,10.434000015258787,11.510000228881836,3021000,0,0,0.09828251256065568,0.9787414970123874,9.708999919891358,11.16857012547107,8.249429714311646,10.565000057220459,9.994999885559082,9.162500143051147,9.525000095367432,11.640000343322754
2021-09-13,11.470000267028809,11.59000015258789,10.880000114440918,11.239999771118164,3769600,0,0,-0.023457902032544276,0.9557822748602851,9.786999893188476,11.393081117378015,8.180918668998936,10.575000286102295,10.005000114440918,9.145000219345093,9.525000095367432,11.699999809265137
2021-09-14,11.260000228881836,12.4399995803833,11.1899995803833,11.920000076293944,2738400,0,0,0.06049824902337453,1.01360542893691,9.933999919891358,11.745170313699937,8.122829526082779,11.0,10.444999694824219,9.021250009536743,9.525000095367432,11.56999969482422
2021-09-15,11.9399995803833,12.359999656677246,11.59000015258789,12.359999656677246,3054100,0,0,0.0369127162388494,1.0510203585134155,10.119499921798706,12.118957442480875,8.120042401116537,11.0,10.444999694824219,9.017500162124634,9.525000095367432,11.539999961853027
2021-09-16,12.300000190734863,12.699999809265137,12.199999809265137,12.43000030517578,1915300,0,0,0.005663483045545092,1.056972794494379,10.308499956130982,12.428909961714865,8.188089950547099,11.210000038146973,10.574999809265137,9.027499914169312,9.525000095367432,11.739999771118164
2021-09-17,12.239999771118164,12.600000381469728,12.079999923706056,12.399999618530272,3451700,0,0,-0.0024135708695852687,1.0544217157476432,10.49849991798401,12.653592588550257,8.343407247417762,11.360000133514404,10.574999809265137,9.03250002861023,9.525000095367432,11.619999885559082
2021-09-20,11.859999656677246,12.239999771118164,11.630000114440918,11.789999961853027,1209500,0,0,-0.049193522213151875,1.0025509976519817,10.63949990272522,12.743994802555894,8.535005002894545,11.360000133514404,10.574999809265137,9.176250219345093,9.525000095367432,11.880000114440918
2021-09-21,11.920000076293944,11.979999542236328,11.4399995803833,11.59000015258789,666400,0,0,-0.016963512291114813,0.9855442114808429,10.768499898910523,12.770350750978697,8.76664904684235,11.360000133514404,10.574999809265137,9.225000143051147,9.525000095367432,11.5
2021-09-22,12.039999961853027,12.109999656677246,11.600000381469728,11.760000228881836,1263900,0,0,0.01466782347332285,0.9999999999999991,10.877999925613404,12.844535519704039,8.911464331522769,11.566999912261963,10.574999809265137,9.225000143051147,9.525000095367432,11.579999923706056
2021-09-23,11.859999656677246,12.369999885559082,11.829999923706056,11.949999809265137,4124600,0,0,0.016156426588893602,1.0161564265888927,10.948499917984009,12.962554914987713,8.934444920980305,11.789999961853027,10.574999809265137,9.182500123977661,9.525000095367432,11.390000343322754
2021-09-24,12.149999618530272,12.288999557495115,11.880000114440918,12.15999984741211,1459700,0,0,0.017573225230025136,1.0340135723422768,11.07699990272522,13.055196156163987,9.098803649286452,11.944999694824219,10.579999923706055,9.09500002861023,9.525000095367432,11.470000267028809
2021-09-27,12.170000076293944,12.170000076293944,11.4399995803833,11.520000457763672,2177500,0,0,-0.05263152941442195,0.9795918565946327,11.155999946594239,13.070763182225352,9.241236710963125,12.069999694824219,10.650000095367432,9.102499961853027,9.525000095367432,11.369999885559082
2021-09-28,11.350000381469728,11.65999984741211,11.199999809265137,11.600000381469728,1809300,0,0,0.006944437545759241,0.9863945710630885,11.246999979019165,13.06079977238149,9.43320018565684,11.949999809265137,10.700500011444092,9.102499961853027,9.525000095367432,11.100000381469728
2021-09-29,11.56999969482422,11.829999923706056,11.15999984741211,11.260000228881836,2754000,0,0,-0.029310357017834354,0.9574829940247758,11.313000011444093,13.023818213521885,9.6021818093663,11.880000114440918,10.775000095367432,9.102499961853027,9.525000095367432,11.3100004196167
2021-09-30,11.34000015258789,11.369999885559082,10.829999923706056,10.869999885559082,2949700,0,0,-0.03463590900490443,0.9243197001699902,11.365999984741212,12.946655494100863,9.78534447538156,11.599999904632568,11.119999885559082,9.109999895095825,9.525000095367432,11.210000038146973
2021-10-01,10.989999771118164,11.0600004196167,10.46500015258789,10.630000114440918,1610100,0,0,-0.022079096011491828,0.9039115567646236,11.406500005722046,12.861872026861745,9.951127984582348,11.417500019073486,11.119999885559082,9.504999876022339,9.525000095367432,11.68000030517578
2021-10-04,10.5,10.600000381469728,9.949999809265137,10.1899995803833,1831000,0,0,-0.04139233577804702,0.8664965460933651,11.400999975204467,12.873973553432018,9.928026396976916,11.15999984741211,11.130000114440918,9.504999876022339,9.525000095367432,12.039999961853027
2021-10-05,10.210000038146973,10.550000190734863,10.079999923706056,10.550000190734863,1200600,0,0,0.035328815032004135,0.897108842296168,11.416499996185303,12.84568502640149,9.987314965969116,11.15999984741211,11.130000114440918,9.504999876022339,9.525000095367432,12.119999885559082
2021-10-06,10.479999542236328,10.68000030517578,10.380000114440918,10.56999969482422,947400,0,0,0.0018956875571358722,0.8988094803659055,11.43899998664856,12.797507001764847,10.080492971532271,11.119499683380127,11.130000114440918,9.504999876022339,9.525000095367432,12.43000030517578
2021-10-07,10.43000030517578,10.720000267028809,10.350000381469728,10.600000381469728,1175800,0,0,0.0028382864249465456,0.9013605591126412,11.44500002861023,12.787300674712082,10.102699382508376,11.059999942779541,11.130000114440918,9.507499933242798,9.525000095367432,11.050000190734863
2021-10-08,10.5,10.670000076293944,10.380000114440918,10.470000267028809,1242800,0,0,-0.012264161298350285,0.8903061278277126,11.393000030517578,12.80090224204374,9.985097818991417,10.889999866485596,11.130000114440918,9.542500019073486,9.525000095367432,10.199999809265137
2021-10-11,10.5,10.8100004196167,10.380000114440918,10.699999809265137,2498100,0,0,0.021967481983799164,0.9098639116508338,11.366000032424926,12.805308547032507,9.926691517817346,10.889999866485596,11.210000038146973,9.582749843597412,9.525000095367432,10.020000457763672
2021-10-12,10.65999984741211,10.899999618530272,10.59000015258789,10.890000343322754,865200,0,0,0.01775705957425311,0.9260204193344806,11.314500045776366,12.744409096438249,9.884590995114484,10.65999984741211,11.324999809265137,9.619999885559082,9.525000095367432,9.960000038146973
2021-10-13,10.869999885559082,11.170000076293944,10.810999870300291,11.09000015258789,557300,0,0,0.018365454817250493,0.9430272055056194,11.2510000705719,12.599153471366154,9.902846669777645,10.559999942779541,11.324999809265137,9.794999837875366,9.525000095367432,9.65999984741211
2021-10-14,11.699999809265137,12.005000114440918,11.4399995803833,11.510000228881836,1434900,0,0,0.03787196307620766,0.9787414970123874,11.205000066757203,12.446560476383898,9.963439657130507,10.977499961853027,11.324999809265137,9.78250002861023,9.525000095367432,9.59000015258789
2021-10-15,11.65999984741211,11.9399995803833,11.130000114440918,11.739999771118164,1998400,0,0,0.019982583637070173,0.9982992808355088,11.172000074386597,12.31489498540761,10.029105163365584,11.042500019073486,11.324999809265137,9.797500133514404,9.525000095367432,9.239999771118164
2021-10-18,11.670000076293944,11.75,11.510000228881836,11.640000343322754,1479500,0,0,-0.008517838990203419,0.9897959282973161,11.164500093460083,12.292792931952135,10.03620725496803,11.177500247955322,11.324999809265137,10.27999997138977,9.684999942779541,9.06999969482422
2021-10-19,11.649999618530272,12.0,11.5,11.699999809265137,1966200,0,0,0.005154593141984076,0.9948979236012813,11.170000076293945,12.307671286737863,10.032328865850028,11.177500247955322,11.324999809265137,10.290000200271606,9.695000171661377,9.109999656677246
2021-10-20,11.75,11.767999649047852,11.43000030517578,11.56999969482422,1381200,0,0,-0.011111121073520858,0.9838434923163529,11.160500049591064,12.281168997547159,10.03983110163497,11.192500114440918,11.324999809265137,10.72249984741211,10.119999885559082,8.9399995803833
2021-10-21,11.43000030517578,11.8100004196167,11.380000114440918,11.539999961853027,833600,0,0,-0.002592889694250644,0.9812924946643703,11.140000057220458,12.21577520104506,10.064224913395856,11.192500114440918,11.324999809265137,10.72249984741211,10.119999885559082,8.84000015258789
2021-10-22,11.399999618530272,11.760000228881836,11.380000114440918,11.739999771118164,716300,0,0,0.017331006059468024,0.998299280835509,11.119000053405761,12.127929757346033,10.11007034946549,11.297500133514404,11.275000095367432,10.892499923706055,10.25,8.579999923706055
2021-10-25,11.890000343322754,12.008000373840332,11.510000228881836,11.619999885559082,1651600,0,0,-0.010221455527988699,0.9880952091328258,11.124000024795532,12.141877937349703,10.10612211224136,11.409500122070312,11.15999984741211,10.96749997138977,10.25,8.260000228881836
2021-10-26,11.75,12.020000457763672,11.510000228881836,11.880000114440918,1699500,0,0,0.022375235063896604,1.0102040717026828,11.138000011444092,12.189204132076203,10.086795890811981,11.575000286102295,11.15999984741211,10.96749997138977,10.25,8.399999618530273
2021-10-27,12.130000114440918,12.15999984741211,11.5,11.5,722000,0,0,-0.03198654131147716,0.9778911374301424,11.15,12.212042426422391,10.08795757357761,11.644999980926514,11.15999984741211,10.96749997138977,10.25,7.96999979019165
2021-10-28,11.550000190734863,11.6899995803833,11.380000114440918,11.579999923706056,840100,0,0,0.006956515104874494,0.9846938518985981,11.185500001907348,12.255252815417455,10.115747188397242,11.769999980926514,11.15999984741211,11.07099986076355,10.25,7.96999979019165
2021-10-29,11.579999923706056,11.579999923706056,11.369999885559082,11.390000343322754,1628700,0,0,-0.016407563180924067,0.9685374253097044,11.22350001335144,12.264939323156836,10.182060703546044,11.764999866485596,11.119499683380127,11.182499885559082,10.25,8.65999984741211
2021-11-01,11.260000228881836,11.638999938964844,11.244000434875488,11.470000267028809,1192200,0,0,0.007023698094351216,0.97534013977816,11.287500047683716,12.217206836236183,10.357793259131249,11.702000141143799,11.059999942779541,11.262499809265137,10.25,8.670000076293945
2021-11-02,11.460000038146973,11.550000190734863,11.3100004196167,11.369999885559082,819100,0,0,-0.008718428870240214,0.966836706145214,11.328500032424927,12.19392546455213,10.463074600297723,11.702000141143799,11.054999828338623,11.359999895095825,10.25,8.300000190734863
2021-11-03,11.350000381469728,11.359999656677246,10.970000267028809,11.100000381469728,945900,0,0,-0.02374665847026769,0.943877565087865,11.355000066757203,12.155221254102473,10.554778879411932,11.565000057220459,11.054999828338623,11.325249910354614,10.25,8.130000114440918
2021-11-04,11.140000343322754,11.449999809265137,11.0,11.3100004196167,1025600,0,0,0.018918921705403102,0.9617347108412488,11.39050006866455,12.111897484139876,10.669102653189226,11.565000057220459,11.054999828338623,11.327500104904175,10.25,7.75
2021-11-05,11.369999885559082,11.489999771118164,11.109999656677246,11.210000038146973,1190500,0,0,-0.008841766380156879,0.9532312772083028,11.42750005722046,12.01923184694013,10.83576826750079,11.565000057220459,11.054999828338623,11.359999895095825,10.264999866485596,7.579999923706055
2021-11-08,11.510000228881836,11.770000457763672,11.329999923706056,11.68000030517578,2559100,0,0,0.04192687470378442,0.9931972855315437,11.476500082015992,11.97280453997,10.980195624061984,11.565000057220459,11.054999828338623,11.268749952316284,10.525000095367432,7.900000095367432
2021-11-09,11.84000015258789,12.4399995803833,11.710000038146973,12.039999961853027,4373800,0,0,0.030821887608831755,1.0238095006395938,11.534000062942505,12.011074971024021,11.05692515486099,11.704999923706055,11.259999752044678,11.144999980926514,10.525000095367432,7.980000019073486
2021-11-10,12.229999542236328,13.140000343322754,11.869999885559082,12.119999885559082,4292700,0,0,0.006644511956771071,1.0306122151080495,11.585500049591065,12.081934878478954,11.089065220703176,12.055000305175781,11.74500036239624,11.144999980926514,10.525000095367432,8.010000228881836
2021-11-11,12.31999969482422,12.68000030517578,12.020000457763672,12.43000030517578,5674700,0,0,0.025577592619127065,1.0569727944943792,11.631500053405762,12.248700167619221,11.014299939192304,12.055000305175781,11.74500036239624,11.124749898910522,10.525000095367432,7.670000076293945
2021-11-12,12.100000381469728,12.170000076293944,10.369999885559082,11.050000190734863,8661900,0,0,-0.11102172812226663,0.9396258482713918,11.597000074386596,12.261914674194282,10.93208547457891,11.755000114440918,11.755000114440918,11.09500002861023,10.525000095367432,8.079999923706055
2021-11-15,10.920000076293944,11.100000381469728,10.039999961853027,10.199999809265137,5662400,0,0,-0.07692311011744868,0.8673469056756105,11.525000047683715,12.427978174862048,10.622021920505382,11.59000015258789,11.59000015258789,11.009999990463257,10.525000095367432,8.1899995803833
2021-11-16,10.119999885559082,10.31999969482422,9.869999885559082,10.020000457763672,3525300,0,0,-0.017646995575231528,0.8520408386689622,11.441000080108642,12.553927961404453,10.328072198812832,11.505000114440918,11.505000114440918,11.049999952316284,10.554999828338623,8.199999809265137
2021-11-17,10.06999969482422,10.119000434875488,9.93000030517578,9.960000038146973,1157800,0,0,-0.005988065556445155,0.8469387622702439,11.36050009727478,12.64600141185643,10.07499878269313,11.505000114440918,11.505000114440918,10.992499828338623,10.554999828338623,7.559999942779541
2021-11-18,10.029999732971191,10.06999969482422,9.475000381469728,9.65999984741211,1813300,0,0,-0.03012050096243546,0.8214285424661592,11.266500091552734,12.748032959736562,9.784967223368906,11.30750036239624,11.30750036239624,10.942499876022339,10.559999942779541,7.800000190734863
2021-11-19,9.649999618530272,10.06999969482422,9.4399995803833,9.59000015258789,1186500,0,0,-0.007246345334360638,0.8154761875799489,11.15900011062622,12.793368979080784,9.524631242171656,11.289999961853027,11.289999961853027,11.151249885559082,10.559999942779541,7.650000095367432
2021-11-22,9.600000381469728,9.65999984741211,8.960000038146973,9.239999771118164,2557300,0,0,-0.036496389562129194,0.7857142509593912,11.040000104904175,12.860852475803256,9.219147734005094,11.050000190734863,11.050000190734863,11.183749914169312,10.559999942779541,7.949999809265137
2021-11-23,9.079999923706056,9.21500015258789,8.819999694824219,9.06999969482422,1482200,0,0,-0.018398277110928007,0.7712584624402351,10.89950008392334,12.868685315647594,8.930314852199084,10.75,10.980000019073486,11.25125002861023,10.559999942779541,7.739999771118164
2021-11-24,9.0,9.1899995803833,8.729999542236328,9.109999656677246,1334500,0,0,0.004410139272204239,0.7746598196744626,10.780000066757202,12.876308325203892,8.683691808310511,10.449999809265137,10.934999942779541,11.25125002861023,10.559999942779541,7.940000057220459
2021-11-26,8.899999618530273,8.975000381469727,8.65999984741211,8.9399995803833,1539500,0,0,-0.01866082137218772,0.7602040311553063,10.648000049591065,12.856886903966217,8.439113195215914,9.880000114440918,10.900000095367432,11.258749961853027,10.574999809265137,7.5
2021-11-29,8.949999809265137,8.989999771118164,8.520000457763672,8.84000015258789,3879300,0,0,-0.011185618846653589,0.7517006786171135,10.520500040054321,12.836327269327882,8.20467281078076,9.420000076293945,10.830000400543213,11.258749961853027,10.574999809265137,7.099999904632568
2021-11-30,8.800000190734863,8.90999984741211,8.390000343322754,8.579999923706055,3654100,0,0,-0.02941179008981365,0.7295918160472565,10.376000022888183,12.796266337885775,7.95573370789059,9.254500389099121,10.765000343322754,11.286250114440918,10.574999809265137,6.980000019073486
2021-12-01,8.850000381469727,8.850000381469727,8.130000114440918,8.260000228881836,2666100,0,0,-0.03729600205940298,0.7023809581734345,10.220500040054322,12.76322163096447,7.677778449144175,9.099999904632568,10.635000228881836,11.284749984741211,10.574999809265137,6.889999866485596
2021-12-02,8.28499984741211,8.579999923706055,7.960000038146973,8.399999618530273,2283500,0,0,0.016949078180278576,0.714285667945855,10.085500001907349,12.713320005018627,7.45767999879607,9.014999866485596,10.550000190734863,11.367500066757202,10.574999809265137,6.909999847412109
2021-12-03,8.5,8.539999961853027,7.789999961853027,7.96999979019165,2921000,0,0,-0.05119045807931344,0.6777210574042183,9.918499970436097,12.637758030681816,7.199241910190377,8.724999904632568,10.46500015258789,11.402499914169312,10.574999809265137,7.349999904632568
2021-12-06,7.909999847412109,8.085000038146973,7.559999942779541,7.96999979019165,1739300,0,0,0.0,0.6777210574042183,9.75649995803833,12.534743281888975,6.978256634187684,8.387500047683716,10.350000143051147,11.464999914169312,10.574999809265137,6.909999847412109
2021-12-07,8.569999694824219,8.829999923706055,8.520000457763672,8.65999984741211,3189400,0,0,0.08657466441462325,0.7363945305157121,9.605499935150146,12.274105746377174,6.936894123923118,8.374999761581421,10.350000143051147,11.442249774932861,10.574999809265137,6.650000095367432
2021-12-08,8.609999656677246,8.979999542236328,8.380000114440918,8.670000076293945,1526900,0,0,0.0011547608612054727,0.7372448900979575,9.436999940872193,11.883478677995955,6.990521203748431,8.274999856948853,10.350000143051147,11.38100004196167,10.579999923706055,6.550000190734863
2021-12-09,8.670000076293945,8.739999771118164,8.210000038146973,8.300000190734863,964000,0,0,-0.042675880311784375,0.7057823154076625,9.245999956130982,11.400915796154404,7.0910841161075595,8.274999856948853,10.350000143051147,11.378499984741211,10.650000095367432,6.489999771118164
2021-12-10,8.489999771118164,8.59000015258789,8.050000190734863,8.130000114440918,959400,0,0,-0.02048193643220797,0.6913265268885062,9.030999946594239,10.66157895294053,7.400420940247948,8.269999742507935,10.350000143051147,11.309999942779541,10.700500011444092,6.71999979019165
2021-12-13,8.229999542236328,8.229999542236328,7.699999809265137,7.75,1679800,0,0,-0.04674048082311122,0.6590135926159658,8.865999937057495,10.299974568488679,7.432025305626312,8.269999742507935,10.350000143051147,11.309999942779541,10.775000095367432,6.71999979019165
2021-12-14,7.619999885559082,7.96999979019165,7.369999885559082,7.579999923706055,2178400,0,0,-0.021935493715347754,0.6445578040968095,8.734999942779542,10.13552145498911,7.334478430569974,8.174999713897705,10.255000114440918,11.309999942779541,11.119999885559082,6.130000114440918
2021-12-15,7.599999904632568,7.920000076293945,7.449999809265137,7.900000095367432,1823200,0,0,0.04221638191058452,0.6717687025180081,8.628999924659729,9.941682443429949,7.316317405889509,8.174999713897705,10.255000114440918,11.309999942779541,11.119999885559082,6.369999885559082
2021-12-16,8.0,8.239999771118164,7.789999961853027,7.980000019073486,2458300,0,0,0.010126572498773356,0.6785714169864636,8.529999923706054,9.717633516252745,7.342366331159363,8.174999713897705,10.255000114440918,11.482499837875366,11.130000114440918,6.199999809265137
2021-12-17,7.829999923706055,8.170000076293945,7.659999847412109,8.010000228881836,1802500,0,0,0.00375942477902802,0.6811224551858227,8.44749994277954,9.533523324753507,7.361476560805575,8.174999713897705,10.025000095367432,11.90000033378601,11.350000381469727,6.230000019073486
2021-12-20,7.690000057220459,7.960000038146973,7.510000228881836,7.670000076293945,500900,0,0,-0.04244695916011898,0.6522108781475101,8.351499938964844,9.351742258293214,7.351257619636474,8.174999713897705,9.769999980926514,11.90000033378601,11.350000381469727,6.349999904632568
2021-12-21,7.760000228881836,8.109999656677246,7.71999979019165,8.079999923706055,765700,0,0,0.0534549991308757,0.687074810072033,8.293499946594238,9.211198374750477,7.375801518437998,8.054999828338623,9.235000133514404,11.755000114440918,11.350000381469727,6.78000020980835
2021-12-22,8.09000015258789,8.279999732971191,7.949999809265137,8.1899995803833,2516900,0,0,0.013613819024244744,0.696428522192471,8.249499940872193,9.094838350665215,7.404161531079169,7.980000019073486,8.84499979019165,11.59000015258789,11.350000381469727,6.909999847412109
2021-12-23,8.1899995803833,8.279999732971191,8.039999961853027,8.199999809265137,944000,0,0,0.001221029230061177,0.6972788817747163,8.203999948501586,8.950329381642486,7.457670515360687,7.824999809265137,8.744500160217285,11.505000114440918,11.430000305175781,6.96999979019165
2021-12-27,7.835000038146973,7.909999847412109,7.320000171661377,7.559999942779541,5839300,0,0,-0.07804876602100197,0.6428571254796955,8.134999966621399,8.850601312813133,7.419398620429665,7.799999952316284,8.694999933242798,11.505000114440918,11.505000114440918,6.78000020980835
2021-12-28,7.670000076293945,7.920000076293945,7.449999809265137,7.800000190734863,7730700,0,0,0.03174606478463571,0.6632653094324387,8.082999968528748,8.73365217046647,7.432347766591025,7.799999952316284,8.694999933242798,11.30750036239624,11.30750036239624,6.46999979019165
2021-12-29,7.71999979019165,7.809999942779541,7.510000228881836,7.650000095367432,1572200,0,0,-0.019230780987109175,0.6505101995303962,8.036499977111816,8.670984237476441,7.402015716747192,7.799999952316284,8.490000009536743,11.289999961853027,11.289999961853027,6.920000076293945
2021-12-30,7.510000228881836,8.199999809265137,7.510000228881836,7.949999809265137,3261900,0,0,0.03921564838664171,0.6760203787871044,8.020999956130982,8.647906448176116,7.3940934640858496,7.799999952316284,8.267500162124634,11.050000190734863,11.050000190734863,6.809999942779541
2021-12-31,7.909999847412109,8.119999885559082,7.730000019073486,7.739999771118164,2113900,0,0,-0.026415099771729955,0.6581632330337204,7.987999963760376,8.600805416309093,7.375194511211658,7.799999952316284,8.254999876022339,10.865000009536743,10.980000019073486,6.989999771118164
2022-01-03,7.789999961853027,8.069999694824219,7.53000020980835,7.940000057220459,7811900,0,0,0.025839831009891956,0.6751700597522359,7.986499977111817,8.599624561833005,7.373375392390628,7.799999952316284,8.15499997138977,10.692499876022339,10.934999942779541,7.139999866485596
2022-01-04,8.03499984741211,8.0600004196167,7.28000020980835,7.5,2397900,0,0,-0.055415623935711755,0.6377550896283539,7.962999987602234,8.612221200572183,7.3137787746322855,7.7799999713897705,8.134999990463257,10.390000104904175,10.900000095367432,6.920000076293945
2022-01-05,7.440000057220459,7.534999847412109,7.090000152587891,7.099999904632568,2470200,0,0,-0.05333334604899087,0.6037414767386997,7.884999990463257,8.555257272848094,7.21474270807842,7.684999942779541,8.03499984741211,10.125000238418579,10.830000400543213,6.739999771118164
2022-01-06,7.019999980926514,7.289999961853027,6.840000152587891,6.980000019073486,3260000,0,0,-0.016901392559285133,0.5935374050360165,7.800499987602234,8.479745997816643,7.121253977387825,7.519999980926514,7.909999847412109,10.009750366210938,10.765000343322754,6.730000019073486
2022-01-07,6.929999828338623,7.139999866485596,6.835000038146973,6.889999866485596,3962900,0,0,-0.012894004633518197,0.5858843309853157,7.729999971389771,8.477293296647511,6.98270664613203,7.517499923706055,7.90749979019165,9.867500066757202,10.635000228881836,6.940000057220459
2022-01-10,6.789999961853027,6.949999809265137,6.489999771118164,6.909999847412109,3707700,0,0,0.0029027549077029757,0.5875850096024295,7.66899995803833,8.473364471827468,6.864635444249192,7.34499979019165,7.734999656677246,9.78250002861023,10.550000190734863,6.5
2022-01-11,6.929999828338623,7.360000133514404,6.800000190734863,7.349999904632568,3823400,0,0,0.06367584181427222,0.6249999797263115,7.648999953269959,8.464250342961336,6.833749563578582,7.34499979019165,7.734999656677246,9.59500002861023,10.46500015258789,6.010000228881836
2022-01-12,7.079999923706055,7.300000190734863,6.855000019073486,6.909999847412109,3206300,0,0,-0.05986395414007217,0.5875850096024295,7.615499949455261,8.492741295040666,6.738258603869855,7.304999828338623,7.734999656677246,9.368750095367432,10.350000143051147,6.130000114440918
2022-01-13,6.989999771118164,7.0,6.630000114440918,6.650000095367432,2401000,0,0,-0.037626593022581756,0.5654761875799491,7.552999949455261,8.515221359262707,6.590778539647815,7.279999732971191,7.734999656677246,9.362499952316284,10.350000143051147,
2022-01-14,6.539999961853027,6.820000171661377,6.300000190734863,6.550000190734863,3277900,0,0,-0.01503757942834183,0.5569727944943798,7.48149995803833,8.516747029765845,6.4462528863108135,7.180000305175781,7.519999980926514,9.3125,10.350000143051147,
2022-01-18,6.400000095367432,6.820000171661377,6.269999980926514,6.489999771118164,4308700,0,0,-0.00916036914038132,0.5518707180956615,7.4054999351501465,8.496679314772484,6.31432055552781,6.9024999141693115,7.430000066757202,9.3125,10.350000143051147,
2022-01-19,6.599999904632568,6.900000095367432,6.550000190734863,6.71999979019165,4001000,0,0,0.03543914132278303,0.5714285424661594,7.357999920845032,8.481572053867112,6.234427787822951,6.815000057220459,7.2749998569488525,9.309999942779541,10.350000143051147,
2022-01-20,6.820000171661377,7.019999980926514,6.690000057220459,6.71999979019165,5158200,0,0,0.0,0.5714285424661594,7.289999914169312,8.394815626994253,6.18518420134437,6.815000057220459,7.2749998569488525,9.309999942779541,10.350000143051147,
2022-01-21,6.679999828338623,6.71999979019165,6.119999885559082,6.130000114440918,4940900,0,0,-0.08779757353741013,0.5212585029876117,7.186999940872193,8.321023718692993,6.052976163051392,6.740000009536743,7.199999809265137,9.214999914169312,10.255000114440918,
2022-01-24,5.699999809265137,6.400000095367432,5.690000057220459,6.369999885559082,4961500,0,0,0.03915167481853343,0.5416666463929782,7.09549994468689,8.181609085993118,6.009390803380661,6.525000095367432,6.984999895095825,9.214999914169312,10.255000114440918,
2022-01-25,6.239999771118164,6.440000057220459,6.005000114440918,6.199999809265137,3676000,0,0,-0.026687610572700193,0.5272108578738219,7.02749993801117,8.158627699107763,5.896372176914577,6.495000123977661,6.984999895095825,9.214999914169312,10.255000114440918,
2022-01-26,6.210000038146973,6.630000114440918,6.150000095367432,6.230000019073486,2847400,0,0,0.0048387436663333006,0.529761896073181,6.9489999294281,8.072595495698991,5.82540436315721,6.355000019073486,6.984999895095825,9.099999904632568,10.255000114440918,
2022-01-27,6.400000095367432,6.570000171661377,6.25,6.349999904632568,2589400,0,0,0.019261618810866077,0.5399659677758643,6.883999919891357,7.98788923307481,5.780110606707904,6.355000019073486,6.984999895095825,8.97249984741211,10.255000114440918,
2022-01-28,6.360000133514404,6.809999942779541,6.269999980926514,6.78000020980835,5316500,0,0,0.06771658450925,0.5765306188648776,6.825499939918518,7.814014209918682,5.836985669918354,6.355000019073486,6.984999895095825,8.644999980926514,10.255000114440918,
2022-01-31,6.769999980926514,7.015999794006348,6.710000038146973,6.909999847412109,2113700,0,0,0.01917398725381969,0.5875850096024295,6.783999943733216,7.67984962990869,5.888150257557742,6.355000019073486,6.984999895095825,8.412499904632568,10.255000114440918,
2022-02-01,6.940000057220459,7.079999923706055,6.71999979019165,6.96999979019165,1980900,0,0,0.008683059928288106,0.5926870454537712,6.735499930381775,7.4633985916808125,6.007601269082738,6.384999990463257,6.944999933242798,8.284749984741211,10.255000114440918,
2022-02-02,7.074999809265137,7.074999809265137,6.619999885559082,6.78000020980835,1679200,0,0,-0.027259624978851926,0.5765306188648776,6.699499940872192,7.337327795306059,6.061672086438325,6.384999990463257,6.944999933242798,8.247499942779541,10.230000257492065,
2022-02-03,6.599999904632568,6.800000190734863,6.460000038146973,6.46999979019165,1101700,0,0,-0.045722774339775674,0.5501700394785476,6.667999935150147,7.2852762656389745,6.050723604661319,6.384999990463257,6.944999933242798,8.247499942779541,10.230000257492065,
2022-02-04,6.539999961853027,6.989999771118164,6.480000019073486,6.920000076293945,1060000,0,0,0.06955182390955916,0.5884353691846748,6.664999938011169,7.276679254443553,6.053320621578785,6.542500019073486,6.944999933242798,8.144999980926514,10.230000257492065,
2022-02-07,6.900000095367432,7.150000095367432,6.760000228881836,6.809999942779541,3668200,0,0,-0.01589597287595923,0.5790816165168601,6.6609999418258665,7.2677141117686235,6.05428577188311,6.650000095367432,6.9049999713897705,8.033750057220459,10.230000257492065,
2022-02-08,6.670000076293945,7.010000228881836,6.610000133514404,6.989999771118164,2649700,0,0,0.026431693076513385,0.5943877240708849,6.664999938011169,7.279317943249341,6.0506819327729975,6.700000047683716,6.879999876022339,8.027499914169312,10.230000257492065,
2022-02-09,7.019999980926514,7.150000095367432,6.900000095367432,7.139999866485596,4283700,0,0,0.02145924181388592,0.6071428339729273,6.654499936103821,7.226939822315563,6.082060049892078,6.710000038146973,6.875000238418579,7.977499961853027,10.230000257492065,
2022-02-10,7.0,7.150000095367432,6.900000095367432,6.920000076293945,3619000,0,0,-0.030812296121223492,0.5884353691846747,6.654999947547912,7.228358337828428,6.081641557267396,6.805000066757202,6.612499952316284,7.957499980926514,10.210000276565552,
2022-02-11,6.869999885559082,7.300000190734863,6.690000057220459,6.739999771118164,3846500,0,0,-0.026011604507406583,0.5731292210832731,6.659499931335449,7.234055164540563,6.084944698130335,6.880000114440918,6.525000095367432,7.859999895095825,10.115000247955322,
2022-02-14,6.75,7.0,6.644999980926514,6.730000019073486,3140800,0,0,-0.0014836427869816537,0.5722789020484045,6.66849992275238,7.241532917930546,6.095466927574214,6.880000114440918,6.525000095367432,7.7149999141693115,9.990000247955322,
2022-02-15,6.960000038146973,7.019999980926514,6.78000020980835,6.940000057220459,2958100,0,0,0.03120357170160659,0.5901360478017885,6.690999937057495,7.269602802441238,6.112397071673753,6.880000114440918,6.525000095367432,7.7124998569488525,9.987500190734863,
2022-02-16,7.039999961853027,7.039999961853027,6.425000190734863,6.5,7110700,0,0,-0.06340058409115967,0.5527210776779066,6.679999947547913,7.264378256471308,6.095621638624517,6.862500190734863,6.525000095367432,7.539999723434448,9.815000057220459,
2022-02-17,6.409999847412109,6.46999979019165,5.980000019073486,6.010000228881836,7041400,0,0,-0.0753845801720252,0.5110544312849282,6.644499969482422,7.297830748226904,5.99116919073794,6.640000104904175,6.495000123977661,7.539999723434448,9.815000057220459,
2022-02-18,5.909999847412109,6.199999809265137,5.820000171661377,6.130000114440918,5960032,0,0,0.019966702327631758,0.5212585029876116,6.644499969482422,7.297830748226904,5.99116919073794,6.56000018119812,6.495000123977661,7.519999742507935,9.815000057220459,
