Date,Open,High,Low,Close,Volume,Dividends,Stock Splits,daily_return,cum_return,middle_band,upper_band,lower_band,Conversion,Baseline,SpanA,SpanB,Lagging
2017-02-21,24.727615578715287,25.14717173899327,24.70139269350992,25.077245712280277,2933200,0.0,0,,,,,,,,,,24.253541946411133
2017-02-22,24.98983537937025,25.08598428212102,24.806278534770392,24.93739128112793,2817500,0.0,0,-0.005576945441175818,0.9944230545588242,,,,,,,,24.29740333557129
2017-02-23,24.95486758049496,25.103460557936533,24.75383051312329,24.84997940063477,2329500,0.0,0,-0.0035052535972081023,0.9909373495696852,,,,,,,,24.411434173583984
2017-02-24,24.61397618986649,24.841236114501957,24.51782731136027,24.841236114501957,1800500,0.0,0,-0.0003518427919738665,0.9905886954059414,,,,,,,,24.31494140625
2017-02-27,24.88509912618153,25.007901332242387,24.735981444655664,24.850011825561523,1489600,0.1,0,0.00035327191525880153,0.9909386425716011,,,,,,,,24.52546119689941
2017-02-28,24.788611221808427,24.81492669780346,24.46406037675479,24.560548782348636,3944900,0.0,0,-0.011648406658508526,0.9793957862892967,,,,,,,,24.402660369873047
2017-03-01,24.735977301939155,24.885094958491184,24.69211818350956,24.779834747314453,2760400,0.0,0,0.00892838213466196,0.9881402061303652,,,,,,,,24.39389038085937
2017-03-02,24.67457650705427,24.80615219979855,24.551774311751,24.78860855102539,3700300,0.0,0,0.00035407030758705105,0.9884900772370889,,,,,,,,24.446516036987305
2017-03-03,24.814929962158207,24.85001559504575,24.604409472613607,24.814929962158203,2446400,0.0,0,0.0010618349585307385,0.98953969055726,,,,24.80561605787403,,,,24.455286026000977
2017-03-06,24.700891494750977,24.779836239624217,24.56931747764704,24.700891494750977,3428600,0.0,0,-0.00459555870522832,0.9849922028181506,,,,24.78376046734566,,,,24.376344680786133
2017-03-07,24.648262150500308,24.762292518842692,24.55177375748063,24.692119598388672,2645000,0.0,0,-0.0003551246870652225,0.9846424077703632,,,,24.78376046734566,,,,24.235998153686523
2017-03-08,24.58686691052257,24.58686691052257,24.06934087151046,24.29740333557129,6221600,0.0,0,-0.015985515591101396,0.9689023912092904,,,,24.538621101876423,,,,24.174596786499023
2017-03-09,24.332489269207908,24.52546443054892,24.25354450478321,24.39389038085937,2385400,0.0,0,0.0039710846445399905,0.9727499846170797,,,,24.538621101876423,,,,24.306167602539062
2017-03-10,24.464060447481103,24.63949360851262,24.42020299375053,24.569320678710938,4548800,0.0,0,0.007191567032260648,0.979745581337084,,,,24.47721791500082,,,,24.29740333557129
2017-03-13,24.57809221953917,24.674578951240367,24.411430885794047,24.53423309326172,3630400,0.0,0,-0.0014281056406911796,0.9783464011459343,,,,24.47721791500082,,,,24.323715209960938
2017-03-14,24.52545821320289,24.700891350352176,24.411427845193924,24.683347702026367,2708500,0.0,0,0.006077818214158981,0.984292612722576,,,,24.459678233278105,,,,24.38511276245117
2017-03-15,24.75352130693621,24.911410800126784,24.578089837989037,24.823694229125977,2887000,0.0,0,0.005685878949397427,0.9898891813693026,,,,24.49037583581862,,,,24.367576599121094
2017-03-16,24.928957460151796,25.051759670553764,24.78861159881964,25.016674041748047,3494800,0.0,0,0.007774016664918726,0.9975845963616903,,,,24.560550271032113,,,,24.797382354736328
2017-03-17,25.121935170747125,25.279824699158745,25.01667660050925,25.15702247619629,4417900,0.0,0,0.005610195592508749,1.0031812410673533,,,,24.6745827853346,,,,24.367576599121094
2017-03-20,24.80615759942639,24.91141616886843,24.62195259332061,24.718441009521484,4389100,0.0,0,-0.017433758986771686,0.9856920210905346,24.754341220855714,25.17541378005221,24.33326866165922,24.6745827853346,,,,25.841203689575195
2017-03-21,24.569323562481983,24.727213091331365,24.32371744282129,24.39389038085937,7346400,0.0,0,-0.013129898788402428,0.97274998461708,24.72017345428467,25.141799959035545,24.298546949533794,24.76668460197098,,,,26.306102752685547
2017-03-22,24.39388751767942,24.692122887600227,24.29740078486124,24.569320678710938,2778800,0.0,0,0.007191567032260648,0.9797455813370842,24.70176992416382,25.115847732750897,24.287692115576743,24.78861274200999,,,,26.37627220153809
2017-03-23,24.56054811060813,24.718437616150773,24.358801152661236,24.420202255249023,2707200,0.0,0,-0.006069293710310952,0.9737992176425702,24.68028106689453,25.10593524074935,24.25462689303971,24.78861274200999,,,,26.84117126464844
2017-03-24,24.499148779805967,24.64826647104108,24.314943785666276,24.402660369873047,2656100,0.0,0,-0.0007183349749777523,0.9730997036059316,24.658352279663085,25.093762781111913,24.222941778214256,24.78861274200999,,,,27.09554672241211
2017-03-27,24.244766794208036,24.402656284737745,24.139508249224495,24.34125518798828,2724000,0.0,0,-0.0025163314554250693,0.9706510622124831,24.632914447784422,25.079981332065024,24.18584756350382,24.70966647419162,,,,26.57801818847656
2017-03-28,24.34125738059476,24.56054798762715,24.24476897812305,24.376344680786133,2277700,0.0,0,0.0014415646410530503,0.9720503184625692,24.6237042427063,25.08389625378724,24.163512231625358,24.70966647419162,24.6745827853346,,,26.75345230102539
2017-03-29,24.35003035343102,24.428975109528267,24.18336901577521,24.253541946411133,3905100,0.0,0,-0.005037782981129002,0.9671533399114174,24.59738960266113,25.07879570091405,24.115983504408213,24.70966647419162,24.6745827853346,,,26.797311782836918
2017-03-30,24.2886315092934,24.40266190479641,24.24477237790393,24.29740333557129,4283600,0.0,0,0.0018084529367738966,0.9689023912092909,24.57282934188843,25.062844631166083,24.082814052610775,24.525462209046463,24.6745827853346,,,26.74468040466309
2017-03-31,24.27986012314012,24.46406345915057,24.236000990955617,24.411434173583984,5097700,0.0,0,0.00469312857994808,0.9734495747126553,24.552654552459718,25.034198850765446,24.07111025415399,24.433360670277928,24.6745827853346,,,26.91134452819824
2017-04-03,24.437745281344,24.49914638236373,24.05179335243556,24.31494140625,2512400,0.0,0,-0.003952769290318958,0.969601753128057,24.533357048034667,25.020554450759864,24.04615964530947,24.385115484293166,24.665809025797152,,,27.060461044311523
2017-04-04,24.323714235771853,24.735981656311623,24.3149424105418,24.52546119689941,4391600,0.0,0,0.00865804227664313,0.977996606098147,24.525024127960204,25.00668461771739,24.04336363820302,24.39388750437359,24.665809025797152,,,26.80608558654785
2017-04-05,24.604407342410347,24.74475320791931,24.37634656574929,24.402660369873047,3312400,0.0,0,-0.0050070751387903956,0.9730997036059316,24.530286979675292,25.004034275565157,24.056539683785427,24.398273280177435,24.665809025797152,,,26.83240127563477
2017-04-06,24.4114340336326,24.578095388868597,24.314945616434684,24.39389038085937,2468700,0.0,0,-0.00035938659477074975,0.9727499846170802,24.530286979675292,25.004034275565157,24.056539683785427,24.398273280177435,24.665809025797152,,,26.84994888305664
2017-04-07,24.393885090082733,24.613175683021765,24.350027640716707,24.446516036987305,3500100,0.0,0,0.002157329368390748,0.9748485267269963,24.52414674758911,24.998904429641275,24.049389065536946,24.398273280177435,24.665809025797152,,,26.83240127563477
2017-04-10,24.51668879698185,24.57808989490828,24.38511310364871,24.455286026000977,2347900,0.0,0,0.0003587418755459648,0.9751982457158476,24.520199394226076,24.995877878272104,24.044520910180047,24.398273280177435,24.665809025797152,,,26.10435485839844
2017-04-11,24.420202132970783,24.43774578306647,24.22722700108193,24.376344680786133,3215400,0.0,0,-0.0032279869935241123,0.9720503184625693,24.504849243164063,24.978261945381856,24.03143654094627,24.398273280177435,24.665809025797152,,,25.95523834228516
2017-04-12,24.411431315777214,24.411431315777214,24.12196776946581,24.235998153686523,2944500,0.0,0,-0.0057574886201142705,0.9664537498158426,24.47546443939209,24.938808087611637,24.012120791172546,24.398273280177435,24.665809025797152,,,25.90260887145996
2017-04-13,24.29740066785154,24.428974701464245,24.165824961184228,24.174596786499023,3459300,0.0,0,-0.002533477961094821,0.9640052605402668,24.43336057662964,24.841525188577272,24.025195964682005,24.398273280177435,24.665809025797152,,,25.990324020385746
2017-04-17,24.20968088295814,24.350026723307103,24.19213723465092,24.306167602539062,1992500,0.0,0,0.00544252370378806,0.9692518820213336,24.390817832946777,24.628865478260145,24.152770187633408,24.43336048869256,24.665809025797152,,,25.83243560791016
2017-04-18,24.227230398402934,24.464063015686868,24.227230398402934,24.29740333557129,6493600,0.0,0,-0.0003605779039743684,0.9689023912092911,24.369765949249267,24.556679048113725,24.18285285038481,24.43336048869256,24.665809025797152,,,25.73594665527344
2017-04-19,24.367574337867836,24.4552892475723,24.306171558798184,24.323715209960938,9401100,0.0,0,0.0010829089029085193,0.969951624234781,24.366257190704346,24.55386803062083,24.17864635078786,24.36757172624379,24.665809025797152,,,25.82366371154785
2017-04-20,24.446515532572896,24.5605459024044,24.306168016777665,24.38511276245117,5844300,0.0,0,0.0025241848114176957,0.9723999613924843,24.357046794891357,24.52010946203555,24.193984127747164,24.36757172624379,24.665809025797152,,,25.718402862548828
2017-04-21,24.35880477272571,24.516694301732976,24.350032946330327,24.367576599121094,3359900,0.0,0,-0.0007191339855961987,0.9717006755326545,24.354415512084962,24.514968924872157,24.193862099297768,24.350028832187046,24.665809025797152,,,25.788816452026367
2017-04-24,24.683350301663182,24.92018455984166,24.595635396904843,24.797382354736328,5327400,0.0,0,0.01763842842011365,0.9888399483438133,24.374151611328124,24.625955543669303,24.122347678986944,24.521076164653735,24.665809025797152,,,25.81521987915039
2017-04-25,24.832471686692696,24.92896010398709,24.35880477272571,24.367576599121094,13535400,0.0,0,-0.01733270671342213,0.9717006755326545,24.375467681884764,24.62684021979125,24.124095143978277,24.525463936726453,24.490376728211324,,,26.4753475189209
2017-04-26,24.972813108002462,26.31487219209915,24.49037445370245,25.841203689575195,25291300,0.0,0,0.06047491364025315,1.0304641899696674,24.448710632324218,25.138547716721234,23.7588735479272,25.240348576641686,25.183332772267356,,,26.431337356567383
2017-04-27,25.955238092919,26.30610275268555,25.797348577760378,26.306102752685547,11311900,0.0,0,0.017990611764648667,1.0490028711487849,24.55133867263794,25.611110791589358,23.49156655368652,25.253504713375037,25.183332772267356,,,26.54575538635254
2017-04-28,26.007863939169443,26.586790969598106,25.990320290234163,26.37627220153809,9756800,0.0,0,0.002667420921762309,1.051801003354276,24.65528211593628,25.97428072126066,23.336283510611903,25.407010684000518,25.319292161016833,,,26.457740783691406
2017-05-01,26.43767566826079,26.902572368368286,26.358730914033963,26.84117126464844,7849000,0.0,0,0.01762565458674792,1.0703396845333932,24.776768970489503,26.39977115026483,23.153766790714176,25.604370192572976,25.477182860401925,,,25.69200134277344
2017-05-02,26.84994231462441,27.15694782435903,26.79731136462315,27.09554672241211,5698700,0.0,0,0.009477062504299028,1.0804833606245479,24.91579923629761,26.813156960169728,23.01844151242549,25.73155792056835,25.604370588397295,,,25.95604705810547
2017-05-03,27.00782920664799,27.09554410205827,26.56924803737904,26.57801818847656,6722300,0.0,0,-0.019100132550839977,1.059845985217642,25.018427085876464,27.03961799432247,22.99723617743046,25.753490385344676,25.604370588397295,,,25.18150329589844
2017-05-04,26.68327937830553,26.841168872688822,26.595562806642103,26.75345230102539,8795500,0.0,0,0.006600722119487923,1.0668417340555185,25.13596668243408,27.2716949131177,23.000238451750462,25.75787629854237,25.604370588397295,24.69212462976311,,25.401538848876957
2017-05-05,26.867484710879207,26.946429464058607,26.60433664898426,26.797311782836918,5655600,0.0,0,0.0016393952196533945,1.0685907092944558,25.256137752532958,27.480919500572796,23.03135600449312,25.75787629854237,25.604370588397295,24.69212462976311,,25.7007999420166
2017-05-08,26.74468040466308,26.867482600829124,26.692051131028272,26.74468040466309,7182100,0.0,0,-0.001964054402185833,1.0664919390077312,25.371045970916747,27.65396747532544,23.088124466508052,25.82366113903074,25.604370588397295,24.60002249719053,,25.269515991210938
2017-05-09,26.75345501778161,26.96397380731891,26.727139541693965,26.91134452819824,5084700,0.0,0,0.006231673776370572,1.0731379688567564,25.493848896026613,27.830703000746055,23.15699479130717,26.477148201059705,25.604370588397295,24.553971727806264,,25.401538848876957
2017-05-10,26.96397264254616,27.10431849617512,26.806083138949937,27.060461044311523,3839000,0.0,0,0.005541028095308986,1.0790842564923344,25.628054714202882,28.001192828188874,23.25491660021689,26.573634057296594,25.63945779691242,24.52546225504516,,25.234310150146484
2017-05-11,27.034148037782373,27.069235340920624,26.788543608033425,26.80608558654785,6463500,0.0,0,-0.009400263260375796,1.0689405804011796,25.756559085845947,28.091894308772595,23.421223862919298,26.757839369196496,25.63945779691242,24.52984826508537,,25.69200134277344
2017-05-12,26.797313972219644,26.92011786111786,26.718369212590336,26.83240127563477,7067100,0.0,0,0.0009817057772927296,1.069989965544542,25.889449310302734,28.150068511344326,23.62883010926114,26.863097930869035,25.63945779691242,24.532041152987293,,25.32232666015625
2017-05-15,26.86749086429389,26.911350000024413,26.753460457504445,26.84994888305664,7148100,0.0,0,0.0006539708184003512,1.0706897077579893,26.016638374328615,28.19026889410198,23.84300785455525,26.836783266777083,25.63945779691242,24.532041152987293,,25.401538848876957
2017-05-16,26.91134603526408,26.91134603526408,26.700827233937485,26.83240127563477,6337900,0.0,0,-0.0006535434200749535,1.0699899655445422,26.143388271331787,28.19195592617804,24.094820616485535,26.849940651408613,25.63945779691242,24.532041152987293,,24.961462020874023
2017-05-17,26.832399629037894,26.832399629037894,26.10435485839844,26.10435485839844,5059300,0.0,0,-0.02713310708786365,1.0409578132264825,26.232420253753663,28.102016946945056,24.36282356056227,26.60433667728678,25.63945779691242,24.532041152987293,,24.89985466003418
2017-05-18,25.885065409657656,26.21838642137461,25.586830027727107,25.95523834228516,7004700,0.0,0,-0.00571232336221883,1.0350115255909047,26.310926532745363,27.983057650614988,24.638795414875737,26.345574261951114,25.63945779691242,24.532041152987293,,24.74142265319824
2017-05-19,26.02541108439545,26.262245357675045,25.876293394521785,25.90260887145996,3285100,0.0,0,-0.002027701311432706,1.032912831363116,26.387678146362305,27.816775903361723,24.958580389362886,26.345574261951114,25.66138639277163,24.532041152987293,,24.591796875
2017-05-22,25.84997815486985,26.086812430323427,25.84997815486985,25.990324020385746,4905800,0.0,0,0.0033863441849069087,1.0364106297231181,26.447325229644775,27.691717392796495,25.202933066493056,26.345574261951114,25.674542529504976,24.532041152987293,,24.794233322143555
2017-05-23,26.121899158297552,26.2096140675234,25.76226267669669,25.83243560791016,4162800,0.0,0,-0.006074892038735014,1.0301145470397528,26.52056818008423,27.374221136307224,25.666915223861235,26.328032684323865,25.69208911138098,24.54958475724486,,24.48617172241211
2017-05-24,25.806119585001365,25.84120521333802,25.59560079581758,25.73594665527344,3357000,0.0,0,-0.00373518603128431,1.0262668775730273,26.51530532836914,27.386951884138817,25.643658772599466,26.25347394442248,25.73155792056835,24.54958475724486,,24.53897857666016
2017-05-25,25.84997751502157,25.93769409706148,25.75349078052685,25.82366371154785,8431400,0.0,0,0.0034083477654565097,1.0297647519919653,26.491183376312257,27.41057817530136,25.571788577323154,26.249090013875758,25.73155792056835,24.51669037602047,,24.41575813293457
2017-05-26,25.92892165057003,25.92892165057003,25.692089059705307,25.718402862548828,2904300,0.0,0,-0.004076139240922427,1.025567287477452,26.458289909362794,27.437568799859648,25.47901101886594,26.249088031495596,25.753490385344676,24.51669037602047,,24.803035736083984
2017-05-30,25.656792126740434,25.90323876504645,25.61278457790525,25.788816452026367,3073200,0.1,0,0.0027378678938136947,1.0283751552267821,26.40567216873169,27.410048121995363,25.40129621546802,26.2096148283825,25.75787629854237,24.507918928992098,,24.45976829528809
2017-05-31,25.83282356875816,25.912038493212886,25.64798818543705,25.81521987915039,4841000,0.0,0,0.0010238324497420237,1.0294280390812118,26.341655826568605,27.324743783251833,25.358567869885377,25.924537692701076,25.75787629854237,24.593442595225444,,25.04068374633789
2017-06-01,26.09687652352044,26.52815691771755,26.03526527846092,26.4753475189209,5158700,0.0,0,0.025571257686774818,1.055751808738549,26.33652229309082,27.315640997955065,25.357403588226575,26.061878856767564,25.82366113903074,24.50792033246889,,25.7007999420166
2017-06-02,26.57216352530701,26.607369228101746,26.202494412670397,26.431337356567383,3344700,0.0,0,-0.001662307258556761,1.0539968248436484,26.32041654586792,27.281819394606785,25.359013697129058,26.101485011959664,26.37188892604307,25.21184067445452,,25.621580123901367
2017-06-05,26.36972185329766,26.58096276447559,26.281706765550407,26.54575538635254,6384300,0.0,0,0.004328877810517939,1.0585594483110705,26.307838726043702,27.250143684768965,25.36553376731844,26.101485011959664,26.37188892604307,25.218418742821196,,25.67439842224121
2017-06-06,26.501750009944548,26.792204188093983,26.40493139096796,26.457740783691406,4675600,0.0,0,-0.0033155810177616374,1.0550497086980781,26.293491744995116,27.21710727833674,25.36987621165349,26.193902491955782,26.37188892604307,25.363151422508675,,25.603979110717773
2017-06-07,26.41373593938357,26.50175272211711,25.533571469609164,25.69200134277344,6957500,0.0,0,-0.028941981372421988,1.0245144796819592,26.232524585723876,27.14576111348439,25.319288057963362,26.162887828851574,26.345259646984097,25.54077652648745,,25.533567428588867
2017-06-08,25.691998418737032,26.079269532640037,25.61278349117044,25.95604705810547,6488800,0.0,0,0.010277350985983036,1.0350437745798724,26.177303886413576,27.01308427547455,25.3415234973526,26.162887828851574,26.31894498289214,25.667964254482822,,25.63918876647949
2017-06-09,25.929641671325268,26.05286582534665,24.74142110857428,25.18150329589844,5710300,0.0,0,-0.029840590151232416,1.00415745751405,26.096074771881103,26.98624509774222,25.205904446019986,25.76681264833413,25.9228698023747,25.678930486870986,,25.401538848876957
2017-06-12,24.98786060860596,25.401538848876957,24.653398957857025,25.401538848876957,9244500,0.0,0,0.008737983209062605,1.0129317685170627,26.024531650543214,26.89609069385775,25.152972607228676,25.722801572975506,25.878858727016073,25.681123443469833,25.604370588397295,25.85042953491211
2017-06-13,25.48955901863101,25.744807488433437,25.348732855560804,25.7007999420166,4420500,0.0,0,0.011781219040313262,1.0248653395548541,25.96707420349121,26.76061099162298,25.173537415359444,25.722801572975506,25.878858727016073,25.681123443469833,25.604370588397295,25.71839714050293
2017-06-14,25.74480551421085,25.780012891668687,25.058276762804365,25.269515991210938,6204000,0.0,0,-0.016780954358567857,1.007667121068106,25.88892993927002,26.63189181201825,25.145968066521792,25.722801572975506,25.878858727016073,25.714015863714017,25.604370588397295,25.90323829650879
2017-06-15,25.07587736262829,25.515959453960026,25.031869825007103,25.401538848876957,4906000,0.0,0,0.005224589885771458,1.012931768517063,25.853789138793946,26.619064058659482,25.08851421892841,25.722801572975506,25.878858727016073,26.0407593947285,25.604370588397295,25.92963981628418
2017-06-16,25.41034367888209,25.4807567546203,25.111087687299648,25.234310150146484,4716800,0.0,0,-0.006583408183471806,1.0062632252229091,25.81774272918701,26.627620233469212,25.00786522490481,25.722801572975506,25.861317149388825,26.106545927104506,25.604370588397295,26.36972045898437
2017-06-19,25.34873605799068,25.69200134277344,25.278322967559948,25.69200134277344,2991200,0.0,0,0.018137654245495627,1.0245144796819596,25.807212352752686,26.617887217341494,24.996537488163877,25.57757583998707,25.78675840948744,26.198648583054457,25.604370588397295,24.697410583496094
2017-06-20,25.656788346858114,25.744805110341805,25.28711928325072,25.32232666015625,5154000,0.0,0,-0.01438870711880813,1.0097730408948378,25.77381248474121,26.60654347117769,24.94108149830473,25.36633424524853,25.782374478940717,26.251277863890728,25.604370588397295,24.477373123168945
2017-06-21,24.996662451886188,25.401538848876957,24.952654914264997,25.401538848876957,5115500,0.0,0,0.0031281560254627916,1.012931768517063,25.75226764678955,26.60014143268863,24.904393860890472,25.35313239160184,25.782372496560555,26.23812053184475,25.604370588397295,24.442163467407227
2017-06-22,25.392742359864517,25.43674990676506,24.767824785438894,24.961462020874023,6640100,0.0,0,-0.017324809753500037,0.9953829183342284,25.71354341506958,26.629630810158694,24.797456019980466,25.216705924762856,25.742899293447458,26.244699224160517,25.604370588397295,24.600595474243164
2017-06-23,24.996671614043606,25.02307715356285,24.84704358099569,24.89985466003418,16676800,0.0,0,-0.0024680990555892013,0.9929262146935381,25.667352962493897,26.64817104715055,24.686534877837243,25.27391883855379,25.722801572975506,26.121897237099603,25.604370588397295,24.882247924804688
2017-06-26,24.90865268609988,24.96146376059764,24.609396645734265,24.74142265319824,8257800,0.0,0,-0.006362768337368374,0.9866084552133431,25.618503952026366,26.679246296794936,24.557761607257795,25.194704768701477,25.700800416914124,25.99251602943177,25.604370588397295,24.83823013305664
2017-06-27,24.618200735875647,24.979068050607776,24.442168841175903,24.591796875,18018900,0.0,0,-0.006047581834543236,0.9806418598417881,25.55865297317505,26.706676315178115,24.410629631171986,25.093486975758854,25.617186514634945,26.003480327361373,25.604370588397295,24.9438591003418
2017-06-28,24.794233322143555,24.91745581140518,24.66220898668032,24.794233322143555,3990900,0.0,0,0.008231868869629011,0.9887143750400748,25.507603645324707,26.69598774668766,24.319219543961754,25.093486975758854,25.617186514634945,26.010058395728045,25.604370588397295,24.767822265625
2017-06-29,24.723816497626142,24.79422957782509,24.31013986130487,24.48617172241211,5513300,0.0,0,-0.012424727787663348,0.9764298680704522,25.408144855499266,26.588758348392542,24.22753136260599,25.02747248582334,25.551172024699426,26.010060897852423,25.604370588397295,24.89985466003418
2017-06-30,24.521376567514853,24.67980640128316,24.433359806668008,24.53897857666016,6127900,0.0,0,0.0021565990325762563,0.9785356357793115,25.313526916503907,26.453137914808543,24.17391591819927,25.02747248582334,25.551172024699426,25.992515932495415,25.604370588397295,24.86463928222656
2017-07-03,24.688608603166674,24.776625371274516,24.398154443556955,24.41575813293457,1818500,0.0,0,-0.005021416981177418,0.973622000321122,25.20702705383301,26.260026699992977,24.15402740767304,24.873444884034964,25.551172024699426,25.990323967222054,25.604370588397295,24.93505477905273
2017-07-05,24.52138336630728,24.85584513572198,24.433366581056923,24.803035736083984,3979100,0.0,0,0.015861788974187663,0.9890653870308421,25.124291801452635,26.017513629459938,24.231069973445333,24.873444884034964,25.551172024699426,26.001289208420136,25.604370588397295,24.151710510253903
2017-07-06,24.65340384953403,24.75902263229353,24.4245609151814,24.45976829528809,4180900,0.0,0,-0.013839734960204964,0.9753769842160227,25.062680149078368,25.9607980134896,24.164562284667134,24.666608507433857,25.551172024699426,25.983745563462435,25.604370588397295,24.12530517578125
2017-07-07,24.52138649378773,25.07588945765988,24.52138649378773,25.04068374633789,3434300,0.0,0,0.02374983458701485,0.9985420262511346,25.01691198348999,25.814956207681576,24.218867759298405,24.693014659482373,25.551172024699426,25.841206995621725,25.604370588397295,24.574190139770508
2017-07-10,25.436749627174752,25.771213023551702,25.331130844262244,25.7007999420166,10964600,0.0,0,0.02636174804033664,1.0248653395548544,25.0428768157959,25.893309393558713,24.192444238033087,25.040676442428285,25.551172024699426,25.942769997899152,25.604370588397295,24.23092269897461
2017-07-11,25.70079503535259,25.76240626008577,25.44554661428089,25.621580123901367,3341000,0.0,0,-0.0030823872523019213,1.0217063076968844,25.05387887954712,25.928206906628933,24.179550852465308,25.040676442428285,25.551172024699426,26.23668696900137,25.604370588397295,24.424560546875
2017-07-12,25.762415207620528,25.84163014658386,25.50716669789856,25.67439842224121,4221300,0.0,0,0.0020614770082261202,1.0238125317593612,25.052558803558348,25.92300507739596,24.182112529720737,25.075885003944364,25.551172024699426,26.23668696900137,25.604370588397295,23.90526390075684
2017-07-13,25.736003417328963,25.78881280421741,25.58637542216158,25.603979110717773,2771100,0.0,0,-0.002742783311426522,1.0210044358332222,25.06928195953369,25.968452289197455,24.170111629869925,25.119892295070407,25.40594629171099,26.282895708999426,25.604370588397295,23.90526390075684
2017-07-14,25.621584197392608,25.64798805288757,25.41914512550994,25.533567428588867,2615700,0.0,0,-0.002750028885136535,1.0181966441428283,25.075883388519287,25.986704220634433,24.16506255640414,25.119892295070407,25.19470469697245,26.254073737917835,25.604370588397295,23.887657165527344
2017-07-17,25.524768130763583,25.665594303389504,25.46315689008729,25.63918876647949,3705000,0.0,0,0.004136567997637508,1.0224084837962915,25.096127319335938,26.037944686074415,24.154309952597462,25.133095530882628,25.18150284332576,26.240916405871857,25.604370588397295,24.266132354736328
2017-07-18,25.47195191633883,25.621579894542812,25.190299646491315,25.401538848876957,3199400,0.0,0,-0.009269010800889044,1.0129317685170631,25.081604194641113,25.99442176684597,24.168786622436254,25.133095530882628,25.075885003944364,25.844841225354415,25.604370588397295,24.05489158630371
2017-07-19,25.524767963609584,25.92084262076396,25.43675118659968,25.85042953491211,6228700,0.0,0,0.017671791016511618,1.0308320870442822,25.108009338378906,26.076623187705845,24.139395489051967,25.221114557275847,25.115491241034412,25.80083014999579,25.604370588397295,24.151710510253903
2017-07-20,25.85922327721964,25.94724003236257,25.533563465604743,25.71839714050293,3361700,0.0,0,-0.00510755127804996,1.0255670593006443,25.123852252960205,26.121403074026045,24.126301431894365,25.568769839426942,25.128689946833717,25.80083014999579,25.604370588397295,24.23972511291504
2017-07-21,26.044064464770567,26.096873858173648,25.7448084375192,25.90323829650879,4103300,0.0,0,0.007187118038346263,1.0329379308120776,25.170941066741943,26.22147795975315,24.120404173730734,25.64358675233248,25.203506859739257,25.80083014999579,25.604370588397295,24.23092269897461
2017-07-24,25.85922673850097,26.026458427778667,25.75360796121626,25.92963981628418,4279000,0.0,0,0.001019236262014056,1.033990738607571,25.222430324554445,26.31533183004185,24.12952881906704,25.64358675233248,25.203506859739257,25.80083014999579,25.604370588397295,24.142906188964844
2017-07-25,25.98244939278911,26.66017627680097,25.964845704658387,26.36972045898437,8213400,0.0,0,0.016972107820171667,1.0515397409082776,25.30384521484375,26.481549141157995,24.126141288529507,25.925237961646143,25.485158069052922,25.792059361182165,25.63945779691242,24.416757583618164
2017-07-26,24.82943489699284,25.577574911848004,24.44216380123976,24.697410583496094,13815300,0.0,0,-0.06341780824295806,0.9848533952595067,25.309125900268555,26.47476688926543,24.143484911271678,25.551170039020366,25.485158069052922,25.682167124737255,25.63945779691242,24.49626350402832
2017-07-27,24.776629173390024,24.811836557548023,24.23972999522437,24.477373123168945,8122200,0.0,0,-0.008909333210591175,0.9760790081975577,25.293282890319823,26.494939175596826,24.09162660504282,25.44995313601267,25.44995313601267,25.574354362094624,25.63945779691242,24.45209312438965
2017-07-28,24.354146700018127,24.538980400633047,24.3453448554012,24.442163467407227,4950200,0.0,0,-0.0014384572880654645,0.9746749602344882,25.29108247756958,26.49885447354782,24.083310481591344,25.44995313601267,25.44995313601267,25.567752444081197,25.63945779691242,24.001564025878903
2017-07-31,24.530182389901768,24.671008558584564,24.477371317560458,24.600595474243164,5388200,0.0,0,0.006481914215458184,0.9809927197146833,25.294163322448732,26.494456036386374,24.09387060851109,25.44995313601267,25.44995313601267,25.479802609105157,25.63945779691242,24.29308319091797
2017-08-01,24.66220682538925,24.89985161566521,24.512578810635542,24.882247924804688,4641900,0.0,0,0.01144900947037697,0.9922241146530676,25.317487812042238,26.46500708488682,24.169968539197654,25.44995313601267,25.44995313601267,25.498360205764648,25.63945779691242,23.869060516357425
2017-08-02,24.89984302982341,25.00546178100688,24.618189109514677,24.83823013305664,4711100,0.0,0,-0.0017690440140726293,0.9904688265224221,25.31924753189087,26.463676115892234,24.174818947889506,25.44995313601267,25.44995313601267,25.447752592807802,25.63945779691242,23.515708923339844
2017-08-03,24.873446015859876,25.049477887674502,24.79423108597016,24.9438591003418,4061100,0.0,0,0.004252676890394991,0.9946809704116306,25.343452072143556,26.432709265056772,24.25419487923034,25.44995313601267,25.44995313601267,25.3553367451969,25.66138639277163,23.833724975585938
2017-08-04,25.03187255650539,25.049474566206644,24.662203492296957,24.767822265625,4398700,0.0,0,-0.00705732156394312,0.9876611869499008,25.32980899810791,26.44074982733028,24.218868168885543,25.44995313601267,25.44995313601267,25.3553367451969,25.674542529504976,24.319583892822266
2017-08-07,24.80303602724419,24.9526640602921,24.723821087467027,24.89985466003418,3775600,0.0,0,0.005330803531823802,0.9929262146935386,25.28976173400879,26.402080418246605,24.17744304977097,24.908652453536185,25.44995313601267,25.289322255261382,25.69208911138098,24.381423950195312
2017-08-08,24.87344112590396,25.058274806789285,24.84703559487176,24.86463928222656,3203400,0.0,0,-0.0014142804561885214,0.9915219385536602,25.251914691925048,26.368042059651096,24.135787324199,24.649002401006825,25.44995313601267,25.289322255261382,25.73155792056835,24.346088409423828
2017-08-09,24.71501370204776,25.040675234678407,24.67100615815884,24.93505477905273,4806900,0.0,0,0.00283195328220609,0.9943298823619267,25.214947509765626,26.321484779194968,24.108410240336283,24.701809831095243,25.44995313601267,25.212308454367196,25.73155792056835,24.55809783935547
2017-08-10,24.78542824514011,24.926254408448155,24.116503130036747,24.151710510253903,8143500,0.0,0,-0.031415381908721285,0.9630926293642729,25.142334079742433,26.326003052975185,23.95866510650968,24.587388968413016,25.388339703418858,25.212308454367196,25.73354384283195,24.478591918945312
2017-08-11,24.151710711163776,24.406957504740312,24.098899640398724,24.12530517578125,5516100,0.0,0,-0.0010933111533214523,0.9620396694509072,25.071920967102052,26.320604075146356,23.82323785905775,24.578587223594006,25.379537958599848,25.10889026606664,25.73354384283195,24.39909172058105
2017-08-14,24.389354742619545,24.609395842839987,24.389354742619545,24.574190139770508,2827400,0.0,0,0.018606395264996856,0.9799397598013178,25.0186710357666,26.25672176767534,23.780620303857862,24.578587223594006,25.379537958599848,25.1220933420909,25.73354384283195,24.46092987060547
2017-08-15,24.66220298522026,24.69740868267904,24.15170778121724,24.23092269897461,5624000,0.0,0,-0.013968616619449037,0.9662513569864982,24.960140228271484,26.230866727120254,23.689413729422714,24.578587223594006,25.379537958599848,25.295924233563856,25.73354384283195,24.478591918945312
2017-08-16,24.29253623102632,24.45096608155684,24.25732885145053,24.424560546875,2437100,0.0,0,0.007991352632584103,0.9739730123118903,24.888846778869627,26.110293044642134,23.66740051309712,24.578587223594006,25.379537958599848,25.295924233563856,25.73354384283195,24.725942611694336
2017-08-17,24.2837348444381,24.398155472658345,23.878858365576647,23.90526390075684,3039300,0.0,0,-0.021261248288235945,0.9532651302710861,24.798190116882324,26.02911023768156,23.567269996083088,24.468566586182966,25.269517321188808,25.313528514321895,25.73354384283195,24.611103057861328
2017-08-18,23.86125635423681,24.09889945573736,23.834850819056623,23.90526390075684,2880400,0.0,0,0.0,0.9532651302710861,24.698291397094728,25.876899702776168,23.519683091413288,24.446562812922956,25.247513547928797,25.2629192933907,25.73354384283195,24.593435287475582
2017-08-21,23.878855321589302,23.9668720821896,23.69402163523076,23.887657165527344,2460300,0.0,0,-0.0007365212658848597,0.952563030230615,24.596192264556883,25.6793658256198,23.513018703493966,24.367348434954586,25.17709895601587,25.15729849602143,25.73354384283195,24.831951141357425
2017-08-22,24.028487562699475,24.30133973671825,24.002083704993407,24.266132354736328,2082600,0.0,0,0.015843964378188025,0.9676554049495677,24.491012859344483,25.208361384441968,23.773664334246998,24.310138021839457,25.17709895601587,25.157299187104194,25.707229178739993,24.478591918945312
2017-08-23,24.134106512000603,24.20451959275559,24.01088404037444,24.05489158630371,1511100,0.0,0,-0.00870516839455826,0.9592318017015773,24.458886909484864,25.193909987174308,23.72386383179542,24.1957151589549,25.17709895601587,25.104490267413496,25.707229178739993,24.584604263305664
2017-08-24,24.151710510253903,24.20451990179935,24.063693738491303,24.151710510253903,1932300,0.0,0,0.004024916246362142,0.9630926293642732,24.44260377883911,25.18972874677788,23.69547881090034,24.1957151589549,25.17709895601587,25.16830289915513,25.707229178739993,25.070459365844727
2017-08-25,24.301336344001463,24.459766183240934,24.230923268648382,24.23972511291504,1317200,0.0,0,0.003644238888329099,0.9666023689772656,24.432481861114503,25.184880324753053,23.680083397475954,24.1957151589549,25.17709895601587,25.34872989313033,25.707229178739993,25.21180534362793
2017-08-28,24.292533928612546,24.37174884636992,24.1341040930978,24.23092269897461,1082500,0.0,0,-0.00036314000672144076,0.9662513569864982,24.413998222351076,25.1671394841774,23.66085696052475,24.07689390923585,25.17709895601587,25.42354680603587,25.707229178739993,25.344314575195312
2017-08-29,24.037285737926705,24.160509877267888,23.96687266349465,24.142906188964844,1461700,0.0,0,-0.0036324043910012094,0.9627415413145696,24.377031135559083,25.106567375662472,23.647494895455694,24.07689390923585,25.17709895601587,25.42354680603587,25.707229178739993,25.132307052612305
2017-08-30,24.22241351627528,24.42559163462324,24.081072070039923,24.416757583618164,2508700,0.1,0,0.011342934131868931,0.9736618552037147,24.355957508087158,25.054341190071348,23.65757382610297,24.07689390923585,24.635798273539383,25.70519801534953,25.689687601112745,25.1146297454834
2017-08-31,24.399092308271285,24.540433761120628,24.301919427591223,24.49626350402832,2990500,0.0,0,0.003256203045710615,0.9768322959021213,24.333577728271486,24.981506946970022,23.68564850957295,24.117227698175697,24.376148221010023,25.518164054036646,25.615128861211364,24.134071350097656
2017-09-01,24.602268617556664,24.619936719087583,24.41675692132781,24.45209312438965,1497900,0.0,0,-0.0018031476364306354,0.9750709230565763,24.317791271209718,24.93707950345703,23.698503038962404,24.293404691291116,24.376148221010023,25.44995313601267,25.57553999762439,24.12524032592773
2017-09-05,24.31958307904216,24.39908784233297,23.86022259890029,24.001564025878903,3617100,0.0,0,-0.01842497066483717,0.9571052699031232,24.272876739501953,24.844783944403023,23.700969534600883,24.240079658993935,24.376148221010023,25.44995313601267,25.575538015244227,23.727718353271484
2017-09-06,24.08107103071525,24.34608580973793,23.88672697176014,24.29308319091797,3309400,0.0,0,0.012145840359600868,0.9687301177186992,24.244298934936523,24.747344242381946,23.7412536274911,24.240079658993935,24.376148221010023,25.44995313601267,25.53606481213113,22.49980926513672
2017-09-07,24.213580089827165,24.248916294758928,23.76305358648512,23.869060516357425,3473900,0.0,0,-0.01745446105906656,0.9518214556022332,24.190999221801757,24.607607411564203,23.77439103203931,24.191495152786352,24.376148221010023,25.44995313601267,25.515967091659178,22.80900001525879
2017-09-08,23.82489231859032,23.886730682563552,23.40970198430887,23.515708923339844,4357800,0.0,0,-0.01480374951395469,0.93773092919149,24.159199142456053,24.670435737475177,23.64796254743693,24.01481935169823,24.233988395549076,25.44995313601267,25.515967091659178,23.00334358215332
2017-09-11,23.71005162472441,23.99273453236392,23.65704900077277,23.833724975585938,4321400,0.0,0,0.013523557945151143,0.9504123877493715,24.14462013244629,24.67536461736369,23.613875647528886,24.01481935169823,24.233988395549076,25.44995313601267,25.515967091659178,23.06518173217773
2017-09-12,23.886725547600623,24.399088658773454,23.84255529711509,24.319583892822266,4870000,0.0,0,0.020385353851905874,0.9697868805788773,24.131889820098877,24.631803566638652,23.631976073559102,24.01481935169823,24.233988395549076,25.44995313601267,25.515967091659178,23.03867530822754
2017-09-13,24.204746293521687,24.390258001521296,24.11640746518487,24.381423950195312,2635000,0.0,0,0.002542809023607484,0.9722528634097894,24.139414882659914,24.649602673135796,23.62922709218403,24.01481935169823,24.233988395549076,25.17930279477443,25.515967091659178,22.80900001525879
2017-09-14,24.231249108897508,24.354922460990934,24.10757575680408,24.346088409423828,2883400,0.0,0,-0.001449281257881685,0.9708437955569278,24.135491275787352,24.637911425918038,23.633071125656667,24.01481935169823,24.22518860949364,25.049477768509746,25.515967091659178,22.994508743286133
2017-09-15,24.39025593316426,24.566931889932302,24.25774685943465,24.55809783935547,7151600,0.0,0,0.008708151649099216,0.9792980505562245,24.168132972717284,24.691115516624674,23.645150428809895,23.988316937120587,24.167978196378513,25.075881483553957,25.515967091659178,22.755992889404297
2017-09-18,24.522762169754103,24.593432886125388,24.36375263668802,24.478591918945312,2824400,0.0,0,-0.0032374624830570076,0.9761276098578179,24.19679937362671,24.72187495590994,23.67172379134348,24.00156743521713,24.053555333493954,24.987864335915937,25.454353659065365,23.109350204467773
2017-09-19,24.566933638720027,24.566933638720027,24.25774858621316,24.39909172058105,2220000,0.0,0,-0.0032477439318203682,0.9729573973362199,24.222371101379395,24.734241289783647,23.710500912975142,24.00156743521713,24.053555333493954,24.979062591096927,25.44555191424635,21.695934295654297
2017-09-20,24.48743034089914,24.593437276843098,24.310754360889995,24.46092987060547,2177100,0.0,0,0.0025344447544437543,0.9754233041081959,24.23211097717285,24.754362768364967,23.709859185980736,24.001569630575986,24.053555333493954,24.979062591096927,25.44555191424635,21.9609489440918
2017-09-21,24.56693073564011,24.57576478580187,24.24007930426897,24.478591918945312,3730300,0.0,0,0.0007220513869781175,0.976127609857818,24.253295993804933,24.779476135762323,23.727115851847543,24.12524313880793,24.01481935169823,24.979062591096927,25.44555191424635,22.26129913330078
2017-09-22,24.50509639149172,24.814281436759973,24.460927821420373,24.725942611694336,2306700,0.0,0,0.01010477618843697,0.9859911608867852,24.28200759887695,24.844691865728887,23.719323332025017,24.328418366937534,24.111991710534422,24.979062591096927,25.44555191424635,22.01395034790039
2017-09-25,24.823115224819347,24.920286414931606,24.54043233554199,24.611103057861328,3466000,0.0,0,-0.004644496496513439,0.9814117283944532,24.30057649612427,24.880883041069982,23.720269951178555,24.513931085867846,24.16499419962024,24.869041953685887,25.335531276835315,21.934450149536133
2017-09-26,24.725942682994667,24.81428150831504,24.558099083378256,24.593435287475582,1982900,0.0,0,-0.0007178780383881866,0.9807071944680222,24.318702125549315,24.91181866577363,23.725585585325,24.513931085867846,24.16499419962024,24.847038180425876,25.247513547928797,21.9609489440918
2017-09-27,24.69060968609972,24.937956390339178,24.628771325116794,24.831951141357425,2643400,0.0,0,0.009698354503704154,0.9902184405043063,24.353154373168945,24.980849036149507,23.72545971018838,24.589017847304074,24.173829187324024,24.772223695485227,25.17709895601587,21.55459213256836
2017-09-28,24.69943811822092,24.814279085400997,24.478591918945312,24.478591918945312,3032700,0.0,0,-0.014230022457784042,0.9761276098578181,24.356246089935304,24.98578987048741,23.7267023093832,24.589017847304074,24.173829187324024,24.743618488927662,25.17709895601587,21.687095642089844
2017-09-29,24.602272367529626,24.611106419641605,24.29308728330296,24.584604263305664,2129200,0.0,0,0.004330818729744834,0.9803550415932114,24.36066312789917,24.995349068606526,23.725977187191813,24.589017847304074,24.173829187324024,24.686407057485383,25.17709895601587,21.85493850708008
2017-10-02,24.68177127500135,25.07929341585336,24.540429844708708,25.070459365844727,2946200,0.0,0,0.019762575689055817,0.9997293823048448,24.391581439971922,25.09807676448689,23.685086115456954,24.659686360061166,24.244497700081116,24.686407057485383,25.17709895601587,21.64293098449707
2017-10-03,25.06162984627561,25.22063770971664,24.849615991841684,25.21180534362793,3125300,0.0,0,0.005637949258152419,1.0053658058341635,24.452093505859374,25.219947105189267,23.68423990652948,24.730358506992808,24.315169847012754,24.686407057485383,25.17709895601587,21.89910697937012
2017-10-04,25.21180717026593,25.414985303485857,25.035129507078043,25.344314575195312,5707900,0.0,0,0.005255840657236943,1.0106498483118624,24.50465507507324,25.36155047054046,23.647759679606022,24.854036293394408,24.412343643897366,24.62699643262586,25.17709895601587,22.393808364868164
2017-10-05,25.35315333010477,25.45032454645356,25.06163631121165,25.132307052612305,4444500,0.0,0,-0.008365091979662398,1.002195669371502,24.567817401885986,25.414049313284746,23.721585490487225,24.871705914878262,24.430013265381216,24.62699643262586,25.17709895601587,22.08462142944336
2017-10-06,25.105795695429176,25.291305691799494,25.052793080026625,25.1146297454834,5952100,0.0,0,-0.0007033698534678612,1.00149075515039,24.647763442993163,25.37364804449012,23.921878841496206,24.871705914878262,24.430013265381216,24.356346091387614,25.17709895601587,22.402637481689453
2017-10-09,25.05279230836541,25.05279230836541,24.02806612255766,24.134071350097656,8478800,0.0,0,-0.039043314805868645,0.9623892363218862,24.66278076171875,25.33013941459329,23.99542210884421,24.73919533450561,24.430013265381216,24.24668795959286,25.17709895601587,23.347864151000977
2017-10-10,24.204745099015,24.39025679785959,24.063403654620515,24.12524032592773,4844200,0.0,0,-0.0003659152258986831,0.9620370834470751,24.653063583374024,25.345590572803168,23.96053659394488,24.73919533450561,24.430013265381216,24.33477645615057,25.17709895601587,22.92383575439453
2017-10-11,23.85139169696932,23.85139169696932,23.197687089687577,23.727718353271484,11180700,0.0,0,-0.01647743057834017,0.946185184190787,24.620378303527833,25.416294059364603,23.824462547691063,24.324005818070567,24.324005818070567,24.30811394000198,25.17709895601587,23.13585090637207
2017-10-12,22.72065545547544,23.58637380214449,22.155289747383584,22.49980926513672,19830800,0.0,0,-0.05174998581207735,0.8972201143333159,24.528064346313478,25.749955423518987,23.30617326910797,23.802807146918575,23.802807146918575,24.30811394000198,25.17709895601587,23.233022689819336
2017-10-13,22.464480410704912,22.897338850635546,22.25246821675459,22.80900001525879,7988800,0.0,0,0.013741927608300175,0.9095496481931952,24.440609455108643,25.875675239800998,23.005543670416287,23.802807146918575,23.802807146918575,24.283821686898186,25.17709895601587,23.82489013671875
2017-10-16,22.74716115264209,23.14468503122056,22.74716115264209,23.00334358215332,6057700,0.0,0,0.008520477301263485,0.9172994453249975,24.366847038269043,25.933623917766248,22.800070158771838,23.802807146918575,23.802807146918575,24.124403873623653,25.03493913055492,23.833724975585938
2017-10-17,22.968008847876717,23.07401578392538,22.90617217056628,23.06518173217773,4045700,0.0,0,0.002688224422835006,0.9197653520969732,24.300151538848876,25.96723517002511,22.633067907672643,23.802807146918575,23.802807146918575,24.124403873623653,25.03493913055492,23.860227584838867
2017-10-18,23.07401150867088,23.18001674015534,23.00334079270698,23.03867530822754,3580100,0.0,0,-0.0011491964059928694,0.9187083610599865,24.229038810729982,25.982675144596463,22.4754024768635,23.72329771959154,23.802807146918575,24.124403873623653,25.03493913055492,24.151742935180664
2017-10-19,22.90617290266553,23.04751436529908,22.78249954409196,22.80900001525879,3198400,0.0,0,-0.00996911887927554,0.9095496481931952,24.145559215545653,26.00087193481286,22.290246496278446,23.604041027874498,23.802807146918575,24.124403873623653,25.03493913055492,24.18707847595215
2017-10-20,23.021009211001594,23.14468423839113,22.968006590647747,22.994508743286133,3499000,0.0,0,0.008133137266133739,0.9169471403323141,24.058987522125243,25.959423336793257,22.158551707457228,23.272773272621585,23.802807146918575,24.120003980595932,25.03493913055492,24.90262031555176
2017-10-23,23.074011959922643,23.10934647613423,22.747158839120697,22.755992889404297,4954600,0.0,0,-0.01037273100915792,0.9074358942960303,23.966232013702392,25.930540479372677,22.001923548032106,23.003340722176453,23.802807146918575,24.07814756674955,25.03493913055492,26.15703010559082
2017-10-24,22.80016513435084,23.171186881506543,22.78249871585625,23.109350204467773,5946000,0.0,0,0.015528099203617085,0.921526648883582,23.892027759552,25.86817561671388,21.91587990239012,22.870831774764035,23.802807146918575,24.027561384355543,25.03493913055492,24.605863571166992
2017-10-25,21.263075864455736,22.17296298611176,21.086399882189465,21.695934295654297,14040900,0.0,0,-0.061162079258300306,0.8651641629459286,23.735226917266846,25.880509407418764,21.58994442711493,22.133208311172403,23.268362214321513,24.027561384355543,25.03493913055492,25.155420303344727
2017-10-26,21.695932465661148,22.02278561691539,21.64292984394421,21.9609489440918,9890300,0.0,0,0.012214945197846827,0.8757320957834541,23.60934476852417,25.859441360749585,21.359248176298756,22.133208311172403,23.268362214321513,24.02756248203497,25.03493913055492,24.783138275146484
2017-10-27,22.031618867640734,22.331969854663647,21.890277424915,22.26129913330078,7826100,0.0,0,0.013676557874325646,0.887709096473841,23.493179512023925,25.769905622175372,21.216453401872478,22.133208311172403,23.268362214321513,24.07003124525308,25.03493913055492,24.472909927368164
2017-10-30,22.27013107612838,22.287799177364203,21.84610675600579,22.01395034790039,7205300,0.0,0,-0.011111156807123601,0.8778456215038102,23.34035406112671,25.582772809631678,21.097935312621743,22.133208311172403,23.268362214321513,24.220205038735976,25.03493913055492,24.783138275146484
2017-10-31,22.01395493674739,22.24363524592177,21.90794799215797,21.934450149536133,6696900,0.0,0,-0.0036113553954590927,0.8746754089822123,23.17648630142212,25.323894499858596,21.029078102985643,22.128793381848006,23.268362214321513,24.339462642744042,25.03493913055492,25.19087600708008
2017-11-01,22.084622289738984,22.084622289738984,21.651763895050856,21.9609489440918,6596400,0.0,0,0.0012080902131128557,0.8757320957834542,23.007318019866943,24.967979422309128,21.04665661742476,22.128793381848006,23.268362214321513,24.339462642744042,25.03493913055492,25.155420303344727
2017-11-02,21.89911340385397,21.92561387362152,21.52809166280081,21.55459213256836,5532300,0.0,0,-0.018503608954146045,0.8595278915344824,22.828432273864745,24.625232819838182,21.03163172789131,22.128793381848006,23.268362214321513,24.381423517314047,25.03493913055492,25.164283752441406
2017-11-03,21.64292707712604,21.80193660687215,21.50158564733454,21.687095642089844,4562500,0.0,0,0.00614734478418999,0.8648117058353727,22.657055568695068,24.179003231476482,21.135107905913653,22.128793381848006,23.268362214321513,24.381423517314047,25.03493913055492,25.634063720703125
2017-11-06,21.616424220261155,21.960945418418277,21.572255656741813,21.85493850708008,6048600,0.0,0,0.007739296573419097,0.8715047401069971,22.54309892654419,23.940527632151962,21.145670220936417,21.709184868426554,23.268362214321513,24.381423517314047,25.03493913055492,25.802473068237305
2017-11-07,21.846109115888368,21.92561389511506,21.60759477820829,21.64293098449707,5097100,0.0,0,-0.009700668913542376,0.8630505611666363,22.418983459472656,23.663263781607224,21.17470313733809,21.916777750999096,23.268362214321513,24.452092030071142,25.03493913055492,25.527700424194336
2017-11-08,21.62525651600852,21.960943637250946,21.49274915127496,21.89910697937012,5457900,0.0,0,0.011836474230618288,0.8732660368936058,22.32755289077759,23.433341216383056,21.221764565172123,21.912359502969302,23.268362214321513,24.52276417700278,25.03493913055492,25.173145294189453
2017-11-09,21.722435614306924,22.49981361315923,21.687099408261208,22.393808364868164,13396800,0.0,0,0.022590025518578027,0.8929931389515399,22.32225284576416,23.425675874177696,21.218829817350628,21.996281382217095,23.268362214321513,24.633189968645887,25.03493913055492,25.35042381286621
2017-11-10,22.172960252145717,22.24363097332301,21.8549411643864,22.08462142944336,7274400,0.0,0,-0.013806804558971875,0.8806637572095332,22.28603391647339,23.370354796025733,21.201713036921046,21.996281382217095,23.18885278699448,24.65085959012974,25.03493913055492,25.20860290527344
2017-11-13,21.987445576722948,22.52631080576152,21.969779162514563,22.402637481689453,6157100,0.0,0,0.014399886964877373,0.8933452157674147,22.255998611450195,23.290802770422186,21.221194452478205,22.009529978518238,23.06959609527744,24.65085959012974,24.493638448078435,25.26178359985352
2017-11-14,22.39380848658078,23.55987633365846,22.37614038346189,23.347864151000977,12605000,0.0,0,0.04219265120386351,0.9310378188609294,22.270132732391357,23.355797054628404,21.18446841015431,22.526312742466708,22.738328340024527,24.584604299943415,24.430013265381216,25.42133140563965
2017-11-15,23.19768456488714,23.771884335890125,22.879665504364915,22.92383575439453,8717900,0.0,0,-0.01816133560929023,0.9141289285676545,22.264390754699708,23.334675800269018,21.194105709130397,22.632316743582543,22.468895789579392,24.584604299943415,24.430013265381216,25.580883026123047
2017-11-16,23.08284659944839,23.37436354783673,23.012175875139796,23.13585090637207,5920500,0.0,0,0.009248676977494652,0.92258341174376,22.28073329925537,23.393393248253663,21.168073350257078,22.632316743582543,22.429142109039795,24.324005818070567,24.324005818070567,25.580883026123047
2017-11-17,23.082847186230627,23.33902962143849,22.968007888155977,23.233022689819336,4505600,0.0,0,0.004200052284245359,0.9264583103096613,22.29265899658203,23.440606311317953,21.144711681846108,22.632316743582543,22.429142109039795,23.802807146918575,23.802807146918575,25.59860610961914
2017-11-20,23.012175961653025,23.930897066041663,22.97684144182737,23.82489013671875,6867800,0.0,0,0.02547526659795185,0.950060082756688,22.346103858947753,23.664251652481138,21.02795606541437,22.71182310865831,22.508648474115564,23.802807146918575,23.802807146918575,25.589746475219727
2017-11-21,24.028070738280373,24.09874146519025,23.66588305225188,23.833724975585938,5201700,0.0,0,0.00037082390795872833,0.9504123877493714,22.382322597503663,23.818245008296127,20.946400186711198,22.89292043672573,22.592570673689856,23.802807146918575,23.802807146918575,25.26178359985352
2017-11-22,23.939732364743357,24.21358122612376,23.824891378248847,23.860227584838867,4819500,0.0,0,0.0011119793183851368,0.9514692266684858,22.490537261962892,24.02705420091198,20.954020323013804,23.03426119525508,22.649990554156613,23.802807146918575,23.802807146918575,25.43906021118164
2017-11-24,23.860225989990617,24.240081760827973,23.77188716434331,24.151742935180664,2490000,0.0,0,0.012217626563085782,0.9630939223661893,22.600076961517335,24.277461594329232,20.922692328705438,23.104930461671266,22.66324082150872,23.763052433255055,23.802807146918575,25.53656005859375
2017-11-27,24.257749202469963,24.40792470693569,23.93973177560131,24.18707847595215,6885700,0.0,0,0.0014630637990111772,0.964502990219051,22.696365928649904,24.502508417745773,20.890223439554035,23.39203254519879,22.747162294562578,23.703424087396535,23.802807146918575,25.51883316040039
2017-11-28,24.204745449442843,24.99095914080798,24.160576879276206,24.90262031555176,9066100,0.0,0,0.029583640715890258,0.9930365001510931,22.840799427032472,24.857679271527797,20.823919582537147,23.935312322586448,23.03867951149872,23.53779020977008,23.802807146918575,25.27065086364746
2017-11-29,24.95562597944057,26.45738113712838,24.911457403888697,26.15703010559082,28435400,0.0,0,0.050372602326337335,1.043058332868742,23.051928424835204,25.49016833079332,20.613688518877087,24.71269451264218,23.771890509658924,23.403073934547514,23.802807146918575,25.509971618652344
2017-11-30,23.97653405401621,25.465649975048,23.97653405401621,24.605863571166992,33462100,0.1,0,-0.059302089272446956,0.9812027944965901,23.184174156188966,25.658415227530142,20.70993308484779,24.71269451264218,23.771890509658924,23.336819460841305,23.802807146918575,25.377012252807617
2017-12-01,24.61473058480002,25.70497570012231,24.43745421406331,25.155420303344727,12056000,0.0,0,0.022334381014031957,1.0031173515609098,23.364215564727782,25.862122333297613,20.866308796157952,24.717111289477877,23.975065144201672,22.700785262746958,23.268362214321513,25.173145294189453
2017-12-04,25.235191444195195,25.235191444195195,24.721092060094566,24.783138275146484,7976200,0.0,0,-0.014799276804321249,0.9882719402079422,23.519017696380615,25.96462721325075,21.07340817951048,25.06163209469013,23.975065144201672,22.700785262746958,23.268362214321513,25.49224090576172
2017-12-05,24.95155341870771,25.05791957824581,24.45518195233969,24.472909927368164,7139200,0.0,0,-0.012517718471894645,0.975901030286746,23.64991626739502,26.002743768171197,21.297088766618845,25.114634150735846,23.975065144201672,22.700785262746958,23.268362214321513,25.607471466064453
2017-12-06,24.53495341493881,24.9249603689356,24.49063348230704,24.783138275146484,4316000,0.0,0,0.012676398053971916,0.9882719402079421,23.80692663192749,26.01630249094221,21.59755077291277,25.114634150735846,23.975065144201672,22.700785262746958,23.268362214321513,25.35928726196289
2017-12-07,24.8185969846845,25.235194254013912,24.792005022144547,25.19087600708008,4306800,0.0,0,0.016452223580679215,1.0045312111267548,23.971515083312987,26.074639039219427,21.868391127406547,25.198556456364845,23.975065144201672,22.69857779808476,23.268362214321513,25.41246795654297
2017-12-08,25.182012266145065,25.3061047112811,24.978145623240785,25.155420303344727,3218300,0.0,0,-0.0014074819678914219,1.0031173515609098,24.109595680236815,26.140886888399876,22.078304472073754,25.216957595572296,23.975065144201672,22.69857779808476,23.268362214321513,24.51722717285156
2017-12-11,25.226329973681665,25.306104169742778,25.075647259602597,25.164283752441406,3382500,0.0,0,0.0003523474857425324,1.003470797437637,24.263578796386717,26.114548609010033,22.412608983763402,25.216957595572296,23.975065144201672,22.69857779808476,23.268362214321513,24.685640335083008
2017-12-12,25.199738502071156,26.210209349882977,25.128828296797213,25.634063720703125,6974600,0.0,0,0.018668521340931887,1.0222041134346034,24.4251501083374,26.157224063473574,22.69307615320123,25.093371701949593,23.975065144201672,22.69857779808476,23.268362214321513,25.13769149780273
2017-12-13,25.70497091342537,25.935429476214736,25.09336940797024,25.802473068237305,4061900,0.0,0,0.0065697483383473365,1.0289197372102923,24.547880554199217,26.305172998845386,22.79058810955305,25.323831781973144,23.975065144201672,22.488773541374034,23.268362214321513,24.93382453918457
2017-12-14,25.69611281455365,25.793614991703706,25.51883812684692,25.527700424194336,3182900,0.0,0,-0.010649081710745523,1.0179626868549412,24.678073787689208,26.315256027665633,23.040891547712782,25.332695651111333,23.975065144201672,22.592569982660304,23.268362214321513,24.79199981689453
2017-12-15,25.651790424054024,25.68724467961849,25.128827052075728,25.173145294189453,8804900,0.0,0,-0.013889035209330713,1.003824167255428,24.77993850708008,26.265557426871442,23.294319587288715,25.332695651111333,24.072240272694792,22.590360858645408,23.268362214321513,24.52609062194824
2017-12-18,25.297241579653008,25.76702107252961,25.2617856304224,25.35042381286621,4946900,0.0,0,0.0070423666413141905,1.0108934650846526,24.885808563232423,26.206305874244407,23.56531125222044,25.35042141609501,24.15616115075739,22.632321798269302,23.268362214321513,24.98700523376465
2017-12-19,25.252921150314137,25.46565176964831,25.031326543845285,25.20860290527344,4122000,0.0,0,-0.0055944195899712,1.005238102880209,24.954994201660156,26.187004902233802,23.72298350108651,25.501107186013762,24.21358014982147,22.59256708460579,23.268362214321513,25.244054794311523
2017-12-20,25.040189006872343,25.35928576176765,24.97814279133883,25.26178359985352,2304000,0.0,0,0.002109624828472878,1.0073587781405722,25.026397132873534,26.14981245087356,23.902981814873506,25.594176070610903,24.416760760295134,22.53956303689784,23.268362214321513,25.102235794067383
2017-12-21,25.332693232313915,25.64292599363772,25.261783031779835,25.42133140563965,2341200,0.0,0,0.0063157775521065496,1.01372103209847,25.104452323913574,26.101444293360444,24.107460354466703,25.594176070610903,24.668523320746647,22.63232054124562,23.268362214321513,23.178794860839844
2017-12-22,25.439062607055604,25.62520127309434,25.377014694409937,25.580883026123047,1904000,0.0,0,0.006276288914120354,1.0200834381742403,25.175909328460694,26.090087035309654,24.261731621611734,25.594176070610903,24.71269451264218,22.550606266580967,23.268362214321513,23.533348083496094
2017-12-26,25.509972816589325,25.7847496672034,25.509972816589325,25.580883026123047,2329700,0.0,0,0.0,1.0200834381742403,25.24559955596924,26.052781683592034,24.438417428346444,25.45678613377678,24.71269451264218,22.53072942631117,23.268362214321513,23.27629852294922
2017-12-27,25.527695908952207,25.696108269523386,25.421331453268078,25.59860610961914,1326200,0.0,0,0.0006928253210805035,1.0207901778098223,25.280398845672607,26.08541875214583,24.475378939199384,25.385878891521266,24.717111289477877,22.53072942631117,23.268362214321513,22.33673667907715
2017-12-28,25.775885137341987,25.95316150276266,25.47451633050647,25.589746475219727,1676000,0.0,0,-0.000346098313379839,1.0204368840509677,25.252034664154053,25.96531818612051,24.538751142187596,25.465652147050747,25.06163209469013,22.610235791386938,23.268362214321513,22.638107299804688
2017-12-29,25.52769643517789,25.634062583687182,25.25291961325836,25.26178359985352,1765600,0.0,0,-0.012816183063157571,1.0073587781405724,25.28483066558838,25.93292138963342,24.63673994154334,25.465652147050747,25.114634150735846,22.742745555207794,23.268362214321513,22.505151748657227
2018-01-02,25.46565048060702,25.64292683306165,25.35928602164032,25.43906021118164,1903400,0.0,0,0.007017580949001179,1.0144279999108607,25.299012660980225,25.947573852175456,24.650451469784993,25.465652147050747,25.114634150735846,22.842125874705847,23.268362214321513,21.85808753967285
2018-01-03,25.51883377628812,25.61633424618304,25.377011683415184,25.53656005859375,2168500,0.0,0,0.0038326827564665322,1.018315980613796,25.336683750152588,25.947006928627744,24.726360571677432,25.465652147050747,25.198556456364845,22.88408564158999,23.268362214321513,22.549468994140625
2018-01-04,25.651789572962823,25.837928212423733,25.40360302971577,25.51883316040039,3015000,0.0,0,-0.0006941772170051541,1.0176090888603417,25.3889799118042,25.855122349711916,24.922837473896482,25.603040558010512,25.216957595572296,23.069597419880687,23.268362214321513,22.868558883666992
2018-01-05,25.616337932525735,25.64292989575976,25.1554207135995,25.27065086364746,4774000,0.0,0,-0.009725456300958668,1.007712376135172,25.413355541229247,25.79217558668078,25.034535495777714,25.554291108181083,25.216957595572296,23.486995917042584,23.268362214321513,23.214250564575195
2018-01-08,25.261785051622677,25.572017837751595,24.87177807218539,25.509971618652344,4717300,0.0,0,0.009470304358054848,1.0172557190425509,25.42931032180786,25.795854766434452,25.06276587718127,25.412469787474024,25.093371701949593,24.242292511150552,23.771890509658924,23.19652557373047
2018-01-09,25.634062794281185,25.642926780949164,25.3415579967683,25.377012252807617,2696400,0.0,0,-0.005212054636215657,1.0119537266558982,25.440389919281007,25.785707218372366,25.095072620189647,25.412469787474024,25.323831781973144,24.242292511150552,23.771890509658924,23.852445602416992
2018-01-10,25.182009280738715,25.40360387257248,25.04018887721571,25.173145294189453,3166900,0.0,0,-0.008033528793193856,1.0038241672554282,25.440832996368407,25.784736639686447,25.096929353050367,25.412469787474024,25.332695651111333,24.346088216839775,23.771890509658924,23.3560733795166
2018-01-11,25.15541619450486,25.501104891914004,25.10223396822364,25.49224090576172,2632800,0.0,0,0.012676032646819158,1.016548675171224,25.43374185562134,25.766985526811172,25.100498184431505,25.354853142304563,25.332695651111333,24.518348619445902,23.771890509658924,23.249706268310547
2018-01-12,25.58088119603708,25.6517914004978,25.323830648221563,25.607471466064453,3057700,0.0,0,0.00452022090677362,1.0211436997454861,25.423991775512697,25.722787985810022,25.12519556521537,25.354853142304563,25.35042141609501,24.54484964746876,23.771890509658924,22.948339462280277
2018-01-16,25.687246332222063,25.882250667586337,25.270649081400283,25.35928726196289,2870900,0.0,0,-0.009691866861219034,1.0112469109613802,25.41557111740112,25.71165268753166,25.119489547270582,25.377014369885863,25.501107186013762,24.54484964746876,23.771890509658924,23.07242774963379
2018-01-17,24.64131803012685,25.474514171993075,24.623591747592947,25.41246795654297,3289800,0.0,0,0.002097089481684522,1.0133675862217433,25.4275372505188,25.701771616953778,25.15330288408382,25.252921207589644,25.416900548737964,24.58681080028326,23.771890509658924,23.152204513549805
2018-01-18,25.226329238698337,25.235193225850505,24.41086270829089,24.51722717285156,5759800,0.0,0,-0.035228407773000736,0.9776682596703822,25.385877418518067,25.870161666900213,24.90159317013592,25.146556687938613,25.310536029086933,24.596011369886984,23.771890509658924,23.214250564575195
2018-01-19,24.579274176495996,24.854052715082137,24.55268390482379,24.685640335083008,3952600,0.0,0,0.0068691765607953315,0.9843840355639435,25.359729290008545,25.92942420905129,24.7900343709658,25.146556687938613,25.310536029086933,24.596011369886984,23.771890509658924,23.134477615356445
2018-01-22,25.34155812026192,25.350422106973088,24.659046359194992,25.13769149780273,5711300,0.0,0,0.0183123126069884,1.0024103837485192,25.353524684906006,25.930087820619292,24.77696154919272,25.146556687938613,25.182012105526773,24.534218423075632,23.771890509658924,22.902416229248047
2018-01-23,25.217467057452545,25.226329354012545,24.79200412536693,24.93382453918457,4127100,0.0,0,-0.008110011161366226,0.9942808243480493,25.329149341583253,25.933060013442176,24.72523866972433,25.146556687938613,25.182012105526773,24.64944846308741,23.771890509658924,22.46507453918457
2018-01-24,25.084504580889625,25.217462675041176,24.76540955057014,24.79199981689453,3763100,0.0,0,-0.0056880452522297675,0.9886253100257333,25.289705181121825,25.925269133120295,24.654141229123354,25.146556687938613,25.182012105526773,24.6538803976565,23.771890509658924,22.848865509033203
2018-01-25,24.92496158188201,24.960415839080213,24.437452443003775,24.52609062194824,2899700,0.0,0,-0.010725604909253339,0.9780217055471092,25.236965560913085,25.939425142510967,24.534505979315202,25.146556687938613,25.182012105526773,24.70246796190306,23.771890509658924,23.06307601928711
2018-01-26,24.800864908034796,25.00473151522692,24.455177905349665,24.98700523376465,3097200,0.0,0,0.018792828376974935,0.9964014996084124,25.20638551712036,25.896209889517227,24.516561144723493,25.146556687938613,25.182012105526773,24.7532912834262,23.771890509658924,23.15232276916504
2018-01-29,24.86291183644981,25.41246715280141,24.86291183644981,25.244054794311523,4454500,0.0,0,0.01028732967964996,1.0066518103281819,25.18910093307495,25.85635017770218,24.521851688447722,24.942688440141982,25.182012105526773,24.85734366791762,23.771890509658924,23.089853286743164
2018-01-30,25.084507820473345,25.306102418500963,24.969279373377336,25.102235794067383,5281200,0.0,0,-0.005617916828325797,1.0009965241826746,25.181123542785645,25.848522766258355,24.513724319312935,24.91166493054615,25.182012105526773,25.005468415453016,23.771890509658924,23.24158477783203
2018-01-31,22.89515404286423,23.32061526982765,22.2037782810742,23.178794860839844,16168400,0.0,0,-0.07662428753386663,0.9242958786933002,25.068110275268555,26.159423634189064,23.976796916348047,23.808122716937802,24.07846989191843,25.131349695678775,23.771890509658924,23.58967018127441
2018-02-01,23.010384642473262,23.559940046654685,22.86856422022634,23.533348083496094,4949300,0.0,0,0.015296447670593238,0.9384343222338772,24.967949676513673,26.22583828237943,23.710061070647914,23.808122716937802,24.07846989191843,25.153435291626543,23.771890509658924,23.50934219360352
2018-02-02,23.40925495359689,23.71062376473574,23.258570548027464,23.27629852294922,5380600,0.0,0,-0.010922779012780715,0.9281840115141079,24.855822944641112,26.287146432888637,23.424499456393587,23.808122716937802,24.07846989191843,25.08474032320948,23.771890509658924,23.57181739807129
2018-02-05,23.05470272007649,23.28516131028314,22.32787269207313,22.33673667907715,3866500,0.0,0,-0.04036560378986853,0.8907173034612387,24.7091272354126,26.500753852625337,22.91750061819986,23.808122716937802,24.07846989191843,25.05149509049957,23.771890509658924,23.384387969970703
2018-02-06,22.16832609451285,22.726743795725632,21.769455100337435,22.638107299804688,4795800,0.0,0,0.013492150848061657,0.9027349956825165,24.565534019470213,26.531262399269334,22.599805639671093,23.59096112656942,23.825852883961886,25.263642120870436,23.771890509658924,23.411163330078125
2018-02-07,22.611517922813768,22.80652060302895,22.389923276401205,22.505151748657227,3196100,0.0,0,-0.005873086004350214,0.8974331554137364,24.421940994262695,26.544651034647547,22.299230953877842,23.59096112656942,23.825852883961886,25.290143148893296,23.771890509658924,23.4647159576416
2018-02-08,22.53173521347095,22.638101347494796,21.84922355428484,21.85808753967285,4350500,0.0,0,-0.02875182608013216,0.8716303134107364,24.256188106536865,26.624681872284597,21.887694340789132,23.59096112656942,23.825852883961886,25.290143148893296,23.771890509658924,22.545408248901367
2018-02-09,22.088551779002085,22.7533356386944,21.76945498534728,22.549468994140625,6416000,0.0,0,0.03163046415716386,0.8992003847973722,24.10904951095581,26.517837775378723,21.700261246532897,23.537778701924122,23.825852826466807,25.332104301707794,23.771890509658924,22.688213348388672
2018-02-12,22.700148228194227,22.94833306389405,22.3455955646818,22.868558883666992,3977800,0.0,0,0.014150660913978985,0.9119246645363592,23.972103881835938,26.335065206231086,21.60914255744079,22.740039375041512,23.825852826466807,25.409999076791404,23.771890509658924,22.581104278564453
2018-02-13,22.73560542129426,23.267432794728872,22.73560542129426,23.214250564575195,3846200,0.0,0,0.015116461105693091,0.9257097382591454,23.864852046966554,26.15922076677121,21.5704833271619,22.740039375041512,23.825852826466807,25.38562435187669,23.771890509658924,22.125911712646484
2018-02-14,23.01924919624612,23.36493796327732,23.010385208308616,23.19652557373047,6977400,0.0,0,-0.0007635392232637761,0.9250029225646272,23.754054927825926,25.949625291131674,21.558484564520178,22.740039375041512,23.825852826466807,25.25292074471181,23.771890509658924,21.527915954589844
2018-02-15,23.435848310758534,24.0474482662636,23.320618157541983,23.852445602416992,6866400,0.0,0,0.028276649733671277,0.9511589062086094,23.7208158493042,25.888823515559658,21.55280818304874,22.90845162580544,23.825852826466807,25.368150784723582,23.771890509658924,21.95633316040039
2018-02-16,23.8435808692128,24.19813192450393,23.3560733795166,23.3560733795166,5780300,0.0,0,-0.020810118642513253,0.9313651765225252,23.65433750152588,25.780618179715763,21.528056823335998,22.983793454925603,23.825852826466807,25.37258271929268,23.975065144201672,21.643945693969727
2018-02-20,23.099021864635272,23.65744123322182,23.09015787728582,23.249706268310547,5335700,0.0,0,-0.004554152124703448,0.9271235978249903,23.55993824005127,25.578168351821056,21.541708128281485,22.983793454925603,23.825852826466807,25.34377439670795,23.975065144201672,21.46544075012207
2018-02-21,23.302892224648023,23.400392712729573,22.877429247933296,22.948339462280277,4678500,0.0,0,-0.012962176921823443,0.9151060577215853,23.460663986206054,25.391307356006497,21.53002061640561,22.983793454925603,23.825852826466807,25.352637279199786,23.975065144201672,21.71534538269043
2018-02-22,22.939469652173905,23.32947657741586,22.91287938518788,23.07242774963379,4485400,0.0,0,0.005407288294539736,0.9200542999957656,23.37468538284302,25.210330926159177,21.53903983952686,22.983793454925603,23.62198457867018,25.439060777949813,23.975065144201672,21.48328971862793
2018-02-23,23.23197701403572,23.30288890892565,22.771061531679567,23.152204513549805,4455700,0.0,0,0.0034576666479011475,0.923235541063119,23.305991077423094,25.06453329999674,21.54744885484945,23.271863744592864,23.590961069074346,25.334910878163804,23.975065144201672,21.510068893432617
2018-02-26,23.214250564575195,23.46243543238076,23.125612387230657,23.214250564575195,4033800,0.0,0,0.0026799197885920556,0.9257097382591456,23.217353343963623,24.795660366779092,21.639046321148154,23.466868672899096,23.590961069074346,25.228546358512773,23.975065144201672,21.554691314697266
2018-02-27,23.21425181018372,23.666305017327357,23.063567407802505,23.134477615356445,3630500,0.0,0,-0.003436378400278106,0.9225286493096647,23.111874485015868,24.383469689656003,21.840279280375732,23.48459672809175,23.590961069074346,25.228546358512773,23.975065144201672,21.73320198059082
2018-02-28,23.18802676111388,23.286206019832655,22.777462047150006,22.902416229248047,6124900,0.18,0,-0.010030975843360213,0.9132747867136317,23.001883506774902,23.882747762139772,22.121019251410033,23.48459672809175,23.590961069074346,25.164284396732693,23.975065144201672,21.501140594482425
2018-03-01,22.893490330302093,23.09877268408261,22.393671907331647,22.46507453918457,4299200,0.0,0,-0.01909587554805503,0.8958350050453717,22.96619749069214,23.87322987922214,22.059165102162137,23.29590191591779,23.590961069074346,25.164284396732693,23.975065144201672,21.510068893432617
2018-03-02,22.42044969569228,22.87564043338381,22.349047060135455,22.848865509033203,3572800,0.0,0,0.017083894788740173,0.9111393560196374,22.931973361968993,23.801294117419104,22.06265260651888,23.007676038731404,23.590961069074346,25.164284396732693,23.975065144201672,22.0098819732666
2018-03-05,22.76853990156849,23.348686593756884,22.70606280119989,23.06307601928711,6480200,0.0,0,0.009375104867645145,0.9196813830313602,22.921312236785887,23.77849519702701,22.064129276544765,23.007676038731404,23.590961069074346,25.164284396732693,24.072240272694792,22.03666114807129
2018-03-06,23.214799850697304,23.25050031055597,22.920263821778907,23.15232276916504,3265600,0.0,0,0.003869681121603019,0.9232402567171664,22.962091541290285,23.780464374995102,22.143718707585467,23.007676038731404,23.590961069074346,25.164284396732693,24.15616115075739,22.17946434020996
2018-03-07,23.03630002577104,23.214807490931424,22.929196908573488,23.089853286743164,3382400,0.0,0,-0.0026981950383428988,0.9207491744372936,22.98467884063721,23.79074855465612,22.178609126618298,23.007676038731404,23.537778701924122,25.06235027283438,24.21358014982147,22.17946434020996
2018-03-08,23.12555441148872,23.25943416295351,22.99167466002392,23.24158477783203,4063600,0.0,0,0.0065713492937602425,0.9267997388744624,23.021500492095946,23.80324060731738,22.23976037687451,23.007676038731404,22.983793454925603,25.04683851803646,24.416760760295134,22.304420471191406
2018-03-09,23.33976008773558,23.598595724155075,23.232656977914104,23.58967018127441,2088700,0.0,0,0.014976835993317783,0.940680266562235,23.108079624176025,23.71833062217296,22.49782862617909,23.007676038731404,22.983793454925603,23.943296304428117,24.33057970910129,22.679283142089844
2018-03-12,23.652147476137504,23.759252289224623,23.393311837561367,23.50934219360352,2886400,0.0,0,-0.0034052187696399505,0.9374770444623074,23.15607328414917,23.732748520325764,22.579398047972575,23.05414967468004,22.983793454925603,23.943296304428117,24.33057970910129,21.759971618652344
2018-03-13,23.58074294030921,23.786025304662044,23.47363813582728,23.57181739807129,3278100,0.0,0,0.002657462890848894,0.9399683549189887,23.191236209869384,23.779273310119184,22.603199109619585,23.067536182398747,22.983793454925603,23.943296304428117,24.33057970910129,21.813526153564453
2018-03-14,23.750326718838046,23.750326718838046,23.27728315700729,23.384387969970703,3526000,0.0,0,-0.007951420331124837,0.9324942714310719,23.19974308013916,23.79382313174386,22.60566302853446,23.067536182398747,22.983793454925603,23.943296304428117,24.33057970910129,21.73320198059082
2018-03-15,23.384388403121253,23.571819701312464,23.29513467439403,23.411163330078125,3976400,0.0,0,0.0011450100871490676,0.9335619867780692,23.210474967956543,23.81172437393201,22.609225561981077,23.24604405293097,22.983793454925603,23.708407005265656,24.11341811873291,21.71534538269043
2018-03-16,23.446864871901617,23.652147250791742,23.384387774184905,23.4647159576416,9799300,0.0,0,0.002287482548749331,0.9356974935309998,23.191088485717774,23.72934740984607,22.652829561589478,23.353144563220475,22.983793454925603,23.708407005265656,24.11341811873291,21.67964744567871
2018-03-19,22.795318372939207,23.125554987959568,22.384751862189432,22.545408248901367,8215000,0.0,0,-0.0391783011735477,0.8990384553221086,23.150555229187013,23.75211049460287,22.548999963771156,23.08538858342574,22.983793454925603,23.708407005265656,24.11341811873291,21.67964744567871
2018-03-20,22.62573624352135,22.82209310201485,22.60788515573828,22.688213348388672,3109200,0.0,0,0.006334110161622997,0.9047330639376542,23.122480583190917,23.75486796029697,22.490093206084865,23.08538858342574,23.271863744592864,23.681815764195463,24.11341806123783,21.849225997924805
2018-03-21,22.48292671896289,22.848865437848165,22.41152408362852,22.581104278564453,4872100,0.0,0,-0.004720912492293117,0.9004618983139203,23.104118824005127,23.776189030020273,22.43204861798998,23.08538858342574,23.273589492319694,23.28294610075416,24.11341806123783,21.974180221557617
2018-03-22,22.331194059460863,22.66143058218435,22.116986171171124,22.125911712646484,5122200,0.0,0,-0.02015811805758627,0.8823102810613501,23.056793022155762,23.85422089315524,22.259365151156285,22.951505737916584,23.157559047837527,23.28294610075416,24.11341806123783,21.947406768798828
2018-03-23,22.17946521849328,22.206240142911728,21.527915954589844,21.527915954589844,4879300,0.0,0,-0.027026943152577254,0.8584641312521706,22.975578594207764,24.014804019268908,21.93635316914662,22.656970629625945,22.863023939546885,23.28294610075416,23.989832167615127,22.081287384033203
2018-03-26,21.786751251386868,21.99203362934505,21.51006623316613,21.95633316040039,3821300,0.0,0,0.019900542473049176,0.8755480331577437,22.912682723999023,24.036302731953164,21.78906271604488,22.630196476002087,22.854099078835027,23.367152226136124,23.989832167615127,22.241945266723636
2018-03-27,21.98310780528463,22.152689712128684,21.51899150070211,21.643945693969727,4261400,0.0,0,-0.014227670173728058,0.863091024520719,22.838156127929686,24.085384520316587,21.590927735542785,22.581106741978935,22.648045768914088,23.404823140696205,23.989832167615127,22.456153869628903
2018-03-28,21.617171589247448,21.67965039554776,21.286934982098533,21.46544075012207,4782200,0.0,0,-0.008247338372198487,0.8559728207954891,22.76630735397339,24.15009344408107,21.38252126386571,22.469541116445136,22.536480143380288,23.404823140696205,23.989832167615127,22.902416229248047
2018-03-29,21.554689040391256,21.751047548700456,21.40295823959459,21.71534538269043,4093700,0.0,0,0.011642185011595307,0.8659382147400873,22.728820896148683,24.182835024761978,21.274806767535388,22.206244985029052,22.536480143380288,23.404823140696205,23.989832167615127,23.143400192260746
2018-04-02,21.697497640551777,21.697497640551777,21.322633351591737,21.48328971862793,3822200,0.0,0,-0.010686252508213645,0.8566845803208629,22.66054210662842,24.211689260245105,21.109394953011734,22.06790020997335,22.536480143380288,23.30288901679789,23.989832167615127,23.143400192260746
2018-04-03,21.599322630392606,21.63502310375254,21.26015877041933,21.510068893432617,4452000,0.0,0,0.0012465118310753809,0.8577524477857327,22.582891750335694,24.200460715089935,20.965322785581453,22.05451210413375,22.523092037540685,23.431412406833605,23.989832167615127,23.35761070251465
2018-04-04,21.135201034055505,21.617168409434,21.135201034055505,21.554691314697266,5330600,0.0,0,0.0020744899277507223,0.8595318465991677,22.503010177612303,24.15797825050716,20.848042104717447,21.89831580811993,22.460613169358773,23.52891487098672,23.989832167615127,23.50934219360352
2018-04-05,21.768902453287023,21.93848438012086,21.6260971577554,21.73320198059082,3092600,0.0,0,0.008281754690304233,0.8666502785012062,22.435177612304688,24.099659586940344,20.770695637669032,21.67072058848362,22.460613169358773,23.53777889858305,23.989832167615127,23.669994354248047
2018-04-06,21.63502033158121,21.795676697049032,21.304783760229085,21.501140594482425,3949200,0.0,0,-0.010677735674459843,0.8573964159051733,22.348155403137206,24.01692442637921,20.679386379895202,21.643945373092095,22.460613169358773,23.53777889858305,23.86130824405497,23.87527847290039
2018-04-09,21.64394864768588,21.77782840193915,21.501143349499277,21.510068893432617,3308800,0.0,0,0.00041524768934730893,0.8577524477857327,22.244175338745116,23.847745823770442,20.64060485371979,21.643945373092095,22.460613169358773,23.443431492496067,23.86130824405497,23.94668197631836
2018-04-10,21.81352516259776,22.0991356880699,21.77782299572723,22.0098819732666,3079700,0.0,0,0.023236237982788843,0.8776833877928016,22.16920232772827,23.66458629421475,20.673818361241793,21.617168361062703,22.460613169358773,23.299318553902875,23.86130824405497,23.97345733642578
2018-04-11,21.92063079469033,22.152689799079035,21.9027814115629,22.03666114807129,2100900,0.0,0,0.0012166887054285702,0.8787512552576714,22.092444515228273,23.440823852210645,20.7440651782459,21.64394541656727,22.460613169358773,23.299318553902875,23.86130824405497,23.848501205444336
2018-04-12,22.19731542403079,22.28656743838883,22.07235953965804,22.17946434020996,2733000,0.0,0,0.0064802553880161096,0.8844457878142808,22.032198333740233,23.243603505599893,20.820793161880573,21.710884236222167,22.460613169358773,23.299318553902875,23.86130824405497,23.79495048522949
2018-04-13,22.25979251503064,22.429372704209356,22.009882448658196,22.17946434020996,3950300,0.0,0,0.0,0.8844457878142808,21.970613384246825,23.00602550078013,20.93520126771352,21.78228686913243,22.460613169358773,23.272727370327765,23.86130824405497,24.071638107299805
2018-04-16,22.295494928501068,22.456151292180728,22.17946627827309,22.304420471191406,4306300,0.0,0,0.005633866042242808,0.8894286369044524,21.912598609924316,22.706097984879648,21.119099234968985,21.795676163118117,22.460613169358773,22.995734746828504,23.86130824405497,24.27692222595215
2018-04-17,22.43829861368026,22.750685776169743,22.32226997169032,22.679283142089844,4495300,0.0,0,0.01680665370268697,0.9043769559981585,21.91929235458374,22.73620220958062,21.102382499586856,22.027734768199416,22.460613169358773,22.995734746828504,23.86130824405497,24.285844802856445
2018-04-18,21.32263029462819,21.876001957042764,21.072721939398956,21.759971618652344,10875800,0.0,0,-0.040535299007373626,0.8677177656713948,21.872880268096925,22.61059352590135,21.1351670102925,21.91170385778435,22.4293736220305,23.018971564802822,23.86130824405497,24.10733795166016
2018-04-19,21.742123518952667,22.09021114988849,21.742123518952667,21.813526153564453,4514800,0.0,0,0.0024611491159391985,0.8698533484832617,21.834501361846925,22.495986385434897,21.173016338258954,21.91170385778435,22.4115243291185,23.025664818662175,23.86130824405497,24.303693771362305
2018-04-20,21.858156188587643,21.89385836365725,21.572545597524385,21.73320198059082,3424700,0.0,0,-0.003682310343048667,0.8666502785012062,21.81486587524414,22.4636402549137,21.166091495574584,21.91170385778435,22.36243459509535,23.025664818662175,23.86130824405497,24.205516815185547
2018-04-23,21.75997138782999,21.956329896139188,21.64394275304335,21.71534538269043,3645000,0.0,0,-0.0008216275685625218,0.8659382147400873,21.82423734664917,22.46134586939743,21.18712882390091,21.91170385778435,22.36243459509535,23.114918753928286,23.825852826466807,24.09840965270996
2018-04-24,21.7064223709337,21.956332455010404,21.50113999957061,21.67964744567871,3562200,0.0,0,-0.0016439037179750704,0.8645146956893394,21.810403060913085,22.447452741169304,21.173353380656867,21.91170385778435,22.09913846367926,23.16846900907304,23.825852826466807,23.936676025390625
2018-04-25,21.7064223709337,21.777825008902308,21.45651398923017,21.67964744567871,2788600,0.0,0,0.0,0.8645146956893394,21.812188148498535,22.44754157144524,21.17683472555183,21.91170385778435,21.96079368862356,23.03459101917567,23.825852826466807,24.080442428588867
2018-04-26,21.73319735837236,21.94740525611205,21.635018100185118,21.849225997924805,2891600,0.0,0,0.007822016140760502,0.871276943592946,21.83137741088867,22.446318302407334,21.216436519370006,21.91170385778435,21.96079368862356,23.1786261640093,23.825852826466807,24.22420310974121
2018-04-27,21.85814988839829,22.20623748313044,21.85814988839829,21.974180221557617,4936400,0.0,0,0.0057189313545789044,0.8762597166241815,21.844319152832032,22.45984821359297,21.228790092071094,21.91170385778435,21.91170385778435,23.179489037872717,23.825852826466807,24.53868865966797
2018-04-30,22.036660491268616,22.09913758628552,21.84030196136045,21.947406768798828,5907700,0.0,0,-0.0012184050776339328,0.8751920773361205,21.867525005340575,22.461236420684358,21.27381358999679,21.6394797112647,21.91170385778435,23.054532392877057,23.825852826466807,24.64651107788086
2018-05-01,21.75997465124651,22.259794836108757,21.652871541899763,22.081287384033203,6080500,0.0,0,0.006100065335495675,0.8805308061889789,21.896085929870605,22.472799725636996,21.319372134104214,21.858154412669464,21.91170385778435,22.759997284586415,23.70508331108809,24.64651107788086
2018-05-02,24.009162012780227,24.05378973002813,21.733201206710977,22.241945266723636,13921300,0.0,0,0.00727574800763664,0.8869373264477711,21.930448627471925,22.503549241317504,21.357348013626346,22.75515185962915,22.563255834713544,22.74214777741856,23.69615845037623,25.086788177490234
2018-05-03,22.206243752735165,22.527556516973775,22.134841105390297,22.456153869628903,7724800,0.0,0,0.009630839404399794,0.8954792774005573,21.96659622192383,22.57583539177637,21.35735705207129,22.75515185962915,22.563255834713544,22.61457625544651,23.69615845037623,24.96099853515625
2018-05-04,22.2330159067976,22.9381183969178,22.22409036488016,22.902416229248047,7564600,0.0,0,0.01987260873834229,0.913274786713632,22.03666000366211,22.7327826981188,21.34053730920542,22.75515185962915,22.563255834713544,22.503010629912712,23.584592824842435,25.04186248779297
2018-05-07,22.920266756858883,23.277279913027257,22.795312577793204,23.143400192260746,6567500,0.0,0,0.010522206940984047,0.9228844530134159,22.118326568603514,22.924060311950296,21.312592825256733,22.75515185962915,22.563255834713544,22.37136256420467,23.584592824842435,25.086788177490234
2018-05-08,23.205877281793583,23.268354371326424,23.00952047149423,23.143400192260746,6089500,0.0,0,0.0,0.9228844530134159,22.17500247955322,23.094945743654595,21.255059215451848,22.844403915106625,22.563255834713544,22.302190176676817,23.380724577045804,24.99693489074707
2018-05-09,23.15232832751844,23.3933111709442,23.11662615671568,23.35761070251465,3708000,0.0,0,0.009255792514253569,0.9314264800251385,22.24104995727539,23.29345696016634,21.18864295438444,22.853330635963946,22.563255834713544,22.288802070837217,23.336312961610368,24.520715713500977
2018-05-10,23.179103913760382,23.714624574449463,23.13447790135848,23.50934219360352,6905500,0.0,0,0.006496019349810256,0.9374770444623075,22.30754384994507,23.496723914068923,21.118363785821217,22.853330635963946,22.563255834713544,22.17946448873935,23.273834093428455,24.32304573059082
2018-05-11,23.518263555732112,23.71462035871681,23.393307678948258,23.669994354248047,5431400,0.0,0,0.006833545546341968,0.9438833365442907,22.382070350646973,23.71011061954084,21.05403008175311,22.853330635963946,22.563255834713544,22.065666878921196,23.273834093428455,24.098411560058597
2018-05-14,23.812801381051933,24.0359348247239,23.678921655323368,23.87527847290039,8595300,0.0,0,0.00867275739825013,0.9520694077343902,22.460613250732422,23.939917706360447,20.981308795104397,22.89349546836955,22.563255834713544,22.052279271225434,23.273834093428455,24.206239700317383
2018-05-15,23.63429480335977,24.000233528079704,23.42901243629701,23.94668197631836,8370300,0.0,0,0.0029906877735066395,0.9549167500716311,22.523983192443847,24.139207670719532,20.90875871416816,23.085387965057098,22.563255834713544,22.052279271225434,23.273834093428455,24.188268661499023
2018-05-16,23.91098024561051,24.062709350520148,23.8217265291431,23.97345733642578,7105600,0.0,0,0.0011181240112472235,0.9559844654186284,22.63465747833252,24.327640904948716,20.941674051716326,23.143399857700153,22.567715644959552,22.038890765210738,23.273834093428455,23.999574661254883
2018-05-17,23.589667302979716,24.08948572669877,23.589667302979716,23.848501205444336,6381800,0.0,0,-0.005212269937869385,0.9510016163284567,22.736406230926512,24.46438482803497,21.008427633818055,23.442399152245986,22.581103833048864,22.05227929296302,23.273834093428455,23.64914894104004
2018-05-18,23.803876027331743,23.90205528808349,23.74139893498904,23.79495048522949,3647400,0.0,0,-0.0022454543266066107,0.9488661856344621,22.839493656158446,24.56170324225609,21.1172840700608,23.549503099096498,22.581103833048864,22.085748702790468,23.273834093428455,23.8737850189209
2018-05-21,23.92883282282876,24.098414736528103,23.83957909444104,24.071638107299805,4103400,0.0,0,0.011627997387179567,0.9598995991618027,22.957308292388916,24.678159294691028,21.236457290086804,23.60752044662189,22.58556833796353,22.1214500192456,23.220651726278234,24.026531219482425
2018-05-22,24.09841476893664,24.446502437506275,24.044863212781294,24.27692222595215,11548200,0.0,0,0.008528049388965009,0.9680856703519023,23.087172031402588,24.794556765362596,21.37978729744258,23.790490169432378,22.759612188452614,22.128144666238445,22.66666647927972,24.493764877319336
2018-05-23,24.160890610872045,24.31262143072733,23.91098222690324,24.285844802856445,5207700,0.0,0,0.00036753328207139724,0.9684414740556531,23.217481899261475,24.87170160935608,21.56326218916687,23.919905058227265,22.759612188452614,22.244173968779094,22.66666647927972,24.637527465820312
2018-05-24,24.276919848983688,24.35724802653836,24.05378640074808,24.10733795166016,5169000,0.0,0,-0.00735024260614936,0.9613231942714872,23.33038749694824,24.900888248402545,21.759886745493937,23.93775743690164,22.95150821336822,22.170538739907425,22.635426931951443,24.93403625488281
2018-05-25,24.05378540915939,24.51790166855325,24.02700878362063,24.303693771362305,4359700,0.0,0,0.008145064382300449,0.9691532335810271,23.446863174438477,24.940604998656067,21.953121350220886,23.973457052425132,22.987207828891712,22.161614093451426,22.635426931951443,24.466806411743164
2018-05-29,24.13411418102047,24.348322083515708,24.071635386549573,24.205516815185547,7757200,0.0,0,-0.0040395899117376954,0.9652382519557252,23.559768676757812,24.916783930487735,22.20275342302789,24.053784485766485,22.987207828891712,22.13706922643985,22.635426931951443,24.98795318603516
2018-05-30,24.285840910647597,24.31261753422708,23.95560439836521,24.09840965270996,3749400,0.0,0,-0.004424907069465744,0.9609671623909276,23.66062479019165,24.851024656071065,22.470224924312237,24.053784485766485,22.987207828891712,22.13706922643985,22.635426931951443,25.122730255126957
2018-05-31,24.14333782382237,24.403908862317053,23.855808737699576,23.936676025390625,7085100,0.18,0,-0.006711381773740754,0.9545177448920937,23.745361328125,24.743603300261334,22.747119355988666,24.129650301771143,22.987207828891712,22.005421160731807,22.635426931951443,25.55401992797852
2018-06-01,24.11638421108396,24.242177022219742,23.999575131773422,24.080442428588867,4176400,0.0,0,0.006006113925164147,0.9602506872115064,23.826575756072998,24.636802005631726,23.01634950651427,24.178740381497143,23.076459884369186,21.936248773203957,22.635426931951443,25.428226470947266
2018-06-04,24.161306712017726,24.26913033225677,24.03551391657076,24.22420310974121,6850500,0.0,0,0.005970018266012733,0.9659834013541104,23.892665100097656,24.59841834952468,23.18691185067063,24.186855203126413,23.085386605226507,21.936248773203957,22.635426931951443,25.275480270385746
2018-06-05,24.28710304983222,24.556659550027216,24.28710304983222,24.53868865966797,4721700,0.0,0,0.012982286703181467,0.9785240748210039,23.962429523468018,24.632713443874728,23.292145603061307,24.206234143863398,23.104765545963488,21.91170385778435,22.635426931951443,25.616920471191406
2018-06-06,24.610569298927103,24.745349256205333,24.36796914618265,24.64651107788086,4348600,0.0,0,0.0043939763737297355,0.9828236864868931,24.037585067749024,24.65841303229169,23.416757103206358,24.300578996952453,23.19911039905255,21.775591784524522,22.635426931951443,25.03288078308105
2018-06-07,24.73636381146689,24.90708212010219,24.565643789033256,24.64651107788086,4162000,0.0,0,0.0,0.9828236864868931,24.102030086517335,24.6937373666364,23.510322806398268,24.381445428900882,23.32014166340658,21.884929135226905,22.635426931951443,25.03288078308105
2018-06-08,24.57462981193813,25.14069913339088,24.52970258718894,25.086788177490234,8029400,0.0,0,0.017863668339025196,1.0003805228580331,24.18090238571167,24.851730064348008,23.51007470707533,24.49825393554523,23.637770119390588,22.659203847171348,22.635426931951443,25.09577369689941
2018-06-11,25.086791352779088,25.302436917474772,24.835204003734813,24.96099853515625,6533100,0.0,0,-0.005014178835649141,0.9953644360127227,24.24545259475708,24.95497770859517,23.53592748091899,24.579122827587174,23.763263641177467,22.659203847171348,22.563255834713544,25.401269912719727
2018-06-12,25.04186248779297,25.27547719962771,24.91606797319152,25.04186248779297,5151400,0.0,0,0.0032396120901503345,0.9985890306737352,24.30378179550171,25.072029399323316,23.535534191680103,24.579122827587174,24.048874747633988,22.659203847171348,22.563255834713544,25.212581634521484
2018-06-13,25.13171368844104,25.464168296391527,24.9879499968404,25.086788177490234,7003100,0.0,0,0.0017940234964217705,1.000380522858033,24.360787105560302,25.182518549073578,23.539055662047026,24.731871714082473,24.23684438394288,22.659203847171348,22.563255834713544,25.1317138671875
2018-06-14,25.194611247689085,25.410256780336272,24.86215664706737,24.99693489074707,7509000,0.0,0,-0.0035816975097587855,0.9967974624305012,24.411960983276366,25.25821291347336,23.56570905307937,24.749841106481142,24.2903972265536,22.703829874910085,22.563255834713544,25.23055648803711
2018-06-15,24.96997762062589,24.978961350626005,24.412892101719805,24.520715713500977,11996200,0.0,0,-0.019051102838307243,0.977807371464774,24.4455717086792,25.251656715825806,23.639486701532594,24.875635673111873,24.299323098875004,22.708293235338743,22.563255834713544,25.113746643066406
2018-06-18,24.18826746600958,24.412898478244514,24.017547416847417,24.32304573059082,7840200,0.0,0,-0.008061346382370105,0.9699249275481616,24.471976470947265,25.223242494519226,23.720710447375303,24.74085785661947,24.42873798766989,22.708293235338743,22.563255834713544,25.338376998901367
2018-06-19,24.17927885096873,24.36796976769184,23.96363331314117,24.098411560058597,4511900,0.0,0,-0.009235445799853248,0.960967238449864,24.473315143585204,25.22178292040591,23.724847366764497,24.713900804766347,24.446590366344267,22.708293235338743,22.563255834713544,25.383302688598636
2018-06-20,24.215225146960776,24.43087072500608,24.11638694768216,24.206239700317383,4228700,0.0,0,0.004474491606637709,0.9652670782925618,24.469781017303468,25.222626986868768,23.71693504773817,24.713900804766347,24.446590366344267,22.728375651541548,22.563255834713544,23.523357391357425
2018-06-21,24.26015052041497,24.36797416568825,24.017548603899137,24.188268661499023,4989300,0.0,0,-0.0007424134868053711,0.9645504509952681,24.464902210235596,25.223758965005377,23.706045455465816,24.713900804766347,24.52691779968562,22.82432189988532,22.563255834713544,23.631181716918945
2018-06-22,24.18826558805774,24.25116199239253,23.81987089369812,23.999574661254883,6912600,0.0,0,-0.007801054423729359,0.9570259404326213,24.45951404571533,25.230017670991664,23.689010420438997,24.64201959504482,24.52691779968562,22.855557751329854,22.567715644959552,23.66712188720703
2018-06-25,23.84682529726895,23.900736251786675,23.460459743328823,23.64914894104004,6356600,0.0,0,-0.014601330446933902,0.9430520884300769,24.426786804199217,25.27367028093642,23.579903327462013,24.462314019860173,24.462314019860173,23.011751492647427,22.581103833048864,23.298725128173828
2018-06-26,23.77494681968694,24.035519630831484,23.739006746928315,23.8737850189209,2968700,0.0,0,0.009498696060517897,0.9520098535873108,24.410200214385988,25.286574333719315,23.53382609505266,24.435358261832548,24.462314019860173,23.06530346607268,22.581103833048864,23.523357391357425
2018-06-27,24.00856032842124,24.502749549812755,23.900738409651144,24.026531219482425,4341400,0.0,0,0.006398072213537498,0.9581008813785618,24.40660629272461,25.28869842147813,23.52451416397109,24.219710546977414,24.462314019860173,23.09654439229271,22.58556833796353,23.66712188720703
2018-06-28,23.97262101668695,24.57463217584837,23.94566467924442,24.493764877319336,4486200,0.0,0,0.01944657152415097,0.9767326586956421,24.434460735321046,25.28993406786328,23.578987402778814,24.017545959588595,24.462314019860173,23.275051178942498,22.759612188452614,23.604225158691406
2018-06-29,24.55666017095735,24.853173014188727,24.52970383473687,24.637527465820312,3867700,0.0,0,0.005869354475354527,0.9824654488971822,24.462314987182616,25.305934877194957,23.618695097170274,24.156816378758776,24.462314019860173,23.33975862333994,22.759612188452614,23.94566345214844
2018-07-02,24.45781800854293,24.97896176081377,24.430863390503628,24.93403625488281,5329200,0.0,0,0.012034843572426013,0.9942892668899731,24.4978066444397,25.358113875829602,23.637499413049795,24.219710752071297,24.462314019860173,23.44463282513493,22.759612188452614,24.03551483154297
2018-07-03,24.799261022756447,24.85317197915376,24.1882644709256,24.466806411743164,3884500,0.0,0,-0.018738636551398624,0.9756576416907653,24.494212532043456,25.354405926556318,23.634019137530593,24.219710752071297,24.462314019860173,23.480332440658422,22.795311803976105,24.206239700317383
2018-07-05,24.58361839447777,25.01490952432509,24.46680930901999,24.98795318603516,3898300,0.0,0,0.021300155219353245,0.9964393008997268,24.511284637451173,25.396357543139136,23.62621173176321,24.23768463382696,24.462314019860173,23.5204961573291,22.795311803976105,24.161312103271484
2018-07-06,24.94302648313604,25.19461382048155,24.835202848902668,25.122730255126957,3458100,0.0,0,0.005393681830935915,1.0018137774526201,24.535095596313475,25.458651667750974,23.611539524875976,24.327536781905188,24.462314019860173,23.5204961573291,22.795311803976105,24.206239700317383
2018-07-09,25.33837439989495,25.57198910330341,25.25750711263882,25.55401992797852,3858500,0.0,0,0.017167308985596597,1.019012224116177,24.558457183837895,25.55801909244797,23.55889527522782,24.65549792511586,24.516224423316118,23.558429065331428,22.795311803976105,24.1702938079834
2018-07-10,25.60793194202469,25.7786519681684,25.26649360353565,25.428226470947266,5989900,0.0,0,-0.004922648467277968,1.013995985152994,24.581818580627445,25.63875304337293,23.52488411788196,24.839695188909772,24.61955585574861,23.627600132933164,22.795311803976105,24.116384506225582
2018-07-11,25.338378392227245,25.41924569222488,25.06882015430227,25.275480270385746,3737300,0.0,0,-0.006006954544629295,1.0079049573617433,24.593499469757084,25.675651982179737,23.511346957334432,24.86215832370641,24.61955585574861,23.636120904176458,22.795311803976105,24.52970123291016
2018-07-12,25.401274908214177,25.616920471191406,25.401274908214177,25.616920471191406,2225600,0.0,0,0.013508752243402977,1.0215204957156407,24.620006084442142,25.773602509428173,23.46640965945611,24.983458219547,24.61955585574861,23.655499844913443,22.814690744713086,24.9250545501709
2018-07-13,25.58996473884171,25.652861148640625,24.619558825576043,25.03288078308105,6988700,0.0,0,-0.02279898119554069,0.9982308691429604,24.62180337905884,25.777879435010842,23.465727323106837,24.983458219547,24.61955585574861,23.7498446980025,22.909035597802145,25.320405960083008
2018-07-16,25.03288078308105,25.2215700124778,24.943028034597475,25.03288078308105,4116000,0.0,0,0.0,0.9982308691429604,24.647411632537843,25.81615488799326,23.478668377082425,24.983458219547,24.61955585574861,23.85079354615373,22.989902029750574,25.43721389770508
2018-07-17,24.94302455989572,25.17664098788951,24.898097335013222,25.09577369689941,3323000,0.0,0,0.0025124121495783136,1.0007388365066794,24.68604803085327,25.86048286939078,23.511613192315764,25.122730638594195,24.61955585574861,24.06801202746791,23.106710536394917,25.392284393310547
2018-07-18,25.20359356685065,25.428224531666785,25.13171172666142,25.401269912719727,3157800,0.0,0,0.012173213685699569,1.0129210442070535,24.75119094848633,25.932607918330696,23.56977397864196,25.19910539687222,24.61955585574861,24.171193234382322,23.187579428436862,25.464170455932617
2018-07-19,25.374316220225644,25.473154403444507,25.167656122402967,25.212581634521484,3010000,0.0,0,-0.007428300980485858,1.0053967618212156,24.801508045196535,25.971339544019234,23.631676546373836,25.19910539687222,24.61955585574861,24.31399878761058,23.187579428436862,25.67981719970703
2018-07-20,25.167655647242487,25.311419339865637,25.086788355917164,25.1317138671875,3068500,0.0,0,-0.003207437005310787,1.0021720150423306,24.848680305480958,25.991272720370755,23.70608789059116,25.19910539687222,24.61955585574861,24.484358049012677,23.26844511789524,25.652856826782227
2018-07-23,25.203600148252708,25.32939468678121,24.9250581590087,25.23055648803711,3627900,0.0,0,0.003932983694305836,1.0061135412363817,24.910229396820068,25.993700164101757,23.82675862953838,25.136209987108334,24.61955585574861,24.52011916651737,23.26844511789524,25.99429702758789
2018-07-24,25.329392198763404,25.428228674000444,25.032879345455218,25.113746643066406,4589300,0.0,0,-0.004629697526730592,1.0014555398629095,24.983459281921387,25.899456769844765,24.06746179399801,25.136209987108334,24.61955585574861,24.58747938599344,23.26844511789524,25.91343116760254
2018-07-25,25.104760557732096,25.374317067035918,25.06881877579906,25.338376998901367,2896900,0.0,0,0.008944517878099134,1.0104130768433346,25.05668888092041,25.827314557321742,24.28606320451908,25.136209987108334,24.61955585574861,24.58479792214468,23.26844511789524,25.76966667175293
2018-07-26,25.28446450139565,25.652859199772315,25.28446450139565,25.383302688598636,4373900,0.0,0,0.0017730294919526823,1.0122045690276325,25.12452745437622,25.742794806567616,24.506260102184825,25.27547826739277,24.61955585574861,24.580245585555307,23.26844511789524,25.70636940002441
2018-07-27,23.154962707298907,23.523357391357425,22.463098851365235,23.523357391357425,17091200,0.0,0,-0.07327436149893285,0.9380359255258301,25.076007080078128,25.97637006038061,24.175644099775646,24.057979025568777,24.120875409766818,24.580245585555307,23.26844511789524,25.67020606994629
2018-07-30,24.04450366912546,24.07146000746457,23.53234523727279,23.631181716918945,6489200,0.0,0,0.00458371327560303,0.9423356132506555,25.02568979263306,26.11363102072612,23.937748564539998,24.057979025568777,24.120875409766818,24.620409302225983,23.26844511789524,25.30852699279785
2018-07-31,23.676107332707232,23.84682736961408,23.52335818680079,23.66712188720703,4980700,0.0,0,0.0015208790960443697,0.9437687917863066,24.96234407424927,26.20285755381993,23.72183059467861,24.057979025568777,24.120875409766818,24.58446869736522,23.26844511789524,25.046310424804688
2018-08-01,23.658134347372755,23.747987080622075,23.16394688519902,23.298725128173828,4294300,0.0,0,-0.01556576083855532,0.9290783124864687,24.903940010070805,26.33047997730191,23.4774000428397,24.057979025568777,24.120875409766818,24.462314019860173,23.26844511789524,24.87451171875
2018-08-02,23.07409541433012,23.658135641705925,22.93033171878525,23.523357391357425,3610100,0.0,0,0.009641397198680401,0.9380359255258304,24.83071022033692,26.379025038526716,23.28239540214712,24.057979025568777,24.120875409766818,24.44883614084636,23.26844511789524,24.98301315307617
2018-08-03,23.478430959299786,23.721032846409745,23.451476336597672,23.66712188720703,2619100,0.0,0,0.006111563645350371,0.9437687917863066,24.757929801940918,26.380387502653193,23.135472101228643,24.057979025568777,24.120875409766818,24.34101228341879,23.26844511789524,24.86546897888184
2018-08-06,23.62219604944528,23.7390034117485,23.55929793180673,23.604225158691406,2506800,0.0,0,-0.002657557129902788,0.9412606723047151,24.660440063476564,26.31419864809661,23.006681478856517,24.057979025568777,24.120875409766818,24.239929989724384,23.26844511789524,24.91067695617676
2018-08-07,23.58625420699206,23.97261978820959,23.460461399636944,23.94566345214844,3705500,0.0,0,0.014465134574913607,0.9548761345996765,24.586311912536623,26.22850762515521,22.944116199918035,24.057979025568777,24.120875409766818,24.309565199309475,23.26844511789524,25.15481185913086
2018-08-08,23.96363298658001,24.07145661092364,23.7300165620008,24.03551483154297,2309300,0.0,0,0.0037523027739065906,0.9584591189682721,24.52431364059448,26.151142616800854,22.89748466438811,23.267279429414902,24.120875409766818,24.341012385965733,23.460341142810847,25.20002174377441
2018-08-09,24.05349053497712,24.26015066637903,23.981608675628685,24.206239700317383,2313400,0.0,0,0.007103025251215422,0.9652670782925614,24.45377960205078,26.004759443910842,22.902799760190717,23.59524119258214,24.120875409766818,24.341012385965733,23.460341142810847,25.317569732666016
2018-08-10,24.11638658452973,24.341017605835862,24.062475619279898,24.161312103271484,2539700,0.0,0,-0.0018560337170134833,0.9634755100493273,24.410201168060304,25.942306851794516,22.878095484326092,23.635674662310556,24.120875409766818,24.349999326843566,23.460341142810847,25.851043701171875
2018-08-13,24.19725425367399,24.41289983171929,24.12537239432556,24.206239700317383,5841000,0.0,0,0.0018594849838398098,0.9652670782925614,24.36886911392212,25.875672318674898,22.862065909169342,23.67161577525227,24.120875409766818,24.39492540088268,23.460341142810847,26.40260505676269
2018-08-14,24.215221033568664,24.38593934939741,24.14333918643066,24.1702938079834,2815000,0.0,0,-0.001484984565095937,0.9638336715801017,24.322595119476322,25.79328707121409,22.851903167738556,23.67161577525227,24.120875409766818,24.58586117421599,23.51425154626679,26.72811317443848
2018-08-15,24.098413614758112,24.14334084342681,23.89175350427773,24.116384506225582,2836200,0.0,0,-0.002230394971037164,0.9616839418060932,24.258350849151615,25.64384247444592,22.87285922385731,23.932188084158483,24.057980000002928,24.729625522329194,23.70683503417676,26.917999267578125
2018-08-16,24.260144754490685,24.574628455178928,24.170292023751436,24.52970123291016,3417200,0.0,0,0.017138420005614163,0.9781656851134206,24.224206829071047,25.545439298659797,22.902974359482297,24.017544927407936,24.057980000002928,24.740857089727513,23.71576175503408,26.827577590942383
2018-08-17,24.48477801356445,24.960996331346177,24.314057980578784,24.9250545501709,2992400,0.0,0,0.016117331128775225,0.9939311053591989,24.21387386322022,25.509257761067342,22.918489965373094,24.21072886549156,24.057980000002928,24.801507037647806,23.71576175503408,26.936084747314453
2018-08-20,24.969982157274558,25.320405960083004,24.969982157274558,25.320405960083008,4936100,0.0,0,0.015861606606168754,1.009696449546041,24.218366336822513,25.52852260971304,22.908210063931985,24.525211261041903,24.057979025568777,24.801507037647806,23.71576175503408,26.7552433013916
2018-08-21,25.26649557205901,25.455184788972616,24.996937344441484,25.43721389770508,3329700,0.0,0,0.004613193714438024,1.0143543748605772,24.234539699554446,25.59605566936934,22.873023729739554,24.673469146625173,24.057979025568777,24.801507037647806,23.75592658743969,26.854705810546875
2018-08-22,25.36532806064503,25.42822445639965,25.239535269135786,25.392284393310547,2533000,0.0,0,-0.0017662903089630255,1.0125627305584068,24.237235069274906,25.607762883007037,22.866707255542774,24.673469146625173,24.057979025568777,24.871143247171403,23.95674653677935,27.09883689880371
2018-08-23,25.41924494117181,25.5450377535409,25.374317712612477,25.464170455932617,1930800,0.0,0,0.0028310199078034337,1.0154293158065175,24.241278457641602,25.6258651924266,22.856691722856606,24.718395628909313,24.057979025568777,24.909330626310414,24.00137116652428,27.053630828857425
2018-08-24,25.58996445222981,25.82358091015113,25.51808259700777,25.67981719970703,3225200,0.0,0,0.008468634159813027,1.0240286151972322,24.34910144805908,25.827028092231707,22.871174803886454,24.85766720721443,24.143339880758184,24.909330626310414,24.2869822729808,26.972248077392575
2018-08-27,25.75169500484229,25.859518627616755,25.64387309586617,25.652856826782227,2144400,0.0,0,-0.0010498662321128949,1.0229535221334194,24.450185203552245,25.993692586245178,22.90667782085931,24.87563606594724,24.161308739490995,24.909330626310414,24.394086219831316,26.8999137878418
2018-08-28,25.787636939304697,26.066178871938494,25.65285698157376,25.99429702758789,4537300,0.0,0,0.01331002636903933,1.0365690604873168,24.566543960571288,26.20537315028315,22.927714770859424,25.118235447844967,24.264638861651864,24.877882921428473,24.44763906244204,26.556324005126957
2018-08-29,26.01226935170996,26.03922397370402,25.8954602770742,25.91343116760254,2393900,0.0,0,-0.0031109077464002155,1.033344389767368,24.697279262542725,26.327753599440708,23.066804925644742,25.19011842625864,24.264638861651864,24.877882921428473,24.456564934763442,26.34835433959961
2018-08-30,25.97632676502414,26.003283099980628,25.769666671752933,25.76966667175293,3370700,0.0,0,-0.0055478757297623416,1.0276115235068914,24.8095947265625,26.410007231014184,23.20918222211082,25.518080514606524,24.264638861651864,24.877882921428473,24.58597982355833,26.04997062683105
2018-08-31,25.661158430104997,25.860083248506115,25.435108754374387,25.70636940002441,5852900,0.18,0,-0.0024562704878873243,1.0250874316486884,24.911557102203368,26.466540942412077,23.356573261994658,25.53155810818999,24.264638861651864,24.947517061570693,24.603832202232706,26.0047607421875
2018-09-04,25.624996815058022,25.697332657652765,25.389904895469485,25.67020606994629,3701900,0.0,0,-0.0014067848133423322,1.023645354217497,25.014856147766114,26.47965274752276,23.550059548009468,25.652857070537138,24.498255295361872,24.089427217667797,24.120875409766818,24.964933395385746
2018-09-05,25.58882816877897,25.6340391485324,25.2814004049458,25.30852699279785,4787700,0.0,0,-0.014089449697557321,1.0092227544911114,25.082999324798585,26.466166545279414,23.699832104317757,25.673789638442145,24.498255295361872,24.089427217667797,24.120875409766818,24.21444702148437
2018-09-06,25.444156702332062,25.56170352608258,24.901638737590638,25.046310424804688,3868600,0.0,0,-0.01036079927005562,0.9987664001130564,25.13353910446167,26.430168465298607,23.83690974362473,25.483908804764567,24.498255295361872,24.089427217667797,24.120875409766818,24.702714920043945
2018-09-07,25.055350462324693,25.055350462324693,24.784091484651395,24.87451171875,5019800,0.0,0,-0.006859242065631599,0.9919156196076615,25.166952705383302,26.398390622850382,23.935514787916222,25.425135178294944,24.498255295361872,24.089427217667797,24.120875409766818,25.109603881835938
2018-09-10,24.92876170565143,25.04630852046453,24.793132224778358,24.98301315307617,3849200,0.0,0,0.0043619523290734374,0.9962423082548535,25.208037757873534,26.35345361472948,24.062621901017586,25.425135178294944,24.758827604268085,24.089427217667797,24.120875409766818,25.82391929626465
2018-09-11,24.892595565904703,25.037267247448405,24.73888168868672,24.86546897888184,2204100,0.0,0,-0.004704963867813383,0.9915550241909274,25.240999221801758,26.303258356422003,24.178740087181513,25.38905283119537,24.76332013578772,24.089427217667797,24.120875409766818,26.104223251342773
2018-09-12,24.84738331432245,25.02822376929681,24.79313186767909,24.91067695617676,4118200,0.0,0,0.0018181027405241856,0.9933577730977895,25.278018379211424,26.233592654310293,24.322444104112556,25.371082394333676,24.76332013578772,24.089427217667797,24.120875409766818,25.87817001342773
2018-09-13,24.96493092748289,25.317567928899088,24.87451069709805,25.15481185913086,4703400,0.0,0,0.009800412224187482,1.0030930887602487,25.329939746856688,26.125211351937892,24.534668141775484,25.299482468596416,24.898097716969644,24.089427217667797,24.120875409766818,25.68828773498535
2018-09-14,25.245230994695003,25.615952371035423,25.01918129084731,25.20002174377441,6024000,0.0,0,0.0017972658629581417,1.0048959137260467,25.363455772399902,26.0718685747138,24.655042970086004,25.21810717316974,24.97896618810811,23.69407741959086,24.120875409766818,25.75157928466797
2018-09-17,25.27236047656385,25.606913110814016,25.19098243588191,25.317569732666016,9021600,0.0,0,0.004664598708953305,1.0095833499078457,25.38308153152466,26.06268209987879,24.70348096317053,25.18646041860956,24.97896618810811,23.85805830117448,24.120875409766818,24.937807083129883
2018-09-18,25.389902108514747,25.91433734091695,25.281397494221515,25.851043701171875,5983300,0.0,0,0.021071294525459194,1.0308565780217536,25.409613418579102,26.118481026232335,24.70074581092587,25.326609514801838,24.97896618810811,23.878275036038687,24.120875409766818,25.91433906555176
2018-09-19,26.619612556933337,26.655779611317293,26.15847097233736,26.40260505676269,6632700,0.0,0,0.021336134895235004,1.052851073028066,25.457882976531984,26.289918313800158,24.62584763926381,25.69733065000201,25.27376655779751,23.896245592509544,24.120875409766818,25.8872127532959
2018-09-20,26.52919008066737,26.82757558363511,26.52919008066737,26.72811317443848,3282900,0.0,0,0.012328636396900405,1.0658312910875154,25.52467441558838,26.524475718405178,24.52487311277158,25.783228636160914,25.35966454395642,23.896245592509544,24.120875409766818,25.44415283203125
2018-09-21,26.737158813848293,27.053628745564303,26.68290736757829,26.917999267578125,6409100,0.0,0,0.007104358317415516,1.0734033384853148,25.597365856170654,26.76784280551709,24.426888906824217,25.896255217125514,25.61196038465787,23.995084042080705,24.120875409766818,25.362773895263672
2018-09-24,26.85470417492264,27.08075386755794,26.637694952325138,26.827577590942383,8967700,0.0,0,-0.0033591529495526906,1.0697976124947821,25.65475387573242,26.943676597465505,24.365831153999338,25.936942867618516,25.697405924068363,24.037762463705434,24.120875409766818,26.022844314575195
2018-09-25,26.82758012576357,27.09883909270709,26.764286481784914,26.936084747314453,3675000,0.0,0,0.004044612526205249,1.0741245293187829,25.718915271759034,27.124842192407584,24.312988351110484,25.98667489490257,25.918860390696906,24.134354432747244,24.120875409766818,26.46590232849121
2018-09-26,26.954166421519524,27.04458664871309,26.737158911028413,26.7552433013916,2822000,0.0,0,-0.006713724270595134,1.0669131533966538,25.75696258544922,27.230933501641193,24.282991669257246,26.0590101917772,25.918860390696906,24.29159514330534,24.120875409766818,26.80045318603516
2018-09-27,26.71907460700705,26.99937748467512,26.66482316036456,26.854705810546875,2191100,0.0,0,0.0037174959702235277,1.0708793987449843,25.804026317596435,27.353971362805098,24.254081272387772,26.1449107642945,25.918860390696906,24.365724086096975,24.120875409766818,26.917999267578125
2018-09-28,26.845662343385914,27.29776173477176,26.74619992540189,27.09883689880371,3327600,0.0,0,0.009090812238984114,1.080614562289571,25.870484828948975,27.52069942595286,24.22027023194509,26.28957961449664,26.018321711729243,24.365724086096975,24.120875409766818,26.96320915222168
2018-10-01,27.16213545437531,27.333932001563404,26.963210595029604,27.053630828857425,4378100,0.0,0,-0.0016681922591401666,1.0788118894416454,25.937847900390626,27.664823413175135,24.210872387606116,26.746201486950383,26.036406845125065,24.388187327239045,24.120875409766818,27.2615966796875
2018-10-02,27.008416854452108,27.13500412491604,26.82757641839888,26.972248077392575,4428100,0.0,0,-0.003008200709904041,1.075566606749974,26.00295000076294,27.782602179005565,24.223297822520315,26.931561041115387,26.036406845125065,24.500503543986305,24.143339880758184,27.523815155029297
2018-10-03,27.153090067885515,27.153090067885515,26.845662343768968,26.8999137878418,2977200,0.0,0,-0.0026818042509182405,1.0726821476518462,26.082519340515137,27.87325365073623,24.291785030294044,26.985813476944273,26.036406845125065,24.51847240271912,24.161308739490995,27.73177719116211
2018-10-04,26.85470959059478,26.85470959059478,26.43877717546296,26.556324005126957,3011200,0.0,0,-0.012772895312034072,1.0589808908768013,26.15802001953125,27.89352321702277,24.42251682203973,26.886354588513182,26.036406845125065,24.691437154748414,24.264638861651864,26.33027458190918
2018-10-05,26.52015260661816,26.610572837923847,26.176557797203525,26.34835433959961,1986700,0.0,0,-0.00783126706419146,1.0506877287044696,26.23171215057373,27.863965360199863,24.5994589409476,26.755244899383463,26.036406845125065,24.72737864395525,24.264638861651864,25.67020606994629
2018-10-08,26.248895494704044,26.366440596483237,25.96859258535985,26.04997062683105,2198900,0.0,0,-0.011324567330571744,1.0387891447773503,26.285060024261476,27.816123862058873,24.75399618646408,26.651262293461627,26.036406845125065,24.891359688129192,24.264638861651864,25.58882522583008
2018-10-09,25.878173447233173,26.140390233156065,25.878173447233173,26.0047607421875,2314100,0.0,0,-0.0017355061658682613,1.036986319811552,26.34202461242676,27.734669586172203,24.949379638681314,26.60605272439829,26.036406845125065,24.89809848492093,24.264638861651864,25.44415283203125
2018-10-10,25.814879161006104,25.87817453576826,24.93780680620196,24.964933395385746,3629100,0.0,0,-0.03998603783017485,0.9955213455981936,26.344737434387206,27.72626610271592,24.963208766058493,26.13586940388268,26.036406845125065,25.075556182949505,24.264638861651864,25.606908798217773
2018-10-11,24.81121815403024,24.98301470229895,24.19636262968056,24.21444702148437,5040200,0.0,0,-0.030061621315604525,0.9655943598952197,26.297719192504882,27.88861852150527,24.706819863504496,25.76514731562198,25.76514731562198,25.08602246690201,24.264638861651864,25.851043701171875
2018-10-12,24.657505662608983,24.766008570301945,24.214448386180397,24.702714920043945,3542500,0.0,0,0.020164321659972506,0.9850649151612022,26.27285385131836,27.94593847852508,24.59976922411164,25.67472634878304,25.76514731562198,24.99108205006322,24.264638861651864,25.3718204498291
2018-10-15,24.70271368674505,25.236191176031976,24.657504431567187,25.109603881835938,4989300,0.0,0,0.01647142684959868,1.0012903398533861,26.262455558776857,27.961824891877892,24.56308622567582,25.67472634878304,25.76514731562198,24.961695236828408,24.264638861651864,24.65750312805176
2018-10-16,25.227148178833712,25.85104588328332,25.136727946727287,25.82391929626465,3684000,0.0,0,0.028447896581333287,1.0297749438894233,26.261099338531494,27.961837424382317,24.56036125268067,25.525536110137672,25.76514731562198,25.091981391281514,24.264638861651864,24.91971969604492
2018-10-17,25.80583768047565,26.176559095049274,25.67020646448124,26.104223251342773,3851000,0.0,0,0.010854431190801872,1.0409525651598828,26.246180248260497,27.946926338114398,24.545434158406596,25.403467733802202,25.76514731562198,25.076186483491547,24.264638861651864,24.88355255126953
2018-10-18,26.10421970992139,26.420687905314654,25.67020298194061,25.87817001342773,4522500,0.0,0,-0.008659642378112675,1.0319382882130193,26.20368309020996,27.896508119502414,24.510858060917506,25.308525267497608,25.76514731562198,25.067201265060696,24.264638861651864,25.028226852416992
2018-10-19,25.92337962961932,26.122302744483893,25.652120679838312,25.68828773498535,3664500,0.0,0,-0.007337546601782652,1.0243663929330924,26.14219751358032,27.815789610175422,24.46860541698522,25.308525267497608,25.76514731562198,25.09879009278303,24.264638861651864,25.30852699279785
2018-10-22,25.91433533117437,25.96858677180244,25.43510938586354,25.75157928466797,4454500,0.0,0,0.0024638290545313524,1.0268902566144864,26.088397598266603,27.73917891815828,24.437616278374925,25.308525267497608,25.76514731562198,25.098536680638926,24.264638861651864,26.61961555480957
2018-10-23,25.209066079489475,25.43511581799668,24.503791999105484,24.937807083129883,11621100,0.0,0,-0.03160086581651289,0.9944396354069275,25.988483715057374,27.663921852032473,24.313045578082274,25.308525267497608,25.76514731562198,25.082713303358837,24.264638861651864,25.851043701171875
2018-10-24,24.97397315245793,26.239851205472384,24.946846565923728,25.91433906555176,11653000,0.0,0,0.03915869503547853,1.0333805938210199,25.94643850326538,27.584176142254655,24.308700864276105,25.317568145747526,25.76514731562198,25.152787851454974,24.264638861651864,25.959550857543945
2018-10-25,26.140389056430205,26.176557838859026,25.78775205086159,25.8872127532959,5279600,0.0,0,-0.0010467684391736176,1.0322988836297535,25.89806385040283,27.481299393938393,24.31482830686727,25.46223995221007,25.76514731562198,25.48554860389976,24.559439231341265,26.511110305786133
2018-10-26,25.52553085928859,25.823916384358085,25.12768464227746,25.44415283203125,5012700,0.0,0,-0.017115010622695936,1.014631077270633,25.81532964706421,27.308341810069308,24.322317484059113,25.46223995221007,25.76514731562198,25.571446590058667,24.64533721750017,25.819673538208008
2018-10-29,25.77870621128833,25.932420065637537,25.073430575223338,25.362773895263672,3785600,0.0,0,-0.0031983354802496144,1.0113859466968345,25.73078680038452,27.120591406366046,24.340982194402997,25.46223995221007,25.76514731562198,25.754107800891692,24.75836379846477,25.84696578979492
2018-10-30,25.51649170146138,26.049969177141037,25.38086221476473,26.022844314575195,4956800,0.0,0,0.026025166728107285,1.0377074345860842,25.68331661224365,26.959275495763812,24.40735772872349,25.46223995221007,25.76514731562198,25.817174395843438,24.771926359461588,25.16463279724121
2018-10-31,26.266977465894108,26.78237228974997,26.19464162257404,26.46590232849121,4956700,0.0,0,0.017025733565483536,1.0553751648862684,25.661616039276122,26.866079985642436,24.45715209290981,25.643082144427726,25.76514731562198,25.95276764279974,24.780968972036163,25.119138717651367
2018-11-01,26.58344567041565,26.83662196761629,26.36643815479613,26.80045318603516,3224000,0.0,0,0.012640825670387157,1.0687159783624518,25.673822498321535,26.91901621124942,24.42862878539365,25.670206983360885,25.76514731562198,25.988935291237055,24.780968972036163,25.319292068481445
2018-11-02,26.95416632355066,27.189258223550485,26.68290736757829,26.917999267578125,4541700,0.0,0,0.004385973652274444,1.0734033384853143,25.702304744720458,27.03204776046765,24.372561728973267,25.846525111327985,25.76514731562198,26.031885577495704,24.780968972036163,25.8924560546875
2018-11-05,26.96320915222168,27.26159470065104,26.85470625713232,26.96320915222168,3731200,0.0,0,0.0016795410459056193,1.0752061634511125,25.74796667098999,27.18212257859841,24.313810763381568,26.104220633287383,25.76514731562198,26.15395066311294,24.8804302930685,25.5649356842041
2018-11-06,27.017462561080077,27.261596679687504,26.98129550163224,27.2615966796875,3076700,0.0,0,0.011066469342772445,1.0871048994961043,25.81080846786499,27.389013861307127,24.232603074422855,26.16751362745542,25.728979654684032,26.391304166037724,24.89851542646432,25.264707565307617
2018-11-07,27.35201688016042,27.71369609728762,27.162135937902097,27.523815155029297,5338100,0.0,0,0.009618602990234093,1.0975613299330957,25.938752555847167,27.633796016910406,24.243709094783927,26.39356333625548,25.95502936348409,26.483983943120226,24.89851542646432,24.909889221191406
2018-11-08,27.505727491763857,27.849322276015368,27.370098017049376,27.73177719116211,5315100,0.0,0,0.0075557125696947836,1.1058541878696821,26.114619064331055,27.78703426994614,24.44220385871597,26.461376425619353,26.022842452847964,26.51111016103467,24.89851542646432,25.264707565307617
2018-11-09,27.65040424109888,27.74082448239386,26.31219018872565,26.33027458190918,9818300,0.0,0,-0.050537785573280036,1.0499667660478105,26.195997047424317,27.737599166051368,24.654394928797267,26.61509224539005,26.022842452847964,26.46138071681912,24.89851542646432,24.527782440185547
2018-11-12,26.11326332141689,26.49302692619492,25.652123402764506,25.67020606994629,5044300,0.0,0,-0.02506880472930606,1.023645354217497,26.224027156829834,27.70410226116242,24.74395205249725,26.750722839389937,26.022842452847964,26.395825872254264,24.89851542646432,24.509584426879883
2018-11-13,25.81487492473184,25.986673178791428,25.471280141234992,25.58882522583008,3968700,0.0,0,-0.0031702450652114633,1.0204001475847624,26.212272453308106,27.708693355896095,24.715851550720117,26.660301208625178,26.022842452847964,26.343834569293346,24.89851542646432,23.86363983154297
2018-11-14,25.83295857901138,25.95050538488189,25.38085919408049,25.44415283203125,4930600,0.0,0,-0.005653733319996079,1.0146310772706335,26.17926893234253,27.71282811309362,24.64570975159144,26.61509073504793,26.022842452847964,26.321229784761677,24.89851542646432,23.25408172607422
2018-11-15,25.4622371335087,25.643077576706183,25.2723562203114,25.606908798217773,5087400,0.0,0,0.006396595998340082,1.0211212623592942,26.16570587158203,27.714565373295812,24.61684636986825,26.560839248163383,26.022842452847964,26.086138124503872,25.132131860174326,24.20025634765625
2018-11-16,25.507447193095267,25.977630980662028,25.407986498334004,25.851043701171875,3443900,0.0,0,0.009533946673449867,1.0308565780217536,26.173843669891358,27.714178875041583,24.633508464741134,26.560839248163383,26.031885331097882,25.76514731562198,25.132131860174326,24.38221549987793
2018-11-19,25.82391989624256,25.82391989624256,25.29948460738785,25.3718204498291,3324600,0.0,0,-0.01853786860145412,1.0117466942314417,26.154855728149414,27.72494469259983,24.584766763698997,26.560839248163383,26.176557137560426,25.71993683220251,25.132131860174326,24.33672523498535
2018-11-20,24.892595036718117,25.145769611726152,24.512831449583608,24.65750312805176,3232100,0.0,0,-0.02815396408743509,0.9832620141364685,26.140840530395508,27.758932743477224,24.52274831731379,26.181076862799486,26.176557137560426,25.71993683220251,25.132131860174326,24.482290267944336
2018-11-21,24.80217460497813,25.08247576415465,24.585167089039302,24.91971969604492,3490400,0.0,0,0.01063435201169427,0.9937183685145232,26.091109561920167,27.79385456541034,24.388364558429995,26.126827965988735,26.176557137560426,25.645341712879826,25.392704169080538,24.464096069335938
2018-11-23,24.693669897603744,25.07343348031289,24.693669897603744,24.88355255126953,856100,0.0,0,-0.0014513463721314013,0.9922761389654593,26.04092655181885,27.82294299105391,24.258910112583788,25.502929187889265,26.176557137560426,25.58430752471209,25.397196700600176,23.65438842773437
2018-11-26,25.091520502068175,25.172898544369016,24.856428571490483,25.028226852416992,2361500,0.0,0,0.005814053312901191,0.9980452853385242,26.020130252838136,27.839246453168286,24.201014052507986,25.249752314187518,26.176557137560426,25.536836291559794,25.397196700600176,24.564170837402344
2018-11-27,24.96493216978447,25.37182063983012,24.73888244488493,25.30852699279785,3859700,0.0,0,0.011199360707160544,1.0092227544911112,26.017417907714844,27.840648271370963,24.194187544058725,25.245231215122818,26.176557137560426,25.536836291559794,25.5319742817821,25.037261962890625
2018-11-28,25.371820132524935,26.646740417496733,25.31756868252811,26.61961555480957,8317600,0.0,0,0.05180422244189953,1.0615047545581953,26.047256469726562,27.8895064676988,24.205006471754324,25.579785933540172,26.176557137560426,25.536836291559794,25.612842752920567,25.35568618774414
2018-11-29,26.420688183499895,26.520150602883497,25.823917116442985,25.851043701171875,3906800,0.0,0,-0.028872387433815927,1.0308565780217533,26.016513538360595,27.850201279771298,24.182825796949892,25.579785933540172,26.181076862799486,25.536836291559794,25.612842752920567,25.610424041748047
2018-11-30,25.72446064974357,26.01380403591876,25.68829186416036,25.959550857543945,4532900,0.0,0,0.004197399440671434,1.0351834948457543,25.974468421936034,27.77215036504128,24.17678647883079,25.579785933540172,26.181076862799486,25.54135773068475,25.612842752920567,25.710498809814453
2018-12-03,26.402607408348,26.51111030578613,26.239851337568343,26.511110305786133,2452400,0.0,0,0.021246879472951452,1.0571779137931308,25.954123973846436,27.717136969688628,24.191110978004243,25.579785933540172,26.181076862799486,25.613693633916025,25.612842752920567,25.59223175048828
2018-12-04,26.483817289725767,26.64757871516095,25.74689087526744,25.819673538208008,2832900,0.18,0,-0.026081018848434168,1.0296056366973438,25.896947193145753,27.597761667492804,24.1961327187987,25.616372902100125,26.181076862799486,25.613693633916025,25.612842752920567,25.382976531982425
2018-12-06,25.44666030537533,25.86516188801296,25.173725773206552,25.84696578979492,3275200,0.0,0,0.0010570331784607312,1.030693964016063,25.82621564865112,27.406251426808257,24.246179870493986,25.670624306382347,26.181076862799486,25.613693633916025,25.75211201265742,25.59223175048828
2018-12-07,25.837872949553557,25.992536345035838,24.928088678546203,25.16463279724121,3075500,0.0,0,-0.026398959092641783,1.0034847162229703,25.70825653076172,27.103270686302054,24.313242375221385,25.69323058002294,26.181076862799486,25.613693633916025,25.76514731562198,25.53763771057129
2018-12-10,25.155529178093182,25.364779097640977,24.7552237015808,25.119138717651367,4219800,0.0,0,-0.0018078578756305363,1.0016705584756718,25.577624607086182,26.635612324298904,24.51963688987346,25.69323058002294,26.181076862799486,25.704114730024855,25.76514731562198,25.428466796875
2018-12-11,25.574032247568336,25.837868740840914,25.10094408723933,25.319292068481445,4557500,0.0,0,0.00796816137208678,1.0096520311272743,25.527075481414794,26.53104850082813,24.523102462001457,25.701401208370875,26.181076862799486,25.717677149491433,25.76514731562198,25.765085220336918
2018-12-12,25.7741848788064,26.06531552892192,25.719598315728632,25.8924560546875,4978500,0.0,0,0.022637441230813682,1.0325079696454897,25.538187980651855,26.553231443835312,24.5231445174684,25.701401208370875,26.181076862799486,25.805836213474983,25.76514731562198,25.328393936157227
2018-12-13,26.038023872033857,26.06531628672845,25.028162881719496,25.5649356842041,6126100,0.0,0,-0.012649258525017526,1.019447509408303,25.536993503570557,26.551849984419324,24.52213702272179,25.701401208370875,26.181076862799486,25.934683974454682,25.76514731562198,25.46485710144043
2018-12-14,25.14643464795191,25.34658828185368,24.982673214859787,25.264707565307617,3099600,0.0,0,-0.011743746301774882,1.0074753764898357,25.528021240234374,26.549224280176325,24.50681820029242,25.701401208370875,26.181076862799486,25.948246641069726,25.76514731562198,25.63771629333496
2018-12-17,25.100944794710355,25.310194732389,24.846204608443603,24.909889221191406,7004100,0.0,0,-0.014044031311228444,0.9933263607571208,25.493170261383057,26.54860374249009,24.437736780276023,25.701401208370875,26.181076862799486,26.174296349869785,25.95502936348409,25.819673538208008
2018-12-18,25.03726151607426,25.655915047633098,24.89169618338696,25.264707565307617,4915700,0.0,0,0.01424407555431273,1.0074753764898357,25.463853454589845,26.51033447402636,24.41737243515333,25.410269994154625,26.126827965988735,26.24210943923366,26.022842452847964,25.610424041748047
2018-12-19,25.25561087817941,25.43756668622108,24.382217099641924,24.527782440185547,4395800,0.0,0,-0.029168163661390745,0.9780891698235589,25.421651554107665,26.545649882652707,24.297653225562623,25.223766693185187,25.514897907401437,26.318967349119006,26.022842452847964,25.428466796875
2018-12-20,24.418605668759447,24.664247795101986,24.072886734956885,24.509584426879883,5877200,0.0,0,-0.0007419347162770373,0.9773634915128522,25.414255619049072,26.56024106373212,24.268270174366023,25.069101510842668,25.360232725058918,26.386782646118952,26.022842452847964,23.499725341796875
2018-12-21,24.62785872020596,24.79162015853027,23.77266106188772,23.86363983154297,7242400,0.0,0,-0.026354775506862604,0.9516052961054275,25.361451625823975,26.680051309189267,24.042851942458682,24.918988674308086,25.210119888524336,26.34157183073657,26.022842452847964,23.59980010986328
2018-12-24,23.75446403549356,23.945517868621952,23.25408172607422,23.25408172607422,2061500,0.0,0,-0.025543383564775257,0.9272980770247351,25.27997808456421,26.881105873556358,23.67885029557206,24.659699006401333,24.950830220617583,26.31896659394795,26.022842452847964,23.48152732849121
2018-12-26,23.345058845216546,24.200256347656254,23.017536028266157,24.20025634765625,4847500,0.0,0,0.04068853944557649,0.9650284814095632,25.238579559326173,26.905786081220192,23.571373037432153,24.541426157497305,24.832557371713555,26.29184085050567,26.022842452847964,23.663484573364254
2018-12-27,23.854540741210105,24.38221549987793,23.508823513921097,24.38221549987793,2878300,0.0,0,0.00751889358557567,0.9722844278683314,25.192263984680174,26.90053545993727,23.48399250942308,24.336725537949626,24.832557371713555,26.296362289630633,26.022842452847964,23.70897483825684
2018-12-28,24.52777906744926,24.66424807380977,24.172963815573148,24.33672523498535,2210800,0.0,0,-0.0018657149877461254,0.9704704222389052,25.078119468688964,26.691057694597298,23.46518124278063,24.336725537949626,24.832557371713555,26.368698192861906,26.022842452847964,23.76356315612793
2018-12-31,24.4731922186088,24.536876828682065,24.218453778315745,24.482290267944336,2160700,0.0,0,0.0059812908907614926,0.9762750881351963,25.00968179702759,26.60141643252979,23.41794716152539,24.336725537949626,24.832557371713555,26.178817000179954,26.022842452847964,23.627092361450195
2019-01-02,24.17296540908938,24.59146703465052,24.091084693985582,24.464096069335938,2445200,0.0,0,-0.0007431575399716728,0.9755495619423621,24.934909057617187,26.48047343894788,23.389344676286495,24.22755135724362,24.832557371713555,26.15169255177458,26.022842452847964,23.73626708984375
2019-01-03,24.20025927696798,24.2821399911168,23.545213563777416,23.65438842773437,5073100,0.0,0,-0.03309779520594991,0.9432610223279396,24.7920729637146,26.253401948446978,23.33074397898222,23.904578093398214,24.832557371713555,25.839743162724844,26.022842452847964,23.809053421020508
2019-01-04,24.027398076577807,24.66424764425028,23.981909565433547,24.564170837402344,2789500,0.0,0,0.03846146403012751,0.979540222209227,24.729297828674316,26.113690827024982,23.34490483032365,23.904578093398214,24.832557371713555,25.71315472587397,26.022842452847964,24.218454360961918
2019-01-07,24.618760322489305,25.191925348540465,24.55507570521155,25.037261962890625,2415200,0.0,0,0.019259397299416836,0.9984055765195136,24.6888126373291,25.983617892429706,23.394007382228494,24.10473068840331,24.832557371713555,25.710894176341622,26.022842452847964,24.318531036376957
2019-01-08,25.273805471664105,25.41937080352292,24.88259799156518,25.35568618774414,2682900,0.0,0,0.01271801306889997,1.0111033116897514,24.69836530685425,26.009964611636455,23.386766002072044,24.218453415894537,24.832557371713555,25.8781715355503,26.022842452847964,24.527782440185547
2019-01-09,25.42846824888993,25.710500855749142,25.301097285086104,25.610424041748047,2529200,0.0,0,0.010046577013050229,1.0212614389787926,24.722929573059083,26.0831672525521,23.362691893566065,24.60966218483512,24.832557371713555,25.88043139816983,26.022842452847964,24.67334747314453
2019-01-10,25.337487468571087,25.737792957445237,25.28290090858498,25.710498809814453,2277200,0.0,0,0.003907579503692471,1.0252520992456575,24.742489910125734,26.147475680027544,23.337504140223924,24.641503260611326,24.832557371713555,25.88043139816983,26.022842452847964,24.70064163208008
2019-01-11,25.555841280611304,25.78328735698892,25.419373981839904,25.59223175048828,2522900,0.0,0,-0.004599951957409143,1.0205359888448946,24.72747869491577,26.088245808634067,23.366711581197475,24.66425046038317,24.832557371713555,25.88043139816983,26.022842452847964,24.737031936645508
2019-01-14,25.401172630799103,25.555836000189924,25.32838997080787,25.382976531982425,2028600,0.0,0,-0.008176513113275607,1.0121915629495346,24.718380737304688,26.05868901436754,23.378072460241835,24.66425046038317,24.541426157497305,25.898724882449805,26.022842452847964,24.78251838684082
2019-01-15,25.355689358098303,25.67411247680629,25.22831837533926,25.59223175048828,2559300,0.0,0,0.008243919630237073,1.0205359888448946,24.73475694656372,26.109307327118504,23.360206566008937,24.66425046038317,24.541426157497305,25.92585058459092,26.022842452847964,25.119138717651367
2019-01-16,25.58312795371052,25.710497163949668,25.48305115407956,25.53763771057129,1973700,0.0,0,-0.002133227006118732,1.0183589539127746,24.766144371032716,26.183726251389064,23.34856249067637,24.882598461211234,24.541426157497305,25.937153721411214,26.022842452847964,25.110042572021484
2019-01-17,25.428466796875,25.510347506332057,25.091845909632028,25.428466796875,3411100,0.0,0,-0.004274902594107122,1.0140055685789606,24.774332332611085,26.20531264687693,23.34335201834524,25.169181531100236,24.541426157497305,25.937153721411214,26.022842452847964,25.08275032043457
2019-01-18,25.59222575689565,26.03802148923503,25.54673724638369,25.765085220336918,3026600,0.0,0,0.013237857640055806,1.0274288299420327,24.836197471618654,26.325628519690948,23.34676642354636,25.460309740400106,24.541426157497305,25.94123903558518,26.022842452847964,24.9826717376709
2019-01-22,25.665013140588645,25.683209242254065,25.137338339221863,25.328393936157227,3061200,0.0,0,-0.016948955551484124,1.0100149843710318,24.87713794708252,26.373480176553233,23.380795717611807,25.56493369943353,24.541426157497305,25.94123903558518,26.022842452847964,24.808612823486328
2019-01-23,25.41027054056585,25.81057603595554,25.237411073308294,25.46485710144043,2581800,0.0,0,0.005387754376656284,1.0154566970235652,24.957198810577392,26.3977802175631,23.516617403591685,25.56493369943353,24.527778758750593,25.94123903558518,26.022842452847964,24.76280212402344
2019-01-24,25.47395487719464,25.89245473153061,25.35568370735744,25.63771629333496,2325900,0.0,0,0.006788146943292883,1.022349766297512,25.07638053894043,26.31128865387861,23.84147242400225,25.56493369943353,24.527778758750593,25.94123903558518,26.022842452847964,24.73531723022461
2019-01-25,25.892456201148583,26.02892521252828,25.73779456076598,25.819673538208008,2283600,0.0,0,0.007097248553310065,1.029605636697344,25.157351398468016,26.36358232039306,23.95112047654297,25.56493369943353,24.527778758750593,25.94123903558518,26.022842452847964,24.32306671142578
2019-01-28,25.42846824888993,25.710500855749142,25.319293384954594,25.610424041748047,3882100,0.0,0,-0.008104265770452646,1.0212614389787926,25.218761825561522,26.384851314346445,24.0526723367766,25.56493369943353,24.527778758750593,25.768548980071678,26.022842452847964,24.350549697875977
2019-01-29,25.70140133821487,25.792380097086657,25.273803427375604,25.428466796875,4423300,0.0,0,-0.007104811875681349,1.0140055685789606,25.273348903656007,26.368477043479633,24.178220763832382,25.56493369943353,24.527778758750593,25.369332300293312,26.022842452847964,23.77338981628418
2019-01-30,22.74460454046448,23.872736717438443,22.58084311012904,23.499725341796875,16017900,0.0,0,-0.0758496951658586,0.9370935553057633,25.22422065734863,26.527699222742157,23.920742091955105,24.309432299682037,24.309432299682037,25.214667117950793,25.961104505486126,23.535194396972656
2019-01-31,23.445136742993604,23.84544049878239,23.445136742993604,23.59980010986328,5265700,0.0,0,0.004258550540946704,0.9410842155726283,25.181005859375,26.632972616789484,23.729039101960513,24.309432299682037,24.309432299682037,25.06455428141621,25.810991668951544,23.97493934631348
2019-02-01,23.73626750328814,23.79085406386053,23.399646619994897,23.48152732849121,4314600,0.0,0,-0.005011600980579511,0.9363678769950566,25.172362804412842,26.662550604270564,23.68217500455512,24.30488416132866,24.309432299682037,24.805264613509458,25.551702001044795,24.07571220397949
2019-02-04,23.417842450685715,23.708973084108237,23.39054830307406,23.663484573364254,4614500,0.0,0,0.007748952711958745,0.9436237473948885,25.12732849121094,26.739158707285902,23.515498275135975,24.30488416132866,24.309432299682037,24.68699176460543,25.43342915214076,24.240610122680664
2019-02-05,23.699876788379814,23.827247751382515,23.62709412463924,23.70897483825684,4504400,0.0,0,0.0019223823419391994,0.945437753024315,25.06091413497925,26.788707500135224,23.333120769823275,24.30488416132866,24.309432299682037,24.58464145483159,25.43342915214076,24.46048355102539
2019-02-06,23.672584392562065,23.790855570504775,23.545213429459626,23.76356315612793,4043500,0.0,0,0.002302432654448072,0.9476145597796262,24.981307983398438,26.793043216934556,23.16957274986232,24.30488416132866,24.309432299682037,24.58464145483159,25.43342915214076,24.5887393951416
2019-02-07,23.572505801537226,23.645288459846338,23.32686367901565,23.627092361450195,4493400,0.0,0,-0.005742859089822194,0.9421725428913479,24.882141399383546,26.761872545667963,23.00241025309913,24.18661160360785,24.309432299682037,24.58464145483159,25.43342915214076,24.148998260498047
2019-02-08,23.590701774002564,23.77265755116633,23.472428870334447,23.73626708984375,2705100,0.0,0,0.0046207432858595965,0.9465260803430343,24.78342981338501,26.686251258612927,22.88060836815709,24.18661160360785,24.309432299682037,24.530054364478588,25.43342915214076,24.00242042541504
2019-02-11,23.854541938510547,23.900032191276296,23.71807465076472,23.809053421020508,2086300,0.0,0,0.0030664607413311007,0.9494285654090522,24.694270896911622,26.604318095859647,22.784223697963597,23.240437650702667,24.309432299682037,24.368567732555885,25.43342915214076,24.02074241638184
2019-02-12,24.00920269176141,24.291237022121717,23.945518080156024,24.218454360961918,3503300,0.0,0,0.017195179190952592,0.9657541597202699,24.636044788360596,26.529307873156952,22.74278170356424,23.809050350568683,24.309432299682037,24.368567732555885,25.43342915214076,24.533771514892575
2019-02-13,24.300334936070293,24.4277059029413,24.091084988370564,24.318531036376957,3799700,0.0,0,0.004132248653173853,0.9697448960460711,24.57235975265503,26.417235785871103,22.727483719438954,23.877284790978475,24.309432299682037,24.468644030058435,25.43342915214076,24.112354278564453
2019-02-14,24.33672858145044,24.68244583142262,24.263945911178627,24.527782440185547,2956100,0.0,0,0.008604607058525948,0.9780891698235586,24.52186698913574,26.312193010488137,22.731540967783346,24.004654755219136,24.309432299682037,24.525505393804046,25.43342915214076,23.77338981628418
2019-02-15,24.78252060187525,24.800716701755576,24.57327065907837,24.67334747314453,3617100,0.0,0,0.005934700102382395,0.9838938357198497,24.484111022949218,26.227084939743552,22.741137106154884,24.06379019038561,24.309432299682037,24.72110977827434,25.43342915214076,23.901647567749023
2019-02-19,24.60056654622208,24.855305021434127,24.500489725088368,24.70064163208008,4224900,0.0,0,0.0011062203442504526,0.9849822390975056,24.430888843536376,26.07533760086271,22.786440086210042,24.09108435022489,24.309432299682037,24.73703031616244,25.43342915214076,23.76422691345215
2019-02-20,24.75522630113932,24.82801070021688,24.618759023420058,24.737031936645508,3414400,0.0,0,0.0014732534120962537,0.9864333675421102,24.40132074356079,26.000307776784915,22.80233371033667,24.09108435022489,24.309432299682037,24.74840391604836,25.43342915214076,23.80087280273437
2019-02-21,24.700637679973383,24.882595191962224,24.55507236449249,24.78251838684082,4079600,0.0,0,0.0018387998330522404,0.9882472210536638,24.367203807830812,25.901066492319913,22.83334112334171,24.177512031148336,24.309432299682037,24.602838308940235,25.43342915214076,24.249771118164062
2019-02-22,24.92808316068678,25.12823676658067,24.78251784836871,25.119138717651367,2560000,0.0,0,0.013582975126098962,1.0016705584756722,24.34127492904663,25.803451588515227,22.879098269578034,24.423155708672695,24.309432299682037,24.602838308940235,25.43342915214076,24.918546676635746
2019-02-25,25.21011764727855,25.273803994611,25.0190638111078,25.110042572021484,2776400,0.0,0,-0.00036212012410641314,1.0013078334087233,24.305793380737306,25.651321707810624,22.96026505366399,24.60966103738351,24.309432299682037,24.71201230935427,25.43342915214076,24.854415893554688
2019-02-26,25.00086960294632,25.30109832197802,24.891696469812427,25.08275032043457,4261200,0.0,0,-0.0010869058269667997,1.0002195060900039,24.27940969467163,25.53859469721071,23.020224692132555,24.696091655174293,24.309432299682037,24.85530384429877,25.43342915214076,24.95518684387207
2019-02-27,24.94628127428861,25.100944648033305,24.909889075630783,24.9826717376709,2842000,0.0,0,-0.003989936569361752,0.9962286937052665,24.257119941711426,25.447321130324557,23.066918753098296,24.782522116578324,24.30488416132866,25.000867948948706,25.43342915214076,24.662033081054688
2019-02-28,24.973515256713668,25.028482152000752,24.799451383044133,24.808612823486328,2546200,0.19,0,-0.0069671857362682,0.989287783360422,24.322564315795898,25.482206050103287,23.16292258148851,24.900794023533194,24.30488416132866,25.05317992846542,25.43342915214076,24.76280212402344
2019-03-01,24.99183284447268,24.99183284447268,24.68951236337431,24.76280212402344,4290400,0.0,0,-0.0018465643278336996,0.9874609998297069,24.380714416503906,25.505285434887142,23.25614339812067,24.900794023533194,24.30488416132866,25.046356229092062,25.43342915214076,25.046804428100582
2019-03-04,24.83609130402328,25.019314827679608,24.442158194481937,24.73531723022461,3737400,0.0,0,-0.001109926641628678,0.9863649905584266,24.443403911590575,25.49730816717935,23.3894996560018,24.87162825822998,24.30488416132866,25.046356229092062,25.43342915214076,24.90938186645508
2019-03-05,24.76280711124994,24.82693544631265,24.31390701844489,24.32306671142578,3261900,0.0,0,-0.01666647389082565,0.9699257641964601,24.476383018493653,25.469487920651783,23.483278116335523,24.807502670211456,24.18661160360785,25.046356229092062,25.43342915214076,25.18421936035156
2019-03-06,24.350549697875973,24.4513237888034,24.03906773261484,24.350549697875977,2776700,0.0,0,0.0011299145283059087,0.971021697408804,24.50846176147461,25.439173906987854,23.577749615961366,24.670083027296428,24.18661160360785,25.046356229092062,25.37918025533001,25.202543258666992
2019-03-07,24.31390246394355,24.31390246394355,23.727582623129976,23.77338981628418,3185400,0.0,0,-0.023702129469469035,0.9480064154191569,24.508953094482422,25.438083680670996,23.579822508293848,24.514340472553997,23.94097071605353,25.046356229092062,24.832557371713555,25.468217849731445
2019-03-08,23.58099983642215,23.82835340312665,23.48022577279465,23.535194396972656,4353500,0.0,0,-0.010019413350483397,0.9385079472841622,24.504358196258544,25.45181646172594,23.556899930791147,24.390662047386336,24.313981000496835,24.309432299682037,24.614210912644996,25.284992218017575
2019-03-11,23.61765193001001,24.130680328588365,23.61765193001001,23.97493934631348,5112200,0.0,0,0.018684568392491663,0.95604356321209,24.51629180908203,25.42979458577237,23.60278903239169,24.29058521041398,24.313981000496835,24.309432299682037,24.614210912644996,25.58731460571289
2019-03-12,24.020743567851103,24.23145317827815,23.89248691161664,24.07571220397949,3316700,0.0,0,0.004203258085885508,0.9600620610496201,24.52962474822998,25.408193570235102,23.65105592622486,24.2543539623977,24.313981000496835,24.307158230505348,24.614210912644996,25.550668716430664
2019-03-13,24.194804678464777,24.44215827090822,24.084870913400376,24.240610122680664,2985000,0.0,0,0.006849139801310633,0.9666376603236834,24.530732536315917,25.40776707760152,23.653697995030313,24.24977030023713,24.313981000496835,24.307158230505348,24.614210912644996,25.66060256958008
2019-03-14,24.22229137349353,24.570417326891874,24.21312993427701,24.46048355102539,3870700,0.0,0,0.009070457683695077,0.9754055063171153,24.53783016204834,25.410114048284687,23.665546275811995,24.24977030023713,24.313981000496835,24.307158230505348,24.614210912644996,25.56899070739746
2019-03-15,24.451321306153403,24.799447248081226,24.44215986723875,24.5887393951416,7586000,0.0,0,0.005243389561316869,0.9805199373669895,24.540878009796142,25.413428997471595,23.66832702212069,24.15358060955365,24.313981000496835,24.307158230505348,24.614210912644996,25.98124885559082
2019-03-18,24.323060339392327,24.63454224012452,24.07570850428845,24.148998260498047,5888600,0.0,0,-0.017883842175758002,0.9629844735569342,24.514660549163818,25.40126521738255,23.628055880945084,24.139836510437938,24.386763596156236,24.248021951644944,24.614210912644996,26.3110466003418
2019-03-19,24.057387309572025,24.3322234777227,23.9840975482408,24.00242042541504,3478800,0.0,0,-0.006069727344457765,0.9571394203654974,24.479749488830567,25.389253914236694,23.57024506342444,24.139836510437938,24.390662047386336,24.248021951644944,24.614210912644996,25.75221824645996
2019-03-20,24.12151649708724,24.158162252749506,23.791711685590137,24.02074241638184,3820600,0.0,0,0.0007633393067059124,0.9578700425070601,24.443935012817384,25.366554347311983,23.521315678322786,24.139836510437938,24.390662047386336,23.77493497519235,24.614210912644996,24.95518684387207
2019-03-21,24.03906431774201,24.64370528268221,24.029902879198584,24.533771514892575,3034000,0.0,0,0.021357753628832743,0.9783279948833654,24.431497669219972,25.342021674265364,23.52097366417458,24.208549589045617,24.390662047386336,24.05924132512536,24.614210912644996,25.59647560119629
2019-03-22,24.36886931780913,24.616222918434456,24.112354278564453,24.112354278564453,3661900,0.0,0,-0.01717702620945627,0.9615232292738091,24.381158447265626,25.243593963279537,23.518722931251716,24.295579466835683,24.390662047386336,24.093358545330254,24.614210912644996,25.440736770629883
2019-03-25,24.020741669853887,24.13067718605823,23.654292861449,23.77338981628418,2252700,0.0,0,-0.014057709104813854,0.9480064154191566,24.31432580947876,25.14679244488637,23.48185917407115,24.226870054765115,24.390662047386336,24.157043527450586,24.614210912644996,25.459060668945312
2019-03-26,23.87416325058545,24.04822709788975,23.681778272537933,23.901647567749023,2696800,0.0,0,0.005395013183058683,0.9531209225279672,24.25527067184448,25.0259479121184,23.484593431570563,24.226870054765115,24.390662047386336,24.186611245033824,24.614210912644996,25.532346725463867
2019-03-27,23.90164498971643,24.13983713734516,23.06797334669872,23.76422691345215,2347100,0.0,0,-0.005749421829911783,0.9476410282894393,24.194348430633546,24.91594845476475,23.472748406502344,23.933710297389972,24.18453583433837,24.200258324953463,24.614210912644996,25.33079719543457
2019-03-28,23.855841435484624,24.03906496922145,23.7367444785582,23.80087280273437,1881000,0.0,0,0.0015420610742225005,0.9491023486315007,24.143961429595947,24.82620283314286,23.461720026049033,23.855839314690463,24.18453583433837,24.200258324953463,24.614210912644996,24.946027755737305
2019-03-29,24.011578968386644,24.286416870760124,23.97493496315624,24.249771118164062,2496200,0.0,0,0.01886058209504471,0.9670029713944648,24.118309879302977,24.74090518248166,23.495714576124293,23.855839314690463,24.18453583433837,24.243472165415184,24.323079698428746,24.442157745361328
2019-04-01,24.57041895283425,24.95519068856086,24.515452061263588,24.918546676635746,4279900,0.0,0,0.027578633844124845,0.9936715922687335,24.127471351623534,24.790638180129143,23.464304523117924,24.01158201762979,24.18453583433837,24.366294004177366,24.323079698428746,24.43299674987793
2019-04-02,24.964351420946656,25.175059288801503,24.735320673965493,24.854415893554688,3234300,0.0,0,-0.0025736165079478512,0.9911142626553918,24.15403881072998,24.886191417320063,23.421886204139895,24.121516317750114,24.18453583433837,24.459546668532774,24.323079698428746,24.21313095092773
2019-04-03,25.055960919030973,25.15673324682417,24.836091639256217,24.95518684387207,4190500,0.0,0,0.00405444854342818,0.9951326844339858,24.184270668029786,24.993169068855327,23.375372267204245,24.121516317750114,24.121516317750114,24.502761977428165,24.323079698428746,24.194807052612305
2019-04-04,25.0101590783444,25.06512772057389,24.552097543961786,24.662033081054688,1981600,0.0,0,-0.011747207690787853,0.9834426541100486,24.22870283126831,25.04009065657181,23.417315005964813,24.121516317750114,24.121516317750114,24.54370313895349,24.323079698428746,23.315330505371094
2019-04-05,24.542932842076056,24.881897329816123,24.44215876592136,24.76280212402344,2407400,0.0,0,0.004085999018716979,0.9874609998297067,24.29008321762085,25.06696684828148,23.51319958696022,24.121516317750114,24.121516317750114,24.602839092430926,24.323079698428746,23.35197257995605
2019-04-08,24.771968210935327,25.065127308542557,24.5795814610268,25.046804428100582,2602900,0.0,0,0.01146890818957913,0.9987860993775436,24.343676471710204,25.17291227844317,23.514440664977236,24.121516317750114,24.121516317750114,24.602839092430926,24.309432299682037,23.55352020263672
2019-04-09,24.845253543738508,24.955187312005275,24.63454395105668,24.90938186645508,2641200,0.0,0,-0.005486630521669422,0.9933061290800796,24.385359954833984,25.24022421454436,23.53049569512361,24.45590188367985,24.121516317750114,24.588256209779317,24.309432299682037,23.690940856933597
2019-04-10,24.973511503942422,25.230026555679096,24.854414543456677,25.18421936035156,2372300,0.0,0,0.011033493138045136,1.0042657654392628,24.43254041671753,25.352642370809825,23.512438462625234,24.602480759417666,24.14899995118891,24.497057136909653,24.309432299682037,23.06797409057617
2019-04-11,25.23002757697606,25.28499446622829,25.083446293360268,25.202543258666992,1413900,0.0,0,0.0007275944532265655,1.0049964636397617,24.46964340209961,25.44981785003033,23.489468954168892,24.863576616074823,24.176483906463506,24.42834731545214,24.309432299682037,23.26952743530273
2019-04-12,25.34912263255344,25.4865407284868,25.24834854676489,25.468217849731445,1643300,0.0,0,0.010541578615209435,1.0155907128692276,24.513617324829102,25.586775301927513,23.44045934773069,24.964349747204082,24.27725703759276,24.227655594303762,24.309432299682037,23.88332748413086
2019-04-15,25.50486150284277,25.605635580316477,25.17505670192211,25.284992218017575,2653800,0.0,0,-0.007194285552092672,1.008284263276793,24.57041702270508,25.68039363274802,23.460440412662138,25.023897173118918,24.336804463507598,24.352321523941583,24.309432299682037,23.690940856933597
2019-04-16,25.312476668720493,25.688088690680026,25.266671219571364,25.58731460571289,2194600,0.0,0,0.011956594057398462,1.0203399089072567,24.64966173171997,25.81177361512108,23.48754984831886,25.06512372830069,24.378031018689374,24.30228310545541,24.309432299682037,23.04049491882324
2019-04-17,25.688088557899484,25.77053801646856,25.48654038900701,25.550668716430664,2892500,0.0,0,-0.0014321897333471334,1.0188785885651954,24.72615804672241,25.914016321034556,23.538299772410266,25.10634839119496,24.419255681583643,24.28416748144727,24.309432299682037,23.07713890075684
2019-04-18,25.514023045764077,25.74305377014729,25.486538729786417,25.66060256958008,3035500,0.0,0,0.004302582228649099,1.0232623974735071,24.782499599456788,26.034392714804458,23.530606484109118,25.17505973874768,24.419255681583643,24.281875650366985,24.309432299682037,22.88475227355957
2019-04-22,25.642280471532743,25.688087666220927,25.468216626449266,25.56899070739746,2533600,0.0,0,-0.0035701368248937104,1.019609210706758,24.855331420898438,26.112332596477906,23.59833024531897,25.20254098376262,24.419255681583643,24.281875650366985,24.309432299682037,22.912233352661133
2019-04-23,25.623959697155986,26.017892866983704,25.596477125452807,25.98124885559082,3260400,0.0,0,0.01612336415273874,1.0360487413044697,24.965724372863768,26.210876156054972,23.720572589672564,25.436153705220192,24.54293310684121,24.23378080502524,24.309432299682037,23.141267776489254
2019-04-24,25.94459782405735,26.35685378948085,25.88046950662827,26.3110466003418,4462200,0.0,0,0.012693683301524983,1.0492000159115322,25.08619432449341,26.362409650091543,23.809978998895275,25.72015004142056,24.712413568089787,24.263300053297087,24.309432299682037,22.71665382385254
2019-04-25,26.17363399029845,26.22860088137174,25.733895366980214,25.75221824645996,6776600,0.0,0,-0.021239305390253094,1.0269157363581287,25.1855938911438,26.33673016463101,24.03445761765659,25.76595524570148,24.712413568089787,24.265249278912137,24.309432299682037,22.965883255004883
2019-04-26,25.514022355403142,25.88963259343907,24.900219960769807,24.95518684387207,6766600,0.0,0,-0.030950009624800212,0.9951326844339858,25.243309593200685,26.210102977810255,24.276516208591115,25.628536875125327,24.712413568089787,24.265249278912137,24.309432299682037,23.88895034790039
2019-04-29,24.89106051338937,25.84382746862495,24.872737635101064,25.59647560119629,4031500,0.0,0,0.025697613940393715,1.020705219978038,25.310644817352294,26.172032126248514,24.449257508456075,25.614795712290956,24.712413568089787,24.299605818215976,24.309432299682037,24.44278907775879
2019-04-30,25.57815487462047,25.596477754450145,25.00099813891361,25.440736770629883,3411100,0.0,0,-0.0060843857175059135,1.0144948557158198,25.336754322052002,26.180299492744886,24.493209151359117,25.614795712290956,24.712413568089787,24.34312075711101,24.309432299682037,24.55355834960937
2019-05-01,25.52318900354863,25.80718666280592,25.303319678894656,25.459060668945312,3461200,0.0,0,0.0007202581623573234,1.0152255539163186,25.366986560821534,26.181761097499834,24.552212024143234,25.614795712290956,24.712413568089787,24.308766051075725,24.309432299682037,24.682785034179688
2019-05-02,25.43157264441128,25.64228049809778,25.092606392830795,25.532346725463867,4435000,0.0,0,0.0028785844643492986,1.0181479664236326,25.395844554901124,26.190659954072274,24.601029155729975,25.614795712290956,24.712413568089787,24.308766051075725,24.309432299682037,24.793554306030277
2019-05-03,25.239184558276406,25.57815079155189,25.239184558276406,25.33079719543457,3050500,0.0,0,-0.007893889746855454,1.0101108186306993,25.42928276062012,26.149831687835785,24.70873383340445,25.614795712290956,25.046799134019526,24.05912306586417,24.309432299682037,24.8581657409668
2019-05-06,24.82693253990096,25.01015608329271,24.652868688417804,24.946027755737305,2417000,0.0,0,-0.015189788016881423,0.9947674494221405,25.43844404220581,26.128558467743904,24.748329616667714,25.504861238949328,25.165894376318548,24.020187574514416,24.309432299682037,24.876628875732425
2019-05-07,24.65286558000894,24.76280109007524,24.1948041582364,24.442157745361328,2744900,0.0,0,-0.020198406548316727,0.97467473205768,25.408211708068848,26.20961067070754,24.606812745430155,25.21170251980407,25.275828973858626,24.020187574514416,24.309432299682037,24.83970642089844
2019-05-08,24.42383531159263,24.680350341483997,24.176481719986565,24.43299674987793,4625000,0.0,0,-0.00037480305866766095,0.9743094209868987,25.38439245223999,26.26865830757692,24.50012659690306,25.033057156712818,25.26666775473371,24.09805892598408,24.309432299682037,24.590478897094727
2019-05-09,24.18564663212418,24.22229239052892,23.791713466102944,24.21313095092773,3860400,0.0,0,-0.008998724192573637,0.9655418792292114,25.335838031768798,26.35645818390218,24.315217879635416,24.81777046736395,25.0742836277919,24.15302607604424,24.309432299682037,24.55355834960937
2019-05-10,24.06655039832992,24.277258258184087,23.70010156654748,24.194807052612305,3268100,0.0,0,-0.0007567752535829753,0.9648111810287128,25.285451221466065,26.42169394445864,24.14920849847349,24.7536441146767,25.028477678014166,24.121516317750114,24.309432299682037,24.793554306030277
2019-05-13,23.65429502894352,23.68177934735449,23.187072100152477,23.315330505371094,6270400,0.0,0,-0.036349806193071266,0.9297404815854109,25.177806854248047,26.599851268715803,23.75576243978029,24.497129381479198,24.771962944816664,24.121516317750114,24.30488416132866,24.784324645996094
2019-05-14,23.42526234227685,23.61764906047254,23.342811141245235,23.35197257995605,2457500,0.0,0,0.001571587182798817,0.9312016498095997,25.081155872344972,26.710924525020904,23.45138721966904,24.414676299125126,24.771962944816664,24.121516317750114,24.30488416132866,24.86739730834961
2019-05-15,23.24204000725467,23.571843081002093,23.15958880197635,23.55352020263672,3649200,0.0,0,0.008630860711684063,0.9392387215435968,24.97946615219116,26.7214113971316,23.237520907250723,24.368869796764123,24.758221295728603,24.121516317750114,24.30488416132866,24.74740028381348
2019-05-16,23.70010229643103,23.93829273390068,23.65429509894385,23.690940856933597,3041600,0.0,0,0.00583439983130396,0.9447186157821249,24.886479759216307,26.694554580987045,23.07840493744557,24.08487244263453,24.758221295728603,24.288709100714982,24.30488416132866,24.5720157623291
2019-05-17,23.41610001149615,23.516874086110278,23.04048977549077,23.06797409057617,5125400,0.0,0,-0.026295568847157336,0.9198767023796348,24.756848335266113,26.69299121845717,22.820705452075057,23.901645432783006,24.69867178248581,24.375740355303286,24.18661160360785,24.295095443725582
2019-05-20,22.921401410513365,23.379462981079826,22.838950188022103,23.26952743530273,4127500,0.0,0,0.00873736652968149,0.9279140022904404,24.641875171661376,26.64414988159896,22.63960046172379,23.75965026475305,24.597901988751477,24.520030261269163,24.18661160360785,24.701250076293945
2019-05-21,23.452750282383118,23.974940138029496,23.452750282383118,23.88332748413086,3310800,0.0,0,0.026377847617864214,0.9523903764453402,24.536979103088377,26.46525192143549,22.608706284741263,23.558104223103093,24.597901988751477,24.62080339239842,24.03369191930792,24.784324645996094
2019-05-22,23.79171319667355,23.82835895466329,23.562682451335416,23.690940856933597,2733200,0.0,0,-0.008055268987333997,0.9447186157821247,24.405973815917967,26.1828261602415,22.629121471594434,23.558104223103093,24.597901988751477,24.680350818313258,24.336804463507598,24.58124542236328
2019-05-23,23.370299784007692,23.416105238676163,22.930561128672483,23.04049491882324,3490700,0.0,0,-0.027455470934578452,0.9187809212851634,24.270387649536133,26.029197110801245,22.51157818827102,23.4069451630258,24.597901988751477,24.72157737349503,24.378031018689374,24.8581657409668
2019-05-24,23.25120101296633,23.342813662604247,23.058816021356066,23.07713890075684,2177300,0.0,0,0.0015904164412572364,0.9202421655682889,24.17648525238037,25.979489190217645,22.373481314543096,23.4069451630258,24.597901988751477,24.762802036389303,24.419255681583643,24.876628875732425
2019-05-28,23.13210590458034,23.3519752163657,22.857269701690125,22.88475227355957,3090300,0.0,0,-0.008336675877569921,0.912570404905073,24.040899085998536,25.80332995305678,22.27846821894029,23.4069451630258,24.597901988751477,24.797157710165664,24.419255681583643,24.98740005493164
2019-05-29,22.774815270649004,23.022167119324543,22.72900807840115,22.912233352661133,2762300,0.0,0,0.0012008466936002105,0.9136662620584807,23.914473915100096,25.618262719660784,22.21068511053941,23.351974108215323,24.542930933941,24.810898332673133,24.419255681583643,25.25508689880371
2019-05-30,22.99468823256164,23.242041868201746,22.958042472896736,23.141267776489254,2316400,0.0,0,0.00999616319818597,0.9227994191226938,23.798584270477296,25.37563591150402,22.22153262945057,23.351974108215323,24.542930933941,24.989543406030702,24.54293310684121,24.368942260742188
2019-05-31,22.845882494771647,23.012034649158277,22.624346875792348,22.71665382385254,3987100,0.19,0,-0.018348776598493433,0.905867178735992,23.657799625396727,25.0846326466656,22.230966604127854,23.299643506910922,24.426473878582044,25.216281804755173,24.712413568089787,24.285863876342773
2019-06-03,22.73511673541412,23.058190214962952,22.66127151956943,22.965883255004883,3167200,0.0,0,0.010971221073530213,0.9158056478171597,23.539553928375245,24.768454879115744,22.310652977634746,23.299643506910922,24.256989734615708,25.23918440689563,24.712413568089787,24.26740837097168
2019-06-04,23.205881632175757,24.018180801573465,23.187421647887227,23.88895034790039,4618900,0.0,0,0.040192971576407555,0.9526145981893883,23.4867000579834,24.546709056662305,22.426691059304492,23.321263838682906,24.23408717220865,25.170475221607557,24.712413568089787,24.43355369567871
2019-06-05,24.119715601577106,24.53509603675481,23.962794299466506,24.44278907775879,5750400,0.0,0,0.02318388718603015,0.9746999075655766,23.486731624603273,24.546855711598532,22.426607537608014,23.579721456273578,24.215766769299133,25.16360464019037,24.712413568089787,24.904315948486328
2019-06-06,24.544327477435,24.6827870388329,24.267408354639205,24.55355834960937,3225100,0.0,0,0.004531777101958179,0.979117030287963,23.492759704589844,24.575713000493096,22.409806408686592,23.653566957312623,24.215766769299133,25.16360464019037,24.712413568089787,24.996631622314453
2019-06-07,24.572018098301022,24.81201371290769,24.525863741177663,24.682785034179688,2463700,0.0,0,0.005263053229609405,0.9842701753363857,23.51624240875244,24.678983784387757,22.353501033117123,23.71818029435002,24.133313686945066,25.16360464019037,24.712413568089787,25.190473556518555
2019-06-10,24.793554306030277,24.90432124447941,24.47971171274315,24.793554306030277,2540500,0.0,0,0.004487713671581295,0.9886872980587725,23.54617977142334,24.805196236209127,22.287163306637552,23.76433406013588,24.10124883367212,25.16360464019037,24.712413568089787,24.913549423217773
2019-06-11,24.968932666467246,25.00585614870642,24.627399258797567,24.8581657409668,2485500,0.0,0,0.0026059771075586102,0.9912637945240477,23.623321533203125,25.001114589194213,22.245528477212037,23.815101512249385,23.817251479542527,25.33079742315524,24.712413568089787,25.061243057250977
2019-06-12,25.264316657920237,25.264316657920237,24.82124364927085,24.876628875732425,2776000,0.0,0,0.0007427392253323006,0.9920000450268924,23.699554347991942,25.175196998992938,22.223911696990946,23.944331766856294,23.944331766856294,25.33537780763394,24.712413568089787,24.941246032714844
2019-06-13,24.922782503425218,25.135087265167567,24.710477741682872,24.83970642089844,2530600,0.0,0,-0.001484222601801255,0.9905276961390757,23.76386365890503,25.319280338154925,22.208446979655136,23.962794088744833,23.944331766856294,25.24376574683135,24.712413568089787,24.77509117126465
2019-06-14,24.76586193876987,24.78432368223225,24.42432672715077,24.590478897094727,2449000,0.0,0,-0.010033432745969684,0.9805893031168439,23.808840560913087,25.405155125278398,22.212525996547775,24.225869152903734,23.944331766856294,25.149862455723266,24.712413568089787,24.830474853515625
2019-06-17,24.53509660526063,24.76586312779341,24.11971616045809,24.55355834960937,4755500,0.0,0,-0.0015014163668735092,0.9791170302879632,23.883119773864745,25.472794519515247,22.293445028214244,24.61355547869337,23.944331766856294,24.946027047577925,24.712413568089787,25.061243057250977
2019-06-18,24.775092562752505,25.15354949690308,24.67355473533351,24.793554306030277,2768700,0.0,0,0.009774385977123545,0.9886872980587726,23.959321117401124,25.570238418784022,22.348403816018227,24.692016409189165,23.944331766856294,24.891060896345433,24.712413568089787,24.43355369567871
2019-06-19,24.86740073419857,24.978167678062647,24.572019869749248,24.784324645996094,2303200,0.0,0,-0.0003722604641618332,0.9883192488662864,24.004370975494385,25.654612309276615,22.354129641712156,24.692016409189165,23.944331766856294,24.63454616314793,24.712413568089787,24.62739944458008
2019-06-20,25.144316390468973,25.144316390468973,24.581245594803203,24.86739730834961,3102100,0.0,0,0.003351822716175512,0.9916319197754699,24.063193798065186,25.748434228518054,22.377953367612317,24.692016409189165,23.944331766856294,24.593319621970895,24.712413568089787,24.784324645996094
2019-06-21,24.7843237708703,24.858168984375183,24.49817378861498,24.74740028381348,11085900,0.0,0,-0.004825475824759451,0.9868468239195336,24.148539066314697,25.78980722729519,22.507270905334206,24.692016409189165,23.944331766856294,24.563545546246363,24.712413568089787,24.968936920166016
2019-06-24,24.848934836308768,24.92278004007725,24.479708817466367,24.5720157623291,2937200,0.0,0,-0.00708698770266758,0.9798530526139994,24.223282909393312,25.796603017300452,22.649962801486172,24.692016409189165,23.944331766856294,24.42154686918157,24.712413568089787,24.941246032714844
2019-06-25,24.4889402081151,24.719706694868737,24.28586457298241,24.295095443725582,1980400,0.0,0,-0.011269743649931274,0.9688103598964369,24.29380006790161,25.740871171073483,22.84672896472974,24.636632828680582,23.944331766856294,24.30015860763441,24.69867178248581,24.535097122192383
2019-06-26,24.479714414338133,24.821247899625,24.479714414338133,24.701250076293945,3642000,0.0,0,0.016717556574705972,0.9850065018981669,24.38325090408325,25.690653196406902,23.0758486117596,24.636632828680582,23.944331766856294,24.17877612675226,24.597901988751477,23.953561782836918
2019-06-27,24.812015501657697,25.06124376626512,24.71047942988376,24.784324645996094,2417900,0.0,0,0.003363172691485561,0.9883192488662865,24.465403747558593,25.649739576242315,23.28106791887487,24.636632828680582,23.944331766856294,24.078003105927287,24.597901988751477,23.22433853149414
2019-06-28,24.885857114801134,24.959704080830743,24.516631087695945,24.58124542236328,3375400,0.0,0,-0.008193857469730115,0.9802211018064855,24.55863332748413,25.425752709800236,23.691513945168026,24.719707034942743,23.944331766856294,24.078003105927287,24.597901988751477,23.298189163208008
2019-07-01,24.9504726859562,25.181239168125423,24.821242258727622,24.8581657409668,2925300,0.0,0,0.011265512135181899,0.9912637945240478,24.653247451782228,25.123260364555176,24.18323453900928,24.733551870553917,23.944331766856294,24.00242357588864,24.597901988751477,23.344343185424805
2019-07-02,24.90431972835457,25.052010144368158,24.775091054494847,24.876628875732425,2711100,0.0,0,0.0007427392253323006,0.9920000450268925,24.702631378173827,25.023614817496668,24.381647938850985,24.733551870553917,23.944331766856294,24.00242357588864,24.597901988751477,23.639720916748047
2019-07-03,24.99663092757768,25.116628750758355,24.793557011191563,24.98740005493164,1603200,0.0,0,0.00445282115002632,0.9964172438082154,24.72986192703247,25.050449895098723,24.409273958966217,24.733551870553917,23.944331766856294,24.00242357588864,24.597901988751477,23.390491485595703
2019-07-05,24.858168228062976,25.282777752645064,24.7935538882882,25.25508689880371,1807900,0.0,0,0.010712873019345537,1.0070917352154192,24.764938354492188,25.148725984810447,24.381150724173928,24.784321162813736,23.953562314218708,23.947452521078162,24.542930933941,23.17818832397461
2019-07-08,24.156637501433774,24.57201790930561,24.07356141985941,24.368942260742188,5593100,0.0,0,-0.03508776832217109,0.9717551337310073,24.749246215820314,25.16953004576297,24.32896238587766,24.67816958625224,23.953562314218708,23.947452521078162,24.542930933941,23.50126075744629
2019-07-09,24.22124954360259,24.35970907956135,24.119711728948857,24.285863876342773,3345200,0.0,0,-0.0034091912365540322,0.9684422346450151,24.723861694335938,25.18974860627706,24.257974782394815,24.67816958625224,23.972024636107246,23.863058692746485,24.4906003326366,22.35665702819824
2019-07-10,24.35971357155984,24.49817489365977,24.13817792105233,24.26740837097168,3098500,0.0,0,-0.0007599278932413078,0.9677062883779154,24.694323825836182,25.196321397012817,24.192326254659548,24.67816958625224,24.235099700266147,23.778316620763313,24.4906003326366,21.645898818969727
2019-07-11,24.322786773816677,24.525860637636065,24.24894157237249,24.43355369567871,2524000,0.0,0,0.006846438736563654,0.9743316301962822,24.672170066833495,25.1791673241462,24.16517280952079,24.67816958625224,24.622786026055785,23.777675505445778,24.4906003326366,22.07973861694336
2019-07-12,24.60893516129077,25.005853754312938,24.50739735546416,24.904315948486328,2490800,0.0,0,0.01926703985310474,0.9931041165454145,24.67540054321289,25.18747984713567,24.163321239290113,24.67816958625224,24.67816958625224,23.897744112786356,24.4906003326366,22.264352798461918
2019-07-15,24.95047901841045,25.033555113924844,24.69201985896467,24.996631622314453,2273200,0.0,0,0.0037068142734406617,0.9967853690596378,24.695708179473876,25.224823704755465,24.166592654192286,24.67816958625224,24.67816958625224,23.93466686330588,24.4906003326366,21.608976364135746
2019-07-16,25.00585964075854,25.44893092585203,24.95970704212293,25.190473556518555,2978800,0.0,0,0.00775472220149287,1.0045151626912079,24.727553939819337,25.294361831883506,24.16074604775517,24.76124617285572,24.76124617285572,23.925746990647543,24.4906003326366,22.024356842041016
2019-07-17,25.107394185464237,25.15354677806129,24.83970421869735,24.913549423217773,2383800,0.0,0,-0.010993208709612401,0.9934723178557732,24.73355369567871,25.305602191990534,24.16150519936689,24.76124617285572,24.76124617285572,23.932791446903998,24.4906003326366,21.95974349975586
2019-07-18,24.913552629204663,25.14431914310312,24.71047873079318,25.061243057250977,2273500,0.0,0,0.005928245370592,0.9993618655249129,24.747399616241456,25.337021730365294,24.157777502117618,24.76124617285572,24.76124617285572,23.816176495895956,24.4906003326366,21.304363250732425
2019-07-19,25.19970340965751,25.26431951450201,24.9320151605942,24.941246032714844,3138600,0.0,0,-0.004788151340378688,0.9945767696689765,24.751092052459718,25.344628274530844,24.157555830388592,24.78432132740044,24.76124617285572,23.944331766856294,24.4906003326366,21.3597469329834
2019-07-22,24.987395925208727,25.070472004684,24.63663162567541,24.77509117126465,3353700,0.0,0,-0.006661850864718377,0.9879510475559283,24.752476596832274,25.346102061269466,24.158851132395082,24.79355442345218,24.76124617285572,23.95356292780056,24.4906003326366,21.092060089111328
2019-07-23,24.92278180491482,24.95047441851717,24.710477049122733,24.830474853515625,2734700,0.0,0,0.0022354582620149888,0.9901595708876536,24.765399551391603,25.353924324544014,24.176874778239192,24.84893624911226,24.76124617285572,24.085100459880014,24.4906003326366,21.02744483947754
2019-07-24,24.775093072987342,25.098166544566944,24.701247858964187,25.061243057250977,2912300,0.0,0,0.00929374911662939,0.9993618655249129,24.803706932067872,25.363530263506757,24.243883600628987,24.978164140658095,24.76124617285572,24.278943622774833,24.4906003326366,21.38744354248047
2019-07-25,24.922779255626736,24.97816271655775,24.368939364491112,24.43355369567871,5450100,0.0,0,-0.025046218183924274,0.9743316301962823,24.79032211303711,25.371921553862983,24.208722672211238,24.90893514517157,24.76124617285572,24.31817408802273,24.4906003326366,21.37820816040039
2019-07-26,25.199699338736263,25.28277541379257,24.332018626872557,24.62739944458008,5335000,0.0,0,0.007933588020626381,0.982061575945725,24.782475852966307,25.36845244121846,24.196499264714156,24.890474776362293,24.76124617285572,24.31817408802273,24.4906003326366,21.07107734680176
2019-07-29,24.535096381388666,24.87663160628871,24.442789421096048,24.784324645996094,3056300,0.0,0,0.006371976130453705,0.9883192488662869,24.79262981414795,25.371218553613527,24.214041074682374,24.807397020332566,24.76124617285572,24.31817408802273,24.4906003326366,21.489891052246094
2019-07-30,24.738170398683486,25.00586040869546,24.581249093651014,24.968936920166016,2467500,0.0,0,0.007448751451040403,0.9956809933053707,24.79816837310791,25.38131276821274,24.215023978003078,24.807397020332566,24.76124617285572,24.31817408802273,24.4906003326366,22.215839385986328
2019-07-31,25.015091249071155,25.218165153898795,24.710479511525275,24.941246032714844,3370500,0.0,0,-0.0011090134730088463,0.9945767696689762,24.80139923095703,25.386984024645795,24.215814437268268,24.807397020332566,24.76124617285572,24.31817408802273,24.4906003326366,22.49505043029785
2019-08-01,24.941246703377747,25.015091921719733,24.368944940770696,24.535097122192383,3287900,0.0,0,-0.016284226938370505,0.9783808558440552,24.77878408432007,25.36885611330028,24.18871205533986,24.807397020332566,24.76124617285572,24.29048229776844,24.4906003326366,22.355443954467773
2019-08-02,24.221249989200704,24.30432606442601,23.805871373682717,23.953561782836918,2984200,0.0,0,-0.023702182080602263,0.9551910946546639,24.713707828521727,25.363999819512163,24.06341583753129,24.544323393737642,24.627401149767373,24.29048229776844,24.4906003326366,22.81148910522461
2019-08-05,23.436643271692084,23.56587369840223,23.02126466181896,23.22433853149414,4603600,0.0,0,-0.030443207484294743,0.9261120139729413,24.656477642059325,25.569770082977417,23.743185201141234,24.152020037805766,24.235097793835493,24.29048229776844,24.4906003326366,22.792875289916992
2019-08-06,23.418188747353557,23.53818657089016,22.984346534747427,23.298189163208008,3925500,0.0,0,0.003179880951774683,0.9290569399253835,24.60709390640259,25.68852749808096,23.52566031472422,24.133560974269997,24.216638730299728,24.33201940089952,24.4906003326366,22.746337890625
2019-08-07,23.002807943935093,23.43664838959221,22.818194014382453,23.344343185424805,2335000,0.0,0,0.001981013283628208,0.9308974140646227,24.560940647125243,25.769226223371344,23.35265507087914,24.05048471408751,24.13356247011724,24.338941818705106,24.4906003326366,22.588119506835938
2019-08-08,23.565875706880774,23.7689495938636,23.501259607714324,23.639720916748047,2780000,0.0,0,0.012653075264403402,0.9426761291082209,24.52124900817871,25.794783291660632,23.247714724696788,24.018179584140626,24.13356247011724,24.338941818705106,24.4906003326366,22.69049644470215
2019-08-09,23.53818189783145,23.547412768672256,23.24280107335996,23.390491485595703,2023200,0.0,0,-0.010542824597213118,0.932737660027053,24.44555778503418,25.797436001675468,23.09367956839289,24.018179584140626,24.13356247011724,24.338941818705106,24.4906003326366,22.420595169067383
2019-08-12,23.2520335351451,23.29818613189839,23.07665049838692,23.17818832397461,2797300,0.0,0,-0.00907647288009461,0.9242716919515745,24.354635620117186,25.789036481337288,22.920234758897085,24.018179584140626,24.13356247011724,24.36894173851622,24.4906003326366,22.308910369873047
2019-08-13,23.122803818285533,23.972024653609157,23.122803818285533,23.50126075744629,3074700,0.0,0,0.013938640456101048,0.9371547827494398,24.270174980163574,25.696586083402245,22.843763876924903,23.916642968051093,24.13356247011724,24.315865950235473,24.4906003326366,22.215839385986328
2019-08-14,23.039725630711043,23.067418243467404,22.3197353051317,22.35665702819824,3924600,0.0,0,-0.04870392874073304,0.8915116629913739,24.142330360412597,25.76257434732326,22.522086373501935,23.312030684778854,23.884333115491863,24.325097111179744,24.426473878582044,22.19722557067871
2019-08-15,22.227429635443794,22.29204397498439,21.544360993629528,21.645898818969727,4281000,0.0,0,-0.03179179285758327,0.8631689088714325,23.971563148498536,25.86803835531443,22.075087941682643,22.758192823619343,23.49664595974078,24.456634643259193,24.256989734615708,22.63465881347656
2019-08-16,21.848972118756496,22.14435295473829,21.75666516736002,22.07973861694336,2989200,0.0,0,0.02004258643182011,0.880469046332748,23.82848777770996,25.840292936739154,21.816682618680765,22.758192823619343,23.49664595974078,24.65047780615401,24.23408717220865,22.54158592224121
2019-08-19,22.365888861721366,22.4674266855895,22.18127671722593,22.264352798461918,2445100,0.0,0,0.008361248505763141,0.8878308668307684,23.702950859069823,25.775900102724872,21.630001615414773,22.758192823619343,23.49664595974078,24.67816958625224,24.215766769299133,23.06277656555176
2019-08-20,22.19973808024499,22.218199824025604,21.590514620355133,21.608976364135746,2147200,0.0,0,-0.02943613228997377,0.8616965599836158,23.54187593460083,25.73771345865002,21.346038410551643,22.758192823619343,23.49664595974078,24.67816958625224,24.215766769299133,23.03485870361328
2019-08-21,21.83051205315832,22.135123783737875,21.701283367642382,22.024356842041016,2651100,0.0,0,0.019222589302965387,0.8782605990599589,23.390031623840333,25.564274313455343,21.215788934225323,22.758192823619343,23.41356820371105,24.76124617285572,24.133313686945066,23.146541595458984
2019-08-22,22.12589391987086,22.181279153851403,21.867436537063828,21.95974349975586,3214100,0.0,0,-0.002933722094523028,0.8756840265357476,23.266341114044188,25.47063600638082,21.062046221707558,22.758192823619343,23.41356820371105,24.76124617285572,24.10124883367212,23.03485870361328
2019-08-23,21.839741461342346,22.09820057566077,21.23051804101411,21.304363250732425,3657300,0.0,0,-0.029844622230251416,0.8495495675707228,23.100189304351808,25.369777149749833,20.830601458953783,22.601271347311634,23.256646727403343,24.76124617285572,24.03663890082219,22.06692886352539
2019-08-26,21.51666822529125,21.59051343575326,21.27667085113756,21.3597469329834,2249200,0.0,0,0.0025996403459309647,0.8517580909024478,22.928960418701173,25.18094965845694,20.676971178945408,22.148968142240758,23.256646727403343,24.77278375012808,24.03663890082219,21.64811134338379
2019-08-27,21.46128616564584,21.47974790962477,20.99052225783604,21.092060089111328,3052600,0.0,0,-0.012532304091052326,0.8410835994952441,22.73511657714844,24.91693333187359,20.553299822423288,21.72897447171277,23.136648835814306,24.77740029815395,24.03663890082219,21.97385597229004
2019-08-28,20.972059609927943,21.110520923193192,20.69514050461492,21.02744483947754,2749600,0.0,0,-0.003063486893209899,0.8385069509120967,22.539426517486575,24.59150468474473,20.48734835022842,21.58128359510221,22.988957959203745,24.80509121098399,24.03663890082219,22.178611755371094
2019-08-29,21.368981796263995,21.58128659592641,21.295136572007102,21.38744354248047,1948100,0.0,0,0.017120420752551713,0.852862542715651,22.38204383850098,24.272525580140165,20.491562096861795,21.58128359510221,22.988957959203745,24.869705156756908,24.03663890082219,22.076234817504883
2019-08-30,21.48897685372752,21.53512944892544,21.2582103565206,21.37820816040039,2717200,0.0,0,-0.0004318132768759142,0.8524942653463562,22.253276157379155,24.045278720379486,20.461273594378824,21.45667016432026,22.988957959203745,24.835090659013645,24.03663890082219,21.54573631286621
2019-09-03,21.164147833968897,21.27583277360384,20.950086956104805,21.07107734680176,3528600,0.19,0,-0.014366536769322868,0.8402468751376209,22.145613098144533,23.950141306099056,20.34108489019001,21.43820982923316,22.956652829256857,24.82586047460901,24.03663890082219,21.731874465942383
2019-09-04,21.28513742538104,21.51781272757065,21.28513742538104,21.489891052246094,3188100,0.0,0,0.019876235967967837,0.8569478202992038,22.05519819259644,23.799218108862433,20.311178276330445,21.43820982923316,22.956652829256857,24.784321596594143,24.03663890082219,21.936628341674805
2019-09-05,21.713259864165654,22.39267134351132,21.67603273764472,22.215839385986328,4033300,0.0,0,0.03378092201469585,0.8858963077873948,21.998773002624514,23.64131092452069,20.35623508072834,21.543905924063118,22.956652829256857,24.784321596594143,24.03663890082219,22.048315048217773
2019-09-06,22.24376065394595,22.513664882288037,22.150690169166896,22.49505043029785,3133700,0.0,0,0.012568106901585274,0.8970303472873865,21.941539478302005,23.42141939087915,20.461659565724858,21.604402693451476,22.855116213167328,24.784321596594143,24.03663890082219,21.927324295043945
2019-09-09,22.616039162569344,22.746338541791843,22.3461367291539,22.355443954467773,4110700,0.0,0,-0.006206097481873063,0.8914632895079225,21.889787101745608,23.22745799417691,20.552116209314306,21.72073952320338,22.499733284520467,24.784321596594143,24.03663890082219,21.95524406433105
2019-09-10,22.374060132726463,22.84871623418291,22.33683122859632,22.81148910522461,2497600,0.0,0,0.020399735817623776,0.909648905104994,21.87145214080811,23.145870024943193,20.597034256673027,21.771928369398914,22.33358257911204,24.585862271752507,24.03663890082219,21.89940071105957
2019-09-11,22.876638551378043,23.006936169129947,22.429902340367036,22.792875289916992,2681500,0.0,0,-0.0008159842271477924,0.9089066459461861,21.836032867431644,22.95570240301194,20.716363331851348,21.978511562617378,22.33358257911204,24.19355891582063,24.03663890082219,22.32752799987793
2019-09-12,22.867328265898283,22.885942715993146,22.588118615162,22.746337890625,4376700,0.0,0,-0.0020417520255805455,0.9070508839607618,21.855516910552982,23.023792023784388,20.687241797321576,21.978511562617378,22.33358257911204,24.175099852284863,24.03663890082219,22.24376106262207
2019-09-13,22.8859436194238,22.8859436194238,22.550890605176587,22.588119506835938,3364300,0.0,0,-0.006955773916216712,0.9007416430814262,21.902627944946293,23.109078945757297,20.69617694413529,21.978511562617378,22.33358257911204,24.092023592102375,24.03663890082219,22.569507598876957
2019-09-16,22.42990122218956,22.93247899072942,22.420593996361,22.69049644470215,3562200,0.0,0,0.004532335586201697,0.904824106484338,21.933165836334233,23.186528135606984,20.67980353706148,22.146036797255494,22.33358257911204,24.075871027128933,24.03663890082219,23.044166564941406
2019-09-17,22.569507239769635,22.69049763152575,22.336831907400875,22.420595169067383,2351400,0.0,0,-0.011894903943266644,0.8940613106521547,21.940977954864504,23.20451695837479,20.67743895135422,22.341484453387334,22.33358257911204,24.075871027128933,24.03663890082219,23.230304718017575
2019-09-18,22.36475372811932,22.4857441206424,22.19722720372434,22.308910369873047,2313500,0.0,0,-0.004981348548160902,0.8896076796403707,21.97597465515137,23.239565969601717,20.71238334070102,22.57881316914842,22.33358257911204,24.075871027128933,24.03663890082219,22.81148910522461
2019-09-19,22.346136991567214,22.55089062536171,22.20653216056316,22.215839385986328,1861600,0.0,0,-0.0041719197550951215,0.8858963077873947,21.985548782348634,23.253402100905745,20.71769546379152,22.60208168642714,21.881279374041164,24.025102719084167,24.03663890082219,23.481595993041992
2019-09-20,22.30890872861091,22.39267198464595,22.02039183291898,22.19722557067871,4899200,0.0,0,-0.0008378623460592038,0.8851540486285868,21.997422885894775,23.268566765192716,20.726279006596833,22.513664001024463,21.851038336872435,23.59818190013536,23.884333115491863,23.407140731811523
2019-09-23,22.56950999648333,22.74634376773077,22.318220180790448,22.63465881347656,3248300,0.0,0,0.019706662952313936,0.9025974811257865,22.063937664031982,23.322071664882863,20.805803663181102,22.513664001024463,21.851038336872435,23.12741939168006,23.49664595974078,22.89525413513184
2019-09-24,22.68119254403836,22.77426125834054,22.401981075616,22.54158592224121,2524100,0.0,0,-0.004111963515877393,0.8988860332138745,22.12302961349487,23.35373968314694,20.892319543842802,22.4764354118242,21.851038336872435,23.12741939168006,23.49664595974078,23.20238304138184
2019-09-25,22.578811511513187,23.081389240575028,22.53227538602582,23.06277656555176,3866000,0.0,0,0.02312129435384147,0.9196694417783694,22.221565437316894,23.421163911975043,21.021966962658745,22.550890536747005,21.888264872594974,23.12741939168006,23.49664595974078,23.100008010864254
2019-09-26,22.895253854383352,23.13723642146215,22.513666438074623,23.03485870361328,3280400,0.0,0,-0.001210516082446933,0.9185561671285617,22.32193613052368,23.437162040953766,21.206710220093598,22.57881412719056,21.916188463038534,23.12741939168006,23.49664595974078,22.792875289916992
2019-09-27,23.11861991802031,23.267531980682936,22.969707855357687,23.146541595458984,2496500,0.0,0,0.004848429646680863,0.9230097220814093,22.409891033172606,23.493109449970337,21.326672616374875,22.643961906800957,21.98133624264893,23.085880513665195,23.49664595974078,23.211692810058597
2019-09-30,23.183770779481467,23.2489195907773,23.03485870361328,23.03485870361328,2437600,0.0,0,-0.00482503580006155,0.9185561671285616,22.492723560333253,23.497404879014578,21.48804224165193,22.643961906800957,21.98133624264893,23.085880513665195,23.49664595974078,23.583972930908203
2019-10-01,23.03485915062408,23.15584954892541,21.927324011586315,22.06692886352539,3121200,0.0,0,-0.042020220420803334,0.8799582345169311,22.542516136169432,23.33458638111069,21.750445891228175,22.597427996134627,21.98133624264893,22.928959037357487,23.33972448343307,24.16100311279297
2019-10-02,21.80633062729529,21.92732100902914,21.368899902566675,21.64811134338379,2882800,0.0,0,-0.018979420413769876,0.8632571372374755,22.550427150726318,23.30198272454501,21.798871576907626,22.318215941624807,21.98133624264893,22.70280743482205,23.33972448343307,23.965559005737305
2019-10-03,21.527118045691005,21.99246864722076,21.368898770164023,21.97385597229004,3017800,0.0,0,0.015047253949282968,0.8762467866050189,22.538327980041505,23.31859948897134,21.75805647111167,22.318215375423478,21.98133624264893,22.432811653763537,23.219726591844037,24.3564567565918
2019-10-04,22.08554127097719,22.206533433240818,21.90870930331779,22.178611755371094,1853500,0.0,0,0.009318154416742441,0.8844117894697788,22.522506046295167,23.318492919533224,21.72651917305711,22.318215375423478,22.108809468393872,22.285120777152976,23.072035715233476,24.477445602416992
2019-10-07,22.159998078873237,22.290297471652828,22.04831491383004,22.076234817504883,2192100,0.0,0,-0.004616021011388027,0.8803293260668671,22.50854558944702,23.32551045259769,21.69158072629635,22.318215375423478,22.108809468393872,22.285120777152976,23.072035715233476,23.92832946777344
2019-10-08,21.92732373170944,21.992472543437994,21.54573631286621,21.54573631286621,2109900,0.0,0,-0.024030298147491358,0.8591747498935002,22.445257949829102,23.350856640456946,21.539659259201258,22.318215375423478,22.108809468393872,22.222814061762,23.072035715233476,23.59327888488769
2019-10-09,21.8063304946731,21.843557621452582,21.64811121172386,21.731874465942383,2599600,0.0,0,0.008639210578522682,0.8665973414815796,22.392207908630372,23.334117589501307,21.450298227759436,22.318215375423478,22.27633470303199,22.197431329245006,23.072035715233476,23.33268165588379
2019-10-10,21.582962645119206,22.02969882240157,21.555040968349644,21.936628341674805,3091900,0.0,0,0.009421823048596512,0.8747622682874032,22.35172243118286,23.298915426505836,21.404529435859885,22.308909180470664,22.318215375423478,22.197431329245006,23.072035715233476,23.742191314697266
2019-10-11,22.13207831009667,22.336831964038467,22.02039336920084,22.048315048217773,2563700,0.0,0,0.00509133421979846,0.8792159753581233,22.32473220825195,23.274228113261188,21.375236303242716,22.262374159544716,22.318215375423478,22.25027937665999,23.072035715233476,24.272687911987305
2019-10-14,21.945938748922323,22.029702016202997,21.7691049874218,21.927324295043945,2204900,0.0,0,-0.0054875283172084455,0.8743912527964036,22.286573600769042,23.23553997783354,21.337607223704545,21.852865367101245,22.318215375423478,22.229759453309402,23.072035715233476,24.309919357299805
2019-10-15,22.02970009819003,22.187919392036832,21.927322385944485,21.95524406433105,2512800,0.0,0,0.0012732866496354411,0.8755046035051472,22.263306045532225,23.220861521592386,21.305750569472064,21.852865367101245,22.318215375423478,22.110236403861926,23.072035715233476,23.788724899291992
2019-10-16,21.89009348568367,22.011083865226883,21.87147903493188,21.89940071105957,1475800,0.0,0,-0.0025435086536890195,0.8732777499697874,22.242830562591553,23.213176897293245,21.272484227889862,21.94128413845234,22.318215375423478,22.052755474255477,23.072035715233476,23.565357208251957
2019-10-17,22.132081543719277,22.34614245527556,22.057625497300904,22.32752799987793,2405500,0.0,0,0.019549726244433074,0.8903500909170512,22.248414993286133,23.219367637905208,21.277462348667058,21.945939384070886,22.318215375423478,22.15604707086471,23.072035715233476,23.695653915405277
2019-10-18,22.22514661028989,22.35544600144325,22.16930502846525,22.24376106262207,2845000,0.0,0,-0.003751733611366048,0.8870097345550749,22.2507417678833,23.221412523669095,21.28007101209751,21.950591157154733,22.318215375423478,22.15604707086471,23.072035715233476,24.06793594360352
2019-10-21,22.45782265648727,22.77426125555744,22.42059552580533,22.569507598876957,3104800,0.0,0,0.014644400078647868,0.8999994599815547,22.24748420715332,23.21335295628999,21.28161545801665,22.164651111953543,22.318215375423478,22.15604707086471,23.072035715233476,23.863178253173828
2019-10-22,23.044166564941406,23.127929831820797,22.67188636501748,23.044166564941406,3600600,0.0,0,0.021030984569998745,0.918927334737434,22.27261323928833,23.29300071111655,21.252225767460107,22.34148540008522,22.318215375423478,22.23980968818377,23.072035715233476,23.518823623657227
2019-10-23,22.8487173085994,23.25822639742816,22.78356849848,23.230304718017575,2934000,0.0,0,0.008077452163505638,0.9263499263255134,22.28098964691162,23.329851387624526,21.232127906198716,22.51366569242498,22.318215375423478,22.337533516249685,23.072035715233476,23.50006675720215
2019-10-24,23.239610851690216,23.239610851690216,22.634655360950106,22.81148910522461,5170100,0.0,0,-0.018028847140697635,0.9096489051049942,22.269821166992188,23.290409545208817,21.249232788775558,22.51366569242498,22.318215375423478,22.456197874130233,23.072035715233476,23.23749351501465
2019-10-25,23.853876199546757,24.32853412852985,23.14654469477373,23.481595993041992,5916600,0.0,0,0.029375850244862223,0.9363706151167613,22.286573886871338,23.373749007312988,21.199398766429688,23.100006581730867,22.848716449346938,22.241680530234152,23.072035715233476,22.974925994873047
2019-10-28,23.658430545266288,23.93764026565684,23.36991359750644,23.407140731811523,3639200,0.0,0,-0.003170792192001448,0.9334015784815295,22.30518798828125,23.454631293804646,21.155744682757856,23.100006581730867,22.848716449346938,22.18235116894845,23.072035715233476,22.777996063232425
2019-10-29,23.28614878287209,23.351297594966795,22.597429979743453,22.89525413513184,5220100,0.0,0,-0.02186882210623886,0.9129891854080344,22.34660425186157,23.518442012833614,21.174766490889528,23.19307981291538,22.848716449346938,22.18235116894845,23.072035715233476,22.552934646606445
2019-10-30,22.84871556321845,23.23030294348771,22.83941011263103,23.20238304138184,3833100,0.0,0,0.01341452269703014,0.9252364995578336,22.424317836761475,23.606777104167424,21.241858569355525,23.24891957849755,22.848716449346938,22.163736874348317,23.072035715233476,22.47791862487793
2019-10-31,23.08139355718809,23.211692957749246,22.7091133595248,23.100008010864254,3217400,0.0,0,-0.004412263616844769,0.9211541122138578,22.480625438690186,23.679238179901805,21.282012697478567,23.37456482716759,22.848716449346938,22.21957770467099,23.072035715233476,22.4310302734375
2019-11-01,22.830104195087195,23.04416507430015,22.709112028455937,22.792875289916992,3708000,0.0,0,-0.013295784174741976,0.9089066459461863,22.51133861541748,23.70888999536712,21.31378723546784,23.462982054136653,22.848716449346938,22.247501295114546,23.072035715233476,22.262231826782227
2019-11-04,22.98832469288186,23.25822716878092,22.904561427044086,23.211692810058597,2642300,0.0,0,0.018374931412312057,0.9256077432256421,22.568111515045167,23.78548207584236,21.350740954247975,23.462982054136653,22.848716449346938,22.312649074724945,22.988957959203745,22.515424728393555
2019-11-05,23.40713917301198,23.807341047379857,23.267534322113697,23.583972930908203,4297200,0.0,0,0.016038473535557207,0.9404530785196734,22.670023345947264,23.868901072144414,21.471145619750114,23.462982054136653,22.848716449346938,22.312649074724945,22.988957959203745,22.834264755249023
2019-11-06,23.63050369497225,24.254073590958576,23.509513315977173,24.16100311279297,6501800,0.0,0,0.024467047328083247,0.9634631885016558,22.791479778289794,24.075681819290715,21.507277737288874,23.462982054136653,22.848716449346938,22.289382119391778,22.988957959203745,22.627954483032227
2019-11-07,24.29130482298559,24.393680761135933,23.84456861513349,23.965559005737305,4523300,0.0,0,-0.008089238105854046,0.9556695053636406,22.89292631149292,24.211453878140965,21.574398744844878,23.495555370439693,22.881289765649978,22.149776092136868,22.988957959203745,22.60920524597168
2019-11-08,23.965562080772315,24.3564567565918,23.82595721980224,24.3564567565918,4891300,0.0,0,0.016310812977945455,0.9712572519343525,23.00833339691162,24.413144756004844,21.603522037818397,23.495555370439693,22.969708537001072,22.149775809036203,22.988957959203745,22.702978134155277
2019-11-11,24.0586310462039,24.60774500283236,23.98417500675455,24.477445602416992,3576100,0.0,0,0.00496742391696392,0.9760818984371359,23.135839462280273,24.587686833820726,21.68399209073982,23.658428515644147,23.076740657849285,22.213512421908675,22.988957959203745,22.71235466003418
2019-11-12,24.30061140630618,24.46813792361155,23.77941740242908,23.92832946777344,5190600,0.0,0,-0.022433555509130843,0.9541849109870886,23.234493732452393,24.617849905823945,21.85113755908084,23.658428515644147,23.076740657849285,22.213512421908675,22.988957959203745,22.909284591674805
2019-11-13,23.73288372825481,23.937637380181798,23.56535720614551,23.59327888488769,2802600,0.0,0,-0.014002255499574012,0.9408241700696091,23.3191876411438,24.564297199621784,22.074078082665814,23.658428515644147,23.081392985591002,22.213512421908675,22.988957959203745,22.974925994873047
2019-11-14,23.258225621777267,23.36060333436319,23.044164745617497,23.33268165588379,5361100,0.0,0,-0.011045401119334164,0.9304323897284256,23.369445323944092,24.527585994357704,22.21130465353048,23.756153214938223,23.081392985591002,22.297275039227735,22.956652829256857,22.946792602539062
2019-11-15,23.52813043327535,23.742191314697266,23.369911135013083,23.742191314697266,5620200,0.0,0,0.017550904128939226,0.946762319399009,23.44436683654785,24.488625311842515,22.400108361253185,23.825954874224927,23.18842499512708,22.31356227794707,22.956652829256857,22.777996063232425
2019-11-18,23.74218849699995,24.477441542720683,23.50020596513048,24.272687911987305,7050900,0.0,0,0.022344045259278245,0.9679168195134397,23.52952585220337,24.55183884111458,22.50721286329216,23.825954874224927,23.18842499512708,22.2902947674841,22.956652829256857,22.96554946899414
2019-11-19,24.384375392192545,24.412295295794884,23.91902473031995,24.309919357299805,3600500,0.0,0,0.0015338822567776411,0.9694014899489279,23.59281349182129,24.643733502956124,22.541893480686454,23.825954874224927,23.23961201888212,22.08554037126236,22.855116213167328,22.890525817871094
2019-11-20,24.151699615977428,24.263382778671517,23.63050560616548,23.788724899291992,5909800,0.0,0,-0.021439579882905235,0.9486179292665605,23.62073450088501,24.661152900060678,22.580316101709343,23.825954874224927,23.23961201888212,22.08554037126236,22.499733284520467,22.974925994873047
2019-11-21,23.788725312693693,23.97486628731442,23.537437304679173,23.565357208251957,3342500,0.0,0,-0.009389645388126033,0.939710743301929,23.658427906036376,24.630505907630827,22.686349904441926,23.825954874224927,23.332685250066632,22.12974975693791,22.33358257911204,23.096832275390625
2019-11-22,23.686348464686297,23.88179488287768,23.518821948995495,23.695653915405277,2229400,0.0,0,0.005529163254427205,0.9449065574135845,23.66913080215454,24.63785689215728,22.7004047121518,23.76080314416909,23.388525015648803,22.13207737974718,22.33358257911204,23.17185401916504
2019-11-25,23.751497362777453,24.105163072139145,23.751497362777453,24.06793594360352,2873700,0.0,0,0.015710983521590505,0.9597519687665522,23.70217056274414,24.67802671227569,22.72631441321259,23.76080314416909,23.514170264318842,22.134403266289105,22.33358257911204,22.824886322021484
2019-11-26,23.9934776285812,24.095853553692827,23.70495897781404,23.863178253173828,7178700,0.0,0,-0.008507488590192458,0.951586889842856,23.75056676864624,24.654124693070067,22.847008844222415,23.76080314416909,23.602587491287906,22.241433243688512,22.33358257911204,22.777996063232425
2019-11-27,23.909718263045534,24.02140143134393,23.490901943996647,23.518823623657227,4488400,0.0,0,-0.014430375780761784,0.9378551334343772,23.76638879776001,24.641319736927453,22.891457858592563,23.923676338866883,23.602587491287906,22.329850387754348,22.33358257911204,22.68422508239746
2019-11-29,23.53757769915246,23.67824015422581,23.47193533935957,23.50006675720215,1495500,0.19,0,-0.0007975257077148523,0.9371071698553509,23.786391735076904,24.61611578638259,22.95666768377122,23.97468844104013,23.602587491287906,22.41594053392423,22.33358257911204,22.60920524597168
2019-12-02,23.50944064516728,23.556329314931432,23.19998257920333,23.23749351501465,3441300,0.0,0,-0.011173297714442754,0.9266365924562182,23.808622646331788,24.54874754286378,23.068497749799796,23.806138937499107,23.602587491287906,22.41594053392423,22.33358257911204,22.85301971435547
2019-12-03,22.94679278852709,23.04056835439346,22.63733467320218,22.974925994873047,3353400,0.0,0,-0.01129930471941587,0.9161662432338942,23.79678430557251,24.581452862948463,23.012115748196553,23.450358725936848,23.602587491287906,22.974361515538902,22.511837316572382,22.656089782714844
2019-12-04,23.09683008544998,23.17185017102233,22.740485126136285,22.777996063232425,6001400,0.0,0,-0.008571515385275563,0.9083133101845448,23.75648546218872,24.656396105019237,22.856574819358205,23.371248872670662,23.602587491287906,22.974361515538902,22.511837316572382,23.01243782043457
2019-12-05,22.853016785881216,22.87177046633216,22.431027674885428,22.552934646606445,3756200,0.0,0,-0.009880650431284721,0.8993385838845281,23.676082038879393,24.69759586595869,22.654568211800097,23.26809537351229,23.519386338858894,23.02089813113116,22.511837316572382,22.93741226196289
2019-12-06,22.506051833573203,22.74048987350626,22.459164941034715,22.47791862487793,3519500,0.0,0,-0.003326219975536726,0.8963471859220405,23.601700019836425,24.739433268260967,22.463966771411883,23.26809537351229,23.519386338858894,23.048818013922244,22.511837316572382,22.9561710357666
2019-12-09,22.562314994902827,22.581070466146496,22.32787697021749,22.4310302734375,2664300,0.0,0,-0.0020859738938877603,0.8944774290923474,23.50542869567871,24.696593571715034,22.314263819642385,23.211865261955158,23.467810986524924,23.111640638257263,22.511837316572382,23.35002326965332
2019-12-10,22.327874179309823,22.477914353264318,22.187211739804983,22.262231826782227,3815400,0.0,0,-0.007525220402165966,0.8877462892936647,23.39466800689697,24.61562026503698,22.173715748756962,23.104306585574456,23.39747837131867,23.155849251741795,22.511837316572382,23.1624755859375
2019-12-11,22.365384558188627,22.62795396173729,22.346629089758032,22.515424728393555,3763700,0.0,0,0.01137320388994989,0.897842808844348,23.32402276992798,24.576726556709335,22.07131898314662,22.9327259470154,23.39747837131867,23.155849251741795,22.511837316572382,22.993682861328125
2019-12-12,22.48729567966949,22.899907118261847,22.46854020777433,22.834264755249023,3548500,0.0,0,0.014160959906449833,0.9105571248626871,23.286072063446046,24.549908261522468,22.022235865369623,22.871770527368206,23.39747837131867,23.155849251741795,22.511837316572382,22.899904251098636
2019-12-13,22.815505594419083,23.06869905820535,22.47791430937073,22.627954483032227,3834900,0.0,0,-0.009035117812119187,0.9023301339648883,23.250835704803468,24.54675004121448,21.954921368392455,22.679530955413657,23.39747837131867,23.155849251741795,22.511837316572382,22.96554946899414
2019-12-16,22.759245449119224,23.04057038286579,22.52480740812365,22.60920524597168,3617300,0.0,0,-0.0008285873597017046,0.901582474621607,23.194186401367187,24.498349545545384,21.89002325718899,22.679530955413657,23.39747837131867,23.188422568044835,22.544410632875426,23.049945831298828
2019-12-17,22.656091243257453,22.759244549576948,22.543561989654584,22.702978134155277,3075500,0.0,0,0.0041475534926334046,0.9053218361631209,23.115700912475585,24.336166993784918,21.895234831166253,22.627955399005167,23.39747837131867,23.232631953720382,22.544410632875426,22.946792602539062
2019-12-18,22.7779988078622,22.787374754646063,22.599825412426423,22.71235466003418,5568300,0.0,0,0.0004130086292422064,0.9056957418936976,23.035822677612305,24.135038622603115,21.936606732621495,22.627955399005167,23.33232664126283,23.367584586746716,22.778915979468582,21.81211280822754
2019-12-19,22.66546882569249,22.993682425615614,22.552937784231336,22.909284591674805,3625300,0.0,0,0.008670608335786145,0.9135486749430471,22.991850662231446,24.03544101654877,21.948260307914122,22.627955399005167,23.33232664126283,23.367584586746716,22.778915979468582,21.343236923217773
2019-12-20,22.965548259424395,22.9843037303217,22.796752598588963,22.974925994873047,6665000,0.0,0,0.0028652751217772554,0.9161662432338941,22.9623291015625,23.97184007180638,21.95281813131862,22.627955399005167,23.33232664126283,23.369910750617574,22.778915979468582,21.49327850341797
2019-12-23,22.871772508178047,23.03119043227272,22.81550788456232,22.946792602539062,3879900,0.0,0,-0.0012245259175268641,0.9150443739242909,22.92488603591919,23.876075501738907,21.973696570099474,22.70766407398169,23.33232664126283,23.418773100264612,22.9464412141067,21.51203155517578
2019-12-24,22.98430085140141,22.98430085140141,22.759240594684357,22.777996063232425,714900,0.0,0,-0.0073559970768184435,0.9083133101845446,22.860389041900635,23.652934979569324,22.067843104231947,22.76861963298984,23.33232664126283,23.507189934676003,22.98832188649819,21.708961486816406
2019-12-26,22.77800011600354,23.00306041276441,22.77800011600354,22.96554946899414,1141000,0.0,0,0.008233973051934074,0.9157923375033172,22.81550760269165,23.46273282840781,22.16828237697549,22.77330668378804,23.299753517799935,23.507189934676003,22.98832188649819,21.887134552001957
2019-12-27,23.040565992428103,23.07807693037734,22.87177034889648,22.890525817871094,3030300,0.0,0,-0.0032667910351692475,0.9128006353050847,22.784092712402344,23.34626159131315,22.221923833491537,22.801442169250492,23.22529725923825,23.532783446553523,22.98832188649819,21.89651107788086
2019-12-30,22.899905899903985,23.14372165570848,22.853019011280875,22.974925994873047,2176300,0.0,0,0.0036871226844452654,0.9161662432338942,22.75783567428589,23.223628548305772,22.292042800266007,22.843641822681533,23.146187405972064,23.532783446553523,22.98832188649819,21.68083000183105
2019-12-31,22.91866067315029,23.171852368076056,22.87177199733433,23.096832275390625,2291900,0.0,0,0.00530605759273306,0.9210274740850111,22.75080261230469,23.190666529409192,22.310938695200186,22.862395076153696,23.146187405972064,23.57932006214578,22.98832188649819,22.280990600585938
2020-01-02,23.265629588858744,23.350027422721052,23.01243787589204,23.17185401916504,2876000,0.0,0,0.00324813995615969,0.9240191002243074,22.760649013519288,23.228385041804827,22.292912985233748,22.951482603476194,23.146187405972064,23.574664079908946,22.98832188649819,22.67484474182129
2020-01-03,22.749866225352875,22.9843042510198,22.665468393023165,22.824886322021484,3041800,0.0,0,-0.014973670076489531,0.9101831430731739,22.76299352645874,23.231531937567528,22.29445511534995,23.00774790787211,23.141532646748907,23.637486704243965,22.98832188649819,22.946792602539062
2020-01-06,22.65608730628989,22.89052529728099,22.637331837741822,22.777996063232425,4141100,0.0,0,-0.0020543479659663744,0.9083133101845446,22.774246597290038,23.23265702760114,22.315836166978936,22.993679630231437,23.104306585574456,23.681695317728497,22.98832188649819,22.909284591674805
2020-01-07,22.881152175994185,22.881152175994185,22.562316300877335,22.68422508239746,1909500,0.0,0,-0.004116735316603504,0.9045740247019669,22.784561920166016,23.22455515391596,22.34456868641607,22.95617186179919,22.9327259470154,23.763131915077395,22.98832188649819,23.38753700256348
2020-01-08,22.627958929899894,22.806132341870217,22.52480740812365,22.60920524597168,2143000,0.0,0,-0.0033071368386304867,0.9015824746216068,22.793470668792725,23.210867183424952,22.3760741541605,22.937417415422352,22.871770527368206,23.788637966164018,22.98832188649819,22.731109619140625
2020-01-09,22.721733202655457,22.862395661472423,22.552937536627013,22.85301971435547,2349400,0.0,0,0.010783858420995607,0.9113050123827771,22.823010063171388,23.1611630998528,22.484857026489976,22.937417415422352,22.768619581263017,23.704363214393506,22.98832188649819,22.571691513061523
2020-01-10,22.853018646755043,22.87177232873306,22.56231421834428,22.656089782714844,1714100,0.0,0,-0.008617238951442396,0.9034520793334275,22.83004331588745,23.147300360726938,22.512786271047965,22.937417415422352,22.768619581263017,23.52647310861238,22.98832188649819,22.50604820251465
2020-01-13,22.77799979107539,23.078080182475905,22.646713278372506,23.01243782043457,1752900,0.0,0,0.015728576340282574,0.9176620943330104,22.838951969146727,23.16614287302589,22.511761065267564,22.937417415422352,22.768619581263017,23.486918181979284,22.98832188649819,22.80613136291504
2020-01-14,22.956167730577956,23.012434136423146,22.834260761819905,22.93741226196289,2006200,0.0,0,-0.003260217759504802,0.9146703160758415,22.85442485809326,23.16913807873499,22.539711637451532,22.937417415422352,22.768619581263017,23.39374085618559,22.98832188649819,22.637331008911133
2020-01-15,22.94679330010888,23.087457546354518,22.8342640494566,22.9561710357666,1277300,0.0,0,0.0008178243295047238,0.915418355713804,22.871773147583006,23.16802019333807,22.575526101827943,22.806132477239082,22.768619581263017,23.39374085618559,22.98832188649819,21.840242385864254
2020-01-16,23.124963015590097,23.387534206307144,23.068698399229262,23.35002326965332,2136000,0.0,0,0.017156704106842557,0.9311239175767582,22.90412540435791,23.256282316759954,22.551968491955865,22.956170807215397,22.787372973056065,23.33983812424004,22.98832188649819,21.240079879760746
2020-01-17,23.43442274137905,23.443800476203936,22.96554673185497,23.1624755859375,3974000,0.0,0,-0.00803201271150622,0.9236451184347941,22.926631450653076,23.28443809902526,22.568824802280893,22.98430394216379,22.895214782980986,23.250892478446563,22.98832188649819,20.98689079284668
2020-01-21,23.096834380283585,23.218743159894927,22.98430512531031,22.993682861328125,3497100,0.0,0,-0.007287335241136894,0.9169142068129202,22.93085136413574,23.289740995606675,22.571961732664807,22.98430394216379,22.956170341989132,23.165102159167034,22.98832188649819,20.3867301940918
2020-01-22,23.05932216500724,23.16247545889517,22.853017365851404,22.899904251098636,2454000,0.0,0,-0.0040784510595824885,0.9131746170945978,22.927100276947023,23.285633040659008,22.56856751323504,22.998369006415473,22.960857392787332,23.134624449343438,22.98832188649819,20.083864212036133
2020-01-23,22.87177389818872,23.049947303857,22.590448974392693,22.96554946899414,2025100,0.0,0,0.0028666153873702083,0.9157923375033171,22.928038120269775,23.286873297213585,22.569202943325966,23.00305734727411,22.98430394216379,23.03850466336616,22.98832188649819,20.708526611328125
2020-01-24,23.04056809595536,23.153099131456813,22.890527907700186,23.049945831298828,3254400,0.0,0,0.0036749115199108395,0.9191577933142542,22.941635608673096,23.29725906602553,22.586012151320663,23.017124725298316,22.98430394216379,23.03850466336616,22.98832188649819,20.62334442138672
2020-01-27,22.702976848710733,23.143721468124305,22.29974495940787,22.946792602539062,8716500,0.0,0,-0.004475204823245038,0.9150443739242909,22.940697765350343,23.296161177259094,22.585234353441592,22.871772717805904,22.871772717805904,23.012716885161918,23.076740657849285,21.3615837097168
2020-01-28,21.315103579861525,22.43102901560102,21.258838957905773,21.81211280822754,10405300,0.0,0,-0.0494482960632141,0.8697969888115042,22.886777114868163,23.496381709771207,22.27717251996512,22.351319717054857,22.351319717054857,22.980141020134,23.076740657849285,20.434051513671875
2020-01-29,21.905888512275272,21.99966228660144,21.296348247434597,21.343236923217773,4582800,0.0,0,-0.02149612415505686,0.8510997247503176,22.8051926612854,23.713405670354245,21.896979652216555,22.351319717054857,22.351319717054857,22.980141020134,23.076740657849285,20.235294342041016
2020-01-30,21.108800280143363,21.55892086515458,21.00564697534572,21.49327850341797,4234500,0.0,0,0.007029935559445422,0.8570829009699741,22.72501497268677,23.787865227414933,21.662164717958603,22.22472372577483,22.22472372577483,22.980141020134,23.081392985591002,18.87239646911621
2020-01-31,21.333858172918028,21.605807113659864,20.98688914311293,21.51203155517578,6329500,0.0,0,0.0008725077356082078,0.857830712431128,22.642023849487305,23.807749356759096,21.476298342215514,22.10281615150393,22.215344809658433,23.01999535762226,23.081392985591002,20.2069034576416
2020-02-03,21.46514571798843,21.85900168476897,21.39950335496172,21.708961486816406,5588200,0.0,0,0.009154408830961636,0.8656836454804776,22.58622760772705,23.817321853438237,21.355133362015863,22.07468230100405,22.215344809658433,23.050473137126335,23.18842499512708,19.20365524291992
2020-02-04,22.04655248342316,22.1028171096247,21.71833888477712,21.887134552001957,4932000,0.0,0,0.008207350927116108,0.8727886149508011,22.541684532165526,23.806180698678542,21.27718836565251,22.069994137284873,22.215344809658433,23.03653010079399,23.18842499512708,18.172016143798828
2020-02-05,22.093438153014848,22.16845824667829,21.82149098421742,21.89651107788086,4900300,0.0,0,0.0004284035380064388,0.8731625206813778,22.502298831939697,23.795639765294318,21.208957898585076,22.069994137284873,22.215344809658433,23.01336971424437,23.23961201888212,19.213117599487305
2020-02-06,21.91526803399842,21.97153266090492,21.67145226590993,21.68083000183105,4738500,0.0,0,-0.00985002018278991,0.8645618522298105,22.455880069732665,23.79682991210579,21.11493022735954,22.065305305618615,22.215344809658433,22.9949146143268,23.23961201888212,17.500028610229492
2020-02-07,21.690205762967476,22.39351985343312,21.680829815747064,22.280990600585938,6273900,0.0,0,0.027681624675079286,0.8884943289316275,22.42727861404419,23.757366361230797,21.097190866857584,21.708959079356973,22.215344809658433,23.00429124106288,23.332685250066632,17.52842140197754
2020-02-10,22.196590984077805,22.81550719089406,22.159080043727688,22.67484474182129,4878300,0.0,0,0.017676688989985756,0.904199966853518,22.42821636199951,23.758981671241045,21.097451052757975,21.901198167003493,22.215344809658433,23.04883500472413,23.388525015648803,17.376991271972656
2020-02-11,22.918661185041262,23.08745684450858,22.740487790201307,22.946792602539062,4263500,0.0,0,0.011993372559512938,0.9150443739242915,22.424934101104736,23.75017202732684,21.09969617488263,22.037172993810756,22.215344809658433,23.074640277310507,23.39747837131867,17.19716453552246
2020-02-12,23.059324787876196,23.415669806699437,22.834264493574107,22.909284591674805,3729700,0.0,0,-0.0016345644253614733,0.9135486749430477,22.423527717590332,23.7466219998741,21.100433435306563,22.201279474906183,22.215344809658433,23.048993107902945,23.39747837131867,16.695539474487305
2020-02-13,22.65608974793991,23.41566841979738,22.515427295910023,23.38753700256348,5018100,0.0,0,0.020875920807342574,0.9326198447348115,22.445096015930176,23.81594680209297,21.07424522976738,22.40758658083058,22.215344809658433,22.944448904407295,23.39747837131867,16.354814529418945
2020-02-14,23.36878130329703,23.39691450887573,22.693600466989125,22.731109619140625,6793400,0.0,0,-0.028067401169730055,0.9064436294137882,22.414150333404542,23.728048218960776,21.10025244784831,22.543561036304684,22.215344809658433,22.90459397139528,23.39747837131867,18.408634185791016
2020-02-18,22.61858018864164,22.759242638141803,22.46853821540536,22.571691513061523,2813600,0.0,0,-0.007013212674178648,0.9000865474635549,22.384611129760742,23.655277549570446,21.11394470995104,22.543561036304684,22.215344809658433,22.853018498342685,23.39747837131867,18.380237579345703
2020-02-19,22.6279551766188,22.83426176319199,22.3841412284105,22.50604820251465,3160400,0.0,0,-0.002908214056925651,0.8974689031137717,22.360229396820067,23.601263249553142,21.119195544086992,22.543561036304684,22.215344809658433,22.853018498342685,23.39747837131867,19.31723022460937
2020-02-20,22.47791776188577,22.86239598952513,22.45916407876256,22.80613136291504,2926900,0.0,0,0.013333445201048733,0.9094352555530845,22.35554075241089,23.588987021385574,21.122094483436204,22.54824981122325,22.215344809658433,22.853018498342685,23.39747837131867,18.87239646911621
2020-02-21,22.74986202745948,22.965544542005627,22.609199595738943,22.637331008911133,2930000,0.0,0,-0.007401533882173128,0.9027040396954655,22.339129829406737,23.54789729454934,21.130362364264133,22.787374925213562,22.215344809658433,22.853018498342685,23.39747837131867,19.165796279907227
2020-02-24,22.196587317222097,22.23409646275565,21.821486918787585,21.840242385864254,4400600,0.0,0,-0.035211245651402434,0.8709187060032352,22.27864465713501,23.459529622024302,21.09775969224572,22.618578362743513,22.215344809658433,22.78737602925105,23.39747837131867,18.11522674560547
2020-02-25,21.91526238301996,21.94339379490924,21.005641908044574,21.240079879760746,3700000,0.0,0,-0.027479663251903874,0.8469861532424824,22.193309020996093,23.415137541388138,20.97148050060405,22.210655857372004,22.215344809658433,22.871771890135733,23.39747837131867,18.190942764282227
2020-02-26,21.39012447399154,21.39012447399154,20.63992352438725,20.98689079284668,5739400,0.0,0,-0.011920345325787784,0.8368897858096714,22.15204792022705,23.475254575041415,20.828841265412688,22.027795972092314,22.02779666554334,22.93975936257239,23.39747837131867,18.607385635375977
2020-02-27,20.649301422836057,21.2119530337908,20.199180849520324,20.3867301940918,5566000,0.0,0,-0.028596927704957698,0.8129573091078547,22.104222583770753,23.60070238341132,20.607742784130185,21.798047679198028,21.80742532810988,22.970237142076463,23.39747837131867,19.03329467773437
2020-02-28,19.82832159189243,20.33940863740756,19.60116978807713,20.083864212036133,7056900,0.2,0,-0.014856035233322462,0.8008799866805614,22.03375186920166,23.756891088298623,20.310612650104694,21.28335716504138,21.508419797388285,22.979613199601403,23.39747837131867,20.197437286376957
2020-03-02,20.1027932977943,20.71799142000555,19.75260440286793,20.708526611328125,5470800,0.0,0,0.031102699794078204,0.8257895164773722,21.99357662200928,23.799881444578542,20.187271799440015,21.28335716504138,21.508419797388285,22.99368064471895,23.39747837131867,20.66120147705078
2020-03-03,20.67066665375852,21.456227625631488,20.329940803953747,20.62334442138672,5379900,0.0,0,-0.004113387279557124,0.8223927243847026,21.939295768737793,23.840364416651553,20.038227120824033,21.28335716504138,21.508419797388285,23.000714333731054,23.39747837131867,21.058713912963867
2020-03-04,20.822102258226444,21.380513326842543,20.50977079656215,21.3615837097168,3614300,0.0,0,0.03579629342583823,0.8518313356580519,21.913018226623535,23.830881777219602,19.995154676027468,21.28335716504138,21.508419797388285,22.871772717805904,23.39747837131867,20.509769439697266
2020-03-05,20.822099588864333,21.05871435691961,20.244758977136687,20.434051513671875,3698600,0.0,0,-0.04342057258718213,0.8148443313160751,21.839895248413086,23.864439918375275,19.815350578450897,20.91763312541639,21.508419797388285,22.351319717054857,22.86814025031323,20.67066764831543
2020-03-06,19.79992403162236,20.31101099625415,19.733672184839296,20.235294342041016,3199100,0.0,0,-0.00972676277623541,0.8069185338058035,21.767618465423585,23.910776656975273,19.624460273871897,20.772281791493185,21.508419797388285,22.351319717054857,22.86814025031323,21.27639961242676
2020-03-09,19.27937420350782,19.49705938066644,18.654709486729978,18.87239646911621,3926500,0.0,0,-0.06735251041509371,0.7525705448535159,21.5971887588501,24.070485682975512,19.123891834724684,20.055468556180735,21.035189646714706,22.22472372577483,22.7415442590332,20.71799087524414
2020-03-10,19.298301723947507,20.235296077138937,19.042759122333543,20.2069034576416,6641200,0.0,0,0.07071211071202588,0.8057863965398074,21.473791694641115,23.96610447765127,18.98147891163096,20.055468556180735,21.035189646714706,22.15908048058118,22.732165342916808,20.76531219482422
2020-03-11,19.71474219790605,19.76206442893587,18.92918124831027,19.20365524291992,4769400,0.0,0,-0.04964878546704232,0.7657800806057414,21.286634826660155,23.869901921459213,18.703367731861096,20.055468556180735,21.035189646714706,22.14501355533124,22.732165342916808,21.3615837097168
2020-03-12,18.08683467709137,18.60738648010136,16.837508905685365,18.172016143798828,5657500,0.0,0,-0.05372097582836155,0.7246416274056796,21.04977140426636,23.856093076158512,18.243449732374206,19.146868265658426,20.1265893561924,22.142669473471653,22.699592219453905,21.863204956054688
2020-03-13,19.05221949207288,19.47812677794264,17.641995753076927,19.213117599487305,4838100,0.0,0,0.05729146658521711,0.7661574089884494,20.84105043411255,23.53851696356155,18.14358390466355,19.146868265658426,20.1265893561924,22.142669473471653,22.625135960892223,21.39944076538086
2020-03-16,15.891049217127115,18.758819145901384,14.38617819526001,17.500028610229492,7237100,0.0,0,-0.08916246831818309,0.6978449232827756,20.579496383666992,23.50085341140537,17.658139355928615,17.883345761051277,18.900924000979725,22.140325057638524,22.546026107626037,21.957853317260746
2020-03-17,17.452704752939447,18.24773047045306,16.411599474745213,17.52842140197754,5958900,0.0,0,0.0016224425902624517,0.698977136607708,20.32733287811279,23.38624321021107,17.268422546014513,17.72244627608981,18.900924000979725,21.962151944507703,22.546026107626037,21.8915958404541
2020-03-18,16.051946964390776,17.46217274332371,15.872121018407563,17.376991271972656,6541100,0.0,0,-0.008639119663553907,0.6929385894824658,20.070880031585695,23.215906034619486,16.925854028551903,17.34859459575708,18.900924000979725,22.058271488330963,22.546026107626037,22.04303359985352
2020-03-19,17.216094153656936,17.679858966585112,16.458925675327627,17.19716453552246,6661700,0.0,0,-0.01034855422527825,0.6857676769144186,19.790431690216064,22.90975340966407,16.671109970768057,17.310737136199474,18.900924000979725,22.126258901734595,22.541371348402876,22.46893882751465
2020-03-20,17.31073938997917,17.65146346961132,16.581965383019135,16.695539474487305,3491700,0.0,0,-0.02916905632896627,0.6657644809179176,19.493342113494872,22.603194975627538,16.383489251362207,17.310737136199474,18.900923307528696,22.20831214228231,22.50414528722843,22.65823173522949
2020-03-23,16.638751548292113,16.998405225879964,15.966766427852765,16.354814529418945,4383100,0.0,0,-0.02040814228189669,0.6521774646651116,19.219070720672608,22.419849076942967,16.01829236440225,17.07412131209794,18.89154635206787,22.311465695244507,22.33256464866937,21.83481216430664
2020-03-24,17.0551970921684,18.53167310101677,16.865904509268,18.408634185791016,5244300,0.0,0,0.12557890232736502,0.7340771948004002,19.07749843597412,22.154980305215002,16.00001656673324,16.932152486601325,18.67586136863282,22.379452922981557,22.271609229022182,20.443517684936523
2020-03-25,18.55060052272819,19.137404210792717,18.27612649056137,18.380237579345703,5323200,0.0,0,-0.0015425699787782188,0.7329448293575954,18.947165775299073,21.907463943067437,15.986867607530709,16.932152486601325,18.67586136863282,22.379452922981557,22.215344809658433,20.65173721313477
2020-03-26,18.418093351093777,19.430806111721,18.190943382098016,19.31723022460937,4179100,0.0,0,0.05097826626118196,0.7703090860233435,18.89369077682495,21.785141038210643,16.002240515439258,16.908492153490506,18.67586136863282,22.379452922981557,22.215344809658433,20.405658721923828
2020-03-27,18.815607618809743,19.36455386851229,18.38970207287692,18.87239646911621,4103500,0.0,0,-0.023027822846282575,0.752570544853516,18.833117389678954,21.67201420134308,15.994220578014827,17.651463565064283,18.67586136863282,22.38179731044084,22.215344809658433,20.954605102539062
2020-03-30,18.967040740550683,19.232048126359405,18.4654167806268,19.165796279907227,2334400,0.0,0,0.015546505250202403,0.764270386780229,18.75598087310791,21.466427161120052,16.045534585095766,17.651463565064283,18.31013732900783,22.501359867435998,22.215344809658433,21.380512237548828
2020-03-31,19.052221045699454,19.269908012466185,18.011117471302235,18.11522674560547,6755900,0.0,0,-0.0548148127507303,0.7223770486379425,18.63057498931885,21.21144535583338,16.049704622804317,17.698786269786883,18.164785995084625,22.416961586200973,22.215344809658433,21.88213539123535
2020-04-01,17.613603956319697,18.27612422541607,17.46217064879896,18.190942764282227,3723300,0.0,0,0.004179689260313868,0.7253963602300317,18.472042942047118,20.72821856254965,16.215867321544586,17.698786269786883,17.92120291044575,22.213000333515218,22.215344809658433,22.412155151367188
2020-04-02,17.528422846366905,18.654707867964024,17.528422846366905,18.607385635375977,4387900,0.0,0,0.022892869077210998,0.7420027641338632,18.380709648132324,20.450003209814675,16.311416086449974,17.698786269786883,17.92120291044575,22.027796318817828,22.041862000295595,22.525724411010746
2020-04-03,18.54113547113156,19.137403959926324,18.39916695524973,19.03329467773437,4753500,0.0,0,0.022889246813301067,0.7589866485382748,18.320609664916994,20.23321207416947,16.40800725566452,18.1483553104945,17.92120291044575,21.802736503653954,21.821490662862132,22.137676239013672
2020-04-06,19.572774426404678,20.377265020377298,19.317230036808525,20.197437286376957,4517200,0.0,0,0.06116348369283786,0.8054089160392273,18.386861705780028,20.458321780610135,16.31540163094992,18.919717834588127,17.92120291044575,21.395888481214833,21.52248513214053,21.59819793701172
2020-04-07,20.66120147705078,21.13443101322256,20.51923297724473,20.66120147705078,3620400,0.0,0,0.022961536362171575,0.8239023421512792,18.409576606750488,20.569425406359127,16.24972780714185,19.29830083101076,17.92120291044575,21.395888481214833,21.52248513214053,21.69284439086914
2020-04-08,20.926210223319103,21.181752795458667,20.72745288362458,21.058713912963867,3375000,0.0,0,0.01923956050448572,0.8397538611128863,18.502329540252685,20.935766651738675,16.068892428766695,19.321961722128812,17.883345761051277,21.395888481214833,21.52248513214053,21.72123908996582
2020-04-09,21.16282674551016,21.314260062042493,20.320476891418085,20.509769439697266,3934000,0.0,0,-0.026067331344896028,0.8178637189671009,18.619217205047608,21.199739027520007,16.03869538257521,19.388215355420726,17.85021912865125,21.395888481214833,21.52248513214053,22.185001373291016
2020-04-13,20.50030471521613,20.736919498914595,20.348871398067327,20.67066764831543,2365200,0.0,0,0.007844954527218562,0.8242798226518596,18.692094707489012,21.415549141443705,15.96864027353432,19.388215355420726,17.85021912865125,21.213026461402336,21.52248513214053,22.01463890075684
2020-04-14,20.9546033819084,21.39944030333359,20.82209968883405,21.27639961242676,3552900,0.0,0,0.029303938044821454,0.8484344675064461,18.880913257598877,21.768137967275646,15.993688547922108,19.430805476066276,17.8928092492968,21.140350794440735,21.52248513214053,22.374292373657227
2020-04-15,20.97353528713228,21.21015008216331,20.46244826858362,20.71799087524414,3200600,0.0,0,-0.026245452583832596,0.8261669209190164,19.040391731262208,21.9636993374509,16.117084125073514,19.46393157485025,17.8928092492968,20.54532910144772,21.04925498146696,22.06196403503418
2020-04-16,20.76531219482422,20.86942146343321,20.216366014534263,20.76531219482422,2935800,0.0,0,0.0022840689459238117,0.828053943127237,19.209807777404784,22.1204451020007,16.299170452808866,19.89930362929166,17.8928092492968,20.54532910144772,21.04925498146696,21.919994354248047
2020-04-17,21.12496891132786,21.40890775253117,20.897818921501795,21.3615837097168,3477300,0.0,0,0.02871478691474727,0.8518313356580519,19.4180287361145,22.318655770832343,16.517401701396658,20.363068894669848,17.89754297389559,20.54532910144772,21.04925498146696,22.00517463684082
2020-04-20,21.74016426558832,22.29857526329896,21.44676245830512,21.863204956054688,4260600,0.0,0,0.02348239967384602,0.8718343795366804,19.67641201019287,22.47889594485181,16.87392807553393,21.25747063891661,18.342376729279486,19.636728810925412,20.14065469094465,22.61090850830078
2020-04-21,21.711772195247995,21.768559235616348,21.25747045661878,21.39944076538086,4282100,0.0,0,-0.021212086316073075,0.8533409534246283,19.928643321990968,22.371214731592737,17.4860719123892,21.25747063891661,18.342376729279486,19.636728810925412,20.14065469094465,22.450008392333984
2020-04-22,21.778025570715887,22.10928663901612,21.607662632434188,21.957853317260746,5316800,0.0,0,0.026094726399731982,0.8756086521299304,20.10610427856445,22.59693075537806,17.615277801750842,21.25747063891661,19.085348140853263,18.3921348810155,18.914989335731974,23.156343460083008
2020-04-23,22.005171714571247,22.16606981652129,21.711769930507263,21.8915958404541,2688800,0.0,0,-0.0030174842617497477,0.8729665168026765,20.281672191619872,22.75591988471644,17.807424498523304,21.25747063891661,19.085348140853263,18.311685138534767,18.914989335731974,23.17543601989746
2020-04-24,22.01463917659247,22.071426217887065,21.76855959067923,22.04303359985352,3729200,0.0,0,0.006917620830527715,0.8790053681636638,20.417962360382084,22.964723721760716,17.871200999003452,21.25747063891661,19.132670845575863,18.124759298368403,18.914989335731974,23.127710342407227
2020-04-27,22.21339443714471,22.53519067570816,22.099820356020828,22.46893882751465,2950700,0.0,0,0.01932153420407423,0.8959891004502029,20.597789478302005,23.190616543425417,18.004962413178593,21.375778345121212,19.250978551780463,18.1058305685896,18.914989335731974,23.35679054260254
2020-04-28,22.71501877670756,23.055744636030973,22.506798421136303,22.65823173522949,4236700,0.0,0,0.00842464831863965,0.9035374935188301,20.772411251068114,23.42631684924016,18.11850565289607,21.63605532528262,19.51125553194187,18.105830221864085,18.914989335731974,23.519058227539062
2020-04-29,23.46272304741153,23.879163771027965,21.74963069692429,21.83481216430664,9337900,0.0,0,-0.03634085751019034,0.8707021662117477,20.958390522003175,23.346689622219085,18.570091421787264,22.38849134626488,20.372534140147984,17.982833832082903,18.914989335731974,23.719507217407227
2020-04-30,21.636056412124137,21.702308262763307,20.37726583429736,20.443517684936523,10060800,0.0,0,-0.06371909540144638,0.8152218118166553,21.07101926803589,23.110076234225897,19.031962301845883,22.12821480266266,20.67066720991346,17.804006927617074,18.914989335731974,24.29220962524414
2020-05-01,20.254224320081125,21.09657414418733,20.14065023933864,20.65173721313477,6458500,0.0,0,0.010185112533332319,0.823524937709635,21.17323684692383,22.883166469192098,19.463307224655566,22.0099070051833,20.67066720991346,17.804006927617074,18.914989335731974,23.79586601257324
2020-05-04,20.75584940092402,20.78424202001352,20.169043934964325,20.405658721923828,3352200,0.0,0,-0.011915631536044913,0.8137121179911426,21.241855049133303,22.69031894361078,19.793391154655826,22.0099070051833,20.67066720991346,17.79217676106166,18.914989335731974,23.91995048522949
2020-05-05,20.490840333470626,21.19121989115934,20.33940701317185,20.954605102539062,3902600,0.0,0,0.026901674094227834,0.8356023361958642,21.27971343994141,22.653898666651305,19.905528213231516,22.0099070051833,20.67066720991346,18.16366246684855,18.914989335731974,22.201839447021484
2020-05-06,21.11550302697295,21.475158513127894,20.90728266488104,21.380512237548828,4148200,0.0,0,0.020325228412830354,0.8525861445413399,21.31567897796631,22.66024568596361,19.971112269969012,22.0099070051833,20.67066720991346,17.980800447036057,18.914989335731974,22.803178787231445
2020-05-07,21.617126190871534,21.8915983937238,21.285865141723647,21.88213539123535,5535000,0.0,0,0.023461699519320423,0.8725892644789046,21.356850051879885,22.717927386730576,19.995772717029194,22.0099070051833,20.67066720991346,17.931786132435754,18.914989335731974,22.61227798461914
2020-05-08,22.033571815410525,22.4405477732966,21.97678296109622,22.412155151367188,4010400,0.0,0,0.02422157393030888,0.8937247498592743,21.45196933746338,22.828935772717738,20.075002902209025,22.0099070051833,20.703793308697435,17.809994590116318,18.914989335731974,23.26134490966797
2020-05-11,22.25125222835924,22.56358363908811,22.16607077041252,22.525724411010746,2934200,0.0,0,0.005067306507407832,0.8982535271000677,21.544722175598146,22.94862346732836,20.14082088386793,22.0099070051833,21.139165363138847,17.809994590116318,18.900924000979725,22.898630142211918
2020-05-12,22.71501682772442,22.752876055613086,22.090354009380185,22.137676239013672,4452000,0.0,0,-0.01722688979571252,0.8827794125801047,21.587786006927494,23.00904296168687,20.16652905216812,21.446763147475863,21.598196903918243,18.034779110470126,18.900924000979725,22.70773124694824
2020-05-13,22.061962712963965,22.431083016245324,21.38997756981712,21.59819793701172,6740400,0.0,0,-0.02436923804365787,0.8612667509348997,21.631796360015873,22.99531960623126,20.268273113800486,21.446763147475863,22.0099070051833,18.42046037251694,18.900924000979725,22.211381912231445
2020-05-14,21.408907360098144,21.91052956814208,21.38051293493,21.69284439086914,3058200,0.0,0,0.004382145868532472,0.8650409474692135,21.678172969818117,22.981802144991395,20.37454379464484,21.460959995288704,22.0099070051833,18.609751870728253,18.900924000979725,22.08729553222656
2020-05-15,21.579268767562304,22.20393168731827,21.51301691322874,21.72123908996582,9379200,0.0,0,0.0013089431051573897,0.8661732368530821,21.69615573883057,22.991629067225208,20.40068241043593,21.54614153439247,22.0099070051833,18.602653741590046,18.900924000979725,21.705493927001957
2020-05-18,22.08089029666512,22.298575452130684,21.844275526317134,22.185001373291016,3133800,0.0,0,0.021350636646664922,0.8846665869061979,21.712245559692384,23.023687255692245,20.400803863692524,21.830079360247062,22.0099070051833,18.619217242035987,18.900924000979725,21.36186981201172
2020-05-19,22.18500182773353,22.34589994707513,21.99570928548665,22.01463890075684,2479500,0.0,0,-0.007679173404932849,0.8778730787797951,21.743005466461184,23.05249321250698,20.433517720415388,22.019370598668367,22.0099070051833,18.619217242035987,18.900924000979725,21.247333526611328
2020-05-20,22.185001638254526,22.554120106733127,22.11874979060221,22.374292373657227,2647800,0.0,0,0.016337014407627803,0.8922149039158892,21.763827419281007,23.099585316454416,20.4280695221076,22.06669449527154,22.0099070051833,18.661807362681536,18.900924000979725,21.161426544189453
2020-05-21,22.33643807686499,22.45947698184685,22.043036222502305,22.06196403503418,2462100,0.0,0,-0.013959249901944304,0.8797602531058881,21.77234582901001,23.113474731561148,20.431216926458873,22.06669449527154,22.0099070051833,18.678370412073527,18.900924000979725,21.524139404296875
2020-05-22,22.15660914805921,22.15660914805921,21.67391475205712,21.919994354248047,2166500,0.0,0,-0.006435042707924166,0.8740989583044175,21.766193866729736,23.103379955815825,20.429007777643648,22.06669449527154,22.0099070051833,18.896056439294227,18.900924000979725,21.82003593444824
2020-05-26,22.31750607560624,22.45000977531656,21.986245021102917,22.00517463684082,3373800,0.0,0,0.003885962797990583,0.8774956743381508,21.743005657196044,23.045920987211993,20.440090327180094,21.967316520831563,22.0099070051833,19.130305934282717,18.900924000979725,21.524139404296875
2020-05-27,22.185002974079094,22.781271444080485,22.16607335783078,22.61090850830078,3802500,0.0,0,0.027526883174371575,0.9016503952516735,21.74063949584961,23.03698215074057,20.44429684095865,22.080892189505242,22.0099070051833,19.799923684098047,18.900924000979725,21.51459312438965
2020-05-28,22.715017580656845,22.800199041002504,22.35536392992984,22.450008392333984,3444500,0.0,0,-0.007116039406719454,0.8952342155079783,21.771399307250977,23.104301278832317,20.438497335669638,22.15660797711562,22.0099070051833,19.799923684098047,18.900924000979725,22.030027389526367
2020-05-29,22.535914182523037,23.204068088903817,22.459553684063003,23.156343460083008,4582100,0.2,0,0.03146257477525993,0.9234005889547693,21.9070405960083,23.223675260044313,20.59040593197229,22.43899142048047,22.0099070051833,20.171409389884936,18.900924000979725,21.466869354248047
2020-06-01,23.09907551491337,23.347245790678134,22.82226754648476,23.17543601989746,2137800,0.0,0,0.0008245066777214927,0.9241619389065745,22.033225536346436,23.32775999033155,20.73869108236132,22.510580271367626,22.0099070051833,20.171409389884936,18.900924000979725,21.285512924194336
2020-06-02,23.17543679748489,23.213616140968917,22.889083528753225,23.127710342407227,2481000,0.0,0,-0.0020593216649412716,0.9222587922038701,22.169328117370604,23.312796615685464,21.025859619055744,22.510580271367626,22.0099070051833,20.195070742246237,18.900924000979725,21.705493927001957
2020-06-03,23.19452424568208,23.42360757592814,23.07043911066197,23.35679054260254,2240300,0.0,0,0.00990500991251464,0.9313937746825532,22.28943738937378,23.40116719668694,21.17770758206062,22.54876116399263,22.0099070051833,20.313378448450838,18.900924000979725,21.59095573425293
2020-06-04,23.24225206973741,23.614509317345124,23.14680097993135,23.519058227539062,3093600,0.0,0,0.006947345126058657,0.9378644886835354,22.39636468887329,23.548916117390647,21.243813260355935,22.64421203470112,22.0099070051833,20.573655428612245,18.900923307528696,21.51459312438965
2020-06-05,23.86268295099757,23.98676810128833,23.643146704787167,23.719507217407227,2356200,0.0,0,0.00852283233150275,0.9458577504702558,22.488233280181884,23.75106933515124,21.22539722521253,22.986506561195625,22.063709170313487,21.38051274320643,19.13267098314399,21.89639663696289
2020-06-08,23.67177847200141,24.416294763545856,23.67177847200141,24.29220962524414,2934100,0.0,0,0.024144785243119138,0.9686952827258999,22.58223600387573,24.070806815276306,21.093665192475157,23.291184060688316,22.27847250144225,21.39944100628806,19.13267098314399,22.14457130432129
2020-06-09,24.206304420999743,24.234938473304226,23.700414923542738,23.79586601257324,2201900,0.0,0,-0.020432213467938665,0.9489026939238591,22.645743083953857,24.225835670013588,21.065650497894126,23.38582934673785,22.292669349255092,21.34028710754838,19.13267098314399,22.106388092041016
2020-06-10,23.805410638057307,24.15857729084593,23.595417883944897,23.91995048522949,3153600,0.0,0,0.0052145390544176,0.9538507840801671,22.734856796264648,24.39035188991682,21.079361702612477,23.43792422380443,22.377850888358854,21.34028710754838,19.13267098314399,22.68863868713379
2020-06-11,23.45224346818837,23.461788759412933,22.19229415579692,22.201839447021484,3101800,0.0,0,-0.0718275332245748,0.8853380351953621,22.765038871765135,24.356640697252292,21.17343704627798,23.30429445967139,22.66178871421345,21.34028710754838,19.13267098314399,22.841358184814453
2020-06-12,22.707729513807788,23.2613436743247,22.42137623180223,22.803178787231445,2779800,0.0,0,0.02708511344949094,0.909317516319778,22.82055559158325,24.333364196729335,21.307746986437166,23.30429445967139,22.851079952634752,21.34028710754838,19.13267098314399,23.04180335998535
2020-06-15,22.37365116449612,22.73636313002872,22.030027960933964,22.61227798461914,2908100,0.0,0,-0.00837167503678038,0.9017050055678966,22.865107536315918,24.295138662102644,21.43507641052919,23.22316136223991,22.89840384923793,21.34028710754838,19.13267098314399,23.375883102416992
2020-06-16,23.289978964984464,23.70996270854983,22.927266973208663,23.26134490966797,7780300,0.0,0,0.028704181219173286,0.9275877094539531,22.918924713134764,24.323025849011366,21.514823577258163,23.22316136223991,22.89840384923793,21.356850156940368,19.13267098314399,23.38542938232422
2020-06-17,23.39497438021589,23.471334892172024,22.831814921822573,22.898630142211918,3766200,0.0,0,-0.01559302649372174,0.9131238097251869,22.96312427520752,24.304148642078207,21.622099908336832,23.22316136223991,22.89840384923793,21.574536184161076,19.13267098314399,23.36633682250977
2020-06-18,22.74591059511606,22.898631628944,22.57409897691505,22.70773124694824,2541700,0.0,0,-0.008336694993460347,0.9055113750322416,22.97979621887207,24.299003008280845,21.660589429463297,23.22316136223991,22.89840384923793,21.522480025697053,19.13267098314399,23.977224349975582
2020-06-19,23.013168067299507,23.05134740676193,22.04911562321582,22.211381912231445,5802400,0.0,0,-0.02185816492713244,0.8857185580533924,22.987267112731935,24.286935581328013,21.687598644135857,23.132483217119095,22.89840384923793,21.728335076329582,19.13267098314399,23.156343460083008
2020-06-22,22.182746614210828,22.297288276707544,21.915483948770472,22.08729553222656,3765500,0.0,0,-0.005586612327644236,0.880770391838148,22.99563217163086,24.269331548888378,21.72193279437334,23.0370306198082,22.964655838387298,21.735433500236002,19.13267098314399,23.85313606262207
2020-06-23,22.3163779641664,22.345013836125244,21.6673145849682,21.705493927001957,4783400,0.0,0,-0.017286027828419925,0.8655453703343854,22.980648136138917,24.307143027234872,21.654153245042963,22.688638646759017,23.04180467425703,21.778024269787885,19.13267098314399,23.79586601257324
2020-06-24,21.64822305734865,21.676857107477776,21.190060049503103,21.36186981201172,3778600,0.0,0,-0.015831204585617153,0.851842744498488,22.918196201324463,24.41686300158289,21.419529401066036,22.450011379026467,22.80317740652448,21.91999318271518,19.13267098314399,24.22539710998535
2020-06-25,21.29505816519975,21.30460345703309,20.81780449700249,21.247333526611328,2964900,0.0,0,-0.0053617162920817085,0.8472754053770188,22.85806245803833,24.516835684248758,21.1992892318279,22.26388360277616,22.617049630274174,22.014638801925834,19.13267098314399,24.14903259277344
2020-06-26,21.247332345335163,21.552774384707394,20.93234501466028,21.161426544189453,3926600,0.0,0,-0.004043188869524705,0.8438497108885764,22.758316612243654,24.568102274344376,20.94853095014293,22.26388360277616,22.617049630274174,22.03830075022742,19.13267098314399,24.359025955200195
2020-06-29,21.33323903205377,21.533684695995767,21.12324625583464,21.524139404296875,3201700,0.0,0,0.01714028396667877,0.8583135345584064,22.675751781463624,24.552065409657395,20.799438153269854,22.144569694587258,22.617049630274174,22.03830075022742,19.13267098314399,24.464017868041992
2020-06-30,21.52413738132768,21.905941731086077,21.52413738132768,21.82003593444824,3651700,0.0,0,0.013747194468192836,0.8701129376326628,22.610368061065675,24.510372830918296,20.710363291213053,21.93457595188221,22.617049630274174,22.03830075022742,19.13267098314399,24.59765243530273
2020-07-01,21.753222763913783,21.944123136156893,21.51459593317622,21.524139404296875,2707900,0.0,0,-0.013560771899748247,0.8583135345584064,22.518735504150392,24.44278775531499,20.594683252985796,21.93457595188221,22.617049630274174,21.988611763007434,19.13267098314399,24.759918212890625
2020-07-02,21.7341293430684,21.79139926520677,21.495502543484196,21.51459312438965,3177400,0.0,0,-0.0004435150566494128,0.8579328595825038,22.41851224899292,24.33238435719303,20.50464014079281,21.581409166563866,22.617049630274174,22.04539959734427,19.13267098314399,24.845823287963867
2020-07-06,21.905942247335265,22.058663262606515,21.76276470251262,22.030027389526367,2740400,0.0,0,0.023957425648566177,0.8784867222774133,22.334038257598877,24.15676742719675,20.511309088001003,21.581409166563866,22.617049630274174,22.08325749114946,19.13267098314399,24.359025955200195
2020-07-07,21.886853083751863,21.934577721400338,21.409599424954237,21.466869354248047,2687100,0.0,0,-0.025563201775502975,0.8560297889387356,22.192771244049073,23.810919160819367,20.57462332727878,21.438233879804503,22.617049630274174,22.224449212831885,19.875642394717765,24.27311897277832
2020-07-08,21.40005460588963,21.41914518960189,21.104157840662666,21.285512924194336,1867000,0.0,0,-0.008448201135477729,0.8487978771038206,22.067253589630127,23.551002378135824,20.58350480112443,21.438233879804503,22.617049630274174,22.260243638275462,19.875642394717765,23.80541229248047
2020-07-09,21.37141603646089,21.92503015028567,21.30460082246828,21.705493927001957,3505500,0.0,0,0.019730837791098965,0.8655453703343853,21.95653076171875,23.174883544145622,20.738177979291876,21.4955041386334,22.617049630274174,22.260243638275462,19.922965099440365,23.69087028503418
2020-07-10,21.61958978782719,21.68640500693804,21.295057163078926,21.59095573425293,2359200,0.0,0,-0.005276921738534557,0.8609779551539798,21.925986576080323,23.14887883130565,20.703094320854994,21.58141055163459,22.617049630274174,22.279334084587965,19.922965099440365,23.20406913757324
2020-07-13,21.79139926520677,21.972756142652607,21.50504783393692,21.51459312438965,3564200,0.0,0,-0.003536786921485624,0.8579328595825038,21.861557292938233,23.026598353085813,20.696516232790653,21.58141055163459,22.617049630274174,22.32705951994221,19.922965099440365,22.879539489746094
2020-07-14,21.51459410435312,21.944121270822333,21.400052434281147,21.89639663696289,3105900,0.0,0,0.017746257638515006,0.8731579571452028,21.82576322555542,22.938613108601142,20.712913342509697,21.58141055163459,22.617049630274174,22.525107865754556,20.426336305278163,22.73636245727539
2020-07-15,22.106390136347,22.306837627055423,21.944123813612865,22.14457130432129,2854500,0.0,0,0.011334041462304434,0.8830543656346276,21.769924545288085,22.6807952933127,20.85905379726347,21.705497733859044,22.52637148515336,22.78482828106528,20.939232706172408,22.61227798461914
2020-07-16,21.97275765764518,22.154112727017207,21.90594244044726,22.106388092041016,1861200,0.0,0,-0.0017242696530694879,0.8815317417899533,21.730312442779542,22.497544572256864,20.96308031330222,21.705497733859044,22.488190893924212,22.83924934799647,20.939232706172408,22.54546165466309
2020-07-17,22.278200261740157,22.73636332333289,22.05866402229924,22.68863868713379,4217000,0.0,0,0.026338567506756227,0.9047500250804363,21.72935781478882,22.49170214016036,20.96701348941728,21.920260581997777,22.26388360277616,22.90788755608164,20.939232706172408,22.75545310974121
2020-07-20,22.640910720870256,22.86999223639359,22.535916164116674,22.841358184814453,1650400,0.0,0,0.006731100079938601,0.9108399880465797,21.76085662841797,22.644143051522203,20.877570205313734,21.987075038528126,22.26388360277616,22.98304158694242,20.939232706172408,22.75545310974121
2020-07-21,23.003624018462936,23.137254444658414,22.76499721706929,23.04180335998535,2677100,0.0,0,0.008775536618665702,0.9188330977154275,21.808582019805907,22.848387758558193,20.768776281053622,22.21615580386867,22.26388360277616,23.077687206153072,20.939232706172408,23.013172149658203
2020-07-22,23.07044106366933,23.547694704357088,22.974989971416147,23.375883102416992,2352000,0.0,0,0.014498853983443194,0.9321551246343583,21.89210147857666,23.136088879426143,20.648114077727175,22.421375933718007,22.26388360277616,23.060782605738922,20.939232706172408,22.784088134765625
2020-07-23,23.4331540201793,23.690871433984505,23.29952357772248,23.38542938232422,2371900,0.0,0,0.0004083815728117557,0.9325357996102611,21.993279457092285,23.371739466223463,20.614819447961107,22.545461934132824,22.254337965493498,23.060782605738922,20.97235880495638,22.96544647216797
2020-07-24,23.328157479570745,23.49996907424153,23.099075960202384,23.36633682250977,3032000,0.0,0,-0.0008164297307656776,0.9317744496584559,22.099229621887208,23.556431878037518,20.642027365736897,22.545461934132824,22.254337965493498,23.060782605738922,21.407730859397795,24.06270408630371
2020-07-27,23.40451960172966,24.14903413592898,23.347247852500324,23.977224349975582,3159800,0.0,0,0.026143915159064113,0.9561346818177102,22.240019512176513,23.84580827900584,20.634230745347185,23.027488288188117,22.483419316465735,23.060782605738922,21.86676240017719,23.64882469177246
2020-07-28,23.92949373456304,23.92949373456304,22.99407717328321,23.156343460083008,6102800,0.0,0,-0.03423585974384935,0.9234005889547691,22.32162971496582,23.939583479618577,20.703675950313063,23.027488288188117,22.483419316465735,23.015443533178512,22.27847250144225,23.99532699584961
2020-07-29,24.244483891175403,24.759918682291364,23.843590771611247,23.85313606262207,5781100,0.0,0,0.030090787163361776,0.9511864395435299,22.42328472137451,24.155149196802096,20.691420245946926,23.409291352295302,22.788861589646928,23.000843229097747,22.27847250144225,22.205062866210938
2020-07-30,23.54769390932517,23.84359064679945,23.404518186068465,23.79586601257324,1851800,0.0,0,-0.002400944257328619,0.948902693923859,22.53687105178833,24.315814674935595,20.757927428641068,23.64791742320402,22.788861589646928,22.865221660508023,22.27847250144225,22.368688583374023
2020-07-31,23.86268509755698,24.234942402493783,23.50951655705864,24.22539710998535,3579000,0.0,0,0.018050660446026878,0.9660310142481987,22.672411251068116,24.531313971836333,20.8135085302999,23.762457949680325,22.788861589646928,22.626594392775473,22.27847250144225,21.90668487548828
2020-08-03,24.19675904741477,24.22539309962148,23.71950542447001,24.14903259277344,3008000,0.0,0,-0.0031522503786092226,0.9629858426177865,22.778361511230468,24.719378538468682,20.837344483992254,23.867454326853753,22.84613184847582,22.440466616525168,22.27847250144225,22.35906219482422
2020-08-04,24.24448428180289,24.483111099183983,24.149033190734837,24.359025955200195,2384400,0.0,0,0.008695725661888254,0.9713597033214731,22.922969341278076,24.882660098237313,20.96327858431884,23.876997927787286,22.932038261477015,22.440466616525168,22.27847250144225,21.993310928344727
2020-08-05,24.435383818226587,24.588104819168542,24.14903057602696,24.464017868041992,2795500,0.0,0,0.0043101851869977725,0.9755464435259759,23.08189458847046,24.999261378378954,21.164527798561963,23.876997927787286,22.932038261477015,22.380809662430714,22.27847250144225,22.253189086914062
2020-08-06,24.38765967371675,24.664467651960777,24.36857091222739,24.59765243530273,2192000,0.0,0,0.0054624946720345235,0.9808753607760587,23.2265025138855,25.14306844368128,21.30993658408972,23.876997927787286,22.932038261477015,22.27581279107819,22.27847250144225,22.253189086914062
2020-08-07,24.530836694708068,24.817188137291744,24.51174611304834,24.759918212890625,2815400,0.0,0,0.006596799349640747,0.9873459987181049,23.384950637817383,25.257452660925505,21.51244861470926,23.905632655287476,22.960672988977205,22.27581279107819,22.27847250144225,22.23393821716309
2020-08-10,24.759917493568874,24.998544295648745,24.66446640862133,24.845823287963867,1858300,0.0,0,0.0034695217623343932,0.9907716171476112,23.551512145996092,25.317375600964624,21.78564869102756,24.201531240858607,23.051351068155704,22.09922939841902,22.27847250144225,22.34943580627441
2020-08-11,24.9126400987012,25.28489735123069,24.330390081706337,24.359025955200195,3327500,0.0,0,-0.019592722974870913,0.9713597033214731,23.67464361190796,25.297889893718995,22.051397330096925,24.344707768649577,23.194527595946678,22.09922939841902,22.27847250144225,22.387939453125
2020-08-12,24.50220048783458,24.62628562577328,24.177667886360368,24.27311897277832,3571400,0.0,0,-0.0035267002293060123,0.9679340088330307,23.78107099533081,25.26032554753256,22.301816443129063,24.397206954144664,23.194527595946678,22.02764175503934,22.27847250144225,22.39756202697754
2020-08-13,23.91040685625552,24.11085433360456,23.49997025135638,23.80541229248047,4554000,0.0,0,-0.01926850359949095,0.9492833688997617,23.866022205352785,25.127797897468906,22.604246513236664,24.392433801293535,23.28997725715481,22.02764175503934,22.27847250144225,22.108810424804688
2020-08-14,23.690870285034183,23.862681885905204,23.585873902151192,23.69087028503418,2524200,0.0,0,-0.0048115951968817905,0.9447158016014838,23.9161337852478,25.05974410025768,22.77252347023792,24.392433801293535,23.28997725715481,22.056276884453787,22.27847250144225,21.69493293762207
2020-08-17,23.700413310283828,23.814954973439335,23.13725392597335,23.20406913757324,3086000,0.0,0,-0.020548048324271928,0.9253037356574733,23.93426933288574,25.018462230859665,22.850076434911816,24.21107563860202,23.342474892755916,22.099230090954382,22.27847250144225,20.57842445373535
2020-08-18,23.27088733990765,23.280432631445517,22.79363368648349,22.879539489746094,3013300,0.0,0,-0.013985893849180475,0.9123625358323176,23.926156139373777,25.039301122251704,22.81301115649585,24.03926551885709,23.342474892755916,22.099230090954382,22.27847250144225,20.366668701171875
2020-08-19,22.86044941959148,23.137255576043035,22.650456658926743,22.73636245727539,2395600,0.0,0,-0.006257863386405549,0.9066530957242045,23.894180107116696,25.10246620583325,22.685894008400144,23.967677005078716,23.595419895838972,22.099230090954382,22.27847250144225,20.588048934936523
2020-08-20,22.66954791168678,22.85090480474216,22.58364211079624,22.61227798461914,2545000,0.0,0,-0.005457534066384717,0.9017050055678965,23.855522537231444,25.172273304865467,22.53877176959742,23.934269731013465,23.595419895838972,22.1159346095062,22.27847250144225,21.155929565429688
2020-08-21,22.61227686971067,22.66954679395459,22.469101148811838,22.54546165466309,3187600,0.0,0,-0.0029548694740750836,0.8990405849723232,23.81447877883911,25.237730543289068,22.391227014389152,23.876999250021264,23.671780686764965,22.09684431389163,22.292669349255092,21.040430068969727
2020-08-24,22.62182267659746,22.90817412492781,22.593186803533182,22.75545310974121,2178500,0.0,0,0.009314134183395106,0.9074143696170734,23.75339021682739,25.247365568752496,22.259414864902286,23.54769338729256,23.876999250021264,22.09207209238697,22.377850888358854,20.693923950195312
2020-08-25,22.69818318419076,22.88908354288496,22.392739333239447,22.75545310974121,3215900,0.0,0,0.0,0.9074143696170734,23.733345699310302,25.269451273451516,22.19724012516909,23.251796833422006,23.83881834223507,22.125479320652143,22.617049630274174,20.549549102783203
2020-08-26,22.831815248451093,23.1086214255352,22.774545318809253,23.013172149658203,2199100,0.0,0,0.011325594734330702,0.9176913770234646,23.691347503662108,25.258016548896986,22.12467845842723,23.127710609572325,23.83881834223507,22.240019703322417,22.617049630274174,20.52067375183105
2020-08-27,23.070439572437778,23.137254786522742,22.526370748513862,22.784088134765625,2225700,0.0,0,-0.009954473612017067,0.9085562424269089,23.64075860977173,25.255788099982666,22.025729119560793,23.10384715333939,23.83881834223507,22.342629768247086,22.617049630274174,21.13667869567871
2020-08-28,22.74591021725955,23.013172932307818,22.74591021725955,22.96544647216797,1973800,0.0,0,0.007959868146999227,0.9157882303207602,23.577761077880858,25.194971858115444,21.96055029764627,22.836585982342484,23.83881834223507,22.39989994981316,22.617049630274174,20.9249267578125
2020-08-31,23.311947057909126,24.14932996788149,23.196447106364506,24.06270408630371,6167600,0.2,0,0.04777863193147658,0.9595433391044341,23.573444652557374,25.184922062248667,21.96196724286608,23.271034650560466,23.83881834223507,22.39989994981316,22.617049630274174,21.454309463500977
2020-09-01,24.004953511126192,24.139704063176403,23.408197656917896,23.64882469177246,3246600,0.0,0,-0.017200036747608394,0.943039158410915,23.537934589385987,25.108963053042583,21.96690612572939,23.271034650560466,23.83881834223507,22.755453802326926,22.617049630274174,21.791183471679688
2020-09-02,23.658448796923373,24.101203473299183,23.658448796923373,23.99532699584961,2525100,0.0,0,0.014651988358546086,0.9568565571816048,23.514500045776366,25.042507076236003,21.98649301531673,23.271034650560466,23.83881834223507,22.755453802326926,22.617049630274174,21.81043243408203
2020-09-03,22.455315207083128,22.821067498611026,21.78155876351657,22.205062866210938,7667900,0.0,0,-0.07460886571574243,0.8854665747976148,23.394870567321778,24.939668507976137,21.85007262666742,22.965444365699028,23.53322805737363,23.099076470971113,22.788861589646928,21.771936416625977
2020-09-04,22.368688583374027,22.58043970977027,22.08956218202618,22.368688583374023,4391600,0.0,0,0.007368847282665181,0.891991442761203,23.275309085845947,24.746621307261655,21.80399686443024,22.965444365699028,23.53322805737363,23.218389506425474,22.788861589646928,21.4928035736084
2020-09-08,22.022184820996145,22.34943772633264,21.87780897119205,21.90668487548828,3328200,0.0,0,-0.020654036385000074,0.8735682190473044,23.128352165222168,24.527442188405995,21.72926214203834,22.965444365699028,23.53322805737363,23.275659769663626,22.788861589646928,21.65643310546875
2020-09-09,22.11843517550195,22.57081514676444,21.897058758326693,22.35906219482422,4229300,0.0,0,0.020650195221555867,0.8916075733099781,23.02835397720337,24.343818131434105,21.712889822972635,22.965444365699028,23.53322805737363,23.356793087664787,22.788861589646928,21.65643310546875
2020-09-10,22.42643848121926,22.609315538213515,21.983685626835708,21.993310928344727,2610000,0.0,0,-0.01635807724369398,0.8770225877547109,22.91436357498169,24.17183313788658,21.656894012076798,22.965444365699028,23.53322805737363,23.404518094632152,22.788861589646928,21.58905792236328
2020-09-11,22.176188508862676,22.3205643632292,22.01256205102365,22.253189086914062,2237800,0.0,0,0.011816236282751191,0.8873856938769304,22.83675241470337,24.05524636427103,21.618258465135707,22.965444365699028,23.53322805737363,23.404518094632152,22.788861589646928,21.2425537109375
2020-09-14,22.45531491585948,22.45531491585948,22.137687301917683,22.253189086914062,3087100,0.0,0,0.0,0.8873856938769304,22.764868354797365,23.941807639885813,21.587929069708917,22.960631413346487,23.53322805737363,23.404518094632152,22.788861589646928,21.11742782592773
2020-09-15,22.37831406980054,22.44568934530878,22.147312338412902,22.23393821716309,2724300,0.0,0,-0.0008650836370367454,0.886618031033417,22.71636180877686,23.896897384684998,21.53582623286872,22.941381118407875,23.53322805737363,23.433152822132342,22.817496317147118,21.03080368041992
2020-09-16,22.4553122770928,22.686313984101503,22.30131113908699,22.34943580627441,2424100,0.0,0,0.005194652786350007,0.8912237038587528,22.689856624603273,23.878410961134016,21.50130228807253,22.3013131310638,23.53322805737363,23.626441154507155,22.90817439632562,21.579435348510746
2020-09-17,22.04143593685972,22.561191211257643,21.9548100577934,22.387939453125,2852000,0.0,0,0.0017228017380097604,0.8927591056047162,22.67243547439575,23.868022031734416,21.476848917057087,22.282061477646778,23.203922194644925,23.769617682298126,23.05135092411659,21.454309463500977
2020-09-18,22.339810224074544,22.54193786255832,22.27243495652607,22.39756202697754,4163400,0.0,0,0.00042981060729974097,0.8931428229380685,22.66169967651367,23.863159596926213,21.460239756101128,22.282061477646778,22.965444365699028,23.795867275045673,23.05135092411659,21.06930351257324
2020-09-21,22.205061602097363,22.31093808070316,22.022184548825127,22.108810424804688,3234800,0.0,0,-0.01289209967696725,0.881628336638983,22.639867115020753,23.864878618668786,21.41485561137272,22.291686371214098,22.965444365699028,23.841205529224172,23.05135092411659,21.03080368041992
2020-09-22,22.099184567572788,22.195435742444207,21.512055888950226,21.69493293762207,3457800,0.0,0,-0.018720025149714603,0.8651242320044001,22.586841106414795,23.878009900394908,21.295672312434682,22.099184936525866,22.830692928415857,23.841205529224172,23.05135092411659,19.712167739868164
2020-09-23,21.598684464837373,21.70455911818668,20.568800987298893,20.57842445373535,5542900,0.0,0,-0.05146402098116354,0.8206014603772127,22.477989673614502,24.036525677451063,20.91945366977794,21.627557485700198,22.359065477590192,23.776775265678967,23.05135092411659,18.951784133911133
2020-09-24,20.443669266105218,20.74204622574215,20.222292871401635,20.366668701171875,3979600,0.0,0,-0.010290182955432159,0.8121573212164364,22.345664501190186,24.134969384949976,20.556359617430395,21.45430342775157,22.18581141964156,23.690870205806505,23.05135092411659,18.98065948486328
2020-09-25,20.357047197061508,20.6650495142282,20.222296642260737,20.588048934936523,3136900,0.0,0,0.010869732159580536,0.8209852537695015,22.23586254119873,24.169408629932356,20.302316452465107,21.45430342775157,22.18581141964156,23.781548450458843,23.05135092411659,18.93253517150879
2020-09-28,20.92492782024137,21.19443077421375,20.83830193631591,21.155929565429688,3863000,0.0,0,0.02758302315522032,0.8436305090343201,22.145386695861816,24.103365004169454,20.18740838755418,21.45430342775157,22.18581141964156,23.76484481342622,23.05135092411659,19.34641456604004
2020-09-29,21.117430652376072,21.309931192972577,20.924928275940847,21.040430068969727,2031100,0.0,0,-0.005459438504120118,0.8390247601500477,21.994272994995118,23.79564102922066,20.192904960769575,21.39174204132964,22.18581141964156,23.774389968393116,23.05135092411659,19.288663864135746
2020-09-30,20.915300370456627,20.953801575287372,20.491798132349366,20.693923950195312,4302500,0.0,0,-0.016468585368197286,0.8252072092614854,21.84652795791626,23.56263932824688,20.130416587585636,21.382115366979978,22.18581141964156,23.712346318656913,23.05135092411659,19.741043090820312
2020-10-01,20.70355025791605,20.79017613715809,20.43404731851428,20.549549102783203,2612600,0.0,0,-0.006976678166962458,0.8194500041414108,21.674239063262938,23.168073532685572,20.180404593840304,21.266615476052397,22.18581141964156,23.54530758782854,23.05135092411659,19.818042755126957
2020-10-02,20.25117264099112,20.6265502372831,20.241547339055607,20.52067375183105,2888100,0.0,0,-0.0014051573982342136,0.8182985479056084,21.590019607543944,23.14402848397529,20.036010731112597,21.20886430692292,22.18581141964156,23.483264475903695,23.05135092411659,20.616924285888672
2020-10-05,20.751675791865,21.19443050812976,20.703551117327777,21.13667869567871,2678100,0.0,0,0.030018748472753876,0.8428628461908066,21.52841911315918,23.051100926406814,20.005737299911548,20.963425994794157,22.18581141964156,23.47133274778723,23.05135092411659,20.674673080444336
2020-10-06,21.136677887857477,21.415806129853596,20.86717678340725,20.9249267578125,2754100,0.0,0,-0.010018221921947568,0.8344188591479028,21.47933120727539,23.013451032321957,19.945211382228823,20.819049500627614,22.18581141964156,23.337702162288778,23.05135092411659,20.70355033874512
2020-10-07,21.088555305719584,21.483183535646663,21.06930470039661,21.454309463500977,2234200,0.0,0,0.025299142587958068,0.8555289408435669,21.43409357070923,22.913585045559365,19.954602095859094,20.852740088953702,22.18099846728902,23.55492649639777,23.05135092411659,20.52067375183105
2020-10-08,21.617931714577733,21.925935858224857,21.598682947218624,21.791183471679688,4222400,0.0,0,0.01570192733314557,0.8689623941040956,21.423987197875977,22.89062768246245,19.957346713289503,21.08374159864023,22.161748172350407,23.55492649639777,23.05135092411659,21.03080368041992
2020-10-09,21.97405887727556,22.07031005018441,21.67568189351269,21.81043243408203,2262100,0.0,0,0.0008833371729148887,0.8697299808886728,21.401849365234376,22.830214476931488,19.973484253537265,21.15592869462001,21.521680185006332,23.55492649639777,23.05135092411659,21.50243186950684
2020-10-12,21.762311114270133,21.81043579021064,21.454308782238005,21.771936416625977,2382100,0.0,0,-0.001765027702793187,0.8681948833784545,21.377786731719972,22.76307930441451,19.992494159025433,21.15592869462001,21.45430342775157,23.24933621153633,23.05135092411659,21.37730407714844
2020-10-13,21.77193177490225,21.82968174088644,21.44467890792796,21.4928035736084,1973200,0.0,0,-0.012820763283344028,0.8570639622948488,21.340729999542233,22.670374074617364,20.011085924467103,21.15592869462001,21.45430342775157,23.24933621153633,23.05135092411659,21.03080368041992
2020-10-14,21.6179318987454,21.82005956236584,21.53130785529502,21.65643310546875,1814600,0.0,0,0.007613224179896072,0.8635889823763095,21.306079864501953,22.562075458752926,20.05008427025098,21.15592869462001,21.45430342775157,23.24933621153633,23.05135092411659,21.11742782592773
2020-10-15,21.454307277686897,21.694934312192103,21.32918019167458,21.65643310546875,1620600,0.0,0,0.0,0.8635889823763095,21.26950454711914,22.435817940120298,20.103191154117983,21.386930583756094,21.45430342775157,23.24933621153633,23.108621182945484,20.81904983520508
2020-10-16,21.627557293413577,21.714183173074986,21.40618086131824,21.58905792236328,1934300,0.0,0,-0.003111093261634834,0.8609022765124166,21.22907934188843,22.285978655461783,20.172180028315076,21.46874341679583,21.45430342775157,23.24933621153633,23.194527595946678,21.088552474975582
2020-10-19,21.723807766322,21.781557738933348,21.146302532692893,21.2425537109375,2075800,0.0,0,-0.016049992207712305,0.8470848016827905,21.18576650619507,22.161987210870908,20.20954580151923,21.56980737529051,21.45430342775157,23.24933621153633,23.194527595946678,21.454309463500977
2020-10-20,21.473554788076985,21.52168129366369,21.098177223693053,21.11742782592773,1647500,0.0,0,-0.005890340997247612,0.842095183347293,21.15689125061035,22.10460522599327,20.20917727522743,21.58424363693873,21.45430342775157,23.24692973536006,23.194527595946678,21.213680267333984
2020-10-21,21.175179537370635,21.28105602252585,20.92492719526471,21.03080368041992,1759200,0.0,0,-0.004102021620334684,0.8386408906988227,21.17951021194458,22.091458627383783,20.26756179650538,21.49761862272456,21.45430342775157,23.237304587890755,23.194527595946678,21.37730407714844
2020-10-22,21.127057125412435,21.656435936183616,20.98267941716682,21.579435348510746,5018400,0.0,0,0.026087051946646067,0.8605185591790645,21.240148544311523,22.086038727527868,20.39425836109518,21.377304468075575,21.39174204132964,22.917270594218714,23.194527595946678,21.14420509338379
2020-10-23,21.560184121099784,21.70455998934453,21.329182364740426,21.454309463500977,3312800,0.0,0,-0.005798385499387271,0.855528940843567,21.283461570739746,22.077967430053267,20.488955711426225,21.377304468075575,21.382115366979978,22.74299183614585,23.194527595946678,21.26075553894043
2020-10-26,21.290681789629247,21.386931139140323,20.636175932257405,21.06930351257324,3254000,0.0,0,-0.017945390019787233,0.8401761403269137,21.279130268096925,22.077346001691943,20.480914534501906,21.22811774731162,21.266615476052397,22.623752921672903,23.194527595946678,21.017940521240234
2020-10-27,20.88642782346921,21.204055443096227,20.70355075888438,21.03080368041992,7433400,0.0,0,-0.0018272949616177092,0.8386408906988229,21.278648948669435,22.077457653733784,20.479840243605086,21.208866835595376,21.20886430692292,22.628565368456563,23.28997725715481,21.008228302001957
2020-10-28,21.040430100410887,21.040430100410887,19.558166572825343,19.712167739868164,10070100,0.0,0,-0.06270021633930378,0.7860579254210203,21.229561138153077,22.25687193373893,20.202250342567226,20.669862155879343,20.814238311504877,22.46493893247086,23.28997725715481,21.348169326782227
2020-10-29,19.65441457408745,20.00091806166522,18.93253353219272,18.951784133911133,8228400,0.0,0,-0.038574327085252214,0.755736269897875,21.14967288970947,22.558600475527754,19.740745303891188,20.357045635563033,20.501421791188566,21.993311481645193,22.92684916926479,21.47443199157715
2020-10-30,18.942160114660044,19.32716299588514,18.77853366065956,18.98065948486328,4795500,0.0,0,0.0015236217734497792,0.7568877261336772,21.072672176361085,22.755625269494097,19.389719083228073,20.241546825002047,20.424421855421983,21.820057423696564,22.753595111316162,21.115066528320312
2020-11-02,19.21166157724089,19.327163361713936,18.817033387035742,18.93253517150879,4566500,0.0,0,-0.002535439476845869,0.7549686831132977,20.962465000152587,22.888199643668443,19.03673035663673,20.241546825002047,20.424421855421983,21.820057423696564,22.753595111316162,21.27046775817871
2020-11-03,19.144286895893337,19.68329279239211,19.144286895893337,19.34641456604004,2606900,0.0,0,0.021860748747166703,0.7714728638068168,20.883539390563964,22.935616654515922,18.831462126612006,20.241546825002047,20.424421855421983,21.820057423696564,22.753595111316162,21.338455200195312
2020-11-04,19.51966559572653,19.59666617292346,19.11541210648301,19.288663864135746,3628300,0.0,0,-0.002985085515828212,0.7691699513352126,20.775257110595703,22.92282160823489,18.627692612956515,20.241546825002047,20.424421855421983,21.7887767304856,22.753595111316162,21.289892196655277
2020-11-05,19.6640425094688,19.79879306787428,19.48116544031945,19.741043090820312,2160700,0.0,0,0.023453113697817773,0.7872093816568223,20.672750091552736,22.812171258920955,18.533328924184516,20.08273239989994,20.424421855421983,21.78396339331077,22.753595111316162,21.445293426513672
2020-11-06,19.731416875635126,19.88541803121202,19.625540392736543,19.818042755126957,2135200,0.0,0,0.0039004861066560537,0.790279880913004,20.57313060760498,22.67622320723659,18.470038007973372,19.991294551877893,20.424421855421983,21.72621344784698,22.753595111316162,21.649259567260746
2020-11-09,20.58804838099175,21.213680136221704,20.549549010301096,20.616924285888672,4058200,0.0,0,0.040310818814589755,0.8221367100053038,20.515380001068117,22.54499228953621,18.485767712600023,19.99610689844063,20.424421855421983,21.69733786328224,22.753595111316162,21.53270721435547
2020-11-10,20.58804720653377,20.790174857604576,20.357045488051757,20.674673080444336,2362500,0.0,0,0.002801038300130454,0.8244395464179719,20.474473476409912,22.455515300371406,18.493431652448418,19.99610689844063,20.424421855421983,21.57461870721786,22.753595111316162,21.59098052978516
2020-11-11,20.82867558933959,20.8575514944792,20.472548605144,20.70355033874512,1631200,0.0,0,0.001396745582792347,0.8255910787127105,20.42682933807373,22.335622967284216,18.518035708863245,19.99610689844063,20.424421855421983,21.502430460134587,22.753595111316162,22.028045654296875
2020-11-12,20.64580084115413,20.7035508169286,20.28967201289456,20.52067375183105,2254700,0.0,0,-0.008833102724986719,0.8182985479056085,20.370041370391846,22.19392120235106,18.54616153843263,20.015356761628723,20.424421855421983,21.516869278121362,22.753595111316162,21.843507766723636
2020-11-13,20.79980194213106,21.107804259849544,20.35704723353177,21.03080368041992,3078300,0.0,0,0.02485931674360109,0.8386408906988229,20.342128658294676,22.10599104515745,18.578266271431904,20.16454612135236,20.424421855421983,21.62274488549532,22.753595111316162,21.726957321166992
2020-11-16,21.281055439194617,21.51205717115153,21.0885530779779,21.50243186950684,3031200,0.0,0,0.022425590398431394,0.8574479078050103,20.355122566223145,22.149226231002704,18.561018901443585,20.31373463881727,20.304107700773,21.33880443981317,22.753595111316162,21.69781875610352
2020-11-17,21.367680611660507,21.589057034653173,21.184803558135105,21.37730407714844,2476900,0.0,0,-0.005819239103640461,0.8524582134105767,20.36811637878418,22.18797618532854,18.54825657223982,20.535111237486312,20.304107700773,21.30511606118579,22.753595111316162,21.75609588623047
2020-11-18,21.348431300046936,21.415806577568027,21.03080368041992,21.03080368041992,3200300,0.0,0,-0.01620879767991512,0.8386408906988227,20.36811637878418,22.18797618532854,18.54825657223982,20.60729871369486,20.299296611512702,21.30511606118579,22.753595111316162,21.911495208740234
2020-11-19,20.9345507763752,21.146301893441283,20.86717550439229,21.11742782592773,1950800,0.0,0,0.004118917509009057,0.842095183347293,20.34501600265503,22.113230739668516,18.576801265641542,20.939364523773868,20.280045699796453,21.30511606118579,22.753595111316162,21.55213165283203
2020-11-20,21.09817807130645,21.184803949004213,20.780550465027485,20.81904983520508,3318300,0.0,0,-0.014129466580030337,0.830196827596983,20.313253021240236,22.021801125057067,18.604704917423405,20.939364523773868,20.280045699796453,21.420617005753833,22.753595111316162,21.561843872070312
2020-11-23,20.867176050993365,21.13667714598441,20.703549599389437,21.088552474975582,2863100,0.0,0,0.012945001904686837,0.8409437271114909,20.314215469360352,22.02450573585402,18.603925202866684,20.939364523773868,20.280045699796453,21.4615234222737,22.753595111316162,21.862934112548828
2020-11-24,21.155930588511215,21.47355823298518,21.059679397735128,21.454309463500977,3085800,0.0,0,0.01734386411582367,0.8555289408435669,20.335390758514404,22.09102863033399,18.579752886694816,20.939364523773868,20.241546825002047,21.51205540152104,22.753595111316162,21.960058212280277
2020-11-25,21.45430730211315,21.463930767966367,21.09817848287101,21.213680267333984,2242400,0.0,0,-0.011215890988072186,0.8459334215059245,20.410466384887695,22.181598160980748,18.63933460879464,20.97305213409247,20.241546825002047,21.51927353234515,22.753595111316162,22.688499450683597
2020-11-27,21.309928803701844,21.454306487759983,21.107802983362067,21.37730407714844,1237500,0.0,0,0.007713126989399077,0.8524582134105766,20.53174238204956,22.215851789325146,18.847632974773976,21.146303317021307,20.241546825002047,21.475961025238064,22.753595111316162,22.902175903320312
2020-11-30,21.36759312233052,21.455006151487147,20.94024074117819,21.14420509338379,6021700,0.2,0,-0.010904040234606893,0.8431629747532265,20.639919662475585,22.18209571482555,19.09774361012562,21.146303317021307,20.241546825002047,21.384523254702607,22.753595111316162,23.144989013671875
2020-12-01,21.20248080100365,21.425868840195065,21.10535500276201,21.26075553894043,4551400,0.0,0,0.005512169648463683,0.8478106321113696,20.756330680847167,22.10244500478963,19.410216356904705,21.08855391618731,20.183795347656364,21.379709917527776,22.424289248587456,23.11584854125977
2020-12-02,21.21219210433755,21.2996051314793,20.949953022912293,21.017940521240234,3491300,0.0,0,-0.011420808505862579,0.8381279492327914,20.83990697860718,22.021300493637128,19.65851346357723,21.08855391618731,20.183795347656364,21.24736661168201,22.18581141964156,23.12556266784668
2020-12-03,21.008228302001957,21.163630684024767,20.784840272407344,21.008228302001957,3784400,0.0,0,-0.00046209186044954276,0.8377406571294357,20.92588520050049,21.866622501945116,19.98514789905586,21.08855391618731,20.183795347656364,21.208865571259146,22.18581141964156,23.12556266784668
2020-12-04,21.08593021801557,21.387020388460503,20.98880626886103,21.348169326782227,4802300,0.0,0,0.016181327615707453,0.8512964131594452,21.006241512298583,21.787961872160047,20.22452115243712,21.08855391618731,20.183795347656364,20.74205023369211,21.853748270353414,22.8244743347168
2020-12-07,21.435580932491668,21.765807524636408,21.280180401190663,21.47443199157715,3140800,0.0,0,0.0059144492842539975,0.856331362620944,21.089060974121093,21.67405338775547,20.504068560486715,21.275323898521876,20.27217059264798,20.4292337133758,21.540931750037103,23.51406478881836
2020-12-08,20.95966600126437,21.24133061437852,20.78483994519633,21.115066528320312,6505700,0.0,0,-0.01673457362680364,0.8420010223842227,21.113968086242675,21.65689862268259,20.57103754980276,21.27532373491637,20.291420455836075,20.332984340212015,21.463931814270524,23.73745346069336
2020-12-09,21.153918285296022,21.31903158231356,20.901391957356235,21.27046775817871,4608600,0.0,0,0.007359731954903692,0.8481979242147254,21.143757820129395,21.650826359381412,20.636689280877377,21.27532373491637,20.44060981555971,20.332984340212015,21.463931814270524,23.80544090270996
2020-12-10,21.11506716735673,21.416155466074844,21.0567924310772,21.338455200195312,2604400,0.0,0,0.0031963303670394794,0.8509090449971528,21.175503063201905,21.646169543382936,20.704836583020874,21.27532373491637,20.44060981555971,20.332984340212015,21.463931814270524,24.3687686920166
2020-12-11,20.88196535743252,21.387017987426475,20.804265095319632,21.289892196655277,3828300,0.0,0,-0.002275844389128534,0.8489725084214373,21.213963985443115,21.576581799492885,20.851346171393345,21.27532373491637,20.62348648247793,20.332984340212015,21.463931814270524,24.524169921875
2020-12-14,21.474431720459908,21.775520014489263,21.37730592649289,21.445293426513672,3852300,0.0,0,0.0072992962304812,0.8551694102519402,21.234688472747802,21.60046393744948,20.868913008046125,21.2801799798428,20.700530203612903,20.25357712766096,21.463931814270524,24.32020568847656
2020-12-15,21.5909829745548,21.65897048019114,21.23161991547109,21.649259567260746,2396100,0.0,0,0.009510997900121998,0.8633029247170949,21.2420298576355,21.634241060006193,20.84981865526481,21.2801799798428,21.03259601369191,20.207858203649938,21.463931814270524,24.6795711517334
2020-12-16,21.639545776734785,21.82408275400024,21.51328168437368,21.53270721435547,2630600,0.0,0,-0.005383664625719264,0.8586551913000156,21.249800014495854,21.658418730223374,20.841181298768333,21.304461349598284,21.0568773834474,20.210264376931306,21.463931814270524,25.29146194458008
2020-12-17,21.61040605848757,21.707531849479224,21.40644356467342,21.59098052978516,2487600,0.0,0,0.0027062698085098535,0.8609789439201511,21.277808856964114,21.69927739564272,20.856340318285508,21.304461349598284,21.0568773834474,20.210264376931306,21.463931814270524,26.796905517578125
2020-12-18,21.639544343003884,22.125171445250217,21.53270578770317,22.028045654296875,8450400,0.0,0,0.020242949314357217,0.8784076970426555,21.323339748382573,21.85045963688267,20.796219859882477,21.455005695223274,21.207421729072387,20.210264376931306,21.463931814270524,25.359447479248047
2020-12-21,21.668681706068483,21.862933296245416,21.357880643801757,21.843507766723636,3098500,0.0,0,-0.00837740626060679,0.8710489189020852,21.3745626449585,21.894691712852353,20.854433577064643,21.464718270284926,21.241109339390995,20.219889308525353,21.45911886191798,23.7180290222168
2020-12-22,21.882357845337705,21.97948178355412,21.61040600177877,21.726957321166992,4291400,0.0,0,-0.005335701884575328,0.866401261543942,21.40648288726807,21.930870960191378,20.88209481434476,21.464718270284926,21.414360522319825,20.29448398838717,21.43986856697937,24.057966232299805
2020-12-23,21.69781875610352,21.911494011028704,21.600692966584663,21.69781875610352,5707800,0.0,0,-0.0013411249735868491,0.8652393091749383,21.418658351898195,21.95817856481202,20.87913813898437,21.464718270284926,21.414360522319825,20.308921169795134,20.799800579635292,23.49464225769043
2020-12-24,21.81437062535525,21.81437062535525,21.581269816335563,21.75609588623047,758000,0.0,0,0.0026858520103802963,0.8675632139129459,21.445779132843022,21.995901508948496,20.895656756737548,21.67839568036065,21.414360522319825,20.419609469129654,20.732423822380532,23.630613327026367
2020-12-28,21.85322047285169,22.27086009384724,21.78523297222831,21.911495208740234,2005800,0.0,0,0.007142794521700857,0.8737600396845124,21.47248868942261,22.05785603195743,20.887121346887792,21.751240004659167,21.48720484661834,20.45329766260378,20.732423822380532,23.708314895629883
2020-12-29,21.9697712636866,22.057182439136696,21.455005860362533,21.55213165283203,2130000,0.0,0,-0.016400686146003318,0.8594297755067274,21.49288501739502,22.058981451311496,20.926788583478547,21.8143703688245,21.48720484661834,20.60970511178516,20.732423822380532,23.84428977966309
2020-12-30,21.62983136932356,21.814368332576542,21.48414361056369,21.561843872070312,8873000,0.0,0,0.0004506384516729245,0.8598170676100834,21.507939434051515,22.064370369590247,20.951508498512784,21.8143703688245,21.48720484661834,20.60970511178516,20.732423822380532,24.42704391479492
2020-12-31,21.58126948152772,21.90178332052247,21.47443277020982,21.862934112548828,2332100,0.0,0,0.013964030268697414,0.8718235791677332,21.550189113616945,22.07870757673833,21.021670650495558,21.8143703688245,21.527850019521786,20.60970511178516,20.732423822380532,24.76698112487793
2021-01-04,21.853219656707623,22.06689491533254,21.74638110113498,21.960058212280277,5320500,0.0,0,0.0044424092041561725,0.8756965762602283,21.59778060913086,22.092504506309965,21.10305671195176,21.8143703688245,21.527850019521786,20.590455674387957,20.732423822380532,24.70870780944824
2021-01-05,21.960058776736343,22.85361274421245,21.960058776736343,22.688499450683597,5935000,0.0,0,0.03317118886305903,0.9047444727780906,21.664797115325932,22.33898618896595,20.990608041685913,22.154309302287494,21.81922634470439,20.607299479547258,20.732423822380532,25.01951026916504
2021-01-06,22.72734983609702,23.135276708777862,22.47482350038788,22.902175903320312,4980800,0.0,0,0.009417830963267093,0.9132652032876648,21.73618431091309,22.59418761687609,20.878181004950086,22.2951412845702,21.960058326987095,20.693925071011677,20.732423822380532,24.524169921875
2021-01-07,22.989588479790275,23.31010231248614,22.87303715311883,23.144989013671875,4835700,0.0,0,0.010602185197449376,0.9229478101073069,21.837680435180665,22.846542292440326,20.828818577921005,22.382554086424335,22.047471128841238,20.693925071011677,20.6698624359586,23.74716567993164
2021-01-08,23.193548800880865,23.5237753674006,23.106137629762408,23.11584854125977,4134900,0.0,0,-0.0012590402352272712,0.9217857816793669,21.92994947433472,23.04737705154076,20.81252189712868,22.489390613881568,22.154307656298464,20.636174631921836,20.660235761608938,23.50435447692871
2021-01-11,22.882749110659024,23.24211399040574,22.77591240521034,23.12556266784668,5043900,0.0,0,0.00042023664281987116,0.9221731498416589,22.019304847717287,23.217071989225737,20.821537706208836,22.489390613881568,22.154307656298464,20.636174631921836,20.544735870681357,23.348953247070312
2021-01-12,23.232401225815785,23.33923978378489,22.970162139448213,23.12556266784668,3640500,0.0,0,0.0,0.9221731498416589,22.111088371276857,23.352236098358365,20.86994064419535,22.49910406880521,22.154307656298464,20.636174631921836,20.486984701551883,23.28096389770508
2021-01-13,23.01872592112681,23.038149597751477,22.55252248424686,22.8244743347168,5041300,0.0,0,-0.013019719236864513,0.9101667143429455,22.18004741668701,23.418792378705735,20.941302454668286,22.49910406880521,22.154307656298464,20.636174631921836,20.424421855421983,23.329524993896484
2021-01-14,23.222689251288408,23.611190585501834,23.15470174936612,23.51406478881836,4783600,0.0,0,0.030212763894968075,0.9376653663884478,22.27328767776489,23.615742988879486,20.930832366650296,22.67878584331841,22.198015265349085,20.77374724558493,20.424421855421983,22.93131256103516
2021-01-15,23.475214378840647,23.8248664879776,23.319813853117648,23.73745346069336,4226100,0.0,0,0.009500215036458926,0.9465733890013781,22.38352499008179,23.824220093127547,20.94282988703603,22.892462632356974,22.31456579164862,20.783372095376222,20.424421855421983,23.06728744506836
2021-01-19,23.81515366710968,23.84429010778844,23.47521432320117,23.80544090270996,4411300,0.0,0,0.002864142193229835,0.9492845097838055,22.49424800872803,24.01339985401935,20.975096163436707,23.15955680408816,22.324277601554037,20.85796677523804,20.424421855421983,22.96044921875
2021-01-20,23.92199078449893,24.44646895603875,23.80544131472592,24.3687686920166,4930500,0.0,0,0.02366382507296949,0.9717482123678091,22.611284160614012,24.319776734651047,20.902791586576978,23.499495720142804,22.62536702567919,20.85796677523804,20.424421855421983,22.8037223815918
2021-01-21,24.446469655629283,24.805834544841016,24.184230562354816,24.524169921875,5791100,0.0,0,0.0063770653258039545,0.9779451141983118,22.745317268371583,24.607292535937066,20.8833420008061,23.67917851454394,23.018727230156053,20.94940510869715,20.424421855421983,23.479604721069336
2021-01-22,24.329916600111407,24.46589344576363,24.05796661384764,24.32020568847656,5057100,0.0,0,-0.008316865934634987,0.9698116757920932,22.87497968673706,24.796117245020476,20.953842128453644,23.67917851454394,23.018727230156053,20.99035509172785,20.424421855421983,23.31308364868164
2021-01-25,24.475608641770236,24.99037222549852,24.4270448161691,24.6795711517334,5004200,0.0,0,0.014776415457173231,0.9841420160288145,23.024067306518553,25.01884859546927,21.029286017567838,23.77144735487269,23.174126434650137,21.156387996767357,20.424421855421983,23.38165283203125
2021-01-26,24.71842178014693,25.349736681762288,24.67957072034513,25.29146194458008,5734700,0.0,0,0.024793412700921502,1.0085422551885337,23.200835609436034,25.337935859466203,21.063735359405865,23.951129583004573,23.353808662782022,21.180669366522842,20.424421855421983,23.146562576293945
2021-01-27,25.242898311590064,27.030006320598257,25.13605974884398,26.796905517578125,12173500,0.0,0,0.05952378618115661,1.0685745087410374,23.44510612487793,26.0150186153538,20.875193634402063,25.092354034982186,24.193943482200005,21.180669366522842,20.424421855421983,23.322877883911133
2021-01-28,26.72891573816563,26.758052178235992,25.242896161405543,25.359447479248047,8232900,0.0,0,-0.053642687861370386,1.0112532999120247,23.635471916198732,26.1799473015414,21.090996530856064,25.174910086857953,24.193943482200005,21.33121371214783,20.45185255295489,23.469810485839844
2021-01-29,25.417723971406108,25.93248939435367,23.51406466500343,23.7180290222168,12346800,0.0,0,-0.06472611275834927,0.9457988047946663,23.743281173706055,26.10110464012845,21.38545770728366,25.252610321899713,24.242506090480397,21.35291380483796,20.45185255295489,23.646127700805664
2021-02-01,23.74716519434446,24.26192871876288,23.436362303868805,24.057966232299805,6026400,0.0,0,0.014332439249677309,0.9593544087068032,23.853032779693603,26.0475172710075,21.658548288379706,25.233184312233533,24.242506090480397,21.439539396302376,20.45185255295489,24.184877395629883
2021-02-02,23.99969309054668,24.048256917517865,23.24211591500201,23.49464225769043,5165900,0.0,0,-0.023415278297841624,0.9368908582406721,23.929761981964113,25.952979388545973,21.906544575382252,25.136061117800132,24.242506090480397,21.439539396302376,20.45185255295489,24.733421325683597
2021-02-03,23.533487541803336,23.84428857250082,23.193548219782866,23.630613327026367,4246700,0.0,0,0.005787322396510586,0.9423129476876544,23.97686767578125,25.923919219439107,22.029816132123393,25.11177727019056,24.242506090480397,21.54637810134024,20.45185255295489,24.880352020263672
2021-02-04,23.61118910503637,23.960841210164865,23.601476340724982,23.708314895629883,2735900,0.0,0,0.003288174010898315,0.9454114366323739,24.017174625396727,25.90542798622351,22.128921264569943,25.11177727019056,24.242506090480397,21.619222425638753,20.524696877253398,25.30155372619629
2021-02-05,23.766589518054992,23.98026662686752,23.669465580435148,23.84428977966309,4145800,0.0,0,0.005735324700713695,0.9508336781972287,24.052139663696288,25.899514336510485,22.20476499088209,25.11177727019056,24.25221954540404,21.65078760772142,20.524696877253398,25.02728271484375
2021-02-08,24.01911705740084,24.456182209080374,23.93170402706493,24.42704391479492,3261500,0.0,0,0.024439987121313234,0.9740720410468799,24.117699432373048,25.91952723190489,22.315871632841205,25.11177727019056,24.25221954540404,21.65078760772142,20.524696877253398,24.880352020263672
2021-02-09,24.456180089518003,24.83496861979788,24.37847983067802,24.76698112487793,3039200,0.0,0,0.013916428499034073,0.987627644959017,24.199770355224608,25.962030275862773,22.437510434586443,24.975800199009427,24.388193710866616,21.671110194173142,20.524696877253398,24.6844425201416
2021-02-10,24.70870780944824,24.99037056918462,24.368768462852973,24.70870780944824,4650500,0.0,0,-0.0023528630774929393,0.9853038923388816,24.278927612304688,25.981655373299606,22.57619985130977,24.563018807068268,24.4950325486673,21.671110194173142,20.524696877253398,24.488534927368164
2021-02-11,24.912671706437862,25.038935799210076,24.698996433504032,25.01951026916504,4708800,0.0,0,0.01257866101755245,0.9976976959998873,24.388679409027098,25.980454317761698,22.7969045002925,24.11624200949647,24.75241491049307,21.986767823495942,20.816073202436005,24.772602081298828
2021-02-12,24.970945989657743,25.233185082932216,24.29106912313785,24.524169921875,5907500,0.0,0,-0.019798163191887652,0.9779451141983112,24.43918466567993,25.979470120430104,22.89889921092976,24.21336665135754,24.79126440242256,22.127599805778647,20.95690518471871,24.37098693847656
2021-02-16,24.58244302338648,24.58244302338648,23.193549235667863,23.74716567993164,8220100,0.0,0,-0.03168320250669476,0.9469606811047334,24.439670276641845,25.979066719870683,22.900273833413006,24.21336665135754,24.79126440242256,22.215012607632787,21.04431798657285,23.998764038085938
2021-02-17,23.60147842357311,23.902568586236463,23.397515912595228,23.50435447692871,5548800,0.0,0,-0.01022484983157912,0.9372781503440276,24.424615955352785,25.994448233358046,22.854783677347523,24.21336715930004,24.79126440242256,22.321849135090016,21.15115451403008,24.5277156829834
2021-02-18,23.36837692431104,23.66946707804828,23.26154021566537,23.348953247070312,3838500,0.0,0,-0.006611593184187914,0.9310812485135248,24.373625183105467,26.01288479091261,22.734365575298323,24.21336715930004,24.79126440242256,22.321849135090016,21.15115451403008,25.31134796142578
2021-02-19,23.416940753541063,23.582054051504382,23.26154022046035,23.28096389770508,5772300,0.0,0,-0.0029118799736241874,0.9283700516721612,24.311464881896974,26.016856524482815,22.606073239311133,24.21336715930004,24.79126440242256,22.326705862551837,21.15115451403008,25.15462303161621
2021-02-22,23.15469895149522,23.436361690070385,22.90217265164009,23.329524993896484,6025400,0.0,0,0.0020858713756344294,0.9303065121889404,24.261930847167967,26.020730316724,22.503131377611936,24.067678867286155,24.966089486119174,22.326705862551837,21.15115451403008,24.948917388916016
2021-02-23,23.28096281799059,23.310101111287043,22.8438995336662,22.93131256103516,3861400,0.0,0,-0.017069033037128034,0.9144270795977321,24.174517917633057,26.01440809994648,22.334627735319636,24.038542308299206,24.93695292713223,22.438400554333747,21.194862123080696,24.811782836914062
2021-02-24,22.85361218616875,23.14498770762461,22.824473893015007,23.06728744506836,3194800,0.0,0,0.005929659877570437,0.9198493211625867,24.06330919265747,25.888361676578175,22.238256708736767,24.02882948797361,24.927240106806632,22.603514212002796,21.320949937506672,25.095849990844727
2021-02-25,23.12556251061582,23.329526860577317,22.79533592688418,22.96044921875,3247900,0.0,0,-0.004631590366781513,0.9155889559077995,23.871486377716064,25.256070676881077,22.48690207855105,24.0142605049082,24.91267112374122,22.7419172028211,21.479851107135723,25.184009552001957
2021-02-26,22.98983388539604,23.13676657663603,22.64699592137413,22.8037223815918,5096900,0.2,0,-0.0068259482061968635,0.909339193116607,23.743700122833253,25.021944375520206,22.4654558701463,23.614719472380308,24.838501120986194,23.062431372910996,21.78094053126088,25.05666923522949
2021-03-01,22.970244655611516,23.636331182491247,22.87229015014112,23.479604721069336,4451300,0.0,0,0.029639123304848525,0.9362912095873216,23.73177890777588,25.01525170649533,22.44830610905643,23.2747822538053,24.838501120986194,23.348952872349997,22.14349999258023,24.89994239807129
2021-03-02,23.469810117003806,23.59715154021987,23.29349424138653,23.31308364868164,2810100,0.0,0,-0.007092158252488323,0.9296508841585146,23.69453477859497,24.98124592102974,22.407823636160202,23.158231499711206,24.838501120986194,23.348952872349997,22.21568746878878,25.07625961303711
2021-03-03,23.391446601397533,23.910604189172524,23.166152539436005,23.38165283203125,5057200,0.0,0,0.002941231815701384,0.9323852029164965,23.688885307312013,24.980090547697213,22.397680066926814,23.27880005527333,24.838501120986194,23.472786894761413,22.640022119196537,24.890146255493164
2021-03-04,23.44042611876737,23.85183358356859,23.029018653966144,23.146562576293945,5917800,0.0,0,-0.010054475508046501,0.9230105587297076,23.66468276977539,24.977550796483037,22.35181474306774,23.27880005527333,24.838501120986194,23.652469122893297,22.819704347328425,24.98809814453125
2021-03-05,23.40124111335964,23.538378166139605,23.00942496611709,23.322877883911133,6250600,0.0,0,0.007617343051955494,0.9300414467961289,23.64541091918945,24.966530735034034,22.32429110334487,23.27880005527333,24.702524049805064,24.643148758591096,23.65983916674641,25.144824981689453
2021-03-08,23.313084015054667,23.94978740448722,23.13676813666652,23.469810485839844,7195600,0.0,0,0.006299934453203537,0.9359006469497071,23.62668695449829,24.946602604956112,22.306771304040467,23.298391662930676,24.2897426578639,24.68442678452898,23.65983916674641,25.066463470458984
2021-03-09,23.646127700805664,23.93999122816471,23.54817506001285,23.646127700805664,5847800,0.0,0,0.007512511235324926,0.9429316110750646,23.587641143798827,24.855147322069357,22.320134965528297,23.298391662930676,23.940090502153176,24.747558206190057,23.693526777065014,25.095849990844727
2021-03-10,23.81265062188404,24.18487739562988,23.72449174748776,24.184877395629883,3219800,0.0,0,0.02278384442649628,0.9644152182066243,23.558535957336424,24.739235661722056,22.377836252950793,23.415936658502005,23.940090502153176,24.737845201356965,23.866777959993847,25.477872848510746
2021-03-11,24.37099017132256,24.87055652922868,24.15549172741928,24.733421325683597,6816800,0.0,0,0.022681278101200242,0.9862893879757985,23.559771633148195,24.74537843697047,22.37416482932592,23.8714233396849,23.940090502153176,24.689283604140265,23.866777959993847,25.389711380004883
2021-03-12,24.674649216165943,25.027282861523044,24.58649033774492,24.880352020263672,3655400,0.0,0,0.005940572986055104,0.9921485120704403,23.552813720703124,24.704872634542454,22.400754806863794,24.018353913820068,23.940090502153176,24.67714168033548,23.866777959993847,24.811782836914062
2021-03-15,24.978305146097515,25.34073627812434,24.91953318653235,25.30155372619629,3555400,0.0,0,0.016929089491562355,1.0089446830202011,23.59168291091919,24.9140564759821,22.26930934585628,24.175080622120717,23.993866099749233,24.67714168033548,23.866777959993847,25.037078857421875
2021-03-16,25.125237231218247,25.252578663003195,24.75301231098756,25.02728271484375,4378400,0.0,0,-0.010840085724402315,0.9980076361650823,23.655688762664795,25.11990162098256,22.19147590434703,24.175080622120717,23.993866099749233,24.681998407797302,23.866777959993847,24.55710220336914
2021-03-17,24.860760743208548,25.076261054160845,24.635466662055705,24.880352020263672,3849600,0.0,0,-0.00587082090589619,0.9921485120704403,23.72448863983154,25.281213266419858,22.167764013243225,24.175080622120717,23.993866099749233,24.681998407797302,23.866777959993847,24.78239631652832
2021-03-18,24.63546433213596,24.988099812469272,24.566896737254886,24.6844425201416,2907500,0.0,0,-0.007874064641951728,0.9843362705519815,23.791263103485107,25.392252413888734,22.19027379308148,24.23875220739543,23.993866099749233,24.681996954938022,23.907423132897293,25.037078857421875
2021-03-19,24.635465763266986,24.811783513676342,24.44935237468744,24.488534927368164,5673600,0.0,0,-0.007936480340343333,0.9765241050924588,23.85164165496826,25.462255123572852,22.24102818636367,24.444455669068596,23.993866099749233,24.529025677867786,23.907423132897293,24.762807846069336
2021-03-22,24.44935163642445,24.8901459991378,24.31221644283669,24.772602081298828,3522200,0.0,0,0.011600006075218161,0.9878517906441283,23.92379550933838,25.563733219420865,22.283857799255895,24.53261401280605,23.993866099749233,24.43432845999477,23.907423132897293,24.74321556091309
2021-03-23,24.772600593905583,24.80198563743755,24.25344302769515,24.37098693847656,3015000,0.0,0,-0.0162120693459753,0.9718366689106598,23.99577922821045,25.57998719841663,22.411571258004265,24.74811400277181,23.993866099749233,24.50231552689005,23.907423132897293,25.810914993286133
2021-03-24,24.41017149632906,24.586489245337106,23.969377123808957,23.998764038085938,3226700,0.0,0,-0.0152731976481002,0.956993615384716,24.042353057861327,25.56768524663652,22.517020869086135,24.655056700966647,23.993866099749233,24.50231552689005,23.907423132897293,24.870555877685547
2021-03-25,23.969375558152525,24.63546395830713,23.87142292028128,24.5277156829834,2504000,0.0,0,0.02204078693627798,0.9780865077607889,24.120716381073,25.574253896685065,22.667178865460933,24.606079599202808,23.993866099749233,24.502315780861302,23.907423132897293,25.34073638916016
2021-03-26,24.68444211193532,25.33093923630406,24.56689633099246,25.31134796142578,3970200,0.0,0,0.03194884874607551,1.0093352456578155,24.2460976600647,25.65504526493799,22.837150055191408,24.60118107829267,23.993866099749233,24.502315780861302,23.907423132897293,25.55623435974121
2021-03-29,25.203599353469016,25.663984999523848,25.076259795655567,25.15462303161621,3746900,0.0,0,-0.006191883974271839,1.0030855589255592,24.32984857559204,25.745783467120503,22.91391368406358,24.767703959902562,24.155490460448988,24.502315780861302,23.907423132897293,25.7717342376709
2021-03-30,24.98809993951976,25.076258810051325,24.66485137034629,24.948917388916016,2302500,0.0,0,-0.008177647601462779,0.9948826787105496,24.41164026260376,25.7704197928935,23.052860732314024,24.767703959902562,24.155490460448988,24.516884176702664,23.907423132897293,26.45741081237793
2021-03-31,24.997896220417207,25.06646381741129,24.684443280828894,24.811782836914062,2503700,0.0,0,-0.005496613334528,0.9894141933124583,24.483146762847902,25.76512998985797,23.201163535837832,24.767703959902562,24.155490460448988,24.48774761771572,23.907423132897293,26.643526077270508
2021-04-01,24.95871293257493,25.115439397745977,24.762805785274537,25.095849990844727,3153000,0.0,0,0.011448881194786154,1.0007418788641278,24.580611133575438,25.72942266765905,23.431799599491825,24.767703959902562,24.155490460448988,24.478034797390123,23.917135707958945,26.44761657714844
2021-04-05,25.184009552001957,25.37012294892861,24.96851110757379,25.184009552001957,2246700,0.0,0,0.0035129139355467576,1.0042573989562749,24.67366771697998,25.69274751287787,23.654587921082094,24.767703959902562,24.155490460448988,24.46346581432471,23.917135707958945,26.290889739990234
2021-04-06,25.252578264889934,25.252578264889934,24.89994275883193,25.05666923522949,2350500,0.0,0,-0.0050563956668426835,0.9991794761957976,24.75301065444946,25.618861895940565,23.887159412958358,24.767703959902562,24.268137574832483,24.22661029668325,23.917135707958945,25.370121002197266
2021-04-07,25.18400843180359,25.232986622672573,24.81178352283407,24.89994239807129,2575100,0.0,0,-0.006254895081499567,0.9929297134046052,24.815701389312743,25.516022973630943,24.115379804994543,24.767703959902562,24.33670498282047,24.056641687395746,24.130813118034673,25.79132461547852
2021-04-08,24.929328780221795,25.095850888966325,24.684443436087307,25.07625961303711,2759400,0.0,0,0.00708102902998986,0.9999606775299628,24.860270500183105,25.505007204970582,24.21553379539563,25.115440665258156,24.33670498282047,23.9983663103487,24.130813118034673,26.036209106445312
2021-04-09,25.125235961919287,25.203599197394663,24.733419784542413,24.890146255493164,3437700,0.0,0,-0.007421894669139006,0.9925390747080545,24.868106746673583,25.510262643692833,24.225950849654332,25.16441818493507,24.33670498282047,24.058650588129762,24.193943482200005,25.97743797302246
2021-04-12,24.890143643385183,25.027278823993647,24.753008462776723,24.98809814453125,2639000,0.0,0,0.003935368158653141,0.9964450813788795,24.87349405288696,25.51779803879911,24.229190066974812,25.01748715963745,24.33670498282047,24.058650588129762,24.193943482200005,25.76193618774414
2021-04-13,25.05666611614906,25.291755801481195,24.96850725060867,25.144824981689453,4129100,0.0,0,0.0062720594521317174,1.002694844170072,24.865657615661622,25.49232848435127,24.238986746971975,25.027283114878752,24.400376568095183,23.990662052539196,24.193943482200005,25.468076705932617
2021-04-14,25.09585038376122,25.26237248915349,24.95871332334432,25.066463470458984,3279500,0.0,0,-0.0031164071051411613,0.999570038833412,24.867616653442383,25.496561812611787,24.238671494272978,25.02728319250796,24.60608002976835,23.79406716039729,24.193943482200005,25.967641830444336
2021-04-15,25.15462194820216,25.22318954317364,25.037076165160453,25.095849990844727,2619900,0.0,0,0.00117234409314948,1.0007418788641276,24.878391551971436,25.51526036461663,24.241522739326243,25.02728319250796,24.694238373505804,23.619241082541926,24.242506090480397,26.18313980102539
2021-04-16,25.223191852211503,25.57582736529153,25.203600575189945,25.477872848510746,5768800,0.0,0,0.015222551051484068,1.0159757232044948,24.91806306838989,25.599454628837474,24.236671507942308,25.13013540068942,24.767703959902562,23.67801358032759,24.242506090480397,26.290889739990234
2021-04-19,25.477870249281,25.605209800276047,25.32114378575164,25.389711380004883,3403700,0.0,0,-0.003460315114611978,1.0124601270534115,24.96312189102173,25.644120431097008,24.28212335094645,25.144826618181675,24.767703959902562,23.90575692091904,24.242506090480397,26.036209106445312
2021-04-20,25.409303670708585,25.526847588890757,24.674647642925905,24.811782836914062,2971800,0.0,0,-0.02276231243597182,0.9894141933124581,24.96508092880249,25.644076737368277,24.286085120236702,25.139928721600974,24.767703959902562,23.979222207986624,24.242506090480397,26.02641487121582
2021-04-21,24.860761098063115,25.12523773710125,24.674649568364018,25.037078857421875,2544400,0.0,0,0.00908020282092048,0.9983982748616326,24.998385524749757,25.61986419607528,24.376906853424234,25.139928721600974,24.767703959902562,24.084473360934975,24.242506090480397,26.036209106445312
2021-04-22,24.96850965947304,25.06646417156005,24.547306565327748,24.55710220336914,3066600,0.0,0,-0.019170633155171424,0.9792583477915042,25.026302433013917,25.495791845892082,24.556813020135753,25.076258182801897,24.767703959902562,24.084473360934975,24.25221954540404,25.986860275268555
2021-04-23,24.625669844246747,24.92932901907835,24.439558326116707,24.78239631652832,4132900,0.0,0,0.009174295537535793,0.9882423532817425,25.03903646469116,25.465100836365902,24.61297209301642,25.022384063196377,24.767703959902562,24.084473360934975,24.25221954540404,26.08555793762207
2021-04-26,24.831376050388016,25.076261412091394,24.576695050017257,25.037078857421875,6797100,0.0,0,0.01027675199930922,0.9983982748616327,25.025323009490968,25.43248156059144,24.618164458390495,25.022384063196377,24.767703959902562,24.11630915357233,24.388193710866616,26.125036239624023
2021-04-27,25.08605644092667,25.27216796610147,24.625670776386805,24.762807846069336,8215700,0.0,0,-0.010954593102271426,0.9874612280065137,25.005732250213622,25.423798647139048,24.587665853288197,25.022384063196377,24.767703959902562,24.219160884408915,24.4950325486673,26.579042434692383
2021-04-28,25.46807596019637,25.663984984144037,24.41996697922829,24.74321556091309,7717300,0.0,0,-0.00079119804498895,0.9866799506134125,24.995447158813477,25.428613390775098,24.562280926851855,25.041975981686164,24.767703959902562,24.263240056277642,24.75241491049307,27.43770217895508
2021-04-29,24.929328150342062,25.88927822669612,24.860758686322324,25.810914993286133,8133500,0.0,0,0.043151199557897923,1.0292563740621088,25.04540376663208,25.597829515438022,24.49297801782614,25.154622602962206,24.8803505734887,24.37099005126052,24.79126440242256,27.605487823486328
2021-04-30,25.7521446440287,25.830507882333983,24.82157955436736,24.870555877685547,6071800,0.0,0,-0.036432614490621074,0.9917578733738895,25.03413906097412,25.591209822915175,24.477068299033064,25.154622602962206,24.8803505734887,24.32446140035794,24.79126440242256,28.207538604736328
2021-05-03,24.99789653159513,25.65418933265038,24.99789653159513,25.34073638916016,4039900,0.0,0,0.01890510665652112,1.0105071617474675,25.04197540283203,25.611663299736684,24.472287505927376,25.154622602962206,25.154622602962206,24.29997284947602,24.79126440242256,28.10884094238281
2021-05-04,25.135031273901348,25.66398450774496,25.115439998204867,25.55623435974121,5593300,0.0,0,0.008504013745758154,1.019100528541155,25.066953659057617,25.679692722267887,24.454214595847347,25.154622602962206,25.154622602962206,24.29752358902095,24.79126440242256,28.552976608276367
2021-05-05,25.693370998802145,25.869688753338583,25.48766819739429,25.7717342376709,4279200,0.0,0,0.008432379938930534,1.027693971393779,25.110543251037598,25.790658537672517,24.43042796440268,25.154622602962206,25.154622602962206,24.461597210175775,24.79126440242256,28.29636573791504
2021-05-06,25.830504976461143,26.565160953548663,25.71295919806336,26.45741081237793,6162500,0.0,0,0.02660575995327341,1.055036550502108,25.17960081100464,26.079499030398246,24.279702591611034,25.492563966388474,25.492563966388474,24.461597210175775,24.838501120986194,28.138450622558597
2021-05-07,26.4476170554549,26.75127435777489,26.271299309486228,26.643526077270508,3998700,0.0,0,0.007034523000470916,1.0624582293829525,25.267269802093505,26.360478041785253,24.174061562401757,25.58562066850159,25.58562066850159,24.461597210175775,24.838501120986194,27.93118667602539
2021-05-10,26.69250191582574,26.849228383113065,26.428025301655808,26.44761657714844,4430000,0.0,0,-0.0073529869715404095,1.0546459878644938,25.340245723724365,26.540039551115115,24.140451896333616,25.634597681170675,25.634597681170675,24.461597210175775,24.838501120986194,27.84235954284668
2021-05-11,26.09498072447378,26.359457334922947,25.908869214892665,26.290889739990234,3786900,0.0,0,-0.005925934259559118,1.048396225073301,25.397548961639405,26.662945664505084,24.132152258773726,25.835403968740213,25.634597681170675,24.461597210175775,24.838501120986194,27.38835334777832
2021-05-12,26.12436830231055,26.21252717470441,25.370121002197266,25.370121002197266,3445200,0.0,0,-0.035022349829128,1.0116789257192467,25.412731838226318,26.669030060260745,24.15643361619189,25.835403968740213,25.634597681170675,24.51792076736752,24.838501120986194,26.579042434692383
2021-05-13,25.41909971090809,25.948051087753107,25.409304072850063,25.79132461547852,2864800,0.0,0,0.01660234940325167,1.028475172727944,25.44750556945801,26.70531043040094,24.18970070851508,25.923562457354098,25.634597681170675,24.552204471361517,24.838501120986194,27.279788970947266
2021-05-14,25.91866332193825,26.19293557357016,25.78152813028573,26.036209106445312,3165500,0.0,0,0.009494839626027929,1.0382403795523472,25.475422382354736,26.75948167796132,24.191363086748154,25.982334190658968,25.634597681170675,24.726072824039314,24.838501120986194,27.03304481506348
2021-05-17,25.918664144739694,26.07539248516682,25.791324586780878,25.97743797302246,4180000,0.0,0,-0.0022572845832730115,1.035896775549852,25.504808712005616,26.806648408606247,24.202969015404985,26.109674692655165,25.634597681170675,24.75056158387777,24.838501120986194,26.81591415405273
2021-05-18,26.085184751359915,26.085184751359915,25.76193618774414,25.76193618774414,2113900,0.0,0,-0.008295728989984208,1.027303256638292,25.55231637954712,26.81798575575266,24.286647003341578,26.109674692655165,25.634597681170675,24.67709607122896,24.838501120986194,26.97382926940918
2021-05-19,25.53664430582397,25.53664430582397,25.22319135299096,25.468076705932617,2966300,0.0,0,-0.011406731220432231,1.0155850845079444,25.573866271972655,26.817972643885266,24.329759900060044,26.036209868052012,25.634597681170675,24.71382984148697,24.702524049805064,27.329137802124023
2021-05-20,25.409303550894567,26.06559634068552,24.9587135511159,25.967641830444336,5466000,0.0,0,0.019615345527656203,1.0355061368533016,25.644393253326417,26.80629369522092,24.482492811431914,25.903970967114482,25.634597681170675,24.816681611138154,24.2897426578639,27.31926727294922
2021-05-21,26.065595885450385,26.428025138187976,25.91866318849135,26.18313980102539,8755500,0.0,0,0.00829871160377782,1.0440995036469893,25.71443042755127,26.827366844609866,24.601494010492676,25.693369344651938,25.634597681170675,24.86076078300688,24.155490460448988,27.24030876159668
2021-05-24,26.31048101520725,26.604342670155106,26.271298464773224,26.290889739990234,3087800,0.0,0,0.004115241326428931,1.0483962250733014,25.777120971679686,26.871268139013488,24.682973804345885,25.781528110635502,25.634597681170675,24.94891968029599,24.155490460448988,26.99356842041016
2021-05-25,26.614138654590743,26.614138654590743,25.87948263932047,26.036209106445312,2649100,0.0,0,-0.009687029844316575,1.0382403795523476,25.840791034698487,26.83392671591727,24.847655353479706,25.78642610285332,25.634597681170675,24.95626528904212,24.155490460448988,26.94421768188477
2021-05-26,26.02641487121582,26.163550070258257,25.899075310437407,26.02641487121582,2175900,0.0,0,-0.000376177468442096,1.0378498169147332,25.90495100021362,26.76114427178834,25.048757728638904,25.78642610285332,25.634597681170675,24.953816340751768,24.155490460448988,26.96395874023437
2021-05-27,26.19293557357016,26.418229636521257,26.006822193236832,26.036209106445312,4601300,0.0,0,0.00037631903118251486,1.0382403795523476,25.916215705871583,26.77309920555708,25.059332206186085,25.78642610285332,25.634597681170675,24.953816340751768,24.155490460448988,26.78630256652832
2021-05-28,26.21386240154239,26.24347211116176,25.976990372062097,25.986860275268555,2464000,0.2,0,-0.0018953923351514579,1.0362725066948995,25.972030925750733,26.680258107006406,25.26380374449506,25.78642610285332,25.634597681170675,24.921981071352228,24.155490460448988,26.96395874023437
2021-06-01,26.026340399710808,26.233602723646012,25.927643248197644,26.08555793762207,2504900,0.0,0,0.0037979833388124273,1.040208252409796,26.009272003173827,26.655804428629043,25.36273957771861,25.78642610285332,25.634597681170675,24.89504401154947,24.155490460448988,26.89487075805664
2021-06-02,26.15464595047249,26.2336032969101,25.98686135398112,26.125036239624023,2005200,0.0,0,0.0015134160479279846,1.04178252027218,26.03771209716797,26.650855653526367,25.42456854080957,25.78642610285332,25.634597681170675,24.89504401154947,24.155490460448988,27.26004981994629
2021-06-03,26.134906183735385,26.59878224195528,25.97699149061548,26.579042434692383,3373800,0.0,0,0.017378203456030583,1.0598868288664063,26.078077507019042,26.721740288624947,25.434414725413138,26.24681064695561,25.634597681170675,24.89504401154947,24.155490460448988,26.96395874023437
2021-06-04,26.64812874685956,27.487051695018263,26.56917140365001,27.43770217895508,3874300,0.0,0,0.032305894630046295,1.0941274210795384,26.1270920753479,26.992688012352108,25.26149613834369,26.68326716716937,26.154315624692813,24.904839970794363,24.155490460448988,27.09226417541504
2021-06-07,27.437703227442963,27.75353449484171,27.368615784805986,27.605487823486328,4458600,0.0,0,0.006115149272956977,1.1008181735830753,26.17519016265869,27.23721313356019,25.113167191757192,26.81650856708109,26.287557024604535,25.017486588225452,24.268137074035124,27.6844425201416
2021-06-08,27.68444501239907,28.256886239913293,27.60548766662096,28.207538604736328,4059800,0.0,0,0.021809097709107883,1.1248260246907102,26.263186264038087,27.647637875031716,24.878734653044457,27.077980775175348,26.607799895514596,25.017486588225452,24.268137074035124,27.704185485839844
2021-06-09,28.23714780350378,28.34571297542355,28.08910113567319,28.10884094238281,2901800,0.0,0,-0.00349898173451213,1.1208902789758135,26.354083824157716,27.95779401229918,24.750373636016253,27.136678111810596,26.652213263269722,25.154622602962206,24.268137074035124,27.25018119812012
2021-06-10,28.25688516104472,28.65167375735358,28.03975293906808,28.552976608276367,3336700,0.0,0,0.01580056846897193,1.1386009825749759,26.51322660446167,28.3163703992755,24.710082809647844,27.289658502775612,26.805193654234742,25.154622602962206,24.268137074035124,26.26321220397949
2021-06-11,28.62206502322448,28.701022368678537,28.217408392460975,28.29636573791504,2261000,0.0,0,-0.008987184554585026,1.1283681654105426,26.638478660583495,28.56860751371258,24.70834980745441,27.31433280843809,26.829867959897218,25.154622602962206,24.268137074035124,26.766565322875977
2021-06-14,28.21740796682164,28.227277870165963,27.97066603068818,28.138450622558597,2041200,0.0,0,-0.005580756087869121,1.12207101790207,26.74359073638916,28.759102777206188,24.72807869557213,27.339006929647006,26.829867959897218,25.492563966388474,24.6060784374614,26.81591415405273
2021-06-15,28.187798517880065,28.276625766310204,27.86209923446675,27.93118667602539,2214700,0.0,0,-0.0073658620836444255,1.113805997536149,26.841278171539308,28.888271376814114,24.794284966264502,27.339006929647006,26.829867959897218,25.58562066850159,24.69913513957451,26.94421768188477
2021-06-16,28.000276115980743,28.03975384739556,27.68444485220422,27.84235954284668,2858000,0.0,0,-0.0031802133654047493,1.1102638568163166,26.945299339294433,28.973477395703558,24.917121282885308,27.635096886164273,26.829867959897218,25.634597681170675,24.7481121522436,27.2106990814209
2021-06-17,27.911446900225613,27.95092462885837,27.37848344499726,27.38835334777832,2761600,0.0,0,-0.016306311768213733,1.0921595482220903,27.04131317138672,28.958264370609907,25.12436197216353,28.03481907674226,26.829867959897218,25.735000824955442,24.7481121522436,27.25018119812012
2021-06-18,27.171223475137843,27.26991874646906,26.539562820166594,26.579042434692383,10516100,0.0,0,-0.0295494549383557,1.0598868288664067,27.07188320159912,28.93764085089516,25.20612555230308,27.620292594422565,26.829867959897218,25.735000824955442,24.860759266627092,27.279788970947266
2021-06-21,26.77643517477309,27.309398682189855,26.638260287290965,27.279788970947266,2942900,0.0,0,0.026364626866324903,1.087830349630002,27.126715660095215,28.948234477239964,25.305196842950465,27.620292594422565,26.829867959897218,25.779080069262385,24.929326674615076,26.628389358520508
2021-06-22,27.210699303014326,27.26004881771817,26.993567085791906,27.03304481506348,1988300,0.0,0,-0.009044943718097165,1.0779909853427605,27.163823413848878,28.945083093860532,25.382563733837223,27.620292594422565,26.829867959897218,25.80846593591482,24.929326674615076,27.05278587341309
2021-06-23,27.03304638387602,27.05278619090312,26.80604425053918,26.81591415405273,2026400,0.0,0,-0.00803204605682295,1.0693325120996475,27.20280866622925,28.915737891041598,25.4898794414169,27.620292594422565,26.829867959897218,25.87213618691292,24.929326674615076,27.773271560668945
2021-06-24,27.04291671259872,27.07252642360494,26.835654383030093,26.97382926940918,1964800,0.0,0,0.005888858177619971,1.0756296596081205,27.250179386138917,28.879855104263246,25.62050366801459,27.4080942932384,26.829867959897218,25.87213618691292,24.929326674615076,27.64496612548828
2021-06-25,26.95408899912013,27.42783495462461,26.95408899912013,27.329137802124023,3611400,0.0,0,0.013172343057639146,1.0897982224874503,27.314825820922852,28.84526117914363,25.784390462702074,27.4080942932384,26.829867959897218,25.835403774611343,24.992998259889795,28.671411514282227
2021-06-28,27.39822461664306,27.53639949748438,27.269917756583347,27.31926727294922,1887300,0.0,0,-0.0003611723591967486,1.0894046174923862,27.381446170806885,28.784203926824095,25.978688414789676,27.289658333781077,27.290252503999504,25.76928432414258,25.198701721562955,28.177928924560547
2021-06-29,27.329136004756105,27.368613733665025,27.171221324137463,27.24030876159668,1372400,0.0,0,-0.0028902133634719496,1.0862560057086816,27.439183712005615,28.711478612529664,26.166888811481567,27.245243724512484,27.290252503999504,25.663983512911308,25.286860065300413,27.852230072021484
2021-06-30,27.17122291714461,27.210700648368046,26.87513146175665,26.99356842041016,1851900,0.0,0,-0.009057912791883393,1.0764167935393127,27.482610321044923,28.623697398422184,26.341523243667663,27.037981158825488,27.290252503999504,25.70806289590309,25.360325651697174,28.0200138092041
2021-07-01,27.102132364603428,27.151481879510204,26.82578261109152,26.94421768188477,2663300,0.0,0,-0.001828240629648481,1.0744488446229283,27.50086908340454,28.59369341705556,26.408044749753522,27.08732989238767,27.300048839557974,25.710511892011997,25.360325651697174,27.852230072021484
2021-07-02,26.94421893335482,27.02317627838146,26.62838955324825,26.96395874023437,2089300,0.0,0,0.0007326640017042418,1.0752360546130562,27.477181911468506,28.594981127530755,26.359382695406257,27.082394525366315,27.31433280843809,25.710511892011997,25.360325651697174,27.852230072021484
2021-07-06,26.9836968579842,26.9836968579842,26.50995281747986,26.78630256652832,2419900,0.0,0,-0.006588653224756658,1.0681516971144551,27.436222648620607,28.592021235806776,26.280424061434438,27.02317615748212,27.31433280843809,25.710511892011997,25.360325651697174,28.029884338378903
2021-07-07,26.8553916848884,26.98369854711393,26.460604959755194,26.96395874023437,2435400,0.0,0,0.006632351488780941,1.0752360546130562,27.374043655395507,28.489858554807093,26.25822875598392,26.998502228619785,27.31433280843809,25.710511892011997,25.360325651697174,28.12858009338379
2021-07-08,26.756695877660256,26.934350371022216,26.638258921255098,26.89487075805664,2749300,0.0,0,-0.002562234382692541,1.072481047824416,27.3133451461792,28.393808381974736,26.23288191038366,26.998502228619785,27.339006929647006,25.710511892011997,25.360325651697174,28.51349639892578
2021-07-09,27.06265551885661,27.3686149913032,27.003437981526336,27.26004981994629,2017300,0.0,0,0.013578018841390316,1.08704321569881,27.248698806762697,28.165417812460937,26.331979801064456,26.998502228619785,27.339006929647006,25.710511892011997,25.360325651697174,28.29636573791504
2021-07-12,27.220570582193854,27.31926773410006,26.9540888367946,26.96395874023437,2923000,0.0,0,-0.010861721884868558,1.0752360546130562,27.182078456878664,27.967504977601212,26.396651936156115,26.914609975529196,27.580813664216866,25.940704164063142,25.360325651697174,28.029884338378903
2021-07-13,27.13174190460313,27.58574802646091,26.746825103184623,27.09226417541504,5029300,0.0,0,0.0047584049663009775,1.0803524631952728,27.129769134521485,27.779791273145065,26.479746995897905,27.023176493108053,27.580813664216866,26.41879139593109,25.67923730764977,28.454280853271484
2021-07-14,27.82261927468282,27.832489177328007,27.45744040677656,27.6844425201416,3885300,0.0,0,0.02185783886102577,1.1039666332489073,27.117431926727296,27.712628677644105,26.522235175810486,27.1465470685416,27.580813664216866,26.552032795842813,25.812478707561496,28.64180374145508
2021-07-15,27.457443539036863,27.92131960382113,27.43770373149463,27.704185485839844,4613000,0.0,0,0.0007131429749354101,1.1047539192979718,27.110523223876953,27.67392474920148,26.547121698552427,27.19096228178816,27.580813664216866,26.842890335344972,26.064154580097288,28.691150665283203
2021-07-16,27.75353499532729,27.83249234297792,27.220571486816755,27.25018119812012,2180000,0.0,0,-0.016387570316830802,1.0866496867626818,27.103614616394044,27.656393891876544,26.550835340911544,27.19096228178816,27.580813664216866,26.89444568754016,26.38283997732592,28.839195251464844
2021-07-19,26.105297515937213,26.687608634027463,25.907903214638576,26.26321220397949,5304900,0.0,0,-0.03621880482059758,1.0472925338494607,27.087823104858398,27.713698852130516,26.46194735758628,26.914611409229853,27.30446279165856,27.047426078505175,26.535820368290935,29.04646110534668
2021-07-20,26.43099614837706,26.983697542996417,26.253341658055096,26.766565322875977,2774600,0.0,0,0.01916571038557957,1.0673646392421994,27.062161922454834,27.696570346442982,26.427753498466686,26.914611409229853,27.092264490474392,27.072100384167655,26.560494673953414,29.095808029174805
2021-07-21,26.944219134745676,27.04291628738957,26.746826711949485,26.81591415405273,1721600,0.0,0,0.0018436743968259783,1.0693325120996475,27.0513053894043,27.694800820971594,26.407809957837003,26.914611409229853,27.092264490474392,27.084437444772114,26.560494673953414,29.0168514251709
2021-07-22,26.815912708110165,26.963957487847477,26.667867928372853,26.94421768188477,1900400,0.0,0,0.004784603914487429,1.0744488446229281,27.057720565795897,27.694144552475706,26.42129657911609,26.914611409229853,26.97382853101707,27.084437444772114,26.560494673953414,29.10567855834961
2021-07-23,27.13174174102924,27.269916616091766,26.855390108412703,27.2106990814209,2654600,0.0,0,0.009890114557502772,1.0850752667824253,27.069564056396484,27.70813828138901,26.430989831403956,26.914611409229853,26.929413921748473,27.232482423030746,26.560494673953414,29.056331634521484
2021-07-26,27.21070158304897,27.3982259896536,27.131744235398333,27.25018119812012,1916100,0.0,0,0.0014509776680518005,1.086649686762682,27.06561622619629,27.69861442846955,26.43261802392303,26.914611409229853,26.914611409229853,27.43234351831974,26.560494673953414,28.797964096069336
2021-07-27,27.190961719711137,27.36861622218339,26.95408967724535,27.279788970947266,4939600,0.0,0,0.0010865165487115025,1.087830349630002,27.063642311096192,27.693671479601875,26.43361314259051,26.914611409229853,26.914611409229853,27.22508027715989,26.560494673953414,28.88739776611328
2021-07-28,26.134905485089845,26.707346702969748,25.779598376314045,26.628389358520508,9859000,0.0,0,-0.023878469628943688,1.0618546256649186,27.033046340942384,27.685077457292596,26.381015224592172,26.80604535964598,26.850458990067587,27.22508027715989,26.560494673953414,29.18551445007324
2021-07-29,26.97382852872293,27.398224962366875,26.875131377237334,27.05278587341309,5310300,0.0,0,0.015937746334506953,1.078778195332889,27.03600721359253,27.687829885132977,26.384184542052083,26.588912182983822,26.850458990067587,27.22508027715989,26.560494673953414,28.797964096069336
2021-07-30,27.01330783267167,27.862098807738636,26.993568026102505,27.773271560668945,4373400,0.0,0,0.02663258751343367,1.1075088500276762,27.07745990753174,27.802802990199584,26.352116824863895,26.82084859202634,26.850458990067587,27.22508027715989,26.560494673953414,28.1122989654541
2021-08-02,27.8127507135666,28.108840277238205,27.60548651300325,27.64496612548828,4283300,0.0,0,-0.004619745099182504,1.1023924414454596,27.111510276794434,27.875674662222693,26.347345891366174,26.944219326776125,26.944219326776125,27.11898112656781,26.560494673953414,28.092424392700195
2021-08-03,27.74366321283475,28.720761029779347,27.635096161232617,28.671411514282227,5297800,0.0,0,0.03712955856536859,1.1433237861621284,27.20576572418213,28.215034892318425,26.196496556045833,27.250179703046697,27.250179703046697,27.11898112656781,26.560494673953414,27.963239669799805
2021-08-04,28.62206517159925,28.641804978688,28.13845119287467,28.177928924560547,3158000,0.0,0,-0.017211660105253546,1.1236452857644543,27.266464233398438,28.354119083234153,26.178809383562722,27.250179703046697,27.250179703046697,27.28995541889029,26.560494673953414,27.655187606811523
2021-08-05,28.306236229686476,28.37532367308314,27.783142628624816,27.852230072021484,2185600,0.0,0,-0.011558651219933158,1.110657461811381,27.31433219909668,28.41668617036942,26.211978227823938,27.250179703046697,27.250179703046697,27.267748114255994,26.560494673953414,28.062612533569336
2021-08-06,27.931186561139324,28.32597516697904,27.92131854023576,28.0200138092041,3245100,0.0,0,0.006024068333083443,1.1173481382559818,27.35233039855957,28.49663694311643,26.208023854002708,27.250179703046697,27.250179703046697,27.164116831412496,26.560494673953414,27.81418228149414
2021-08-09,28.029884573608147,28.09897201700482,27.783142628624816,27.852230072021484,1911800,0.0,0,-0.005987996234588011,1.1106574618113811,27.396743965148925,28.546305256837396,26.247182673460454,27.250179703046697,27.250179703046697,27.193689365972823,26.560494673953414,27.873804092407227
2021-08-10,27.86209997571982,27.99040684130647,27.74366489632314,27.852230072021484,1526400,0.0,0,0.0,1.1106574618113811,27.43474225997925,28.59183156027499,26.277652959683508,27.79794620350834,27.250179703046697,27.198363666902203,26.560494673953414,27.873804092407227
2021-08-11,27.93118718471552,28.177929127628172,27.674577220679,28.029884338378903,1379700,0.0,0,0.006378457520206826,1.1177417432510457,27.452014350891112,28.633816806487317,26.270211895294906,27.857164527940924,27.250179703046697,27.168754482960104,26.560494673953414,27.72474670410156
2021-08-12,28.06936255712693,28.138449996508523,27.87196825961534,28.12858009338379,1668100,0.0,0,0.0035210903410596295,1.1216774129070062,27.47323408126831,28.68753609741934,26.25893206511728,28.163123771391298,27.250179703046697,27.156417518528936,26.560494673953414,27.37694549560547
2021-08-13,28.20753693743184,28.53323620482642,28.11870969337045,28.51349639892578,1754100,0.0,0,0.013684171197554607,1.1370266386536558,27.536399841308594,28.827575288317732,26.245224394299456,28.177928595505982,27.250179703046697,27.168754579133395,26.560494673953414,27.23782539367676
2021-08-16,28.42467071834353,28.592455312744853,28.118711240020502,28.29636573791504,2772100,0.0,0,-0.007615013535096415,1.128368165410543,27.638057518005372,28.82732957472971,26.448785461281034,28.1581910996835,27.250179703046697,27.168754579133395,26.560494673953414,27.59556579589844
2021-08-17,28.187799031243674,28.24701845293669,27.83249191354377,28.029884338378903,1696600,0.0,0,-0.009417513259629362,1.1177417432510457,27.70122346878052,28.830698003366557,26.57174893419448,28.13351626671193,27.250179703046697,27.247711819873032,26.560494673953414,27.98311424255371
2021-08-18,27.970666869839928,29.046461894256204,27.822622080216657,28.454280853271484,6895100,0.0,0,0.015140858583975403,1.1346653129190158,27.783141803741454,28.880760396428226,26.685523211054683,28.360519557467605,27.413030135285126,27.301995078662458,26.76130096152295,28.350791931152344
2021-08-19,28.22727722295569,29.28333238419444,28.118710171148948,28.64180374145508,5816200,0.0,0,0.006590322530046988,1.142143123294809,27.868021106719972,28.95540687071626,26.780635342723684,28.47895480243672,27.531465380254243,27.363680366379235,26.76130096152295,28.4799747467041
2021-08-20,28.572715595777787,28.750368200035908,28.375321303280117,28.691150665283203,2609900,0.0,0,0.0017228986090949139,1.1441109200933208,27.942043685913085,29.041990024838636,26.842097346987533,28.47895480243672,27.531465380254243,27.38588797300251,26.829867959897218,28.08248710632324
2021-08-23,28.81945732833964,29.016849737032032,28.76023791148959,28.839195251464844,1860500,0.0,0,0.005159938961973198,1.1500144626067295,28.021494388580322,29.139667694763684,26.90332108239696,28.47895480243672,27.531465380254243,27.38588797300251,26.829867959897218,28.181859970092773
2021-08-24,28.98724356760406,29.10567864308929,28.819458975256996,29.04646110534668,1469600,0.0,0,0.007186949985066082,1.1582795590315866,28.109827995300293,29.25871450121367,26.960941489386915,28.55297723220555,27.531465380254243,27.109537100444207,26.829867959897218,27.34713554382324
2021-08-25,29.11554783543748,29.382029572508944,29.066200202272334,29.095808029174805,1568500,0.0,0,0.0016988962493280635,1.1602473558300987,28.23319892883301,29.238790675207433,27.227607182458584,28.6023258263628,27.580813974411495,27.00343794985212,26.829867959897218,27.824119567871094
2021-08-26,29.12541847988738,29.1846360176911,28.957633887367177,29.0168514251709,1200300,0.0,0,-0.0027136762768277256,1.1570988201053305,28.331402206420897,29.233986273488302,27.428818139353492,28.6023258263628,27.580813974411495,27.00343794985212,26.829867959897218,27.615440368652344
2021-08-27,29.07606884831872,29.30307286023908,28.96750367652193,29.10567855834961,2001300,0.0,0,0.003061225764200426,1.1606409608251629,28.39802255630493,29.32265217414106,27.473392938468802,28.6023258263628,27.580813974411495,26.944219970123463,26.829867959897218,27.843994140625
2021-08-30,29.164896808972586,29.35242121210321,29.046461730936542,29.056331634521484,1939600,0.0,0,-0.0016954397310887659,1.1586731640266508,28.468590831756593,29.367348265870195,27.56983339764299,28.6023258263628,27.580813974411495,26.922012665489163,26.829867959897218,27.90361785888672
2021-08-31,29.056331155233583,29.125891152822465,28.758216338319027,28.797964096069336,3514800,0.2,0,-0.008891953110322648,1.1483702965819367,28.47491846084595,29.381130677888127,27.56870624380377,28.750369871828944,27.580813974411495,26.914611409229853,26.829867959897218,28.45016098022461
2021-09-01,28.897335178995785,29.076204820145467,28.50978555341661,28.88739776611328,3871500,0.0,0,0.003105555300562113,1.1519366240434947,28.510391902923583,29.422915160105333,27.597868645741833,28.87867543789453,27.580813974411495,26.914611409229853,26.829867959897218,28.50978660583496
2021-09-02,28.86752292411501,29.19544996758245,28.81783775509813,29.18551445007324,1409700,0.0,0,0.010319956348219916,1.1638245597195394,28.57705612182617,29.482207943429664,27.67190430022268,28.945907562962777,28.12858047487314,26.828252174856786,26.829867959897218,28.46009826660156
2021-09-03,29.165640805940555,29.24513821680896,28.797964096069336,28.797964096069336,1705500,0.0,0,-0.013278859780487151,1.1483702965819365,28.615953636169433,29.48791108942348,27.743996182915385,28.945907562962777,28.187798799305725,26.719685586525706,26.829867959897218,28.171920776367188
2021-09-07,28.71846599805909,28.78802599398362,28.04273707416184,28.1122989654541,2390400,0.0,0,-0.02380950015521488,1.1210281738272247,28.628957080841065,29.46141323207081,27.79650092961132,28.71238332333539,28.4937580427561,26.835653791046965,26.829867959897218,28.1122989654541
2021-09-08,28.042737327043373,28.330916621749697,27.923492160202503,28.092424392700195,3360200,0.0,0,-0.0007069707382639789,1.1202356397115594,28.640966796875,29.433823560985633,27.848110032764364,28.637956686152855,28.508562866870783,26.944219326776125,26.829867959897218,28.76815414428711
2021-09-09,28.102361557039504,28.24148154891147,27.90361708690721,27.963239669799805,2584900,0.0,0,-0.004598560846672983,1.115084167959734,28.637634563446046,29.441340643733355,27.833928483158736,28.62801914950521,28.528303396593973,27.250179703046697,26.839737290447623,28.420351028442383
2021-09-10,28.05267465400641,28.142109476546224,27.605502436675067,27.655187606811523,2519500,0.0,0,-0.011016322379877042,1.1028000412847927,28.61396493911743,29.500777744466326,27.727152133768534,28.47896182438914,28.493766004592004,27.250179703046697,27.250179703046697,28.231544494628903
2021-09-13,27.834057714554163,28.08248736010138,27.70487323746365,28.062612533569336,2173300,0.0,0,0.014732314694457571,1.119046838538061,28.59142074584961,29.510008966770254,27.672832524928968,28.425320326742014,28.493766004592004,27.250179703046697,27.250179703046697,28.10236167907715
2021-09-14,28.11229898687061,28.201731913579035,27.71481004636865,27.81418228149414,1945000,0.0,0,-0.008852712903262838,1.1091402381511797,28.567311573028565,29.539933978082725,27.594689167974405,28.425320326742014,28.493766004592004,27.250179703046697,27.250179703046697,28.370664596557617
2021-09-15,27.74462151707945,28.11229820824997,27.47631705828213,27.873804092407227,4363400,0.0,0,0.002143575903461148,1.1115177644392398,28.55950756072998,29.551774478376657,27.567240643083302,28.360727637545544,28.429173315395538,27.250179703046697,27.250179703046697,28.25141906738281
2021-09-16,27.9930511503286,28.102360795475885,27.67506152302852,27.873804092407227,2943000,0.0,0,0.0,1.1115177644392398,28.530483722686768,29.56683103735823,27.494136408015304,28.360727637545544,28.429173315395538,27.524062953277518,27.250179703046697,27.97317695617676
2021-09-17,27.754558942437345,27.97317633746335,27.54587706482225,27.72474670410156,6146700,0.0,0,-0.0053475796777330276,1.1055738346306851,28.484630870819093,29.577458420706225,27.39180332093196,28.132171526132876,28.429173315395538,27.55367211549381,27.250179703046697,27.466381072998047
2021-09-20,27.267637743151976,27.60550220426509,27.098705512595416,27.37694549560547,2303600,0.0,0,-0.012544793004173327,1.091704639724413,28.418920612335206,29.60899117678962,27.228850047880794,27.714811067172555,28.24036754255218,27.706651737218998,27.250179703046697,27.317323684692383
2021-09-21,27.595564679373933,27.63531243591377,27.208013154746084,27.23782539367676,1633900,0.0,0,-0.005081651711329127,1.0861569769736914,28.3388521194458,29.6181808288162,27.0595234100754,27.67009353075344,28.24036754255218,27.71405414927634,27.250179703046697,29.632686614990234
2021-09-22,27.416696145812733,27.89368061579608,27.33719873414884,27.59556579589844,2449900,0.0,0,0.013133956072158615,1.1004225149967324,28.26630735397339,29.541402124705172,26.991212583241605,27.650218713087227,28.24036754255218,27.7041854013651,27.250179703046697,29.513442993164062
2021-09-23,27.69493684837528,28.23154388028616,27.62537495770131,27.98311424255371,1849100,0.0,0,0.014043866667625027,1.115876702075399,28.210672664642335,29.431510382505152,26.989834946779517,27.665124696440788,28.24036754255218,27.691847984879313,27.250179703046697,29.334571838378903
2021-09-24,27.873805569557035,28.380602275686694,27.82412039842125,28.350791931152344,1491000,0.0,0,0.013139269825783284,1.1305385071562728,28.177369689941408,29.342926060252264,27.01181331963055,27.739653894141057,28.24036754255218,27.886774846376365,27.413030135285126,30.08979797363281
2021-09-27,28.41041474839689,28.66878181022925,28.26135733840032,28.4799747467041,1450900,0.0,0,0.00455658578657947,1.1356899028491618,28.14608449935913,29.240999988313984,27.051169010404276,27.883743661412332,28.24036754255218,28.005210091345482,27.531465380254243,31.02389335632324
2021-09-28,28.430288986019857,28.53959674022274,28.022864522633693,28.08248710632324,1956300,0.0,0,-0.013956741321438981,1.119839372653726,28.097392272949218,29.108602487585628,27.086182058312808,27.883743661412332,28.24036754255218,28.005210091345482,27.531465380254243,31.033830642700195
2021-09-29,28.17192255669533,28.41041479213053,28.052675491293822,28.181859970092773,2502400,0.0,0,0.00353860622790636,1.1238020432320532,28.066587066650392,29.026231015771685,27.1069431175291,27.883743661412332,28.24036754255218,28.005210091345482,27.531465380254243,30.874835968017575
2021-09-30,28.340854115368845,28.380601872639435,27.327260717504068,27.34713554382324,3035900,0.0,0,-0.029619209915717537,1.0905159146098509,27.98957395553589,28.919824971987474,27.059322939084304,27.883743661412332,28.24036754255218,28.042221306229898,27.531465380254243,31.093454360961918
2021-10-01,27.49619252020732,27.993051798205016,27.277575120220718,27.824119567871094,2072600,0.0,0,0.017441827619697037,1.109536505209012,27.92150421142578,28.671823332517615,27.171185090333946,27.938397482487666,28.225563362349313,28.09156990038715,27.580813974411495,31.06364250183105
2021-10-04,27.774435190517707,27.903617772520395,27.545878475639437,27.615440368652344,2557200,0.0,0,-0.007499938990332522,1.1012150491123978,27.86237802505493,28.504611541950513,27.220144508159347,27.973178465224983,28.225563362349313,28.09156990038715,27.580813974411495,31.222637176513672
2021-10-05,27.704872255200968,28.05267412570948,27.51606709594388,27.843994140625,2139700,0.0,0,0.008276303724350509,1.1103290393246776,27.848962783813477,28.480766247915586,27.217159319711367,27.973178465224983,28.225563362349313,28.09156990038715,27.580813974411495,31.55056381225586
2021-10-06,27.645250798713867,27.92349268552335,27.287511500725643,27.90361785888672,2393800,0.0,0,0.0021413493323045873,1.112706641671674,27.839522457122804,28.46196500272407,27.217079911521537,27.973178465224983,28.17192186470219,28.09156990038715,27.580813974411495,31.490942001342773
2021-10-07,28.26135582219653,28.72840285389377,28.18185841477216,28.45016098022461,2296400,0.0,0,0.019586819318622162,1.1345010256167278,27.863868522644044,28.540134322966704,27.187602722321383,28.002988987057243,28.17192186470219,28.165591923120218,27.580813974411495,31.82880401611328
2021-10-08,28.45016212633893,28.56940918996321,28.27129437395418,28.50978660583496,1474800,0.0,0,0.002095792204894531,1.1368787040226602,27.906598472595213,28.63151412179027,27.181682823400156,28.002988987057243,28.17192186470219,28.229744706153014,27.580813974411495,31.93811416625977
2021-10-11,28.58928273769691,28.678717557572856,28.42035051074986,28.46009826660156,1346900,0.0,0,-0.0017428520220222898,1.1348972926745602,27.926472759246828,28.68865860205678,27.164286916436875,28.002988987057243,28.17192186470219,28.53724401891796,27.580813974411495,31.7890567779541
2021-10-12,28.50978522905762,28.53959557199828,28.05267371850152,28.171920776367188,1790600,0.0,0,-0.010125667435679664,1.1234057001152844,27.944359683990477,28.711995595711873,27.17672377226908,28.002988987057243,27.94336575328952,28.56685318113425,27.580813974411495,31.91823959350586
2021-10-13,28.142109309211623,28.41041377523572,28.062611900245344,28.1122989654541,1975200,0.0,0,-0.0021163559058103854,1.1210281738272243,27.95628442764282,28.72659983179456,27.185969023491083,28.002988987057243,27.913554183244592,28.603070683045743,27.580813974411495,32.17660903930664
2021-10-14,28.360729671104192,28.897336727948705,28.291167777198005,28.76815414428711,1619600,0.0,0,0.023329830820274067,1.1471815714673743,28.001001930236818,28.847874873612817,27.15412898686082,28.092424114337174,27.99802112027206,28.57325977651182,27.580813974411495,31.997737884521484
2021-10-15,28.91721030552925,29.01658254002017,28.291166554993872,28.420351028442383,2985400,0.0,0,-0.01208986555412328,1.133312300502166,28.035782146453858,28.891601890440295,27.17996240246742,28.152047020372905,28.05764402630779,28.57816127304959,27.580813974411495,32.19648361206055
2021-10-18,28.31104190461852,28.509786377276416,28.102361914158703,28.231544494628903,1657200,0.0,0,-0.006643356854548643,1.1257833024622805,28.078512096405028,28.881649102851444,27.27537508995861,28.152047020372905,28.05764402630779,28.48636391449057,27.580813974411495,32.126922607421875
2021-10-19,28.26135649772634,28.28122942853168,27.824119798757188,28.10236167907715,1853700,0.0,0,-0.0045758323841025295,1.1206319067693917,28.12173891067505,28.825080760689954,27.418397060660144,28.42035116938868,28.05764402630779,28.459543165667007,27.580813974411495,32.21635437011719
2021-10-20,28.221607189179128,28.5296594171437,28.221607189179128,28.370664596557617,2062100,0.0,0,0.009547344118064904,1.1313309652130024,28.160493850708008,28.827702118093217,27.4932855833228,28.42035116938868,28.05764402630779,28.459543165667007,27.580813974411495,31.25244903564453
2021-10-21,28.25141906738281,28.34085388973932,28.012926839554705,28.25141906738281,1831200,0.0,0,-0.004203127803684814,1.126575836577946,28.17390909194946,28.83704490243856,27.510773281460363,28.42035116938868,28.05764402630779,28.39495047647054,27.580813974411495,31.63999938964844
2021-10-22,28.23154400803172,28.32097882964951,27.88374213455897,27.97317695617676,2432300,0.0,0,-0.009848783544019857,1.1154804350175667,28.155028343200684,28.818450117527952,27.491606568873415,28.42035116938868,28.05764402630779,28.39495047647054,27.580813974411495,31.1299991607666
2021-10-25,27.913555194234235,28.01292743177203,27.406758488622483,27.466381072998047,3578600,0.0,0,-0.01811720863785582,1.0952710432449073,28.10434865951538,28.81447426594621,27.394223053084552,28.211670514321327,28.05764402630779,28.280672420764205,27.580813974411495,30.799999237060547
2021-10-26,27.5558159177398,27.794308150787217,27.198078515852565,27.317323684692383,4148300,0.0,0,-0.005426903089617463,1.089327113436353,28.066090488433836,28.85571111928333,27.276469857584342,28.10733052793637,28.10733052793637,27.977589304862367,27.580813974411495,31.209999084472656
2021-10-27,28.25141844832325,29.90099107618053,27.824119172064847,29.632686614990234,10148300,0.0,0,0.08475804427339617,1.1816563491452021,28.13863182067871,29.185402862208917,27.091860779148504,28.549534796016548,28.549534796016548,27.95523053665281,27.580813974411495,31.270000457763672
2021-10-28,29.60287781823293,30.129547459896493,29.106018521347124,29.513442993164062,5090000,0.0,0,-0.004024057061564279,1.1769012965690822,28.24694719314575,29.38877974302513,27.105114643266372,28.66381298787453,28.66381298787453,27.945293127819703,27.580813974411495,31.450000762939453
2021-10-29,29.49356665359768,29.811556284035223,29.08614220267861,29.334571838378903,4666500,0.0,0,-0.00606066716196374,1.1697684895280933,28.322469806671144,29.540560333573865,27.104379279768423,28.66381298787453,28.66381298787453,27.95274611949648,27.580813974411495,32.65999984741211
2021-11-01,29.27494718142929,30.18916831100874,29.225262012741325,30.08979797363281,2938700,0.0,0,0.02574525850981857,1.1998844816876342,28.446187686920165,29.84343701537836,27.04893835846197,28.69362341343065,28.69362341343065,27.990010718346618,27.580813974411495,32.43000030517578
2021-11-02,30.338228901427744,31.570439712033995,30.338228901427744,31.02389335632324,6169200,0.0,0,0.031043591037366314,1.2371332048292274,28.605182647705078,30.371597415967692,26.838767879442464,29.38425911394328,29.38425911394328,28.062055601982255,27.580813974411495,32.7400016784668
2021-11-03,30.9443958193198,31.48100475960218,30.775463585753247,31.033830642700195,2790600,0.0,0,0.00032031074445826313,1.2375294718870602,28.761693286895753,30.79004985000844,26.733336723783065,29.38425911394328,29.38425911394328,28.062055601982255,27.580813974411495,34.0
2021-11-04,30.964270791819995,31.27232302082399,30.815213383938563,30.874835968017575,1792100,0.0,0,-0.005123269393107255,1.231189275020673,28.882927036285402,31.105093659515656,26.660760413055147,29.38425911394328,29.38425911394328,28.062055601982255,27.580813974411495,34.0099983215332
2021-11-05,31.123264704447365,31.411443993924856,30.934457649112726,31.093454360961918,1832100,0.0,0,0.007080795284898134,1.2399070742340565,29.012110424041747,31.42672709231663,26.597493755766866,29.38425911394328,29.38425911394328,28.062055601982255,27.580813974411495,33.52000045776367
2021-11-08,31.153077324116097,31.381632138681105,30.96427026647348,31.06364250183105,2193900,0.0,0,-0.0009587824750759699,1.2387182730605582,29.14228763580322,31.701820465709556,26.582754805896887,29.69727944204942,29.38425911394328,28.08198042241849,27.580813974411495,34.04999923706055
2021-11-09,30.9841449499741,31.36175716815315,30.94439529786697,31.222637176513672,1406700,0.0,0,0.005118352578042051,1.2450584699269454,29.294823455810548,31.96723497107241,26.622411940548684,30.3282909573563,29.38425911394328,28.099370913787148,27.580813974411495,33.470001220703125
2021-11-10,31.182887116544943,32.375352024381215,31.143139360325435,31.55056381225586,4444900,0.0,0,0.010502848746833715,1.2581351307175523,29.466736698150633,32.253912998623505,26.67956039767776,30.73074711352991,29.78671527011689,28.099370913787148,27.580813974411495,33.63999938964844
2021-11-11,31.43131752250196,31.739371643742896,31.421382004729576,31.490942001342773,1548000,0.0,0,-0.00188972251868047,1.2557576044294925,29.602876091003417,32.5051484713818,26.700603710625032,30.80030701856127,29.78671527011689,28.072550164963587,27.580813974411495,33.15999984741211
2021-11-12,31.471066626146804,31.8486788420469,31.42138145668049,31.82880401611328,1930700,0.0,0,0.010728863390498278,1.2692304562189958,29.773298740386963,32.77742959278185,26.769167887992076,31.356790462904478,29.78671527011689,28.087455425879718,27.580813974411495,33.599998474121094
2021-11-15,31.82880451727147,32.03748829749254,31.70955935052765,31.93811416625977,2052600,0.0,0,0.0034343153481717348,1.2735893938551557,29.958627223968506,33.01687049711981,26.900383950817197,31.57540780506723,29.78671527011689,28.087455425879718,27.580813974411495,33.84000015258789
2021-11-16,31.898364531635877,32.176608308507994,31.76918195169641,31.7890567779541,2285300,0.0,0,-0.004667069180406935,1.267645464046601,30.142961978912354,33.1754837585866,27.110440199238106,31.59528270415989,29.78671527011689,28.087455425879718,28.12858047487314,34.130001068115234
2021-11-17,31.669811844921945,31.99773889912345,31.421382200970264,31.91823959350586,2905000,0.0,0,0.004063751134678162,1.27279685973949,30.320340728759767,33.33216664846764,27.308514809051893,31.654904836746972,29.78671527011689,27.97317737017338,28.187798799305725,35.11000061035156
2021-11-18,32.097109732470294,32.28591869083882,31.590314918963152,32.17660903930664,4798100,0.0,0,0.008094727312384364,1.2830998032431404,30.51660022735596,33.47406011879188,27.559140335920038,31.65987366112409,29.78671527011689,27.958271585150918,28.24036754255218,35.43000030517578
2021-11-19,32.12692235668606,32.325663032957195,31.97786305874729,31.997737884521484,3500900,0.0,0,-0.005559043047906331,1.2759669962021516,30.717828273773193,33.496032334257,27.939624213289385,31.65987366112409,29.78671527011689,28.045222617304617,28.24036754255218,35.77000045776367
2021-11-22,32.0275494817336,32.81258807224024,31.828805006945952,32.19648361206055,4445200,0.0,0,0.006211243065254335,1.2838923373588056,30.95433340072632,33.36198214787751,28.546684653575127,31.977863716282837,30.0053332940464,28.104845523340348,28.24036754255218,35.380001068115234
2021-11-23,32.06729812963394,32.42503741489064,31.868553661076284,32.126922607421875,2925300,0.0,0,-0.0021605155853918756,1.2811184679539767,31.194813346862794,32.97424901537531,29.415377678350282,32.11698476446036,30.0053332940464,28.104845523340348,28.24036754255218,35.709999084472656
2021-11-24,31.967924726458413,32.44491297813053,31.967924726458413,32.21635437011719,5292600,0.0,0,0.0027837015013274513,1.2846847193565984,31.32399673461914,33.0022429431404,29.645750526097878,32.11698476446036,30.0053332940464,28.238997597848236,28.24036754255218,35.36000061035156
2021-11-26,31.570438667164687,32.027548288632985,31.17295162776449,31.25244903564453,3094100,0.0,0,-0.029919752042668835,1.2462472711004435,31.410947036743163,32.868401866426694,29.953492207059632,31.992769850002365,30.0053332940464,28.238997597848236,28.24036754255218,34.97999954223633
2021-11-29,31.481004570232532,32.007674198784805,31.481004570232532,31.63999938964844,3767500,0.0,0,0.012400639500664168,1.2617015342380467,31.52621841430664,32.62592032302746,30.426516505585827,31.992769850002365,30.0053332940464,28.238997597848236,28.24036754255218,34.2599983215332
2021-11-30,31.559999465942383,31.59000015258789,30.979999542236328,31.1299991607666,6785900,0.2,0,-0.016118844460177084,1.2413643634524967,31.57822847366333,32.479876425464546,30.676580521862114,31.896293807238283,30.0053332940464,28.238997597848236,28.24036754255218,34.439998626708984
2021-12-01,31.32999992370605,31.850000381469727,30.780000686645508,30.799999237060547,3580300,0.0,0,-0.010600704548747841,1.2282050265981923,31.567033767700195,32.50126401591864,30.632803519481747,31.796294379442873,30.0053332940464,28.13465727031456,28.24036754255218,34.2400016784668
2021-12-02,30.899999618530277,31.479999542236328,30.65999984741211,31.209999084472656,2432900,0.0,0,0.013311683687276643,1.2445545034153906,31.57584218978882,32.49277330242756,30.658911077150076,31.736293959826174,30.318353622152543,28.10733052793637,28.24036754255218,34.5099983215332
2021-12-03,31.350000381469727,31.670000076293945,30.940000534057617,31.270000457763672,3706400,0.0,0,0.001922504807789771,1.2469471654317632,31.595600414276124,32.466656544514585,30.724544284037663,31.736293959826174,30.949365137459424,28.549534796016548,28.499848294387974,35.36000061035156
2021-12-06,31.5,31.780000686645508,31.350000381469727,31.450000762939453,2202000,0.0,0,0.00575632563289874,1.2541249993630086,31.613427734375,32.456492186055875,30.770363282694127,31.55245641277132,30.949365137459424,28.66381298787453,28.614126486245954,34.880001068115234
2021-12-07,32.25,33.099998474121094,31.959999084472656,32.65999984741211,5665700,0.0,0,0.03847373784163821,1.3023758758091457,31.693245601654052,32.612670074826575,30.773821128481533,31.8799991607666,31.16263024343121,28.66381298787453,28.614126486245954,34.869998931884766
2021-12-08,32.70000076293945,33.099998474121094,32.34000015258789,32.43000030517578,2989100,0.0,0,-0.007042239537994099,1.2932042329231928,31.75361375808716,32.69996206482184,30.807265451352478,31.8799991607666,31.719113687774417,28.69362341343065,28.64393691180208,34.63999938964844
2021-12-09,32.72999954223633,33.06999969482422,32.5099983215332,32.7400016784668,2829700,0.0,0,0.009559092518464762,1.3055660918309757,31.813085651397706,32.84732884629207,30.77884245650334,31.8799991607666,31.8799991607666,29.38425911394328,29.334572612314705,34.04999923706055
2021-12-10,32.90999984741211,34.0099983215332,32.75,34.0,5391800,0.0,0,0.03848498035850456,1.3558107772318204,31.938538551330566,33.335687005899956,30.54139009676118,32.334999084472656,32.334999084472656,29.38425911394328,29.334572612314705,33.56999969482422
2021-12-13,33.97999954223633,34.2599983215332,33.41999816894531,34.0099983215332,5253300,0.0,0,0.00029406828038824884,1.3562094781756129,32.04759826660156,33.71165241685187,30.383544116351256,32.459999084472656,32.459999084472656,29.38425911394328,29.334572612314705,33.310001373291016
2021-12-14,33.90999984741211,34.029998779296875,33.41999816894531,33.52000045776367,7710900,0.0,0,-0.014407465097088568,1.336669937454457,32.126692581176755,33.90986261878912,30.34352254356439,32.459999084472656,32.459999084472656,29.38425911394328,29.334572612314705,32.869998931884766
2021-12-15,33.72999954223633,34.09000015258789,33.47999954223633,34.04999923706055,5211900,0.0,0,0.015811419214170064,1.357804586186528,32.23973970413208,34.20261738177235,30.276862026491802,32.59999942779541,32.459999084472656,29.54076927799635,29.334572612314705,32.290000915527344
2021-12-16,34.09000015258789,34.18000030517578,33.279998779296875,33.470001220703125,4212100,0.0,0,-0.01703371598687564,1.3346761284997495,32.31732778549194,34.345546042277995,30.28910952870589,32.804999351501465,32.459999084472656,29.85627503564979,29.334572612314705,31.520000457763672
2021-12-17,33.290000915527344,33.790000915527344,33.099998474121094,33.63999938964844,9816600,0.0,0,0.0050791204883542385,1.3414551093693299,32.390497303009035,34.49804053336024,30.28295407265783,33.10999870300293,32.459999084472656,30.2587311918234,29.737028768488315,31.43000030517578
2021-12-20,33.040000915527344,33.439998626708984,32.790000915527344,33.15999984741211,2473200,0.0,0,-0.014268714356280077,1.3223142695919665,32.448610401153566,34.573843473385914,30.323377328921218,33.29999923706055,32.459999084472656,30.293511144339078,29.737028768488315,31.450000762939453
2021-12-21,33.47999954223633,33.61000061035156,33.130001068115234,33.599998474121094,4064800,0.0,0,0.013268957440701667,1.3398600013584148,32.518786144256595,34.69866919908852,30.33890308942467,33.3849983215332,32.459999084472656,30.571752866510685,29.737028768488315,33.630001068115234
2021-12-22,33.61000061035156,33.869998931884766,33.369998931884766,33.84000015258789,1902300,0.0,0,0.007142907421607392,1.3494304973060327,32.60444002151489,34.85035145251492,30.35852859051486,33.5049991607666,32.459999084472656,30.681061537592058,29.737028768488315,34.81999969482422
2021-12-23,33.88999938964844,34.5099983215332,33.86000061035156,34.130001068115234,2111400,0.0,0,0.008569766968667292,1.3609948022083582,32.700122356414795,35.03404778641918,30.366196926410414,33.64999961853027,32.584999084472656,30.69099898713839,29.737028768488315,34.040000915527344
2021-12-27,34.22999954223633,35.15999984741211,34.220001220703125,35.11000061035156,2857400,0.0,0,0.02871372726536059,1.4000740357685424,32.892999935150144,35.35211555810458,30.433884312195712,33.97500038146973,32.90999984741211,30.720810053431933,29.737028768488315,34.599998474121094
2021-12-28,35.099998474121094,35.54999923706055,35.08000183105469,35.43000030517578,3582300,0.0,0,0.009114203624646766,1.4128345956201178,33.082499980926514,35.706611822355256,30.45838813949777,34.170000076293945,33.10499954223633,30.72329446562049,29.737028768488315,34.77000045776367
2021-12-29,35.45000076293945,35.90999984741211,35.349998474121094,35.77000045776367,2243800,0.0,0,0.009596391466534238,1.4263927094771511,33.31450004577637,36.0270370062108,30.601963085341943,34.35000038146973,33.28499984741211,30.72329446562049,29.737028768488315,35.130001068115234
2021-12-30,35.849998474121094,35.91999816894531,35.33000183105469,35.380001068115234,3026500,0.0,0,-0.010902974130764687,1.4108407866654105,33.543500137329104,36.13772637697957,30.94927389767864,34.35499954223633,33.28999900817871,30.991598505164617,29.955646792417827,34.720001220703125
2021-12-31,35.45000076293945,35.7599983215332,35.400001525878906,35.709999084472656,2710500,0.0,0,0.00932724721296907,1.4240000474607786,33.7685001373291,36.293048737578964,31.243951537079237,34.35499954223633,33.28999900817871,31.061159029253382,29.955646792417827,34.90999984741211
2022-01-03,35.650001525878906,35.689998626708984,35.040000915527344,35.36000061035156,2834500,0.0,0,-0.009801133662679873,1.410043232659953,33.9730001449585,36.30841998442546,31.63758030549153,34.52499961853027,33.28999900817871,31.061159029253382,29.955646792417827,35.130001068115234
2022-01-04,35.36000061035156,35.58000183105469,34.90999984741211,34.97999954223633,2722300,0.0,0,-0.010746636356221972,1.3948900107920048,34.14950008392334,36.21013111190904,32.08886905593764,34.64499855041504,33.28999900817871,30.999051572024385,29.955646792417827,34.560001373291016
2022-01-05,34.880001068115234,35.11000061035156,34.2400016784668,34.2599983215332,2484000,0.0,0,-0.020583225561045637,1.3661786750670235,34.2295000076294,36.172232350049676,32.28676766520912,34.88999938964844,33.28999900817871,30.999051572024385,29.955646792417827,33.9900016784668
2022-01-06,34.209999084472656,34.95000076293945,34.18000030517578,34.439998626708984,3091900,0.0,0,0.0052539496203840574,1.3733565089982687,34.329999923706055,36.087155266507146,32.57284458090496,35.04999923706055,33.28999900817871,30.950813550642344,29.955646792417827,33.790000915527344
2022-01-07,34.459999084472656,34.59000015258789,33.97999954223633,34.2400016784668,2066700,0.0,0,-0.005807112549856108,1.3653812731794381,34.40499992370606,36.003540562427254,32.80645928498486,34.94999885559082,33.28999900817871,30.90081383674464,29.955646792417827,34.599998474121094
2022-01-10,34.13999938964844,34.54999923706055,33.849998474121094,34.5099983215332,3897000,0.0,0,0.007885415590858535,1.3761478719584335,34.43049983978271,36.018507293115185,32.84249238645024,34.8849983215332,33.429999351501465,31.027323790989357,30.0053332940464,34.75
2022-01-11,35.66999816894531,36.02999877929688,34.81999969482422,35.36000061035156,4985200,0.0,0,0.024630609393219816,1.4100432326599524,34.49799995422363,36.1235083737299,32.87249153471736,34.939998626708984,33.6899995803833,31.342829548642797,30.0053332940464,34.380001068115234
2022-01-12,35.400001525878906,35.599998474121094,34.68000030517578,34.880001068115234,2940100,0.0,0,-0.013574647453366007,1.390902392882589,34.56599998474121,36.13434076212159,32.99765920736083,34.939998626708984,33.994998931884766,31.250910775115372,30.0053332940464,34.31999969482422
2022-01-13,34.91999816894531,35.09000015258789,34.599998474121094,34.869998931884766,4729400,0.0,0,-0.0002867584840646753,1.390503539820924,34.60699996948242,36.16191034805854,33.052089590906306,34.939998626708984,34.18499946594238,31.521314702098906,30.14903849498683,
2022-01-14,34.540000915527344,34.84000015258789,34.2400016784668,34.63999938964844,3074400,0.0,0,-0.006595914805894054,1.381331896934971,34.66549987792969,36.12931132014882,33.20168843571056,34.939998626708984,34.26999855041504,31.79955642427051,30.14903849498683,
2022-01-18,34.290000915527344,34.36000061035156,33.88999938964844,34.04999923706055,4009100,0.0,0,-0.017032337268579778,1.3578045861865276,34.68599987030029,36.10198341340538,33.27001632719521,34.939998626708984,34.38999938964844,31.8799991607666,30.14903849498683,
2022-01-19,34.27000045776367,34.52000045776367,33.560001373291016,33.56999969482422,3475300,0.0,0,-0.014096903171553987,1.3386637464091642,34.706499862670896,36.0422746851859,33.37072504015589,34.795000076293945,34.40999984741211,32.334999084472656,30.604038418692884,
2022-01-20,33.75,33.9900016784668,33.279998779296875,33.310001373291016,4510400,0.0,0,-0.007744960497371944,1.3282958485739613,34.692000007629396,36.081318540443355,33.30268147481544,34.654998779296875,34.40999984741211,32.459999084472656,30.729038418692884,
2022-01-21,33.2400016784668,33.529998779296875,32.54999923706055,32.869998931884766,6082100,0.0,0,-0.013209319221435312,1.3107499646896406,34.64349994659424,36.207191032925216,33.07980886026326,34.28999900817871,34.28999900817871,32.459999084472656,30.729038418692884,
2022-01-24,32.529998779296875,32.619998931884766,31.399999618530277,32.290000915527344,6438600,0.0,0,-0.017645209467737732,1.287621507002862,34.551499938964845,36.41630785700057,32.68669202092912,33.71499919891358,33.71499919891358,32.52999925613403,30.729038418692884,
2022-01-25,31.93000030517578,31.950000762939453,30.809999465942383,31.520000457763672,5682100,0.0,0,-0.02384640557236406,1.2569163623231732,34.37199993133545,36.639656908332405,32.1043429543385,33.20499897003174,33.41999912261963,32.63249921798706,30.729038418692884,
2022-01-26,31.1299991607666,32.27000045776367,30.59000015258789,31.43000030517578,9172300,0.0,0,-0.002855334748757099,1.2533274453575505,34.17199993133545,36.72233635137246,31.621663511298433,32.84000015258789,33.30999946594238,32.78499889373779,30.729038418692884,
2022-01-27,31.739999771118164,32.11000061035156,30.940000534057617,31.450000762939453,8171500,0.0,0,0.0006363492704255513,1.2541249993630081,33.95599994659424,36.65735423072259,31.25464566246589,32.71500015258789,33.30999946594238,32.8799991607666,30.729038418692884,
2022-01-28,32.439998626708984,33.70000076293945,31.700000762939453,33.630001068115234,9390000,0.0,0,0.06931638322071798,1.3410564084255372,33.86849994659424,36.491064881515285,31.245935011673197,32.55500030517578,33.30999946594238,32.92249870300293,30.729038418692884,
2022-01-31,33.630001068115234,35.06999969482422,31.700000762939453,34.81999969482422,11592500,0.0,0,0.03538503089246792,1.3885097308662169,33.82399997711182,36.34733965933324,31.3006602948904,32.829999923706055,33.30999946594238,32.98249912261963,30.729038418692884,
2022-02-01,34.779998779296875,35.0,33.810001373291016,34.040000915527344,5119100,0.0,0,-0.022400884150863942,1.3574058852427355,33.75799999237061,36.18329103414164,31.332708950599574,32.829999923706055,33.30999946594238,33.117499351501465,30.854038418692884,
2022-02-02,34.15999984741211,34.619998931884766,34.119998931884766,34.599998474121094,5765700,0.0,0,0.016451161678386006,1.3797367889240564,33.738999938964845,36.13106918515709,31.346930692772606,32.829999923706055,33.30999946594238,33.44250011444092,31.179039181632337,
2022-02-03,34.2400016784668,35.040000915527344,34.0099983215332,34.77000045776367,5049500,0.0,0,0.0049133523450797245,1.386515921911509,33.764500045776366,36.18924814644848,31.33975194510425,32.829999923706055,33.30999946594238,33.63749980926514,31.374038876456556,
2022-02-04,34.77000045776367,35.560001373291016,34.630001068115234,35.130001068115234,4290500,0.0,0,0.010353770653206196,1.4008715897739996,33.79900016784668,36.28080043444153,31.317199901251822,33.07500076293945,33.30999946594238,33.81750011444092,31.554039181632337,
2022-02-07,35.130001068115234,35.27000045776367,34.63999938964844,34.720001220703125,3328900,0.0,0,-0.011670931823120068,1.3845221129568015,33.8230001449585,36.330825270045885,31.315175019871113,33.07500076293945,33.30999946594238,33.82249927520752,31.55903834239894,
2022-02-08,34.869998931884766,35.099998474121094,34.7400016784668,34.90999984741211,2977600,0.0,0,0.005472310484703868,1.3920986478318393,33.84300022125244,36.37895040928617,31.307050033218704,33.250000953674316,33.30999946594238,33.82249927520752,31.55903834239894,
2022-02-09,35.08000183105469,35.29999923706055,34.88999938964844,35.130001068115234,3127800,0.0,0,0.006301954215546468,1.4008715897739998,33.83150024414063,36.34150278076055,31.321497707520706,33.630001068115234,33.30999946594238,33.90749931335449,31.55903834239894,
2022-02-10,34.689998626708984,35.52000045776367,34.439998626708984,34.560001373291016,4251100,0.0,0,-0.016225439154386012,1.3781418330310138,33.815500259399414,36.30228623464345,31.328714284155378,33.630001068115234,33.30999946594238,33.967498779296875,31.55903834239894,
2022-02-11,34.5099983215332,34.650001525878906,33.869998931884766,33.9900016784668,3276600,0.0,0,-0.016493046069863015,1.3554120762880277,33.77150039672851,36.21232084603451,31.330679947422517,34.685001373291016,33.30999946594238,34.089999198913574,31.55903834239894,
2022-02-14,34.06999969482422,34.459999084472656,33.4900016784668,33.790000915527344,3676900,0.0,0,-0.0058841057094197735,1.347436688351325,33.72900047302246,36.136875054707275,31.321125891337644,34.525001525878906,33.30999946594238,34.16999912261963,31.55903834239894,
2022-02-15,34.18000030517578,34.70000076293945,34.040000915527344,34.599998474121094,3417700,0.0,0,0.02397151632575234,1.3797367889240564,33.75650043487549,36.19111678435647,31.321884085394515,34.525001525878906,33.30999946594238,34.119998931884766,31.55903834239894,
2022-02-16,34.349998474121094,34.77000045776367,34.20000076293945,34.75,2579900,0.0,0,0.004335304407342644,1.3857183679060516,33.81550045013428,36.28649560359128,31.344505296677283,34.525001525878906,33.30999946594238,34.157498836517334,31.87205867050508,
2022-02-17,34.869998931884766,35.04999923706055,34.220001220703125,34.380001068115234,3274800,0.0,0,-0.010647451277259412,1.3709639990997684,33.86900043487549,36.340236415075715,31.397764454675258,34.505001068115234,33.09499931335449,34.31499910354614,32.558070490987745,
2022-02-18,34.279998779296875,34.6150016784668,34.0,34.31999969482422,3762979,0.0,0,-0.0017452405883332522,1.3685713370833958,33.94150047302246,36.375651573739304,31.507349372305615,34.505001068115234,33.07500076293945,34.467498779296875,32.558070490987745,
