Date,Open,High,Low,Close,Volume,Dividends,Stock Splits,daily_return,cum_return,middle_band,upper_band,lower_band,Conversion,Baseline,SpanA,SpanB,Lagging
2017-02-21,1890.0,1966.0,1890.0,1920.0,70,0,0.0,,,,,,,,,,1683.0
2017-02-22,1940.0,1955.0,1888.0,1890.0,28,0,0.0,-0.015625,0.984375,,,,,,,,1758.0
2017-02-23,1903.0,1903.0,1829.0,1840.0,14,0,0.0,-0.02645502645502651,0.9583333333333333,,,,,,,,1730.0
2017-02-24,1800.0,1800.0,1712.0,1728.0,61,0,0.0,-0.060869565217391286,0.8999999999999999,,,,,,,,1680.0
2017-02-27,1740.0,1760.0,1730.0,1730.0,22,0,0.0,0.0011574074074074403,0.9010416666666666,,,,,,,,1627.0
2017-02-28,1733.0,1810.0,1733.0,1797.0,24,0,0.0,0.03872832369942203,0.9359375,,,,,,,,1642.0
2017-03-01,1824.0,1824.0,1810.0,1823.0,18,0,0.0,0.014468558708959467,0.9494791666666668,,,,,,,,1649.0
2017-03-02,1820.0,1835.0,1744.0,1752.0,13,0,0.0,-0.0389467910038398,0.9125000000000001,,,,,,,,1623.0
2017-03-03,1810.0,1849.0,1785.0,1813.0,44,0,0.0,0.03481735159817356,0.9442708333333335,,,,1839.0,,,,1636.0
2017-03-06,1810.0,1810.0,1760.0,1760.0,17,0,0.0,-0.02923331494760062,0.9166666666666669,,,,1833.5,,,,1576.0
2017-03-07,1760.0,1760.0,1723.0,1731.0,17,0,0.0,-0.01647727272727273,0.9015625000000002,,,,1807.5,,,,1583.0
2017-03-08,1695.0,1708.0,1687.0,1687.0,4,0,0.0,-0.025418833044483002,0.8786458333333335,,,,1768.0,,,,1542.0
2017-03-09,1662.0,1662.0,1662.0,1662.0,1,0,0.0,-0.014819205690574933,0.8656250000000002,,,,1755.5,,,,1544.0
2017-03-10,1710.0,1750.0,1682.0,1750.0,100,0,0.0,0.05294825511432011,0.9114583333333336,,,,1755.5,,,,1577.0
2017-03-13,1740.0,1800.0,1740.0,1789.0,17,0,0.0,0.022285714285714242,0.9317708333333335,,,,1755.5,,,,1544.0
2017-03-14,1780.0,1800.0,1780.0,1784.0,11,0,0.0,-0.0027948574622693734,0.9291666666666669,,,,1755.5,,,,1560.0
2017-03-15,1800.0,1810.0,1779.0,1808.0,107,0,0.0,0.013452914798206317,0.941666666666667,,,,1755.5,,,,1588.0
2017-03-16,1797.0,1803.0,1796.0,1800.0,14,0,0.0,-0.004424778761061954,0.9375000000000003,,,,1736.0,,,,1600.0
2017-03-17,1810.0,1810.0,1786.0,1786.0,2,0,0.0,-0.007777777777777772,0.9302083333333336,,,,1736.0,,,,1600.0
2017-03-20,1800.0,1800.0,1800.0,1800.0,1,0,0.0,0.007838745800671898,0.9375000000000003,1782.5,1903.4738661642953,1661.5261338357047,1736.0,,,,1576.0
2017-03-21,1810.0,1811.0,1773.0,1773.0,13,0,0.0,-0.015000000000000013,0.9234375000000004,1775.15,1878.163705598103,1672.1362944018972,1736.5,,,,1580.0
2017-03-22,1700.0,1700.0,1659.0,1659.0,162,0,0.0,-0.06429780033840948,0.8640625000000003,1763.6,1864.2632475868766,1662.9367524131233,1735.0,,,,1594.0
2017-03-23,1670.0,1670.0,1650.0,1653.0,18,0,0.0,-0.003616636528028905,0.8609375000000004,1754.25,1859.4766781261942,1649.0233218738058,1730.5,,,,1560.0
2017-03-24,1675.0,1675.0,1654.0,1654.0,21,0,0.0,0.000604960677555999,0.8614583333333338,1750.55,1864.1721368164533,1636.9278631835466,1730.5,,,,1590.0
2017-03-27,1663.0,1663.0,1663.0,1663.0,1,0,0.0,0.0054413542926239344,0.8661458333333337,1747.2,1866.903827208745,1627.496172791255,1730.5,,,,1490.0
2017-03-28,1624.0,1624.0,1619.0,1620.0,7,0,0.0,-0.025856885147324093,0.8437500000000004,1738.35,1867.8962924940247,1608.8037075059751,1715.0,1792.5,,,1490.0
2017-03-29,1620.0,1683.0,1618.0,1683.0,10,0,0.0,0.03888888888888897,0.8765625000000006,1731.35,1856.8677875589121,1605.8322124410877,1714.5,1786.5,,,1477.0
2017-03-30,1801.0,1801.0,1740.0,1758.0,12,0,0.0,0.04456327985739761,0.9156250000000007,1731.65,1857.3947113212448,1605.9052886787554,1714.5,1760.5,,,1478.0
2017-03-31,1619.0,1730.0,1619.0,1730.0,25,0,0.0,-0.015927189988623414,0.9010416666666674,1727.5,1847.519101286771,1607.480898713229,1714.5,1733.5,,,1487.0
2017-04-03,1721.0,1721.0,1680.0,1680.0,36,0,0.0,-0.028901734104046284,0.8750000000000007,1723.5,1844.2580697532314,1602.7419302467686,1709.5,1733.5,,,1487.0
2017-04-04,1676.0,1680.0,1627.0,1627.0,21,0,0.0,-0.03154761904761905,0.847395833333334,1718.3,1846.146130608552,1590.4538693914478,1709.5,1733.5,,,1517.0
2017-04-05,1647.0,1647.0,1600.0,1642.0,21,0,0.0,0.009219422249538978,0.855208333333334,1716.05,1847.591487215811,1584.508512784189,1700.5,1724.5,,,1456.0
2017-04-06,1656.0,1656.0,1640.0,1649.0,7,0,0.0,0.004263093788063443,0.8588541666666675,1715.4,1848.1394487193456,1582.6605512806545,1700.5,1724.5,,,1500.0
2017-04-07,1670.0,1670.0,1622.0,1623.0,25,0,0.0,-0.01576713159490606,0.8453125000000008,1709.05,1846.6759335873492,1571.4240664126507,1700.5,1724.5,,,1540.0
2017-04-10,1620.0,1638.0,1620.0,1636.0,2,0,0.0,0.00800985828712264,0.8520833333333342,1701.4,1837.380857104768,1565.4191428952322,1700.5,1705.5,,,1530.0
2017-04-11,1584.0,1600.0,1550.0,1576.0,18,0,0.0,-0.03667481662591687,0.8208333333333342,1691.0,1831.9020539239932,1550.0979460760068,1675.5,1680.5,,,1530.0
2017-04-12,1583.0,1583.0,1583.0,1583.0,1,0,0.0,0.004441624365482344,0.8244791666666677,1679.75,1817.3441968635532,1542.1558031364468,1640.0,1680.5,,,1490.0
2017-04-13,1579.0,1579.0,1536.0,1542.0,2,0,0.0,-0.02590018951358186,0.8031250000000009,1666.85,1805.3134301102446,1528.3865698897553,1628.5,1673.5,,,1500.0
2017-04-17,1550.0,1554.0,1511.0,1544.0,42,0,0.0,0.0012970168612191912,0.8041666666666676,1654.75,1791.7212039656122,1517.7787960343878,1595.5,1661.0,,,1550.0
2017-04-18,1593.0,1622.0,1550.0,1577.0,47,0,0.0,0.02137305699481873,0.8213541666666677,1643.6,1766.9487723745788,1520.251227625421,1590.5,1661.0,,,1540.0
2017-04-19,1586.0,1595.0,1544.0,1544.0,46,0,0.0,-0.020925808497146425,0.8041666666666677,1632.15,1747.4972467401205,1516.8027532598796,1590.5,1661.0,,,1517.0
2017-04-20,1603.0,1603.0,1560.0,1560.0,22,0,0.0,0.010362694300518172,0.8125000000000011,1627.2,1745.9967319061382,1508.403268093862,1590.5,1661.0,,,1527.0
2017-04-21,1589.0,1589.0,1578.0,1588.0,25,0,0.0,0.017948717948717885,0.8270833333333344,1623.95,1743.3068515705822,1504.5931484294179,1574.5,1661.0,,,1480.0
2017-04-24,1573.0,1614.0,1567.0,1600.0,7,0,0.0,0.007556675062972307,0.8333333333333344,1621.25,1740.2036782909518,1502.2963217090482,1566.5,1661.0,,,1498.0
2017-04-25,1570.0,1645.0,1540.0,1600.0,93,0,0.0,0.0,0.8333333333333344,1618.1,1735.7806074620262,1500.4193925379736,1578.0,1661.0,,,1520.0
2017-04-26,1560.0,1580.0,1560.0,1576.0,24,0,0.0,-0.015000000000000013,0.8208333333333343,1615.9,1735.0082959857605,1496.7917040142397,1578.0,1661.0,,,1520.0
2017-04-27,1571.0,1585.0,1571.0,1580.0,11,0,0.0,0.002538071065989911,0.8229166666666677,1610.75,1726.6369219268686,1494.8630780731314,1578.0,1656.0,,,1502.0
2017-04-28,1587.0,1610.0,1587.0,1594.0,10,0,0.0,0.008860759493670933,0.8302083333333344,1602.55,1696.5213528352344,1508.5786471647655,1592.5,1656.0,,,1497.0
2017-05-01,1599.0,1599.0,1560.0,1560.0,2,0,0.0,-0.021329987452948562,0.8125000000000011,1594.05,1669.0183312507772,1519.0816687492227,1592.5,1656.0,,,1469.0
2017-05-02,1580.0,1590.0,1550.0,1590.0,28,0,0.0,0.019230769230769162,0.8281250000000011,1589.55,1653.174094045871,1525.925905954129,1592.5,1656.0,,,1494.0
2017-05-03,1529.0,1529.0,1469.0,1490.0,32,0,0.0,-0.06289308176100628,0.7760416666666677,1582.7,1657.3890086749188,1508.0109913250812,1557.0,1635.0,,,1490.0
2017-05-04,1491.0,1501.0,1480.0,1490.0,12,0,0.0,0.0,0.7760416666666677,1575.1,1654.9207633190892,1495.2792366809106,1557.0,1635.0,1753.75,,1499.0
2017-05-05,1450.0,1477.0,1441.0,1477.0,6,0,0.0,-0.008724832214765055,0.7692708333333345,1566.5,1649.6496786081075,1483.3503213918925,1543.0,1621.0,1750.5,,1507.0
2017-05-08,1503.0,1503.0,1450.0,1478.0,31,0,0.0,0.0006770480704130222,0.7697916666666678,1559.25,1646.6540990246783,1471.8459009753217,1525.5,1585.5,1737.5,,1503.0
2017-05-09,1473.0,1490.0,1469.0,1487.0,22,0,0.0,0.006089309878213767,0.7744791666666677,1551.8,1637.119798751212,1466.4802012487878,1525.5,1581.0,1724.0,,1420.0
2017-05-10,1487.0,1487.0,1487.0,1487.0,0,0,0.0,0.0,0.7744791666666677,1547.35,1636.4004484104669,1458.299551589533,1525.5,1560.5,1721.5,,1270.0
2017-05-11,1488.0,1522.0,1488.0,1517.0,7,0,0.0,0.02017484868863484,0.7901041666666677,1544.05,1632.4537307857654,1455.6462692142345,1520.0,1555.5,1721.5,,1359.0
2017-05-12,1515.0,1515.0,1456.0,1456.0,25,0,0.0,-0.04021094264996705,0.7583333333333343,1539.75,1636.223495351123,1443.276504648877,1515.5,1555.5,1712.5,,1385.0
2017-05-15,1493.0,1510.0,1480.0,1500.0,33,0,0.0,0.030219780219780112,0.7812500000000009,1537.55,1635.546853633702,1439.5531463662978,1485.0,1555.5,1712.5,,1290.0
2017-05-16,1506.0,1540.0,1506.0,1540.0,18,0,0.0,0.026666666666666616,0.8020833333333343,1535.7,1632.0124556408928,1439.3875443591073,1490.5,1543.0,1712.5,,1358.0
2017-05-17,1556.0,1579.0,1530.0,1530.0,42,0,0.0,-0.00649350649350644,0.796875000000001,1535.0,1631.263949419784,1438.736050580216,1510.0,1543.0,1703.0,,1350.0
2017-05-18,1530.0,1530.0,1530.0,1530.0,18,0,0.0,0.0,0.796875000000001,1533.5,1629.0841814704108,1437.9158185295892,1514.5,1543.0,1678.0,,1354.0
2017-05-19,1561.0,1561.0,1480.0,1490.0,104,0,0.0,-0.02614379084967322,0.7760416666666676,1528.6,1622.5216913682546,1434.6783086317453,1517.5,1543.0,1660.25,,1350.0
2017-05-22,1550.0,1550.0,1500.0,1500.0,10,0,0.0,0.006711409395973256,0.781250000000001,1523.6,1612.2274135088187,1434.9725864911811,1517.5,1543.0,1651.0,,1340.0
2017-05-23,1532.0,1550.0,1510.0,1550.0,50,0,0.0,0.03333333333333344,0.8072916666666677,1521.1,1603.503221091871,1438.6967789081289,1517.5,1543.0,1628.25,,1326.0
2017-05-24,1540.0,1540.0,1540.0,1540.0,44,0,0.0,-0.006451612903225823,0.8020833333333344,1519.3,1598.2937464280358,1440.3062535719641,1517.5,1543.0,1625.75,,1288.0
2017-05-25,1519.0,1519.0,1512.0,1517.0,43,0,0.0,-0.014935064935064912,0.7901041666666677,1516.15,1590.014686840907,1442.2853131590932,1529.5,1543.0,1625.75,,1320.0
2017-05-26,1510.0,1527.0,1510.0,1527.0,57,0,0.0,0.006591957811469928,0.795312500000001,1512.8,1577.6769505416132,1447.9230494583867,1529.5,1543.0,1625.75,,1302.0
2017-05-30,1550.0,1550.0,1480.0,1480.0,56,0,0.0,-0.0307793058284217,0.7708333333333344,1508.8,1571.3411529020354,1446.2588470979645,1529.5,1543.0,1617.75,,1293.0
2017-05-31,1498.0,1498.0,1498.0,1498.0,36,0,0.0,0.012162162162162149,0.7802083333333344,1504.2,1554.3626199265423,1454.0373800734578,1520.5,1543.0,1613.75,,1240.0
2017-06-01,1520.0,1520.0,1502.0,1520.0,54,0,0.0,0.014686248331108098,0.7916666666666677,1505.7,1555.868665582371,1455.531334417629,1520.5,1525.5,1619.5,,1250.0
2017-06-02,1494.0,1520.0,1494.0,1520.0,26,0,0.0,0.0,0.7916666666666677,1507.2,1557.1930447372958,1457.2069552627042,1515.0,1525.5,1619.5,,1205.0
2017-06-05,1520.0,1520.0,1486.0,1502.0,21,0,0.0,-0.011842105263157876,0.7822916666666677,1508.45,1556.5545571317532,1460.345442868247,1515.0,1525.5,1617.0,,1179.0
2017-06-06,1483.0,1519.0,1468.0,1497.0,51,0,0.0,-0.0033288948069241098,0.7796875000000011,1509.4,1555.7620087662528,1463.0379912337473,1509.0,1520.0,1624.25,,1189.0
2017-06-07,1500.0,1500.0,1469.0,1469.0,191,0,0.0,-0.01870407481629921,0.7651041666666678,1508.5,1557.2310513781617,1459.7689486218383,1509.0,1515.5,1624.25,,1213.0
2017-06-08,1477.0,1494.0,1470.0,1494.0,63,0,0.0,0.017018379850238352,0.7781250000000012,1508.85,1557.0502931198773,1460.6497068801225,1509.0,1510.0,1624.25,,1280.0
2017-06-09,1500.0,1520.0,1490.0,1490.0,45,0,0.0,-0.0026773761713521083,0.7760416666666679,1507.5,1556.2269021124232,1458.7730978875768,1509.0,1510.0,1596.0,,1261.0
2017-06-12,1500.0,1518.0,1491.0,1499.0,33,0,0.0,0.006040268456375841,0.7807291666666678,1509.65,1552.4748728022198,1466.8251271977804,1494.0,1510.0,1596.0,1717.5,1280.0
2017-06-13,1527.0,1530.0,1500.0,1507.0,32,0,0.0,0.005336891260840471,0.7848958333333345,1510.0,1552.6153241526044,1467.3846758473956,1499.0,1514.5,1582.0,1698.0,1277.0
2017-06-14,1520.0,1539.0,1496.0,1503.0,38,0,0.0,-0.002654280026542777,0.7828125000000011,1508.15,1548.525273882076,1467.7747261179243,1503.5,1517.5,1555.5,1672.0,1271.0
2017-06-15,1443.0,1460.0,1380.0,1420.0,25,0,0.0,-0.055222887558216915,0.7395833333333344,1502.65,1557.2614085247092,1448.038591475291,1459.5,1479.5,1553.25,1645.0,1290.0
2017-06-16,1295.0,1295.0,1250.0,1270.0,90,0,0.0,-0.10563380281690138,0.6614583333333343,1489.65,1604.067984802722,1375.232015197278,1394.5,1414.5,1543.0,1645.0,1280.0
2017-06-19,1270.0,1359.0,1200.0,1359.0,21,0,0.0,0.07007874015748028,0.707812500000001,1483.1,1611.042250064547,1355.1577499354528,1369.5,1389.5,1537.75,1645.0,1244.0
2017-06-20,1421.0,1423.0,1385.0,1385.0,16,0,0.0,0.019131714495952856,0.7213541666666676,1477.35,1611.9737975521734,1342.7262024478264,1369.5,1389.5,1535.5,1645.0,1251.0
2017-06-21,1359.0,1359.0,1290.0,1290.0,34,0,0.0,-0.06859205776173283,0.6718750000000009,1464.35,1617.5487628230937,1311.151237176906,1369.5,1389.5,1520.25,1645.0,1292.0
2017-06-22,1300.0,1370.0,1300.0,1358.0,24,0,0.0,0.05271317829457356,0.7072916666666675,1455.25,1611.0213330156548,1299.4786669843452,1369.5,1389.5,1516.75,1645.0,1292.0
2017-06-23,1327.0,1368.0,1327.0,1350.0,53,0,0.0,-0.00589101620029453,0.7031250000000009,1446.9,1606.4354835435493,1287.364516456451,1369.5,1380.5,1526.5,1626.0,1279.0
2017-06-26,1350.0,1371.0,1350.0,1354.0,12,0,0.0,0.002962962962963056,0.7052083333333343,1438.25,1598.2397885557252,1278.2602114442748,1369.5,1380.5,1528.75,1626.0,1260.0
2017-06-27,1340.0,1350.0,1339.0,1350.0,20,0,0.0,-0.002954209748892156,0.703125000000001,1431.75,1594.992511942397,1268.507488057603,1330.0,1375.0,1530.25,1626.0,1252.0
2017-06-28,1363.0,1363.0,1326.0,1340.0,13,0,0.0,-0.007407407407407418,0.6979166666666676,1423.85,1588.805649171784,1258.894350828216,1311.5,1375.0,1530.25,1626.0,1237.0
2017-06-29,1328.0,1342.0,1326.0,1326.0,20,0,0.0,-0.010447761194029903,0.6906250000000009,1414.15,1578.151732096118,1250.1482679038822,1311.5,1375.0,1530.25,1626.0,1237.0
2017-06-30,1300.0,1320.0,1288.0,1288.0,110,0,0.0,-0.02865761689291102,0.6708333333333343,1402.55,1567.7912399015786,1237.3087600984213,1355.5,1375.0,1530.25,1626.0,1259.0
2017-07-03,1230.0,1320.0,1210.0,1320.0,22,0,0.0,0.024844720496894457,0.687500000000001,1393.45,1555.770383115422,1231.1296168845781,1290.5,1375.0,1536.25,1626.0,1200.0
2017-07-05,1290.0,1302.0,1290.0,1302.0,4,0,0.0,-0.013636363636363669,0.678125000000001,1383.7,1543.3446929112815,1224.0553070887186,1290.5,1375.0,1536.25,1626.0,1127.0
2017-07-06,1315.0,1320.0,1293.0,1293.0,12,0,0.0,-0.00691244239631339,0.6734375000000009,1374.9,1534.1653063089536,1215.6346936910466,1290.5,1369.5,1536.25,1626.0,1116.0
2017-07-07,1297.0,1297.0,1200.0,1240.0,54,0,0.0,-0.04098994586233562,0.6458333333333343,1362.2,1521.9643320183318,1202.4356679816683,1285.5,1369.5,1531.75,1626.0,1060.0
2017-07-10,1253.0,1300.0,1250.0,1250.0,14,0,0.0,0.008064516129032251,0.6510416666666676,1350.2,1505.7163615558813,1194.6836384441187,1281.5,1369.5,1523.0,1626.0,1093.0
2017-07-11,1251.0,1265.0,1174.0,1205.0,113,0,0.0,-0.03600000000000003,0.6276041666666676,1335.5,1487.478679114091,1183.521320885909,1268.5,1356.5,1520.25,1626.0,964.0
2017-07-12,1180.0,1180.0,1142.0,1179.0,235,0,0.0,-0.021576763485477213,0.614062500000001,1319.1,1464.0659583415893,1174.1340416584105,1242.0,1340.5,1520.25,1621.0,936.0
2017-07-13,1192.0,1192.0,1150.0,1189.0,60,0,0.0,0.008481764206955011,0.6192708333333343,1303.4,1432.251651885744,1174.5483481142562,1231.0,1340.5,1514.5,1621.0,999.0
2017-07-14,1171.0,1225.0,1171.0,1213.0,52,0,0.0,0.020185029436501356,0.6317708333333344,1293.05,1415.8221994761489,1170.277800523851,1231.0,1340.5,1512.25,1621.0,1040.0
2017-07-17,1250.0,1280.0,1250.0,1280.0,13,0,0.0,0.05523495465787298,0.6666666666666677,1293.55,1416.0204520153447,1171.0795479846552,1231.0,1340.5,1509.5,1621.0,997.0
2017-07-18,1320.0,1320.0,1240.0,1261.0,47,0,0.0,-0.014843750000000044,0.6567708333333344,1288.65,1408.0234515314319,1169.2765484685683,1231.0,1340.5,1509.5,1621.0,935.0
2017-07-19,1281.0,1281.0,1261.0,1280.0,25,0,0.0,0.015067406819984086,0.6666666666666677,1283.4,1394.2002807520705,1172.5997192479297,1231.0,1340.5,1502.0,1621.0,930.0
2017-07-20,1290.0,1290.0,1277.0,1277.0,8,0,0.0,-0.002343749999999978,0.6651041666666677,1282.75,1393.540198217412,1171.959801782588,1231.0,1340.5,1506.75,1621.0,992.0
2017-07-21,1299.0,1300.0,1271.0,1271.0,13,0,0.0,-0.004698512137823019,0.6619791666666677,1278.4,1383.6661088260093,1173.1338911739908,1231.0,1301.0,1510.5,1585.5,982.0
2017-07-24,1290.0,1290.0,1270.0,1290.0,23,0,0.0,0.014948859166010964,0.671875000000001,1275.4,1375.5759936784982,1175.224006321502,1231.0,1282.5,1469.5,1550.5,1200.0
2017-07-25,1330.0,1330.0,1262.0,1280.0,11,0,0.0,-0.007751937984496138,0.6666666666666676,1271.7,1365.1613828273519,1178.2386171726482,1240.0,1282.5,1404.5,1465.0,1312.0
2017-07-26,1252.0,1284.0,1244.0,1244.0,9,0,0.0,-0.028124999999999956,0.6479166666666676,1266.4,1353.2157622360849,1179.5842377639153,1250.5,1282.5,1379.5,1435.0,1287.0
2017-07-27,1270.0,1279.0,1251.0,1251.0,4,0,0.0,0.00562700964630225,0.6515625000000009,1261.95,1342.0099674980595,1181.8900325019406,1285.0,1256.5,1379.5,1435.0,1252.0
2017-07-28,1292.0,1292.0,1292.0,1292.0,0,0,0.0,0.03277378097521977,0.6729166666666676,1260.25,1336.0855249345987,1184.4144750654013,1285.0,1256.5,1379.5,1435.0,1128.0
2017-07-31,1292.0,1292.0,1292.0,1292.0,0,0,0.0,0.0,0.6729166666666676,1260.45,1336.6010747479247,1184.2989252520754,1287.0,1256.5,1379.5,1422.5,1137.0
2017-08-01,1269.0,1280.0,1269.0,1279.0,3,0,0.0,-0.010061919504643968,0.6661458333333342,1258.4,1330.0558528406204,1186.7441471593797,1287.0,1256.5,1375.0,1422.5,1214.0
2017-08-02,1260.0,1260.0,1250.0,1260.0,2,0,0.0,-0.014855355746677068,0.6562500000000009,1256.3,1325.0960146948614,1187.5039853051385,1287.0,1252.5,1375.0,1422.5,1190.0
2017-08-03,1240.0,1252.0,1235.0,1252.0,18,0,0.0,-0.006349206349206327,0.6520833333333342,1254.25,1320.9381482408255,1187.5618517591745,1282.5,1252.5,1352.5,1422.5,1190.0
2017-08-04,1237.0,1237.0,1237.0,1237.0,1,0,0.0,-0.011980830670926479,0.6442708333333342,1254.1,1320.9305696204237,1187.269430379576,1282.5,1242.0,1343.25,1422.5,1194.0
2017-08-07,1237.0,1237.0,1237.0,1237.0,0,0,0.0,0.0,0.6442708333333342,1253.45,1320.6834734614022,1186.216526538598,1263.5,1236.0,1343.25,1422.5,1200.0
2017-08-08,1249.0,1270.0,1245.0,1259.0,18,0,0.0,0.017784963621665373,0.6557291666666676,1256.15,1319.5729342878826,1192.7270657121176,1263.5,1236.0,1365.25,1422.5,1190.0
2017-08-09,1260.0,1260.0,1200.0,1200.0,2,0,0.0,-0.046862589356632234,0.6250000000000009,1257.2,1315.9539047392268,1198.4460952607733,1246.0,1236.0,1332.75,1422.5,1170.0
2017-08-10,1180.0,1180.0,1000.0,1127.0,198,0,0.0,-0.060833333333333295,0.5869791666666675,1254.1,1330.913102939269,1177.2868970607308,1146.0,1165.0,1332.75,1422.5,1180.0
2017-08-11,1131.0,1131.0,1071.0,1116.0,37,0,0.0,-0.00976042590949422,0.5812500000000008,1249.25,1345.7884433924248,1152.7115566075752,1140.0,1165.0,1330.0,1422.5,1190.0
2017-08-14,1098.0,1110.0,993.0,1060.0,104,0,0.0,-0.05017921146953408,0.5520833333333341,1238.25,1364.2687266785576,1112.2312733214424,1131.5,1161.5,1327.5,1422.5,1200.0
2017-08-15,985.0,1098.0,923.0,1093.0,87,0,0.0,0.031132075471698162,0.5692708333333342,1229.85,1370.4076360673546,1089.2923639326452,1096.5,1126.5,1325.5,1405.0,1260.0
2017-08-16,1050.0,1050.0,914.0,964.0,106,0,0.0,-0.11802378774016464,0.5020833333333341,1214.05,1394.406409939643,1033.6935900603569,1092.0,1122.0,1312.5,1392.0,1278.0
2017-08-17,899.0,936.0,899.0,936.0,10,0,0.0,-0.02904564315352698,0.48750000000000077,1197.0,1411.9030265516365,982.0969734483635,1084.5,1114.5,1291.25,1376.0,1330.0
2017-08-18,949.0,999.0,949.0,999.0,9,0,0.0,0.06730769230769229,0.5203125000000008,1183.4,1411.993127824136,954.8068721758641,1084.5,1114.5,1285.75,1370.5,1278.0
2017-08-21,1000.0,1068.0,998.0,1040.0,21,0,0.0,0.041041041041041115,0.5416666666666676,1170.9,1402.1641760866853,939.6358239133149,1079.5,1114.5,1285.75,1366.0,1280.0
2017-08-22,1050.0,1059.0,997.0,997.0,19,0,0.0,-0.04134615384615381,0.5192708333333342,1156.75,1394.1974530235461,919.302546976454,1039.5,1114.5,1285.75,1360.5,1270.0
2017-08-23,956.0,960.0,900.0,935.0,44,0,0.0,-0.06218655967903708,0.4869791666666675,1141.3,1393.924476073835,888.675523926165,1015.0,1114.5,1285.75,1360.5,1272.0
2017-08-24,904.0,930.0,904.0,930.0,36,0,0.0,-0.005347593582887722,0.48437500000000083,1125.25,1388.6348178096682,861.8651821903317,1004.5,1114.5,1285.75,1360.5,1280.0
2017-08-25,930.0,1000.0,920.0,992.0,44,0,0.0,0.06666666666666665,0.5166666666666675,1110.25,1367.9896077643614,852.5103922356386,998.5,1114.5,1285.75,1360.5,1287.0
2017-08-28,992.0,992.0,981.0,982.0,18,0,0.0,-0.01008064516129037,0.5114583333333341,1094.75,1343.9584921675455,845.5415078324546,983.5,1114.5,1266.0,1360.5,1260.0
2017-08-29,1090.0,1209.0,1090.0,1200.0,67,0,0.0,0.22199592668024448,0.625000000000001,1090.8,1330.4197090918517,851.1802909081482,1054.0,1114.5,1256.75,1360.5,1200.0
2017-08-30,1305.0,1380.0,1250.0,1312.0,164,0,0.0,0.09333333333333327,0.6833333333333343,1093.4,1341.3816062448786,845.4183937551215,1140.0,1139.5,1261.25,1360.5,1207.0
2017-08-31,1326.0,1350.0,1280.0,1287.0,51,0,0.0,-0.019054878048780477,0.670312500000001,1095.15,1348.0825652671717,842.2174347328283,1140.0,1139.5,1266.5,1360.5,1200.0
2017-09-01,1260.0,1260.0,1252.0,1252.0,16,0,0.0,-0.0271950271950272,0.6520833333333342,1095.9,1350.6126182149114,841.1873817850886,1140.0,1139.5,1270.75,1360.5,1200.0
2017-09-05,1254.0,1254.0,1128.0,1128.0,99,0,0.0,-0.09904153354632583,0.5875000000000008,1090.45,1337.3129429162336,843.5870570837664,1140.0,1139.5,1270.75,1360.5,1220.0
2017-09-06,1120.0,1171.0,1117.0,1137.0,38,0,0.0,0.007978723404255428,0.5921875000000009,1084.35,1319.9024285008159,848.7975714991838,1142.0,1139.5,1271.75,1360.5,1230.0
2017-09-07,1164.0,1214.0,1159.0,1214.0,8,0,0.0,0.06772207563764288,0.6322916666666676,1085.05,1322.0675609660943,848.0324390339056,1150.0,1139.5,1271.75,1351.5,1319.0
2017-09-08,1210.0,1217.0,1170.0,1190.0,27,0,0.0,-0.01976935749588138,0.6197916666666675,1088.2,1329.0493359496118,847.3506640503883,1180.5,1139.5,1269.75,1351.5,1294.0
2017-09-11,1215.0,1215.0,1184.0,1190.0,47,0,0.0,0.0,0.6197916666666675,1091.9,1336.6286682795771,847.171331720423,1235.0,1139.5,1267.5,1346.0,1290.0
2017-09-12,1191.0,1213.0,1191.0,1194.0,58,0,0.0,0.003361344537815114,0.6218750000000008,1098.6,1346.8187569654522,850.3812430345477,1248.5,1139.5,1262.25,1346.0,1290.0
2017-09-13,1200.0,1210.0,1200.0,1200.0,2,0,0.0,0.005025125628140614,0.6250000000000008,1103.95,1356.0796717251087,851.8203282748913,1233.5,1139.5,1249.75,1346.0,1290.0
2017-09-14,1190.0,1190.0,1186.0,1190.0,23,0,0.0,-0.008333333333333304,0.6197916666666674,1115.25,1361.4005007745861,869.0994992254138,1188.5,1139.5,1249.75,1346.0,1270.0
2017-09-15,1170.0,1170.0,1170.0,1170.0,1,0,0.0,-0.01680672268907568,0.6093750000000007,1126.95,1359.6432073647293,894.2567926352708,1185.5,1139.5,1241.0,1346.0,1268.0
2017-09-18,1184.0,1184.0,1180.0,1180.0,12,0,0.0,0.008547008547008517,0.614583333333334,1136.0,1361.995287142292,910.004712857708,1167.0,1139.5,1155.5,1275.0,1260.0
2017-09-19,1195.0,1209.0,1180.0,1190.0,12,0,0.0,0.008474576271186418,0.6197916666666674,1143.5,1366.1490803224253,920.8509196775748,1188.0,1139.5,1152.5,1269.5,1248.0
2017-09-20,1209.0,1210.0,1200.0,1200.0,11,0,0.0,0.008403361344537785,0.6250000000000008,1153.65,1366.868221508291,940.4317784917091,1193.5,1139.5,1146.5,1266.0,1220.0
2017-09-21,1210.0,1269.0,1210.0,1260.0,23,0,0.0,0.050000000000000044,0.6562500000000009,1169.9,1362.2922724785863,977.5077275214139,1219.5,1139.5,1111.5,1231.0,1180.0
2017-09-22,1260.0,1278.0,1260.0,1278.0,12,0,0.0,0.014285714285714235,0.6656250000000009,1187.3,1350.1397541530707,1024.4602458469292,1224.0,1139.5,1107.0,1226.5,1129.0
2017-09-25,1349.0,1359.0,1310.0,1330.0,68,0,0.0,0.04068857589984343,0.6927083333333343,1204.2,1351.736953358529,1056.663046641471,1264.5,1140.0,1099.5,1219.0,1070.0
2017-09-26,1310.0,1310.0,1240.0,1278.0,27,0,0.0,-0.0390977443609023,0.6656250000000009,1219.0,1328.5442616623934,1109.4557383376066,1264.5,1140.0,1099.5,1219.0,1040.0
2017-09-27,1266.0,1280.0,1230.0,1280.0,20,0,0.0,0.0015649452269170805,0.6666666666666676,1223.0,1335.314741967201,1110.685258032799,1264.5,1140.0,1097.0,1219.0,1128.0
2017-09-28,1281.0,1281.0,1270.0,1270.0,8,0,0.0,-0.0078125,0.6614583333333343,1220.9,1327.8666390885298,1113.9333609114703,1269.5,1140.0,1077.0,1219.0,1100.0
2017-09-29,1278.0,1300.0,1270.0,1272.0,12,0,0.0,0.0015748031496063408,0.662500000000001,1220.15,1325.431233615398,1114.8687663846022,1269.5,1142.0,1064.75,1219.0,1080.0
2017-10-02,1290.0,1300.0,1270.0,1280.0,23,0,0.0,0.0062893081761006275,0.6666666666666676,1221.55,1329.2317255472958,1113.868274452704,1279.5,1150.0,1059.5,1219.0,1090.0
2017-10-03,1282.0,1287.0,1280.0,1287.0,12,0,0.0,0.005468749999999911,0.6703125000000009,1229.5,1331.6587688999773,1127.3412311000227,1284.5,1180.5,1056.5,1219.0,1100.0
2017-10-04,1280.0,1280.0,1260.0,1260.0,15,0,0.0,-0.020979020979020935,0.6562500000000009,1235.65,1329.1463684293394,1142.1536315706608,1294.5,1235.0,1049.0,1179.5,1120.0
2017-10-05,1208.0,1225.0,1200.0,1200.0,18,0,0.0,-0.04761904761904767,0.6250000000000008,1234.95,1329.2992758235173,1140.6007241764828,1279.5,1248.5,1084.25,1161.0,1093.0
2017-10-06,1180.0,1207.0,1180.0,1207.0,77,0,0.0,0.005833333333333357,0.6286458333333341,1235.8,1328.796186995976,1142.8038130040238,1245.0,1238.0,1139.75,1161.0,1071.0
2017-10-09,1200.0,1200.0,1200.0,1200.0,0,0,0.0,-0.0057995028997513964,0.6250000000000008,1236.3,1328.3993661101736,1144.2006338898263,1240.0,1238.0,1139.75,1161.0,1050.0
2017-10-10,1202.0,1202.0,1200.0,1200.0,3,0,0.0,0.0,0.6250000000000008,1236.6,1328.1782547390683,1145.0217452609315,1240.0,1238.0,1139.75,1139.5,1037.0
2017-10-11,1228.0,1230.0,1220.0,1220.0,4,0,0.0,0.016666666666666607,0.6354166666666674,1237.6,1327.9736872744495,1147.2263127255503,1240.0,1238.0,1139.75,1139.5,1089.0
2017-10-12,1237.0,1240.0,1230.0,1230.0,8,0,0.0,0.008196721311475308,0.6406250000000007,1239.6,1327.3769550382704,1151.8230449617295,1240.0,1259.0,1140.75,1139.5,1091.0
2017-10-13,1350.0,1360.0,1309.0,1319.0,41,0,0.0,0.07235772357723569,0.6869791666666674,1247.05,1335.2293086840734,1158.8706913159265,1270.0,1265.0,1144.75,1139.5,1084.0
2017-10-16,1330.0,1330.0,1294.0,1294.0,6,0,0.0,-0.018953752843062888,0.673958333333334,1252.75,1337.4902548969562,1168.0097451030438,1270.0,1265.0,1160.0,1139.5,1075.0
2017-10-17,1280.0,1290.0,1279.0,1290.0,11,0,0.0,-0.0030911901081916993,0.6718750000000007,1257.75,1338.7699537476065,1176.7300462523935,1270.0,1265.0,1187.25,1139.5,1120.0
2017-10-18,1290.0,1300.0,1280.0,1290.0,45,0,0.0,0.0,0.6718750000000007,1262.25,1339.8278404334444,1184.6721595665556,1270.0,1265.0,1194.0,1139.5,1120.0
2017-10-19,1300.0,1310.0,1290.0,1290.0,11,0,0.0,0.0,0.6718750000000007,1263.75,1342.2604945046812,1185.2395054953188,1280.0,1265.0,1186.5,1139.5,1077.0
2017-10-20,1310.0,1310.0,1270.0,1270.0,39,0,0.0,-0.015503875968992276,0.6614583333333339,1263.35,1341.644901924516,1185.0550980754838,1280.0,1265.0,1164.0,1139.5,1059.0
2017-10-23,1297.0,1297.0,1264.0,1268.0,17,0,0.0,-0.0015748031496063408,0.6604166666666672,1260.25,1332.3432178721346,1188.1567821278654,1290.0,1270.0,1162.5,1139.5,1022.0
2017-10-24,1280.0,1280.0,1244.0,1260.0,30,0,0.0,-0.006309148264984188,0.6562500000000006,1259.35,1330.9772776913574,1187.7227223086425,1295.0,1270.0,1153.25,1139.5,1050.0
2017-10-25,1285.0,1285.0,1241.0,1248.0,10,0,0.0,-0.00952380952380949,0.6500000000000006,1257.75,1328.8832778736771,1186.6167221263229,1300.5,1270.0,1163.75,1139.5,1049.0
2017-10-26,1260.0,1260.0,1212.0,1220.0,58,0,0.0,-0.022435897435897467,0.6354166666666672,1255.25,1327.999303197973,1182.500696802027,1271.0,1270.0,1166.5,1139.5,1009.0
2017-10-27,1210.0,1210.0,1160.0,1180.0,26,0,0.0,-0.032786885245901676,0.6145833333333338,1250.65,1329.99152933928,1171.30847066072,1235.0,1260.0,1179.5,1139.5,978.0
2017-10-30,1173.0,1200.0,1125.0,1129.0,29,0,0.0,-0.04322033898305089,0.5880208333333338,1243.1,1337.3472679710187,1148.852732028981,1217.5,1242.5,1181.75,1139.5,975.0
2017-10-31,1104.0,1120.0,1041.0,1070.0,70,0,0.0,-0.05225863596102742,0.5572916666666671,1232.25,1350.8888109923778,1113.6111890076222,1175.5,1200.5,1202.25,1139.5,971.0
2017-11-01,1044.0,1044.0,1019.0,1040.0,40,0,0.0,-0.028037383177570097,0.5416666666666671,1221.25,1365.8290648745551,1076.6709351254449,1164.5,1189.5,1202.25,1139.5,990.0
2017-11-02,1040.0,1140.0,1036.0,1128.0,37,0,0.0,0.08461538461538454,0.5875000000000004,1217.65,1367.708483630465,1067.5915163695352,1158.0,1189.5,1202.25,1139.5,1043.0
2017-11-03,1140.0,1140.0,1090.0,1100.0,47,0,0.0,-0.024822695035460973,0.5729166666666671,1212.3,1370.9741392254834,1053.6258607745165,1152.0,1189.5,1204.75,1139.5,1049.0
2017-11-06,1091.0,1110.0,1079.0,1080.0,26,0,0.0,-0.018181818181818188,0.5625000000000004,1206.3,1375.2387397409602,1037.3612602590397,1152.0,1189.5,1205.75,1139.5,1009.0
2017-11-07,1070.0,1090.0,1061.0,1090.0,54,0,0.0,0.0092592592592593,0.5677083333333338,1200.8,1377.2786117233195,1024.3213882766804,1139.5,1189.5,1214.75,1139.5,1000.0
2017-11-08,1100.0,1100.0,1089.0,1100.0,36,0,0.0,0.00917431192660545,0.5729166666666671,1194.8,1376.4011104069941,1013.1988895930058,1114.5,1189.5,1232.5,1139.5,976.0
2017-11-09,1111.0,1128.0,1111.0,1120.0,9,0,0.0,0.018181818181818077,0.5833333333333337,1189.3,1372.9773693649893,1005.6226306350106,1109.5,1189.5,1264.75,1139.5,1044.0
2017-11-10,1100.0,1110.0,1090.0,1093.0,65,0,0.0,-0.024107142857142883,0.5692708333333337,1178.0,1356.0303836871392,999.9696163128608,1079.5,1189.5,1264.0,1139.5,1059.0
2017-11-13,1120.0,1120.0,1070.0,1071.0,21,0,0.0,-0.020128087831655983,0.5578125000000004,1166.85,1342.3102212048748,991.3897787951252,1079.5,1189.5,1241.5,1139.5,1066.0
2017-11-14,1078.0,1078.0,1049.0,1050.0,50,0,0.0,-0.019607843137254943,0.5468750000000003,1154.85,1327.7611710007263,981.9388289992735,1088.0,1189.5,1239.0,1139.5,1060.0
2017-11-15,1040.0,1040.0,1014.0,1037.0,150,0,0.0,-0.012380952380952381,0.5401041666666669,1142.2,1310.6227201075358,973.7772798924644,1077.0,1187.0,1239.0,1139.5,1060.0
2017-11-16,1064.0,1090.0,1064.0,1089.0,28,0,0.0,0.05014464802314378,0.5671875000000003,1132.15,1287.434345108545,976.8656548914553,1071.0,1187.0,1239.0,1139.5,1090.0
2017-11-17,1107.0,1120.0,1090.0,1091.0,38,0,0.0,0.0018365472910928382,0.568229166666667,1123.2,1265.6413982402296,980.7586017597705,1071.0,1187.0,1249.5,1139.5,1061.0
2017-11-20,1100.0,1101.0,1084.0,1084.0,18,0,0.0,-0.006416131989000928,0.5645833333333337,1114.0,1240.5648578480823,987.4351421519176,1071.0,1172.0,1267.5,1139.5,1068.0
2017-11-21,1120.0,1120.0,1075.0,1075.0,3,0,0.0,-0.008302583025830312,0.5598958333333336,1104.75,1212.779282482502,996.7207175174982,1071.0,1162.0,1267.5,1139.5,1039.0
2017-11-22,1110.0,1120.0,1109.0,1120.0,14,0,0.0,0.041860465116279055,0.5833333333333336,1098.35,1184.388783201163,1012.3112167988367,1067.0,1162.0,1267.5,1139.5,1080.0
2017-11-24,1100.0,1130.0,1100.0,1120.0,2,0,0.0,0.0,0.5833333333333336,1093.35,1159.7141644262915,1026.9858355737083,1072.0,1162.0,1267.5,1139.5,1137.0
2017-11-27,1120.0,1120.0,1055.0,1077.0,106,0,0.0,-0.03839285714285712,0.5609375000000003,1088.2,1141.4251552715823,1034.9748447284178,1072.0,1162.0,1272.5,1139.5,1260.0
2017-11-28,1090.0,1090.0,1051.0,1059.0,21,0,0.0,-0.01671309192200554,0.5515625000000003,1084.7,1135.8781484620126,1033.5218515379875,1072.0,1155.5,1272.5,1139.5,1359.0
2017-11-29,1050.0,1059.0,1022.0,1022.0,43,0,0.0,-0.034938621340887654,0.5322916666666669,1082.3,1140.1539971416232,1024.4460028583767,1076.0,1149.5,1280.0,1139.5,1389.0
2017-11-30,1050.0,1050.0,1019.0,1050.0,33,0,0.0,0.027397260273972712,0.5468750000000003,1082.8,1139.3264600919438,1026.2735399080561,1074.5,1149.5,1282.5,1139.5,1350.0
2017-12-01,1050.0,1050.0,1049.0,1049.0,7,0,0.0,-0.0009523809523809268,0.546354166666667,1078.85,1133.1644145256387,1024.5355854743611,1074.5,1137.0,1285.25,1139.5,1250.0
2017-12-04,1010.0,1030.0,1001.0,1009.0,53,0,0.0,-0.03813155386081979,0.5255208333333337,1074.3,1135.6382601987555,1012.9617398012444,1065.5,1105.5,1270.5,1139.5,1208.0
2017-12-05,982.0,1000.0,960.0,978.0,74,0,0.0,-0.030723488602576787,0.5093750000000004,1069.2,1143.5348946606516,994.8651053393485,1045.0,1080.0,1247.5,1139.5,1279.0
2017-12-06,1000.0,1000.0,961.0,975.0,17,0,0.0,-0.0030674846625766694,0.5078125000000003,1063.45,1147.703546644072,979.1964533559279,1045.0,1050.0,1230.0,1139.5,1280.0
2017-12-07,965.0,976.0,964.0,971.0,57,0,0.0,-0.004102564102564155,0.505729166666667,1057.0,1148.5884102068053,965.4115897931948,1040.0,1050.0,1188.0,1140.0,1270.0
2017-12-08,997.0,1000.0,990.0,990.0,39,0,0.0,0.019567456230690006,0.5156250000000003,1050.5,1141.728971852491,959.2710281475091,1025.0,1050.0,1177.0,1140.0,1250.0
2017-12-11,1007.0,1060.0,1007.0,1043.0,49,0,0.0,0.05353535353535355,0.543229166666667,1048.0,1137.1269882925742,958.8730117074258,1010.0,1050.0,1173.75,1140.0,1250.0
2017-12-12,1038.0,1050.0,1000.0,1049.0,33,0,0.0,0.0057526366251199335,0.546354166666667,1046.9,1135.3984237980328,958.4015762019673,1010.0,1045.0,1170.75,1140.0,1340.0
2017-12-13,1000.0,1009.0,999.0,1009.0,20,0,0.0,-0.03813155386081979,0.5255208333333337,1044.85,1134.8692253384002,954.8307746615998,1010.0,1045.0,1170.75,1142.0,1310.0
2017-12-14,1000.0,1010.0,980.0,1000.0,25,0,0.0,-0.008919722497522264,0.5208333333333337,1043.0,1135.1079275404068,950.8920724595934,1010.0,1045.0,1164.5,1150.0,1330.0
2017-12-15,1000.0,1010.0,976.0,976.0,79,0,0.0,-0.02400000000000002,0.5083333333333336,1037.35,1131.3424362242392,943.3575637757606,1010.0,1045.0,1152.0,1180.5,1378.0
2017-12-18,981.0,1094.0,981.0,1044.0,68,0,0.0,0.069672131147541,0.5437500000000003,1035.0,1125.7701550766046,944.2298449233955,1027.5,1045.0,1149.5,1199.5,1401.0
2017-12-19,1069.0,1069.0,1050.0,1059.0,38,0,0.0,0.014367816091954033,0.5515625000000003,1033.75,1122.4286718557767,945.0713281442235,1029.0,1045.0,1134.5,1199.5,1430.0
2017-12-20,1063.0,1069.0,1031.0,1066.0,170,0,0.0,0.006610009442870712,0.5552083333333336,1033.3,1121.216663027517,945.383336972483,1035.0,1045.0,1134.5,1189.5,1420.0
2017-12-21,1060.0,1070.0,1051.0,1060.0,8,0,0.0,-0.0056285178236398226,0.5520833333333336,1030.3,1109.7811194793042,950.8188805206958,1035.0,1045.0,1138.75,1189.5,1400.0
2017-12-22,1040.0,1070.0,1040.0,1060.0,55,0,0.0,0.0,0.5520833333333336,1027.3,1096.8152419182047,957.7847580817951,1035.0,1045.0,1132.0,1187.0,1470.0
2017-12-26,1040.0,1200.0,972.0,1090.0,31,0,0.0,0.028301886792452935,0.5677083333333337,1027.95,1099.546784961626,956.3532150383742,1086.0,1080.0,1129.0,1187.0,1370.0
2017-12-27,1063.0,1070.0,1051.0,1061.0,38,0,0.0,-0.026605504587155937,0.552604166666667,1028.05,1099.8272935507662,956.2727064492336,1086.0,1080.0,1129.0,1187.0,1280.0
2017-12-28,1060.0,1080.0,1059.0,1068.0,206,0,0.0,0.006597549481621057,0.5562500000000004,1030.35,1104.1462227246102,956.5537772753897,1086.0,1080.0,1121.5,1187.0,1200.0
2017-12-29,1040.0,1050.0,1039.0,1039.0,61,0,0.0,-0.027153558052434468,0.5411458333333337,1029.8,1103.1601912412077,956.4398087587922,1086.0,1080.0,1116.5,1187.0,1219.0
2018-01-02,1050.0,1080.0,1050.0,1080.0,23,0,0.0,0.039461020211742026,0.5625000000000003,1031.35,1107.5536277904162,955.1463722095838,1086.0,1080.0,1114.5,1187.0,1160.0
2018-01-03,1080.0,1140.0,1074.0,1137.0,89,0,0.0,0.05277777777777781,0.5921875000000004,1037.75,1126.0516665515934,949.4483334484066,1086.0,1080.0,1117.0,1187.0,1209.0
2018-01-04,1140.0,1280.0,1139.0,1260.0,91,0,0.0,0.10817941952506605,0.6562500000000006,1051.85,1179.3591022715818,924.3408977284179,1126.0,1120.0,1117.0,1187.0,1220.0
2018-01-05,1346.0,1430.0,1330.0,1359.0,143,0,0.0,0.07857142857142851,0.7078125000000005,1071.05,1251.7390565410199,890.3609434589799,1201.0,1195.0,1113.75,1187.0,1190.0
2018-01-08,1424.0,1428.0,1360.0,1389.0,63,0,0.0,0.02207505518763786,0.7234375000000004,1091.95,1313.9815958454656,869.9184041545345,1201.0,1195.0,1112.75,1187.0,1200.0
2018-01-09,1370.0,1377.0,1342.0,1350.0,28,0,0.0,-0.02807775377969768,0.7031250000000003,1109.95,1353.5687214221612,866.3312785778389,1234.5,1195.0,1112.0,1187.0,1219.0
2018-01-10,1360.0,1360.0,1250.0,1250.0,62,0,0.0,-0.07407407407407407,0.651041666666667,1120.3,1369.2505393615793,871.3494606384205,1234.5,1195.0,1105.75,1187.0,1250.0
2018-01-11,1220.0,1230.0,1160.0,1208.0,37,0,0.0,-0.03359999999999996,0.629166666666667,1128.25,1377.7455364646626,878.7544635353373,1234.5,1195.0,1085.5,1180.5,1269.0
2018-01-12,1238.0,1310.0,1238.0,1279.0,39,0,0.0,0.0587748344370862,0.6661458333333338,1141.75,1393.2070809460238,890.2929190539761,1240.0,1195.5,1062.5,1160.0,1221.0
2018-01-16,1300.0,1320.0,1280.0,1280.0,24,0,0.0,0.0007818608287724071,0.6666666666666671,1155.75,1405.229328075179,906.2706719248212,1252.0,1197.0,1047.5,1160.0,1160.0
2018-01-17,1270.0,1280.0,1250.0,1270.0,35,0,0.0,-0.0078125,0.6614583333333337,1170.45,1410.184332073522,930.7156679264782,1284.5,1201.0,1045.0,1160.0,1179.0
2018-01-18,1270.0,1270.0,1223.0,1250.0,23,0,0.0,-0.015748031496062964,0.6510416666666671,1180.75,1415.4628265954418,946.0371734045582,1295.0,1201.0,1037.5,1160.0,1180.0
2018-01-19,1260.0,1260.0,1225.0,1250.0,73,0,0.0,0.0,0.6510416666666671,1190.3,1419.8514153987728,960.7485846012272,1294.0,1201.0,1030.0,1160.0,1149.0
2018-01-22,1248.0,1350.0,1248.0,1340.0,60,0,0.0,0.07200000000000006,0.6979166666666672,1204.0,1434.9589386153239,973.0410613846761,1268.5,1201.0,1027.5,1160.0,1100.0
2018-01-23,1319.0,1320.0,1290.0,1310.0,50,0,0.0,-0.02238805970149249,0.6822916666666672,1216.5,1441.8650133029835,991.1349866970165,1260.0,1201.0,1027.5,1160.0,1068.0
2018-01-24,1290.0,1334.0,1290.0,1330.0,87,0,0.0,0.01526717557251911,0.6927083333333339,1230.0,1448.4147174528343,1011.5852825471658,1255.0,1201.0,1027.5,1160.0,1059.0
2018-01-25,1369.0,1400.0,1360.0,1378.0,65,0,0.0,0.03609022556390973,0.717708333333334,1244.4,1461.9599070649435,1026.8400929350566,1311.5,1201.0,1027.5,1160.0,1140.0
2018-01-26,1390.0,1430.0,1390.0,1401.0,73,0,0.0,0.01669085631349776,0.7296875000000006,1261.4,1471.9262632547347,1050.8737367452654,1326.5,1201.0,1036.25,1160.0,1121.0
2018-01-29,1455.0,1460.0,1410.0,1430.0,34,0,0.0,0.020699500356887945,0.7447916666666673,1279.5,1482.4318738680076,1076.5681261319924,1341.5,1216.0,1037.0,1160.0,1131.0
2018-01-30,1420.0,1429.0,1420.0,1420.0,4,0,0.0,-0.006993006993006978,0.7395833333333339,1298.55,1477.464575076317,1119.6354249236829,1341.5,1216.0,1040.0,1160.0,1149.0
2018-01-31,1420.0,1420.0,1380.0,1400.0,29,0,0.0,-0.014084507042253502,0.7291666666666673,1314.55,1467.5165686075927,1161.5834313924072,1342.5,1216.0,1040.0,1160.0,1173.0
2018-02-01,1435.0,1470.0,1412.0,1470.0,102,0,0.0,0.050000000000000044,0.7656250000000007,1331.2,1475.3865759719988,1187.0134240280013,1359.0,1221.0,1040.0,1160.0,1180.0
2018-02-02,1450.0,1450.0,1355.0,1370.0,57,0,0.0,-0.0680272108843537,0.7135416666666673,1336.7,1477.933284939279,1195.466715060721,1380.0,1254.5,1083.0,1160.0,1173.0
2018-02-05,1320.0,1320.0,1270.0,1280.0,65,0,0.0,-0.06569343065693434,0.6666666666666672,1332.75,1475.694806352524,1189.805193647476,1370.0,1254.5,1083.0,1160.0,1156.0
2018-02-06,1196.0,1259.0,1190.0,1200.0,45,0,0.0,-0.0625,0.6250000000000004,1323.3,1474.942519297689,1171.657480702311,1330.0,1254.5,1083.0,1145.0,1130.0
2018-02-07,1230.0,1230.0,1195.0,1219.0,19,0,0.0,0.015833333333333366,0.6348958333333338,1316.75,1474.475528354605,1159.024471645395,1330.0,1260.0,1083.0,1135.0,1063.0
2018-02-08,1205.0,1210.0,1160.0,1160.0,7,0,0.0,-0.048400328137817916,0.6041666666666671,1312.25,1482.1396607244099,1142.3603392755901,1315.0,1272.0,1083.0,1135.0,1080.0
2018-02-09,1194.0,1209.0,1150.0,1209.0,29,0,0.0,0.042241379310344884,0.6296875000000005,1312.3,1482.0661108578267,1142.5338891421732,1310.0,1304.5,1083.0,1135.0,1080.0
2018-02-12,1240.0,1250.0,1220.0,1220.0,54,0,0.0,0.009098428453267138,0.6354166666666672,1309.35,1483.3719704338696,1135.3280295661302,1310.0,1310.0,1123.0,1135.0,1096.0
2018-02-13,1227.0,1227.0,1179.0,1190.0,20,0,0.0,-0.024590163934426257,0.6197916666666672,1304.85,1486.2546889778769,1123.445311022123,1310.0,1310.0,1198.0,1195.0,1096.0
2018-02-14,1170.0,1200.0,1170.0,1200.0,20,0,0.0,0.008403361344537785,0.6250000000000006,1301.35,1487.9922664491232,1114.7077335508766,1300.0,1310.0,1198.0,1195.0,1080.0
2018-02-15,1223.0,1232.0,1218.0,1219.0,24,0,0.0,0.015833333333333366,0.6348958333333339,1299.8,1488.6481801146992,1110.9518198853007,1235.0,1310.0,1214.75,1195.0,1060.0
2018-02-16,1250.0,1250.0,1225.0,1250.0,56,0,0.0,0.025430680885972112,0.6510416666666672,1299.8,1488.6481801146992,1110.9518198853007,1204.5,1310.0,1214.75,1195.0,973.0
2018-02-20,1270.0,1280.0,1255.0,1269.0,36,0,0.0,0.015200000000000102,0.6609375000000006,1296.25,1484.6053344640254,1107.8946655359746,1215.0,1310.0,1214.75,1195.0,969.0
2018-02-21,1205.0,1240.0,1205.0,1221.0,24,0,0.0,-0.0378250591016549,0.6359375000000006,1291.8,1482.8610869963131,1100.7389130036868,1215.0,1310.0,1217.75,1195.0,675.0
2018-02-22,1200.0,1200.0,1145.0,1160.0,97,0,0.0,-0.049959049959049984,0.6041666666666672,1283.3,1481.8684115865415,1084.7315884134584,1212.5,1307.5,1224.5,1195.0,570.0
2018-02-23,1170.0,1179.0,1140.0,1179.0,19,0,0.0,0.016379310344827536,0.6140625000000005,1273.35,1471.8829483565887,1074.817051643411,1210.0,1305.0,1242.75,1195.0,568.0
2018-02-26,1180.0,1185.0,1161.0,1180.0,30,0,0.0,0.0008481764206955678,0.6145833333333339,1262.3,1455.6621418778268,1068.937858122173,1210.0,1305.0,1248.0,1195.0,540.0
2018-02-27,1160.0,1177.0,1132.0,1149.0,42,0,0.0,-0.02627118644067794,0.5984375000000006,1248.25,1431.27981885331,1065.22018114669,1206.0,1301.0,1247.5,1195.0,653.0
2018-02-28,1120.0,1120.0,1100.0,1100.0,6,0,0.0,-0.04264577893820709,0.5729166666666673,1232.25,1408.1597485704156,1056.3402514295844,1190.0,1285.0,1234.75,1195.0,650.0
2018-03-01,1117.0,1117.0,1054.0,1068.0,37,0,0.0,-0.029090909090909056,0.5562500000000006,1215.65,1387.681941354846,1043.6180586451542,1167.0,1262.0,1230.5,1195.0,715.0
2018-03-02,1080.0,1080.0,1031.0,1059.0,6,0,0.0,-0.008426966292134797,0.5515625000000006,1195.1,1335.700244605616,1054.4997553943838,1155.5,1250.5,1228.0,1195.0,688.0
2018-03-05,1070.0,1144.0,1070.0,1140.0,28,0,0.0,0.0764872521246458,0.5937500000000007,1183.6,1300.4867352070776,1066.7132647929222,1135.5,1250.5,1256.25,1195.0,630.0
2018-03-06,1180.0,1180.0,1121.0,1121.0,18,0,0.0,-0.01666666666666672,0.5838541666666673,1175.65,1286.6469575875178,1064.6530424124824,1115.5,1250.5,1263.75,1195.0,654.0
2018-03-07,1136.0,1136.0,1119.0,1131.0,11,0,0.0,0.008920606601248826,0.5890625000000006,1172.2,1284.2508821262204,1060.1491178737797,1108.0,1250.5,1278.75,1210.0,634.0
2018-03-08,1146.0,1149.0,1140.0,1149.0,7,0,0.0,0.01591511936339529,0.5984375000000006,1168.7,1279.0260928053067,1058.3739071946934,1108.0,1250.5,1278.75,1210.0,610.0
2018-03-09,1160.0,1173.0,1130.0,1173.0,10,0,0.0,0.02088772845953013,0.6109375000000007,1169.35,1279.6159195524062,1059.0840804475936,1105.5,1250.5,1279.25,1210.0,629.0
2018-03-12,1180.0,1180.0,1170.0,1180.0,19,0,0.0,0.0059676044330776445,0.614583333333334,1167.9,1276.7812984956838,1059.0187015043164,1105.5,1240.5,1290.0,1215.0,650.0
2018-03-13,1170.0,1185.0,1165.0,1173.0,4,0,0.0,-0.0059322033898304705,0.6109375000000007,1165.55,1271.800831308207,1059.2991686917928,1108.0,1175.5,1317.25,1215.0,645.0
2018-03-14,1140.0,1184.0,1140.0,1156.0,97,0,0.0,-0.01449275362318836,0.6020833333333341,1163.85,1269.562456289397,1058.1375437106028,1108.0,1155.5,1312.25,1215.0,640.0
2018-03-15,1134.0,1150.0,1110.0,1130.0,49,0,0.0,-0.02249134948096887,0.5885416666666674,1160.35,1265.6734754858662,1055.0265245141336,1127.5,1155.5,1292.25,1215.0,623.0
2018-03-16,1130.0,1130.0,1063.0,1063.0,29,0,0.0,-0.059292035398230136,0.553645833333334,1152.55,1262.4029409136103,1042.6970590863896,1124.0,1155.5,1295.0,1215.0,607.0
2018-03-19,1070.0,1080.0,1060.0,1080.0,35,0,0.0,0.015992474129821188,0.5625000000000006,1144.05,1248.547065967376,1039.5529340326239,1122.5,1155.5,1293.5,1215.0,607.0
2018-03-20,1080.0,1090.0,1070.0,1080.0,52,0,0.0,0.0,0.5625000000000006,1134.6,1225.3264857980498,1043.87351420195,1122.5,1155.5,1307.25,1215.0,609.0
2018-03-21,1091.0,1100.0,1075.0,1096.0,57,0,0.0,0.014814814814814836,0.5708333333333339,1128.35,1211.2068198381082,1045.4931801618916,1122.5,1155.5,1310.0,1215.0,599.0
2018-03-22,1102.0,1110.0,1090.0,1096.0,46,0,0.0,0.0,0.5708333333333339,1125.15,1207.811371134861,1042.4886288651392,1122.5,1155.5,1310.0,1215.0,615.0
2018-03-23,1100.0,1109.0,1080.0,1080.0,14,0,0.0,-0.014598540145985384,0.5625000000000006,1120.2,1201.1918115159306,1039.2081884840695,1122.5,1155.5,1305.0,1215.0,600.0
2018-03-26,1078.0,1110.0,1050.0,1060.0,23,0,0.0,-0.01851851851851849,0.5520833333333339,1114.2,1194.3486257294296,1034.0513742705705,1117.0,1155.5,1272.5,1215.0,596.0
2018-03-27,1060.0,1060.0,960.0,973.0,180,0,0.0,-0.08207547169811324,0.5067708333333338,1105.4,1204.8833257861536,1005.9166742138466,1055.0,1120.0,1257.25,1215.0,598.0
2018-03-28,980.0,980.0,937.0,969.0,109,0,0.0,-0.004110996916752319,0.5046875000000005,1098.85,1214.9502784529059,982.7497215470939,1033.5,1088.5,1262.5,1215.0,596.0
2018-03-29,777.0,777.0,670.0,675.0,984,0,0.0,-0.3034055727554179,0.3515625000000004,1079.2,1298.3997927774665,860.0002072225337,890.0,935.0,1262.5,1215.5,590.0
2018-04-02,608.0,634.0,560.0,570.0,1240,0,0.0,-0.15555555555555556,0.29687500000000033,1054.75,1367.7568452925586,741.7431547074414,835.0,872.5,1260.0,1217.0,560.0
2018-04-03,587.0,587.0,538.0,568.0,243,0,0.0,-0.0035087719298245723,0.29583333333333367,1026.15,1401.7828757037557,650.5171242962444,824.0,861.5,1257.5,1221.0,525.0
2018-04-04,561.0,574.0,500.0,540.0,211,0,0.0,-0.04929577464788737,0.28125000000000033,997.1,1425.6490868205601,568.5509131794399,805.0,842.5,1257.5,1221.0,550.0
2018-04-05,564.0,670.0,564.0,653.0,200,0,0.0,0.20925925925925926,0.3401041666666671,973.2,1422.2652241173635,524.1347758826366,805.0,842.5,1253.5,1221.0,560.0
2018-04-06,680.0,686.0,650.0,650.0,82,0,0.0,-0.004594180704441064,0.3385416666666671,948.25,1410.866329085821,485.63367091417894,805.0,842.5,1237.5,1221.0,565.0
2018-04-09,693.0,732.0,693.0,715.0,109,0,0.0,0.10000000000000009,0.3723958333333338,925.35,1386.5228395298213,464.1771604701787,780.0,842.5,1214.5,1221.0,580.0
2018-04-10,720.0,720.0,685.0,688.0,139,0,0.0,-0.03776223776223775,0.3583333333333338,900.75,1357.381462295244,444.118537704756,740.0,842.5,1203.0,1221.0,568.0
2018-04-11,668.0,668.0,623.0,630.0,98,0,0.0,-0.08430232558139539,0.3281250000000004,873.6,1326.7741837585863,420.42581624141377,638.5,842.5,1193.0,1221.0,575.0
2018-04-12,655.0,673.0,627.0,654.0,100,0,0.0,0.03809523809523818,0.34062500000000046,848.5,1291.721241083238,405.2787589167619,616.0,842.5,1183.0,1221.0,573.0
2018-04-13,678.0,678.0,634.0,634.0,24,0,0.0,-0.030581039755351647,0.33020833333333377,823.7,1256.411007116756,390.9889928832441,616.0,842.5,1179.25,1221.0,575.0
2018-04-16,649.0,649.0,610.0,610.0,51,0,0.0,-0.03785488958990535,0.31770833333333376,801.05,1228.6239816760517,373.4760183239481,616.0,842.5,1179.25,1221.0,630.0
2018-04-17,607.0,630.0,607.0,629.0,91,0,0.0,0.031147540983606614,0.32760416666666714,778.5,1192.0399546152157,364.9600453847844,648.0,842.5,1178.0,1221.0,626.0
2018-04-18,649.0,655.0,627.0,650.0,60,0,0.0,0.03338632750397452,0.33854166666666713,757.0,1149.5623229903442,364.4376770096557,669.5,842.5,1173.0,1221.0,621.0
2018-04-19,661.0,663.0,640.0,645.0,36,0,0.0,-0.007692307692307665,0.33593750000000044,734.45,1096.8715068499173,372.02849315008274,669.5,842.0,1141.75,1250.5,595.0
2018-04-20,655.0,655.0,631.0,640.0,60,0,0.0,-0.007751937984496138,0.33333333333333376,711.65,1035.1017467372287,388.1982532627712,663.5,825.0,1131.75,1250.5,575.0
2018-04-23,639.0,650.0,620.0,623.0,86,0,0.0,-0.026562500000000044,0.32447916666666704,688.8,965.6848752136905,411.9151247863094,642.5,815.0,1141.5,1250.5,596.0
2018-04-24,637.0,637.0,607.0,607.0,24,0,0.0,-0.025682182985553803,0.3161458333333337,666.15,885.4306491186358,446.8693508813642,642.5,805.0,1139.75,1250.5,610.0
2018-04-25,605.0,608.0,605.0,607.0,2,0,0.0,0.0,0.3161458333333337,647.85,816.3719412358228,479.32805876417734,641.5,805.0,1139.0,1250.5,617.0
2018-04-26,603.0,616.0,603.0,609.0,62,0,0.0,0.0032948929159801743,0.31718750000000034,629.85,710.7285821885946,548.9714178114054,633.0,805.0,1139.0,1250.5,622.0
2018-04-27,602.0,619.0,599.0,599.0,19,0,0.0,-0.016420361247947435,0.31197916666666703,626.05,705.1904651037457,546.9095348962542,631.0,805.0,1139.0,1250.5,608.0
2018-04-30,624.0,627.0,615.0,615.0,15,0,0.0,0.026711185308847973,0.32031250000000033,628.3,703.3481872988098,553.2518127011901,631.0,805.0,1139.0,1250.5,601.0
2018-05-01,620.0,620.0,597.0,600.0,76,0,0.0,-0.024390243902439046,0.31250000000000033,629.9,700.9537171441096,558.8462828558903,630.0,805.0,1139.0,1250.5,576.0
2018-05-02,607.0,607.0,596.0,596.0,111,0,0.0,-0.00666666666666671,0.310416666666667,632.7,692.8264353455583,572.5735646544418,625.5,780.0,1136.25,1250.5,562.0
2018-05-03,607.0,607.0,598.0,598.0,2,0,0.0,0.003355704697986628,0.31145833333333367,629.95,691.1442900328676,568.7557099671325,623.0,740.0,1087.5,1215.0,540.0
2018-05-04,600.0,600.0,596.0,596.0,14,0,0.0,-0.0033444816053511683,0.310416666666667,627.25,689.4354108799716,565.0645891200284,616.5,638.5,1061.0,1203.5,523.0
2018-05-07,598.0,603.0,590.0,590.0,27,0,0.0,-0.010067114093959773,0.307291666666667,621.0,670.3228521819598,571.6771478180402,608.5,616.0,912.5,1070.0,500.0
2018-05-08,580.0,580.0,549.0,560.0,83,0,0.0,-0.05084745762711862,0.291666666666667,614.6,660.5546364878649,568.6453635121352,588.0,616.0,853.75,1015.0,475.0
2018-05-09,557.0,560.0,520.0,525.0,62,0,0.0,-0.0625,0.27343750000000033,609.35,669.1465706110058,549.5534293889942,573.5,616.0,842.75,1004.0,504.0
2018-05-10,544.0,550.0,537.0,550.0,147,0,0.0,0.04761904761904767,0.2864583333333337,604.15,665.5942272051406,542.7057727948594,573.5,626.0,823.75,985.0,482.0
2018-05-11,557.0,560.0,555.0,560.0,38,0,0.0,0.018181818181818077,0.291666666666667,600.45,663.171531231267,537.7284687687331,570.0,626.0,823.75,985.0,470.0
2018-05-14,560.0,577.0,550.0,565.0,65,0,0.0,0.008928571428571397,0.2942708333333337,598.2,662.6140561318971,533.785943868103,563.5,626.0,823.75,985.0,460.0
2018-05-15,575.0,580.0,575.0,580.0,68,0,0.0,0.026548672566371723,0.3020833333333337,595.75,658.9960749769876,532.5039250230124,563.5,620.0,811.25,985.0,440.0
2018-05-16,550.0,568.0,542.0,568.0,18,0,0.0,-0.020689655172413834,0.29583333333333367,591.65,650.7493415583141,532.5506584416859,561.5,599.0,791.25,985.0,447.0
2018-05-17,563.0,575.0,563.0,575.0,5,0,0.0,0.012323943661971759,0.29947916666666696,588.15,642.2219057707315,534.0780942292685,561.5,599.0,740.5,985.0,417.0
2018-05-18,571.0,573.0,564.0,573.0,4,0,0.0,-0.003478260869565264,0.2984375000000003,584.8,633.5978059903138,536.0021940096861,550.0,599.0,729.25,985.0,428.0
2018-05-21,550.0,575.0,550.0,575.0,3,0,0.0,0.003490401396160525,0.29947916666666696,582.4,628.0323235390609,536.767676460939,550.0,591.5,729.25,985.0,365.0
2018-05-22,570.0,630.0,570.0,630.0,75,0,0.0,0.09565217391304337,0.3281250000000003,583.55,632.6694144915695,534.4305855084305,583.5,591.5,729.25,985.0,366.0
2018-05-23,645.0,657.0,615.0,626.0,72,0,0.0,-0.006349206349206327,0.32604166666666695,584.5,636.0967905978134,532.9032094021866,599.5,591.5,745.25,985.0,390.0
2018-05-24,615.0,621.0,607.0,621.0,40,0,0.0,-0.007987220447284393,0.32343750000000027,585.1,638.0978842079656,532.1021157920344,599.5,591.5,756.0,975.0,420.0
2018-05-25,620.0,625.0,595.0,595.0,33,0,0.0,-0.041867954911433136,0.3098958333333336,584.9,637.7144444356584,532.0855555643416,599.5,588.5,755.75,910.0,386.0
2018-05-29,593.0,593.0,575.0,575.0,12,0,0.0,-0.03361344537815125,0.2994791666666669,582.9,633.986410016908,531.8135899830919,599.5,588.5,744.25,890.0,377.0
2018-05-30,592.0,596.0,592.0,596.0,24,0,0.0,0.03652173913043488,0.31041666666666695,582.7,633.5452067398261,531.854793260174,603.5,588.5,728.75,890.0,392.0
2018-05-31,618.0,618.0,610.0,610.0,10,0,0.0,0.02348993288590595,0.3177083333333336,583.4,635.3439899162131,531.4560100837869,603.5,588.5,723.75,890.0,437.0
2018-06-01,610.0,628.0,610.0,617.0,18,0,0.0,0.011475409836065653,0.32135416666666694,584.35,638.0127774944203,530.6872225055797,603.5,588.5,723.25,890.0,514.0
2018-06-04,630.0,630.0,622.0,622.0,24,0,0.0,0.008103727714748876,0.3239583333333336,585.65,641.6145079632938,529.6854920367061,613.5,588.5,719.0,890.0,706.0
2018-06-05,608.0,608.0,598.0,608.0,12,0,0.0,-0.022508038585209,0.31666666666666693,586.55,643.3472089380501,529.7527910619498,616.0,588.5,718.0,890.0,620.0
2018-06-06,614.0,621.0,601.0,601.0,73,0,0.0,-0.011513157894736836,0.3130208333333336,588.6,644.3550241681829,532.8449758318171,602.5,588.5,718.0,890.0,633.0
2018-06-07,599.0,599.0,565.0,576.0,30,0,0.0,-0.04159733777038266,0.30000000000000027,591.15,639.0726381401365,543.2273618598634,597.5,588.5,717.5,890.0,561.0
2018-06-08,567.0,572.0,562.0,562.0,44,0,0.0,-0.02430555555555558,0.29270833333333357,591.75,637.842910974465,545.657089025535,596.0,588.5,702.75,890.0,520.0
2018-06-11,531.0,540.0,517.0,540.0,42,0,0.0,-0.039145907473309594,0.2812500000000002,590.75,640.3299261161096,541.1700738838904,573.5,587.0,681.5,890.0,572.0
2018-06-12,540.0,540.0,523.0,523.0,48,0,0.0,-0.031481481481481444,0.27239583333333356,588.65,645.5212055899804,531.7787944100196,573.5,587.0,627.5,870.0,582.0
2018-06-13,523.0,529.0,500.0,500.0,80,0,0.0,-0.04397705544933084,0.26041666666666685,584.65,653.5228992916425,515.7771007083575,565.0,578.5,612.25,850.0,581.0
2018-06-14,490.0,490.0,450.0,475.0,336,0,0.0,-0.050000000000000044,0.2473958333333335,580.0,663.8506813203644,496.1493186796356,540.0,553.5,602.0,842.5,583.0
2018-06-15,450.0,506.0,450.0,504.0,132,0,0.0,0.06105263157894747,0.26250000000000023,576.45,666.6872792376026,486.21272076239745,535.5,553.5,594.75,842.5,572.0
2018-06-18,485.0,490.0,480.0,482.0,28,0,0.0,-0.04365079365079361,0.2510416666666669,571.9,671.1992236360956,472.60077636390434,535.5,553.5,599.75,842.5,578.0
2018-06-19,472.0,472.0,454.0,470.0,23,0,0.0,-0.024896265560165998,0.24479166666666688,566.65,675.4911340778974,457.8088659221025,524.5,553.5,598.0,842.5,583.0
2018-06-20,468.0,476.0,447.0,460.0,42,0,0.0,-0.021276595744680882,0.23958333333333354,558.15,672.3539640015991,443.9460359984008,509.5,552.0,594.75,842.5,554.0
2018-06-21,444.0,450.0,438.0,440.0,91,0,0.0,-0.04347826086956519,0.22916666666666688,548.85,669.6160644386256,428.0839355613745,489.0,547.5,591.75,842.5,550.0
2018-06-22,435.0,450.0,429.0,447.0,46,0,0.0,0.015909090909090873,0.2328125000000002,540.15,663.9370859857208,416.3629140142791,484.5,543.0,580.25,842.5,526.0
2018-06-25,448.0,448.0,417.0,417.0,155,0,0.0,-0.06711409395973156,0.21718750000000017,531.25,663.39019978793,399.10980021207,473.0,537.0,580.25,842.5,520.0
2018-06-26,418.0,440.0,418.0,428.0,38,0,0.0,0.026378896882494063,0.22291666666666685,523.9,661.7804809054959,386.01951909450406,461.5,537.0,574.5,842.5,526.0
2018-06-27,431.0,444.0,364.0,365.0,117,0,0.0,-0.14719626168224298,0.19010416666666682,512.35,662.4354293008316,362.2645706991684,435.0,510.5,570.75,842.5,526.0
2018-06-28,355.0,390.0,340.0,366.0,152,0,0.0,0.00273972602739736,0.19062500000000018,500.15,656.1190210940825,344.1809789059174,415.0,498.5,587.5,842.5,555.0
2018-06-29,385.0,390.0,367.0,390.0,35,0,0.0,0.06557377049180335,0.20312500000000022,488.8,642.0902296333536,335.5097703666465,408.0,485.0,595.5,842.5,530.0
2018-07-02,419.0,420.0,400.0,420.0,27,0,0.0,0.07692307692307687,0.21875000000000022,478.7,621.7214847901267,335.67851520987324,408.0,485.0,595.5,842.5,531.0
2018-07-03,406.0,406.0,386.0,386.0,30,0,0.0,-0.080952380952381,0.20104166666666687,467.6,602.9295233825228,332.27047661747724,395.0,485.0,594.0,842.0,518.0
2018-07-05,390.0,390.0,377.0,377.0,54,0,0.0,-0.023316062176165775,0.19635416666666686,456.4,582.3698218830862,330.4301781169138,395.0,485.0,594.0,825.0,506.0
2018-07-06,386.0,410.0,386.0,392.0,32,0,0.0,0.039787798408488007,0.20416666666666686,447.2,563.2712351872243,331.12876481277567,394.0,485.0,596.0,815.0,485.0
2018-07-09,408.0,442.0,408.0,437.0,17,0,0.0,0.11479591836734704,0.2276041666666669,440.95,544.2502601310908,337.64973986890914,392.0,485.0,596.0,805.0,499.0
2018-07-10,467.0,521.0,467.0,514.0,51,0,0.0,0.17620137299771166,0.2677083333333336,439.65,538.4396387279209,340.8603612720791,430.5,485.0,596.0,805.0,490.0
2018-07-11,520.0,750.0,520.0,706.0,96,0,0.0,0.3735408560311284,0.3677083333333337,448.8,598.332511993717,299.267488006283,545.0,545.0,601.0,805.0,490.0
2018-07-12,701.0,727.0,620.0,620.0,167,0,0.0,-0.12181303116147313,0.32291666666666696,454.8,620.9638600772827,288.63613992271735,558.5,545.0,602.25,805.0,480.0
2018-07-13,600.0,633.0,600.0,633.0,5,0,0.0,0.020967741935483897,0.3296875000000003,462.7,646.2650548557756,279.13494514422445,563.5,545.0,595.5,805.0,462.0
2018-07-16,550.0,569.0,550.0,561.0,42,0,0.0,-0.11374407582938384,0.29218750000000027,465.55,653.3588010829203,277.7411989170797,563.5,545.0,593.0,805.0,460.0
2018-07-17,515.0,520.0,515.0,520.0,42,0,0.0,-0.07308377896613194,0.2708333333333336,467.45,656.6649216214302,278.2350783785698,563.5,545.0,592.25,780.0,448.0
2018-07-18,480.0,597.0,480.0,572.0,62,0,0.0,0.10000000000000009,0.297916666666667,472.55,667.2442881761417,277.8557118238583,568.0,545.0,580.25,740.0,439.0
2018-07-19,557.0,583.0,557.0,582.0,10,0,0.0,0.0174825174825175,0.30312500000000037,478.65,679.0137690853783,278.2862309146217,579.0,545.0,580.25,638.5,416.0
2018-07-20,590.0,590.0,575.0,581.0,18,0,0.0,-0.0017182130584192379,0.302604166666667,485.7,690.0542480879038,281.34575191209615,608.5,545.0,571.75,616.0,410.0
2018-07-23,581.0,583.0,579.0,583.0,83,0,0.0,0.0034423407917383297,0.30364583333333367,492.5,700.3101131220113,284.68988687798867,615.0,545.0,546.75,591.0,425.0
2018-07-24,575.0,580.0,572.0,572.0,28,0,0.0,-0.018867924528301883,0.297916666666667,500.25,707.7771560162773,292.72284398372267,603.5,545.0,544.5,591.0,506.0
2018-07-25,598.0,598.0,574.0,578.0,48,0,0.0,0.010489510489510412,0.301041666666667,507.75,715.1309625835966,300.3690374164034,556.5,545.0,544.5,591.0,473.0
2018-07-26,609.0,609.0,576.0,583.0,25,0,0.0,0.00865051903114189,0.30364583333333367,518.65,717.5248423241804,319.7751576758195,544.5,545.0,539.0,591.0,472.0
2018-07-27,576.0,576.0,554.0,554.0,4,0,0.0,-0.04974271012006859,0.288541666666667,528.05,714.4236315096621,341.67636849033784,544.5,545.0,530.75,589.5,438.0
2018-07-30,564.0,573.0,540.0,550.0,18,0,0.0,-0.0072202166064981865,0.28645833333333365,536.05,711.3225201867814,360.7774798132185,544.5,545.0,518.25,579.0,450.0
2018-07-31,540.0,540.0,519.0,526.0,7,0,0.0,-0.043636363636363584,0.27395833333333364,541.35,708.3957436373721,374.304256362628,564.0,545.0,513.75,553.5,432.0
2018-08-01,518.0,531.0,510.0,520.0,99,0,0.0,-0.011406844106463865,0.27083333333333365,548.05,699.4942235210343,396.6057764789656,559.5,545.0,505.0,547.5,438.0
2018-08-02,517.0,533.0,517.0,526.0,3,0,0.0,0.011538461538461497,0.27395833333333364,555.5,685.475140295101,425.524859704899,559.5,545.0,499.25,547.5,439.0
2018-08-03,526.0,526.0,526.0,526.0,0,0,0.0,0.0,0.27395833333333364,562.2,669.3587010785243,455.04129892147574,559.5,545.0,472.75,513.5,419.0
2018-08-06,500.0,555.0,500.0,555.0,20,0,0.0,0.05513307984790883,0.28906250000000033,568.1,658.5620158961456,477.63798410385454,554.5,558.5,456.75,501.5,420.0
2018-08-07,544.0,544.0,530.0,530.0,64,0,0.0,-0.04504504504504503,0.27604166666666696,568.9,657.6835479306407,480.11645206935924,554.5,563.5,446.5,501.5,415.0
2018-08-08,525.0,533.0,525.0,531.0,8,0,0.0,0.0018867924528302993,0.2765625000000003,560.15,623.8909325976286,496.40906740237125,538.0,563.5,446.5,501.5,428.0
2018-08-09,539.0,539.0,518.0,518.0,12,0,0.0,-0.024482109227871973,0.269791666666667,555.05,614.9890911543993,495.1109088456006,536.5,563.5,440.0,498.5,417.0
2018-08-10,510.0,510.0,506.0,506.0,12,0,0.0,-0.02316602316602312,0.263541666666667,548.7,600.5415173591547,496.85848264084535,527.5,568.0,440.0,498.5,473.0
2018-08-13,498.0,515.0,485.0,485.0,96,0,0.0,-0.04150197628458496,0.252604166666667,544.9,603.3720750623705,486.4279249376294,520.0,579.0,439.5,498.5,452.0
2018-08-14,494.0,502.0,494.0,499.0,23,0,0.0,0.028865979381443196,0.25989583333333366,543.85,604.8019531572077,482.8980468427924,520.0,608.5,438.5,498.5,420.0
2018-08-15,490.0,490.0,490.0,490.0,10,0,0.0,-0.018036072144288595,0.25520833333333365,539.75,603.572085436531,475.927914563469,520.0,615.0,457.75,498.5,395.0
2018-08-16,490.0,490.0,488.0,490.0,2,0,0.0,0.0,0.25520833333333365,535.15,599.3933089204374,470.9066910795625,520.0,603.5,545.0,545.0,400.0
2018-08-17,487.0,487.0,472.0,480.0,11,0,0.0,-0.020408163265306145,0.2500000000000003,530.1,595.0152722602752,465.18472773972485,508.0,552.5,551.75,545.0,375.0
2018-08-20,476.0,476.0,462.0,462.0,5,0,0.0,-0.03749999999999998,0.24062500000000028,524.05,590.6671648181987,457.43283518180124,500.5,535.5,554.25,545.0,386.0
2018-08-21,457.0,463.0,450.0,460.0,27,0,0.0,-0.0043290043290042934,0.23958333333333362,518.45,586.828516139703,450.07148386029706,494.5,529.5,554.25,545.0,370.0
2018-08-22,449.0,457.0,441.0,448.0,66,0,0.0,-0.02608695652173909,0.23333333333333361,511.95,581.1690280805424,442.7309719194576,478.0,525.0,554.25,545.0,364.0
2018-08-23,440.0,440.0,423.0,439.0,26,0,0.0,-0.0200892857142857,0.2286458333333336,504.75,572.845248307786,436.65475169221395,469.0,516.0,556.5,545.0,362.0
2018-08-24,442.0,451.0,410.0,416.0,83,0,0.0,-0.05239179954441908,0.21666666666666692,497.85,572.3253170272505,423.37468297274944,456.0,509.5,562.0,545.0,349.0
2018-08-27,431.0,431.0,390.0,410.0,65,0,0.0,-0.014423076923076872,0.21354166666666693,490.85,570.5931511264295,411.10684887357064,440.0,499.5,576.75,545.0,337.0
2018-08-28,420.0,428.0,403.0,425.0,55,0,0.0,0.03658536585365857,0.22135416666666696,485.8,568.7624753221147,402.83752467788526,440.0,499.5,580.0,545.0,342.0
2018-08-29,460.0,506.0,460.0,506.0,76,0,0.0,0.19058823529411772,0.26354166666666706,485.1,567.1170918258657,403.08290817413433,448.0,499.5,574.25,545.0,368.0
2018-08-30,525.0,550.0,473.0,473.0,40,0,0.0,-0.06521739130434778,0.24635416666666704,482.45,562.3861234196526,402.5138765803474,470.0,499.5,550.75,545.0,360.0
2018-08-31,455.0,473.0,453.0,472.0,16,0,0.0,-0.0021141649048626032,0.2458333333333337,479.75,557.2026380237342,402.29736197626585,470.0,483.0,544.75,545.0,360.0
2018-09-04,465.0,465.0,435.0,438.0,53,0,0.0,-0.07203389830508478,0.22812500000000033,473.9,545.0901742480456,402.7098257519544,470.0,481.5,544.75,545.0,347.0
2018-09-05,422.0,450.0,422.0,450.0,16,0,0.0,0.027397260273972712,0.23437500000000036,469.9,536.8514764114846,402.9485235885154,470.0,472.5,544.75,545.0,351.0
2018-09-06,432.0,432.0,432.0,432.0,4,0,0.0,-0.040000000000000036,0.22500000000000034,464.95,527.5521442040181,402.3478557959819,470.0,472.5,554.5,545.0,366.0
2018-09-07,429.0,452.0,429.0,438.0,71,0,0.0,0.01388888888888884,0.22812500000000033,460.95,519.5346072472032,402.36539275279677,470.0,472.5,552.25,545.0,359.0
2018-09-10,439.0,439.0,439.0,439.0,1,0,0.0,0.0022831050228311334,0.2286458333333337,457.6,513.0422774651217,402.1577225348783,476.5,472.5,552.25,545.0,455.0
2018-09-11,419.0,419.0,419.0,419.0,0,0,0.0,-0.04555808656036442,0.218229166666667,454.3,510.68499554046673,397.9150044595333,484.5,472.5,552.25,545.0,411.0
2018-09-12,423.0,426.0,406.0,420.0,23,0,0.0,0.0023866348448686736,0.21875000000000033,450.35,504.66441452557785,396.0355854744222,478.0,470.0,556.5,545.0,395.0
2018-09-13,420.0,427.0,415.0,415.0,17,0,0.0,-0.011904761904761862,0.21614583333333368,446.6,499.7787902318154,393.42120976818467,439.5,470.0,559.0,545.0,382.0
2018-09-14,415.0,428.0,404.0,428.0,113,0,0.0,0.031325301204819356,0.22291666666666704,443.5,493.28188806122597,393.71811193877403,434.5,470.0,550.75,545.0,361.0
2018-09-17,426.0,426.0,417.0,417.0,92,0,0.0,-0.025700934579439227,0.21718750000000037,440.35,488.42007914978626,392.2799208502138,428.0,470.0,550.0,545.0,402.0
2018-09-18,462.0,473.0,462.0,473.0,11,0,0.0,0.13429256594724226,0.2463541666666671,440.9,490.19784007218277,391.6021599278172,438.5,470.0,547.75,545.0,385.0
2018-09-19,452.0,452.0,452.0,452.0,10,0,0.0,-0.04439746300211411,0.23541666666666708,440.5,489.29324802290387,391.70675197709613,438.5,470.0,549.5,545.0,365.0
2018-09-20,420.0,420.0,420.0,420.0,1,0,0.0,-0.07079646017699115,0.2187500000000004,439.1,488.5616234436076,389.6383765563925,438.5,470.0,564.25,545.0,346.0
2018-09-21,415.0,420.0,391.0,395.0,171,0,0.0,-0.059523809523809534,0.20572916666666702,436.9,490.004598115847,383.79540188415297,432.0,470.0,567.5,545.0,352.0
2018-09-24,423.0,423.0,395.0,400.0,35,0,0.0,0.012658227848101333,0.2083333333333337,436.1,490.91327522640495,381.2867247735951,432.0,470.0,561.75,545.0,310.0
2018-09-25,423.0,423.0,367.0,375.0,124,0,0.0,-0.0625,0.19531250000000033,434.35,494.426562064308,374.2734379356921,420.0,458.5,530.25,545.0,321.0
2018-09-26,384.0,387.0,378.0,386.0,25,0,0.0,0.029333333333333433,0.20104166666666703,432.4,496.0302111628157,368.76978883718425,420.0,458.5,518.0,545.0,332.0
2018-09-27,383.0,383.0,363.0,370.0,30,0,0.0,-0.041450777202072575,0.19270833333333368,425.6,485.2141253483224,365.98587465167765,418.0,456.5,512.0,545.0,321.0
2018-09-28,365.0,370.0,355.0,364.0,42,0,0.0,-0.01621621621621616,0.1895833333333337,420.15,481.3601474558896,358.93985254411035,414.0,452.5,501.5,545.0,308.0
2018-10-01,360.0,362.0,351.0,362.0,24,0,0.0,-0.005494505494505475,0.18854166666666702,414.65,476.00531619391995,353.29468380608,401.5,450.5,492.5,545.0,323.0
2018-10-02,349.0,353.0,341.0,349.0,46,0,0.0,-0.035911602209944715,0.1817708333333337,410.2,476.8751857573877,343.52481424261225,382.0,445.5,482.75,545.0,317.0
2018-10-03,341.0,347.0,334.0,337.0,16,0,0.0,-0.034383954154727836,0.17552083333333365,404.55,475.82128480592564,333.2787151940744,378.5,442.0,469.75,545.0,327.0
2018-10-04,344.0,350.0,342.0,342.0,13,0,0.0,0.014836795252225476,0.1781250000000003,400.05,475.1261336805088,324.9738663194912,378.5,442.0,469.75,545.0,300.0
2018-10-05,350.0,371.0,350.0,368.0,36,0,0.0,0.07602339181286544,0.19166666666666698,396.55,470.7348042036196,322.3651957963804,378.5,442.0,473.75,545.0,290.0
2018-10-08,370.0,370.0,360.0,360.0,15,0,0.0,-0.021739130434782594,0.1875000000000003,392.6,465.7166973801605,319.48330261983955,360.5,403.5,484.75,545.0,292.0
2018-10-09,353.0,360.0,334.0,360.0,41,0,0.0,0.0,0.1875000000000003,389.65,463.0313414115664,316.26865858843354,358.5,403.5,476.5,545.0,301.0
2018-10-10,338.0,362.0,338.0,347.0,28,0,0.0,-0.036111111111111094,0.18072916666666697,386.0,460.2461703424408,311.7538296575592,352.5,403.5,475.75,545.0,310.0
2018-10-11,348.0,360.0,348.0,351.0,61,0,0.0,0.011527377521613813,0.1828125000000003,382.8,457.2897722120488,308.31022778795125,352.5,403.5,471.25,545.0,303.0
2018-10-12,378.0,378.0,355.0,366.0,35,0,0.0,0.042735042735042805,0.19062500000000032,379.7,451.4903205320718,307.9096794679282,356.0,403.5,471.25,545.0,291.0
2018-10-15,364.0,364.0,359.0,359.0,11,0,0.0,-0.01912568306010931,0.18697916666666697,376.8,446.97958269582927,306.62041730417076,356.0,403.5,471.25,545.0,291.0
2018-10-16,408.0,455.0,400.0,455.0,63,0,0.0,0.2674094707520891,0.23697916666666705,375.9,441.37660011101343,310.4233998889865,394.5,403.5,474.5,545.0,311.0
2018-10-17,435.0,435.0,410.0,411.0,23,0,0.0,-0.09670329670329669,0.21406250000000035,373.85,431.71509214036854,315.9849078596315,394.5,403.5,478.5,545.0,323.0
2018-10-18,417.0,417.0,382.0,395.0,24,0,0.0,-0.038929440389294356,0.20572916666666702,372.6,427.38929346037423,317.8107065396258,394.5,403.5,474.0,558.5,315.0
2018-10-19,392.0,402.0,382.0,382.0,37,0,0.0,-0.032911392405063244,0.19895833333333368,371.95,425.9553057431704,317.94469425682956,394.5,403.5,454.75,563.5,306.0
2018-10-22,390.0,390.0,361.0,361.0,95,0,0.0,-0.054973821989528826,0.18802083333333366,370.0,422.5961631579682,317.4038368420318,396.5,403.5,452.25,563.5,352.0
2018-10-23,372.0,402.0,371.0,402.0,40,0,0.0,0.11357340720221609,0.20937500000000037,371.35,425.76483122122465,316.9351687787754,401.5,403.5,449.0,563.5,320.0
2018-10-24,385.0,385.0,385.0,385.0,1,0,0.0,-0.04228855721393032,0.2005208333333337,371.3,425.66213558402035,316.9378644159797,405.0,394.5,454.25,568.0,317.0
2018-10-25,380.0,380.0,365.0,365.0,40,0,0.0,-0.051948051948051965,0.19010416666666702,371.05,425.4804349460236,316.61956505397643,407.0,394.5,454.25,570.0,309.0
2018-10-26,368.0,368.0,333.0,346.0,60,0,0.0,-0.05205479452054795,0.18020833333333366,370.15,425.6136985499015,314.6863014500984,394.0,394.0,454.25,570.0,297.0
2018-10-29,349.0,352.0,343.0,352.0,92,0,0.0,0.01734104046242768,0.18333333333333365,369.65,425.58198316745853,313.7180168325414,384.0,394.0,451.0,570.0,292.0
2018-10-30,353.0,357.0,310.0,310.0,140,0,0.0,-0.11931818181818177,0.16145833333333362,367.7,428.9062660706239,306.4937339293761,363.5,382.5,451.0,558.5,306.0
2018-10-31,324.0,331.0,310.0,321.0,97,0,0.0,0.03548387096774186,0.1671875000000003,366.9,430.09818371801015,303.7018162819898,356.0,382.5,439.25,500.0,301.0
2018-11-01,332.0,346.0,319.0,332.0,70,0,0.0,0.03426791277258556,0.17291666666666694,366.4,430.5397597684158,302.26024023158413,356.0,382.5,439.25,488.0,290.0
2018-11-02,333.0,342.0,321.0,321.0,70,0,0.0,-0.033132530120481896,0.16718750000000027,364.05,431.19018324601126,296.90981675398876,356.0,382.5,437.25,486.0,285.0
2018-11-05,335.0,335.0,308.0,308.0,50,0,0.0,-0.04049844236760125,0.16041666666666693,361.45,432.95070442047216,289.9492955795278,346.5,381.5,433.25,482.0,299.0
2018-11-06,301.0,323.0,301.0,323.0,125,0,0.0,0.04870129870129869,0.16822916666666693,359.6,433.064298697735,286.13570130226503,340.5,378.0,426.0,480.0,292.0
2018-11-07,325.0,325.0,310.0,317.0,57,0,0.0,-0.018575851393188847,0.1651041666666669,358.1,433.7487304933485,282.45126950665156,334.5,378.0,413.75,475.0,285.0
2018-11-08,311.0,327.0,311.0,327.0,44,0,0.0,0.03154574132492116,0.17031250000000026,356.9,433.7262629436499,280.07373705635007,329.0,378.0,410.25,471.5,268.0
2018-11-09,300.0,304.0,300.0,300.0,70,0,0.0,-0.08256880733944949,0.15625000000000025,353.6,434.19841910420655,273.0015808957935,328.5,377.5,410.25,471.5,280.0
2018-11-12,305.0,305.0,290.0,290.0,27,0,0.0,-0.033333333333333326,0.1510416666666669,350.15,435.3552019908867,264.94479800911324,318.0,372.5,410.25,471.5,250.0
2018-11-13,300.0,300.0,284.0,292.0,78,0,0.0,0.006896551724137945,0.15208333333333357,342.0,415.83929406054983,268.16070593945017,315.0,369.5,382.0,471.5,245.0
2018-11-14,292.0,308.0,270.0,301.0,112,0,0.0,0.03082191780821919,0.15677083333333358,336.5,405.1088415354316,267.8911584645684,306.0,362.5,381.0,455.0,237.0
2018-11-15,323.0,323.0,306.0,310.0,24,0,0.0,0.029900332225913706,0.1614583333333336,332.25,396.1575646621309,268.3424353378691,302.5,362.5,378.0,453.5,232.0
2018-11-16,301.0,303.0,290.0,303.0,126,0,0.0,-0.022580645161290325,0.15781250000000024,328.3,389.07530537273885,267.52469462726117,298.5,362.5,378.0,444.5,234.0
2018-11-19,293.0,302.0,291.0,291.0,51,0,0.0,-0.03960396039603964,0.15156250000000024,324.8,385.7032538754975,263.8967461245025,298.5,362.5,379.75,444.5,211.0
2018-11-20,298.0,298.0,291.0,291.0,2,0,0.0,0.0,0.15156250000000024,319.25,370.3442260615988,268.1557739384012,298.5,362.5,379.75,444.5,195.0
2018-11-21,311.0,311.0,311.0,311.0,5,0,0.0,0.06872852233676974,0.16197916666666692,315.55,356.71970061116144,274.3802993888386,296.5,352.5,399.0,444.5,251.0
2018-11-23,310.0,327.0,310.0,323.0,4,0,0.0,0.03858520900321549,0.16822916666666693,313.45,348.0031291292579,278.8968708707421,298.5,343.5,399.0,444.5,250.0
2018-11-26,311.0,315.0,311.0,315.0,13,0,0.0,-0.024767801857585092,0.16406250000000028,311.9,343.0523520104188,280.74764798958114,298.5,336.0,399.0,442.0,256.0
2018-11-27,306.0,313.0,300.0,306.0,552,0,0.0,-0.02857142857142858,0.15937500000000027,309.6,334.7195722388983,284.48042776110174,298.5,336.0,399.0,442.0,306.0
2018-11-28,300.0,352.0,300.0,352.0,30,0,0.0,0.15032679738562083,0.18333333333333363,311.7,342.9508495209497,280.4491504790503,321.0,336.0,400.0,442.0,295.0
2018-11-29,330.0,330.0,320.0,320.0,13,0,0.0,-0.09090909090909094,0.16666666666666693,311.65,342.8437005110089,280.4562994889911,321.0,327.5,402.5,442.0,286.0
2018-11-30,324.0,328.0,317.0,317.0,53,0,0.0,-0.009375000000000022,0.16510416666666694,310.9,340.78023222611057,281.0197677738894,321.5,325.0,399.75,442.0,297.0
2018-12-03,316.0,330.0,302.0,309.0,10,0,0.0,-0.025236593059936863,0.16093750000000026,310.3,339.82079046138904,280.779209538611,321.5,319.0,400.75,442.0,281.0
2018-12-04,312.0,312.0,297.0,297.0,82,0,0.0,-0.03883495145631066,0.15468750000000026,309.75,339.83237917508603,279.66762082491397,324.5,313.5,394.0,441.5,286.0
2018-12-06,300.0,300.0,289.0,292.0,26,0,0.0,-0.01683501683501687,0.15208333333333357,308.2,338.5881517075661,277.81184829243387,320.5,313.5,389.0,441.5,235.0
2018-12-07,306.0,314.0,294.0,306.0,57,0,0.0,0.047945205479452024,0.15937500000000024,307.65,337.7753640989911,277.5246359010089,320.5,311.0,373.0,430.0,249.0
2018-12-10,301.0,301.0,301.0,301.0,0,0,0.0,-0.016339869281045805,0.15677083333333355,306.35,335.2280296016836,277.47197039831644,320.5,311.0,369.25,430.0,231.0
2018-12-11,290.0,290.0,290.0,290.0,4,0,0.0,-0.03654485049833889,0.15104166666666688,305.85,335.495010656662,276.20498934333807,320.5,311.0,369.25,430.0,239.0
2018-12-12,296.0,296.0,285.0,285.0,45,0,0.0,-0.017241379310344862,0.1484375000000002,305.6,335.8601336482929,275.33986635170714,307.5,311.0,369.25,430.0,220.0
2018-12-13,288.0,300.0,287.0,299.0,71,0,0.0,0.04912280701754379,0.15572916666666686,305.95,335.72567350410526,276.1743264958947,307.5,311.0,364.0,429.0,228.0
2018-12-14,283.0,292.0,283.0,292.0,4,0,0.0,-0.02341137123745818,0.15208333333333351,305.5,335.83420997369694,275.16579002630306,306.5,311.0,359.25,425.5,222.0
2018-12-17,286.0,290.0,270.0,285.0,66,0,0.0,-0.023972602739726012,0.14843750000000017,304.25,335.78920834690325,272.71079165309675,292.0,311.0,356.25,425.5,222.0
2018-12-18,273.0,276.0,261.0,268.0,32,0,0.0,-0.05964912280701751,0.1395833333333335,302.5,337.82295630460055,267.17704369539945,287.5,306.5,353.5,425.5,233.0
2018-12-19,281.0,290.0,280.0,280.0,91,0,0.0,0.04477611940298498,0.1458333333333335,301.95,338.31078738062223,265.58921261937775,287.5,306.5,353.0,425.0,226.0
2018-12-20,266.0,267.0,250.0,250.0,170,0,0.0,-0.1071428571428571,0.1302083333333335,299.9,342.6380306911753,257.16196930882467,275.5,301.0,345.25,420.0,219.0
2018-12-21,250.0,250.0,245.0,245.0,63,0,0.0,-0.020000000000000018,0.12760416666666682,296.6,345.25173923425245,247.9482607657476,272.5,298.5,342.25,378.5,217.0
2018-12-24,250.0,250.0,230.0,237.0,15,0,0.0,-0.03265306122448974,0.12343750000000016,292.3,345.8678396840155,238.73216031598454,265.0,291.0,334.25,371.5,218.0
2018-12-26,232.0,250.0,232.0,232.0,34,0,0.0,-0.021097046413502074,0.12083333333333349,288.15,346.72356224164184,229.57643775835814,265.0,291.0,332.5,371.5,217.0
2018-12-27,224.0,235.0,224.0,234.0,42,0,0.0,0.008620689655172376,0.12187500000000015,284.55,347.0551765097704,222.04482349022962,258.0,288.0,330.5,371.5,219.0
2018-12-28,238.0,240.0,205.0,211.0,68,0,0.0,-0.09829059829059827,0.10989583333333347,277.5,339.78815144565993,215.21184855434007,247.5,278.5,330.5,371.5,214.0
2018-12-31,209.0,210.0,189.0,195.0,189,0,0.0,-0.07582938388625593,0.10156250000000012,271.25,340.0453534231975,202.4546465768025,239.5,270.5,330.5,371.5,205.0
2019-01-02,200.0,251.0,189.0,251.0,20,0,0.0,0.28717948717948727,0.13072916666666684,267.95,333.8929973616885,202.00700263831146,239.5,270.5,324.5,371.5,206.0
2019-01-03,250.0,258.0,239.0,250.0,49,0,0.0,-0.003984063745019917,0.1302083333333335,265.0,328.54308608703764,201.45691391296236,228.0,270.5,321.0,371.5,206.0
2019-01-04,240.0,256.0,240.0,256.0,73,0,0.0,0.02400000000000002,0.13333333333333353,262.95,324.8375196668705,201.06248033312949,223.5,270.5,317.25,371.5,218.0
2019-01-07,287.0,330.0,287.0,306.0,51,0,0.0,0.1953125,0.15937500000000024,263.65,327.14939911851155,200.1506008814884,259.5,270.5,317.25,371.5,202.0
2019-01-08,310.0,310.0,295.0,295.0,21,0,0.0,-0.03594771241830064,0.15364583333333356,263.1,325.28549216481645,200.9145078351836,259.5,259.5,328.5,371.5,251.0
2019-01-09,301.0,301.0,286.0,286.0,10,0,0.0,-0.03050847457627115,0.14895833333333355,262.35,323.0160036940088,201.68399630599126,259.5,259.5,324.25,371.5,224.0
2019-01-10,293.0,297.0,282.0,297.0,38,0,0.0,0.03846153846153855,0.15468750000000023,262.7,324.0843910897929,201.31560891020706,259.5,259.5,323.25,362.5,249.0
2019-01-11,292.0,292.0,281.0,281.0,5,0,0.0,-0.05387205387205385,0.1463541666666669,262.5,323.61502390868696,201.38497609131304,259.5,259.5,320.25,362.5,230.0
2019-01-14,289.0,295.0,281.0,286.0,10,0,0.0,0.017793594306049876,0.14895833333333358,261.85,321.64657061097284,202.0534293890272,259.5,259.5,319.0,362.5,230.0
2019-01-15,269.0,269.0,235.0,235.0,68,0,0.0,-0.17832167832167833,0.12239583333333354,259.0,318.20094878321646,199.79905121678354,282.5,259.5,317.0,362.5,226.0
2019-01-16,251.0,251.0,249.0,249.0,1,0,0.0,0.05957446808510647,0.12968750000000023,257.2,315.2963795954288,199.1036204045712,282.5,259.5,315.75,362.5,241.0
2019-01-17,239.0,239.0,220.0,231.0,11,0,0.0,-0.07228915662650603,0.12031250000000021,255.35,314.3123355603194,196.38766443968055,275.0,259.5,315.75,362.5,263.0
2019-01-18,232.0,239.0,228.0,239.0,22,0,0.0,0.03463203463203457,0.12447916666666688,253.3,311.5302147649293,195.0697852350707,265.0,259.5,315.75,362.5,302.0
2019-01-22,235.0,235.0,220.0,220.0,4,0,0.0,-0.07949790794979084,0.11458333333333352,251.8,311.83052079866746,191.76947920133256,260.5,259.5,309.25,362.5,299.0
2019-01-23,232.0,232.0,223.0,228.0,9,0,0.0,0.036363636363636376,0.1187500000000002,250.95,311.82627414416083,190.07372585583917,258.5,259.5,309.25,362.5,276.0
2019-01-24,230.0,230.0,219.0,222.0,236,0,0.0,-0.02631578947368418,0.1156250000000002,250.2,312.1173242995194,188.28267570048058,257.0,259.5,308.75,362.5,279.0
2019-01-25,222.0,222.0,222.0,222.0,0,0,0.0,0.0,0.1156250000000002,249.7,312.3622694835808,187.03773051641917,257.0,259.5,301.5,362.5,270.0
2019-01-28,228.0,233.0,222.0,233.0,44,0,0.0,0.04954954954954949,0.12135416666666687,249.65,312.3644388981245,186.93556110187555,244.0,259.5,297.0,358.0,250.0
2019-01-29,226.0,228.0,226.0,226.0,27,0,0.0,-0.030042918454935674,0.11770833333333353,250.4,311.5709093570608,189.22909064293916,235.0,259.5,297.0,358.0,239.0
2019-01-30,219.0,219.0,219.0,219.0,34,0,0.0,-0.030973451327433676,0.11406250000000018,251.6,309.17478600176224,194.02521399823775,229.0,259.5,288.25,352.5,237.0
2019-01-31,225.0,225.0,214.0,217.0,57,0,0.0,-0.0091324200913242,0.11302083333333351,249.9,309.44116049990134,190.35883950009867,226.5,259.5,285.5,350.0,232.0
2019-02-01,219.0,222.0,218.0,218.0,47,0,0.0,0.004608294930875667,0.11354166666666686,248.3,309.460000826058,187.13999917394204,224.5,259.5,278.0,342.5,250.0
2019-02-04,225.0,225.0,212.0,217.0,87,0,0.0,-0.004587155963302725,0.11302083333333353,246.35,308.8901021996978,183.80989780030217,222.5,259.5,278.0,342.5,250.0
2019-02-05,213.0,219.0,211.0,219.0,15,0,0.0,0.009216589861751112,0.11406250000000019,242.0,299.1539424434815,184.84605755651847,222.0,259.5,273.0,339.5,230.0
2019-02-06,214.0,214.0,214.0,214.0,2,0,0.0,-0.022831050228310557,0.11145833333333352,237.95,290.7781288309563,185.12187116904371,222.0,259.5,263.0,330.0,230.0
2019-02-07,198.0,206.0,185.0,205.0,32,0,0.0,-0.04205607476635509,0.10677083333333352,233.9,283.67132702344594,184.1286729765541,209.0,257.5,255.0,322.0,224.0
2019-02-08,209.0,209.0,206.0,206.0,7,0,0.0,0.004878048780487809,0.10729166666666685,229.35,271.13295250446674,187.56704749553322,206.5,257.5,255.0,312.0,236.0
2019-02-11,206.0,206.0,206.0,206.0,0,0,0.0,0.0,0.10729166666666685,225.6,261.093692011709,190.10630798829098,205.0,257.5,249.25,303.0,236.0
2019-02-12,218.0,218.0,218.0,218.0,1,0,0.0,0.058252427184465994,0.11354166666666686,222.2,244.27067919186973,200.12932080813025,205.0,257.5,247.0,295.5,238.0
2019-02-13,220.0,220.0,200.0,202.0,24,0,0.0,-0.07339449541284404,0.10520833333333351,220.55,243.47335779553228,197.62664220446774,205.0,247.5,265.0,295.5,221.0
2019-02-14,230.0,255.0,222.0,251.0,63,0,0.0,0.24257425742574257,0.1307291666666669,220.65,244.08625001418218,197.21374998581783,220.0,243.0,259.5,295.5,221.0
2019-02-15,247.0,247.0,224.0,224.0,73,0,0.0,-0.10756972111553786,0.11666666666666686,220.3,243.3080959662117,197.2919040337883,220.0,241.0,259.5,287.0,235.0
2019-02-19,242.0,249.0,230.0,249.0,12,0,0.0,0.1116071428571428,0.1296875000000002,220.8,245.78398173126752,195.8160182687325,220.0,240.0,259.5,284.5,220.0
2019-02-20,238.0,245.0,230.0,230.0,38,0,0.0,-0.07630522088353409,0.11979166666666687,221.3,246.60162665856424,195.99837334143578,220.0,240.0,259.5,278.5,220.0
2019-02-21,230.0,230.0,230.0,230.0,0,0,0.0,0.0,0.11979166666666687,221.4,246.82359749256793,195.97640250743208,227.5,227.0,259.5,273.0,220.0
2019-02-22,224.0,226.0,221.0,226.0,28,0,0.0,-0.017391304347826098,0.11770833333333353,221.6,247.10300176327863,196.09699823672136,227.5,220.0,271.0,273.0,225.0
2019-02-25,231.0,249.0,231.0,241.0,35,0,0.0,0.0663716814159292,0.12552083333333353,222.55,249.4352609981344,195.66473900186563,227.5,220.0,271.0,270.5,182.0
2019-02-26,234.0,277.0,234.0,263.0,19,0,0.0,0.0912863070539418,0.13697916666666687,224.05,256.02596064136037,192.07403935863968,238.5,231.0,267.25,270.5,160.0
2019-02-27,302.0,310.0,291.0,302.0,152,0,0.0,0.14828897338403046,0.1572916666666669,227.85,274.66714535229454,181.03285464770545,265.5,247.5,262.25,270.5,152.0
2019-02-28,300.0,309.0,285.0,299.0,41,0,0.0,-0.009933774834437137,0.1557291666666669,231.85,287.83979196425975,175.86020803574024,265.5,247.5,260.0,270.5,137.0
2019-03-01,276.0,276.0,276.0,276.0,14,0,0.0,-0.07692307692307687,0.1437500000000002,234.8,293.52981073921734,176.0701892607827,265.5,247.5,259.0,270.5,123.0
2019-03-04,281.0,286.0,279.0,279.0,69,0,0.0,0.010869565217391353,0.14531250000000023,237.85,299.0832655033289,176.6167344966711,265.5,247.5,258.25,270.5,126.0
2019-03-05,270.0,270.0,270.0,270.0,13,0,0.0,-0.032258064516129004,0.14062500000000022,240.5,302.4855351546772,178.51446484532275,265.5,247.5,258.25,270.5,130.0
2019-03-06,240.0,250.0,240.0,250.0,61,0,0.0,-0.07407407407407407,0.13020833333333354,242.05,303.34663024988157,180.75336975011842,265.5,247.5,251.75,270.5,119.0
2019-03-07,239.0,244.0,235.0,239.0,21,0,0.0,-0.04400000000000004,0.12447916666666686,243.3,303.2479452787884,183.3520547212116,270.5,247.5,247.25,270.5,123.0
2019-03-08,237.0,237.0,228.0,237.0,12,0,0.0,-0.008368200836820106,0.12343750000000019,244.9,302.3006901113035,187.49930988869653,269.0,247.5,244.25,270.5,45.0
2019-03-11,232.0,232.0,232.0,232.0,25,0,0.0,-0.021097046413502074,0.12083333333333351,246.2,301.1153570313941,191.28464296860585,269.0,247.5,243.0,270.5,49.0
2019-03-12,232.0,252.0,232.0,250.0,23,0,0.0,0.07758620689655182,0.13020833333333354,248.4,300.09427275608255,196.70572724391747,268.5,247.5,242.0,270.5,36.0
2019-03-13,250.0,250.0,250.0,250.0,0,0,0.0,0.0,0.13020833333333354,250.0,299.7554812636787,200.24451873632134,257.0,247.5,241.0,270.5,34.0
2019-03-14,230.0,230.0,230.0,230.0,14,0,0.0,-0.07999999999999996,0.11979166666666687,251.4,297.03675416281425,205.7632458371858,257.0,247.5,240.75,270.5,50.0
2019-03-15,234.0,234.0,230.0,230.0,7,0,0.0,0.0,0.11979166666666687,250.35,296.9420314396681,203.7579685603319,249.0,247.5,240.75,270.5,51.0
2019-03-18,229.0,229.0,224.0,224.0,3,0,0.0,-0.02608695652173909,0.11666666666666686,250.35,296.9420314396681,203.7579685603319,238.0,255.0,233.25,268.5,55.0
2019-03-19,243.0,243.0,236.0,236.0,3,0,0.0,0.0535714285714286,0.12291666666666688,249.7,296.7146335112944,202.6853664887056,238.0,255.0,232.0,268.5,45.0
2019-03-20,236.0,236.0,236.0,236.0,0,0,0.0,0.0,0.12291666666666688,250.0,296.5778171732251,203.42218282677487,238.0,255.0,231.25,268.5,50.0
2019-03-21,231.0,238.0,230.0,238.0,60,0,0.0,0.008474576271186418,0.12395833333333355,250.4,296.41179784624205,204.388202153758,238.0,255.0,231.25,268.5,46.0
2019-03-22,238.0,238.0,221.0,221.0,86,0,0.0,-0.0714285714285714,0.11510416666666687,250.15,296.746370809564,203.55362919043603,236.5,265.5,226.25,268.5,44.0
2019-03-25,221.0,221.0,221.0,221.0,0,0,0.0,0.0,0.11510416666666687,249.15,297.3377071460221,200.96229285397786,235.5,265.5,231.5,257.5,39.0
2019-03-26,235.0,235.0,235.0,235.0,34,0,0.0,0.06334841628959276,0.12239583333333355,247.75,295.8730473287104,199.62695267128962,232.0,265.5,230.5,257.5,36.0
2019-03-27,226.0,231.0,220.0,220.0,10,0,0.0,-0.06382978723404253,0.11458333333333354,243.65,286.1763901222855,201.1236098777145,231.5,265.0,230.0,257.5,42.0
2019-03-28,221.0,224.0,220.0,220.0,31,0,0.0,0.0,0.11458333333333354,239.7,274.9002490420486,204.4997509579514,231.5,265.0,230.0,257.5,46.0
2019-03-29,227.0,227.0,220.0,220.0,4,0,0.0,0.0,0.11458333333333354,236.9,268.8280266914772,204.97197330852282,231.5,265.0,227.25,257.5,41.0
2019-04-01,223.0,225.0,223.0,225.0,4,0,0.0,0.022727272727272707,0.11718750000000021,234.2,259.8941446532916,208.50585534670836,229.0,265.0,223.75,257.5,36.0
2019-04-02,155.0,182.0,146.0,182.0,268,0,0.0,-0.19111111111111112,0.09479166666666683,229.8,259.35843625218934,200.2415637478107,192.0,228.0,223.75,257.5,41.0
2019-04-03,183.0,183.0,151.0,160.0,100,0,0.0,-0.1208791208791209,0.08333333333333348,225.3,266.46294726278586,184.13705273721416,192.0,228.0,234.75,257.5,37.0
2019-04-04,166.0,166.0,152.0,152.0,49,0,0.0,-0.050000000000000044,0.0791666666666668,220.95,272.5858642804631,169.31413571953686,190.5,227.5,256.5,257.5,33.0
2019-04-05,143.0,148.0,127.0,137.0,158,0,0.0,-0.09868421052631582,0.07135416666666679,215.95,278.70375900664453,153.19624099335542,181.0,206.5,256.5,257.5,32.0
2019-04-08,131.0,131.0,117.0,123.0,259,0,0.0,-0.1021897810218978,0.0640625000000001,210.5,284.74753194544763,136.25246805455237,174.0,201.5,256.5,257.5,35.0
2019-04-09,119.0,127.0,115.0,126.0,186,0,0.0,0.024390243902439046,0.06562500000000011,204.3,284.8324158074229,123.76758419257715,171.0,192.5,256.5,257.5,40.0
2019-04-10,130.0,130.0,125.0,130.0,14,0,0.0,0.031746031746031855,0.06770833333333345,198.3,282.1677998305139,114.4322001694861,171.0,183.5,256.5,257.5,35.0
2019-04-11,128.0,129.0,119.0,119.0,14,0,0.0,-0.08461538461538465,0.06197916666666677,192.75,282.067060667634,103.43293933236602,170.0,183.5,256.5,257.5,36.0
2019-04-12,123.0,123.0,123.0,123.0,1,0,0.0,0.03361344537815136,0.06406250000000012,187.4,279.9467873933615,94.85321260663852,149.0,183.5,259.0,257.5,33.0
2019-04-15,39.0,74.0,39.0,45.0,1694,0,0.0,-0.6341463414634146,0.02343750000000004,178.45,288.3139836390546,68.5860163609454,111.0,145.5,258.25,257.5,30.0
2019-04-16,45.0,54.0,42.0,49.0,539,0,0.0,0.0888888888888888,0.025520833333333378,169.1,289.24605630775187,48.95394369224812,102.5,145.5,258.25,257.5,39.0
2019-04-17,44.0,46.0,31.0,36.0,95,0,0.0,-0.26530612244897955,0.018750000000000034,159.1,288.35820875486354,29.841791245136477,89.5,140.5,258.0,257.5,39.0
2019-04-18,36.0,40.0,31.0,34.0,570,0,0.0,-0.05555555555555558,0.017708333333333364,148.9,283.7798132607418,14.020186739258207,81.0,137.0,252.25,257.5,34.0
2019-04-22,36.0,50.0,36.0,50.0,61,0,0.0,0.47058823529411775,0.026041666666666713,140.35,277.5489315747483,3.151068425251708,80.5,137.0,252.25,257.5,34.0
2019-04-23,46.0,58.0,46.0,51.0,558,0,0.0,0.020000000000000018,0.026562500000000048,131.85,269.07398211448907,-5.373982114489081,80.5,137.0,248.25,257.5,30.0
2019-04-24,54.0,56.0,43.0,55.0,175,0,0.0,0.07843137254901955,0.028645833333333384,122.85,255.31021799607612,-9.61021799607613,80.0,137.0,246.5,257.5,31.0
2019-04-25,58.0,58.0,45.0,45.0,109,0,0.0,-0.18181818181818177,0.02343750000000004,114.1,242.75928560589992,-14.55928560589993,77.0,134.5,246.5,257.5,25.0
2019-04-26,46.0,52.0,46.0,50.0,108,0,0.0,0.11111111111111116,0.026041666666666713,105.6,227.35503925155103,-16.15503925155103,52.5,134.5,246.5,257.5,25.0
2019-04-29,42.0,53.0,40.0,46.0,411,0,0.0,-0.07999999999999996,0.023958333333333377,96.9,209.10649753204922,-15.306497532049221,44.5,134.5,246.5,257.5,21.0
2019-04-30,46.0,46.0,36.0,44.0,1377,0,0.0,-0.04347826086956519,0.02291666666666671,87.85,185.3541550746977,-9.654155074697712,44.5,133.0,251.0,247.5,23.0
2019-05-01,45.0,45.0,38.0,39.0,118,0,0.0,-0.11363636363636365,0.02031250000000004,80.7,170.089979516069,-8.689979516069002,44.5,133.0,250.5,247.5,24.0
2019-05-02,45.0,45.0,36.0,36.0,68,0,0.0,-0.07692307692307687,0.018750000000000037,74.5,157.97245924626873,-8.972459246268713,47.0,131.0,248.75,247.5,25.0
2019-05-03,36.0,46.0,36.0,42.0,36,0,0.0,0.16666666666666674,0.021875000000000044,69.0,145.4492571991653,-7.449257199165302,47.0,129.0,248.25,247.5,25.0
2019-05-06,46.0,46.0,37.0,46.0,69,0,0.0,0.09523809523809534,0.023958333333333384,64.45,134.68394108255836,-5.783941082558343,47.0,129.0,248.25,247.5,19.0
2019-05-07,41.0,41.0,41.0,41.0,3,0,0.0,-0.10869565217391308,0.02135416666666671,60.35,125.7937822545251,-5.093782254525102,47.0,128.0,248.25,247.5,24.0
2019-05-08,40.0,44.0,36.0,36.0,36,0,0.0,-0.12195121951219512,0.018750000000000037,55.85,114.58213451979519,-2.882134519795187,44.5,107.0,247.0,247.5,21.0
2019-05-09,36.0,44.0,36.0,41.0,118,0,0.0,0.13888888888888884,0.02135416666666671,51.4,99.38219564521269,3.4178043547873074,44.5,107.0,210.0,228.0,22.0
2019-05-10,41.0,41.0,37.0,37.0,63,0,0.0,-0.09756097560975607,0.019270833333333372,47.3,84.07340938616898,10.526590613831019,41.0,98.5,210.0,228.0,23.0
2019-05-13,40.0,40.0,27.0,33.0,1131,0,0.0,-0.10810810810810811,0.017187500000000036,42.8,55.17327238290933,30.426727617090663,36.5,87.5,209.0,228.0,24.0
2019-05-14,42.0,42.0,29.0,32.0,61,0,0.0,-0.030303030303030276,0.0166666666666667,42.15,55.34068427212634,28.959315727873662,36.5,79.0,193.75,218.5,16.0
2019-05-15,35.0,35.0,28.0,35.0,200,0,0.0,0.09375,0.018229166666666706,41.45,54.59769525484524,28.302304745154764,36.5,78.5,187.75,213.5,19.0
2019-05-16,44.0,44.0,34.0,40.0,227,0,0.0,0.1428571428571428,0.020833333333333377,41.65,54.57747885171935,28.722521148280645,36.5,78.5,181.75,212.5,18.0
2019-05-17,34.0,40.0,32.0,35.0,233,0,0.0,-0.125,0.018229166666666706,41.7,54.514768453401075,28.885231546598927,35.5,78.0,177.25,212.5,17.0
2019-05-20,36.0,36.0,36.0,36.0,40,0,0.0,0.02857142857142847,0.018750000000000037,41.0,53.44496431614263,28.555035683857373,35.5,75.0,176.75,212.5,17.0
2019-05-21,31.0,35.0,27.0,33.0,78,0,0.0,-0.08333333333333337,0.017187500000000033,40.1,52.11344439799574,28.08655560200426,35.5,50.5,166.25,212.5,19.0
2019-05-22,32.0,32.0,29.0,30.0,40,0,0.0,-0.09090909090909094,0.015625000000000028,38.85,49.51497484333561,28.185025156664395,35.5,42.5,128.25,174.5,16.0
2019-05-23,32.0,39.0,32.0,39.0,17,0,0.0,0.30000000000000004,0.020312500000000035,38.55,48.83275183261186,28.267248167388136,35.5,42.5,124.0,174.5,16.0
2019-05-24,40.0,40.0,28.0,39.0,30,0,0.0,0.0,0.020312500000000035,38.0,46.83431586655257,29.165684133447428,35.5,42.5,115.0,170.5,16.0
2019-05-28,36.0,36.0,29.0,34.0,20,0,0.0,-0.1282051282051282,0.017708333333333364,37.4,45.57828086352174,29.22171913647826,35.5,42.5,109.0,170.5,15.0
2019-05-29,30.0,34.0,30.0,34.0,15,0,0.0,0.0,0.017708333333333364,36.9,44.607351513738244,29.19264848626175,35.5,42.5,108.75,170.5,15.0
2019-05-30,33.0,33.0,30.0,30.0,30,0,0.0,-0.11764705882352944,0.015625000000000028,36.45,44.65481476031324,28.245185239686762,33.5,42.5,108.75,170.5,14.90999984741211
2019-05-31,34.0,34.0,31.0,31.0,43,0,0.0,0.03333333333333344,0.016145833333333363,36.2,44.74580820535013,27.65419179464988,33.5,42.5,108.5,170.5,15.220000267028809
2019-06-03,30.0,30.0,25.0,25.0,31,0,0.0,-0.19354838709677424,0.013020833333333356,35.35,44.76648520797923,25.933514792020773,32.5,39.0,105.75,170.5,15.220000267028809
2019-06-04,21.0,27.0,21.0,25.0,10,0,0.0,0.0,0.013020833333333356,34.3,43.40703695463732,25.192963045362674,30.5,37.0,93.5,170.5,15.220000267028809
2019-06-05,27.0,29.0,21.0,21.0,214,0,0.0,-0.16000000000000003,0.010937500000000018,33.3,43.575375572004546,23.024624427995448,30.5,33.5,89.5,170.5,15.220000267028809
2019-06-06,24.0,25.0,22.0,23.0,19,0,0.0,0.09523809523809534,0.011979166666666688,32.65,43.77884369973392,21.521156300266078,30.5,33.5,88.75,170.5,14.630000114440918
2019-06-07,20.0,25.0,20.0,24.0,72,0,0.0,0.04347826086956519,0.012500000000000022,31.8,42.843581417010896,20.756418582989106,28.0,33.0,88.75,170.5,14.93000030517578
2019-06-10,29.0,29.0,18.0,25.0,130,0,0.0,0.04166666666666674,0.013020833333333356,31.2,42.352890396590055,20.047109603409947,26.0,32.0,89.0,170.5,14.970000267028809
2019-06-11,25.0,25.0,25.0,25.0,19,0,0.0,0.0,0.013020833333333356,30.8,42.23927564823227,19.36072435176773,26.0,32.0,88.0,170.5,14.369999885559082
2019-06-12,21.0,21.0,19.0,19.0,1035,0,0.0,-0.24,0.00989583333333335,30.15,42.68037253146464,17.619627468535356,26.0,31.0,88.0,170.5,13.826000213623049
2019-06-13,26.0,26.0,23.0,24.0,60,0,0.0,0.26315789473684204,0.01250000000000002,29.6,42.196757477032364,17.003242522967636,24.0,31.0,87.5,170.5,13.826000213623049
2019-06-14,21.0,21.0,21.0,21.0,8,0,0.0,-0.125,0.010937500000000017,28.65,40.82020537769013,16.479794622309868,23.5,31.0,75.75,170.5,11.800000190734863
2019-06-17,21.0,25.0,20.0,22.0,100,0,0.0,0.04761904761904767,0.011458333333333352,28.0,40.13235083691062,15.867649163089384,23.5,31.0,75.75,170.5,12.175000190734863
2019-06-18,22.0,23.0,22.0,23.0,396,0,0.0,0.045454545454545414,0.011979166666666685,27.35,39.08030461256489,15.619695387435115,23.5,31.0,69.75,170.5,12.170000076293944
2019-06-19,20.0,25.0,18.0,24.0,47,0,0.0,0.04347826086956519,0.012500000000000018,26.9,38.41502743504637,15.384972564953626,23.5,31.0,62.0,168.0,12.170000076293944
2019-06-20,20.0,22.0,15.0,16.0,1243,0,0.0,-0.33333333333333337,0.008333333333333345,26.2,38.55692075373439,13.843079246265614,22.0,29.5,57.75,156.5,12.170000076293944
2019-06-21,19.0,20.0,16.0,19.0,341,0,0.0,0.1875,0.009895833333333347,25.2,36.42517171306266,13.97482828693734,20.5,29.5,57.5,156.5,12.170000076293944
2019-06-24,18.0,18.0,15.0,18.0,242,0,0.0,-0.052631578947368474,0.009375000000000012,24.15,33.82071564261711,14.47928435738289,20.5,27.5,57.5,148.5,12.170000076293944
2019-06-25,18.0,18.0,17.0,17.0,930,0,0.0,-0.05555555555555558,0.008854166666666677,23.3,32.31779387120295,14.282206128797052,20.5,27.5,56.75,139.5,12.170000076293944
2019-06-26,17.0,18.0,17.0,17.0,338,0,0.0,0.0,0.008854166666666677,22.45,30.404570747512274,14.495429252487725,20.0,27.5,55.25,139.5,12.170000076293944
2019-06-27,18.0,20.0,18.0,19.0,508,0,0.0,0.11764705882352944,0.009895833333333345,21.9,29.175520888446616,14.62447911155338,20.0,27.5,43.0,139.5,12.170000076293944
2019-06-28,17.0,18.0,16.0,16.0,866,0,0.0,-0.1578947368421053,0.008333333333333342,21.15,27.549490439278998,14.750509560721,20.0,27.5,39.0,139.5,11.59000015258789
2019-07-01,16.0,16.0,16.0,16.0,160,0,0.0,0.0,0.008333333333333342,20.7,27.2192198425963,14.1807801574037,20.0,27.5,39.0,139.5,11.300000190734863
2019-07-02,17.0,17.0,16.0,16.0,495,0,0.0,0.0,0.008333333333333342,20.25,26.762237871341714,13.737762128658286,18.5,25.5,39.0,138.5,11.300000190734863
2019-07-03,16.0,16.0,13.0,15.0,2465,0,0.0,-0.0625,0.007812500000000009,19.95,26.842344799106847,13.057655200893151,16.5,23.5,39.0,135.0,11.300000190734863
2019-07-05,15.0,15.0,15.0,15.0,0,0,0.001,0.0,0.007812500000000009,19.55,26.616165191529298,12.483834808470704,16.5,23.5,39.0,135.0,8.859999656677246
2019-07-08,15.119999885559082,16.510000228881836,14.6899995803833,14.90999984741211,1500,0,0.0,-0.006000010172526049,0.007765624920527149,19.095499992370605,26.12718297795144,12.063817006789773,16.5,23.5,38.0,135.0,7.070000171661377
2019-07-09,16.469999313354492,16.469999313354492,15.220000267028809,15.220000267028809,500,0,0.0,0.020791443513696883,0.007927083472410846,18.606500005722047,25.274741089195555,11.93825892224854,16.5,21.5,38.0,135.0,5.619999885559082
2019-07-10,15.220000267028809,15.220000267028809,15.220000267028809,15.220000267028809,0,0,0.0,0.0,0.007927083472410846,18.117500019073486,24.24550155506158,11.989498483085391,16.5,21.0,35.75,131.5,5.570000171661377
2019-07-11,15.220000267028809,15.220000267028809,15.220000267028809,15.220000267028809,0,0,0.0,0.0,0.007927083472410846,17.928500032424928,24.169330980478215,11.687669084371644,15.5,21.0,33.75,129.5,8.989999771118164
2019-07-12,15.220000267028809,15.220000267028809,15.220000267028809,15.220000267028809,0,0,0.0,0.0,0.007927083472410846,17.489500045776367,23.163878491480904,11.81512160007183,15.0,21.0,32.0,129.5,9.869999885559082
2019-07-15,14.260000228881836,14.899999618530272,13.84000015258789,14.630000114440918,1100,0,0.0,-0.038764792525399105,0.00761979172627132,17.171000051498414,22.73426403767794,11.607736065318889,15.0,21.0,32.0,128.0,11.300000190734863
2019-07-16,14.880000114440918,14.93000030517578,14.649999618530272,14.93000030517578,600,0,0.0,0.02050582285633329,0.007776041825612394,16.8175000667572,21.989065778680946,11.645934354833457,14.755000114440918,21.0,30.5,127.5,8.119999885559082
2019-07-17,14.609999656677246,14.970000267028809,14.149999618530272,14.970000267028809,1000,0,0.0,0.0026791668476497943,0.0077968751390775125,16.416000080108642,20.78120320519524,12.050796955022044,15.175000190734863,19.5,29.0,124.5,9.505999565124512
2019-07-18,14.609999656677246,14.609999656677246,14.369999885559082,14.369999885559082,200,0,0.0,-0.04008018508798683,0.0074843749403953625,15.934500074386596,18.642732480925492,13.2262676678477,15.175000190734863,19.5,29.0,122.5,9.329999923706056
2019-07-19,13.819000244140623,13.826000213623049,13.819000244140623,13.826000213623049,600,0,0.0,-0.03785662326154349,0.007201041777928678,15.82580008506775,18.686702635938754,12.964897534196744,15.144499778747559,19.5,28.5,122.5,9.329999923706056
2019-07-22,13.826000213623049,13.826000213623049,13.826000213623049,13.826000213623049,0,0,0.0,0.0,0.007201041777928678,15.567100095748902,18.152744486152862,12.981455705344942,14.519500255584717,19.0,27.5,121.5,9.329999923706056
2019-07-23,11.800000190734863,11.800000190734863,11.800000190734863,11.800000190734863,300,0,0.0,-0.14653551219331862,0.0061458334326744135,15.257100105285645,18.080124747847318,12.434075462723971,13.510000228881836,18.40000009536743,27.25,100.5,9.329999923706056
2019-07-24,12.175000190734863,12.175000190734863,12.175000190734863,12.175000190734863,400,0,0.0,0.03177966050326364,0.006341145932674414,15.015850114822388,18.02260731216439,12.009092917480386,13.510000228881836,18.40000009536743,27.25,100.5,9.329999923706056
2019-07-25,12.170000076293944,12.170000076293944,12.170000076293944,12.170000076293944,100,0,0.0,-0.0004106870113007588,0.006338541706403101,14.774350118637084,17.88019314438835,11.66850709288582,13.385000228881836,18.40000009536743,27.25,92.0,9.329999923706056
2019-07-26,12.170000076293944,12.170000076293944,12.170000076293944,12.170000076293944,0,0,0.0,0.0,0.006338541706403101,14.432850122451782,17.066426481824067,11.799273763079496,13.385000228881836,16.90000009536743,27.25,83.0,9.329999923706056
2019-07-29,12.170000076293944,12.170000076293944,12.170000076293944,12.170000076293944,100,0,0.0,0.0,0.006338541706403101,14.241350126266479,16.948039954888536,11.53466029764442,13.385000228881836,15.900000095367432,25.75,73.0,9.329999923706056
2019-07-30,12.170000076293944,12.170000076293944,12.170000076293944,12.170000076293944,100,0,0.0,0.0,0.006338541706403101,14.049850130081177,16.77382250711645,11.325877753045905,13.204999923706055,15.900000095367432,25.0,72.5,9.329999923706056
2019-07-31,12.170000076293944,12.170000076293944,12.170000076293944,12.170000076293944,100,0,0.0,0.0,0.006338541706403101,13.858350133895874,16.54485185325133,11.171848414540417,12.813000202178955,15.900000095367432,24.0,72.5,9.289999961853027
2019-08-01,12.170000076293944,12.170000076293944,12.170000076293944,12.170000076293944,0,0,0.0,0.0,0.006338541706403101,13.716850137710571,16.446162413378136,10.987537862043007,12.813000202178955,15.900000095367432,24.0,72.0,9.289999961853027
2019-08-02,12.170000076293944,12.170000076293944,12.170000076293944,12.170000076293944,100,0,0.0,0.0,0.006338541706403101,13.575350141525268,16.317442041748812,10.833258241301724,11.987500190734863,15.900000095367432,23.75,69.0,9.289999961853027
2019-08-05,12.170000076293944,12.170000076293944,12.170000076293944,12.170000076293944,100,0,0.0,0.0,0.006338541706403101,13.43835015296936,16.173736424336894,10.702963881601823,12.172500133514404,14.900000095367432,23.75,44.5,9.5
2019-08-06,11.59000015258789,11.59000015258789,11.59000015258789,11.59000015258789,200,0,0.0,-0.047658169274447215,0.006036458412806199,13.256850147247315,15.976791462250674,10.536908832243956,11.880000114440918,14.295000076293945,23.75,36.5,9.329999923706056
2019-08-07,11.31999969482422,11.31999969482422,11.300000190734863,11.300000190734863,200,0,0.0,-0.025021566698450348,0.005885416766007747,13.060850143432617,15.75115516960493,10.370545117260304,11.735000133514404,14.150000095367432,23.75,36.5,9.329999923706056
2019-08-08,11.300000190734863,11.300000190734863,11.300000190734863,11.300000190734863,0,0,0.0,0.0,0.005885416766007747,12.86485013961792,15.46614002459765,10.26356025463819,11.735000133514404,13.90500020980835,22.0,36.5,9.329999923706056
2019-08-09,11.31999969482422,11.31999969482422,11.300000190734863,11.300000190734863,100,0,0.0,0.0,0.005885416766007747,12.668850135803222,15.115272943212387,10.222427328394057,11.735000133514404,13.90500020980835,20.0,35.5,9.329999923706056
2019-08-12,9.0,9.0,8.859999656677246,8.859999656677246,300,0,0.0,-0.21592924715684791,0.004614583154519404,12.380350112915039,15.173914115765074,9.586786110065004,10.514999866485596,12.684999942779541,20.0,35.5,9.329999923706056
2019-08-13,7.599999904632568,7.710000038146973,6.71999979019165,7.070000171661377,1100,0,0.0,-0.2020315524128553,0.0036822917560736376,11.987350106239319,15.388345587682611,8.586354624796027,9.444999933242798,11.594999551773071,20.0,35.5,9.329999923706056
2019-08-14,6.199999809265137,6.199999809265137,5.619999885559082,5.619999885559082,500,0,0.0,-0.20509197325260597,0.0029270832737286917,11.519850087165832,15.652845884049926,7.386854290281738,8.894999980926514,10.420000076293945,19.0,35.5,9.329999923706056
2019-08-15,5.570000171661377,5.570000171661377,5.570000171661377,5.570000171661377,100,0,0.0,-0.00889674642630911,0.002901041756073637,11.079850101470948,15.750393084552726,6.409307118389168,8.870000123977661,10.395000219345093,18.75,33.0,10.560999870300291
2019-08-16,7.130000114440918,9.729999542236328,7.130000114440918,8.989999771118164,2700,0,0.0,0.6140034998305388,0.004682291547457382,10.838050079345702,15.41361782561232,6.262482333079084,8.580000162124634,10.395000219345093,18.25,33.0,10.560999870300291
2019-08-19,9.989999771118164,10.0,9.279999732971191,9.869999885559082,200,0,0.0,0.09788655582262207,0.00514062494039536,10.640250062942505,15.017688481824713,6.262811644060296,8.444999933242798,10.270000219345093,18.0,29.5,10.560999870300291
2019-08-20,11.300000190734863,11.300000190734863,11.300000190734863,11.300000190734863,0,0,0.0,0.14488351790844822,0.005885416766007747,10.615250062942504,14.971337509626983,6.259162616258026,8.444999933242798,10.270000219345093,18.0,29.5,9.60099983215332
2019-08-21,8.260000228881836,8.260000228881836,8.119999885559082,8.119999885559082,400,0,0.0,-0.2814159514601724,0.004229166607062026,10.412500047683716,14.837007223902944,5.987992871464488,8.444999933242798,10.270000219345093,17.87750005722046,29.5,10.0
2019-08-22,8.819999694824219,9.640000343322754,8.819999694824219,9.505999565124512,2300,0,0.0,0.17068961811567807,0.004951041440169021,10.279300022125245,14.643488551636626,5.915111492613863,8.43500018119812,10.089999914169312,17.33750009536743,29.5,10.720000267028809
2019-08-23,9.329999923706056,9.329999923706056,9.329999923706056,9.329999923706056,100,0,0.0,-0.018514585469176836,0.004859374960263575,10.13730001449585,14.42962265072422,5.844977378267479,8.43500018119812,9.698000192642212,17.33750009536743,29.5,10.359999656677246
2019-08-26,9.329999923706056,9.329999923706056,9.329999923706056,9.329999923706056,0,0,0.0,0.0,0.004859374960263575,9.995300006866454,14.195162831581058,5.795437182151851,8.43500018119812,9.698000192642212,17.32224988937378,28.5,10.079999923706056
2019-08-27,9.329999923706056,9.329999923706056,9.329999923706056,9.329999923706056,0,0,0.0,0.0,0.004859374960263575,9.853299999237061,13.938711107062382,5.767888891411741,8.43500018119812,8.87250018119812,16.75975012779236,28.5,10.079999923706056
2019-08-28,9.329999923706056,9.329999923706056,9.329999923706056,9.329999923706056,0,0,0.0,0.0,0.004859374960263575,9.711299991607666,13.65835485999331,5.764245123222022,9.21500015258789,8.87250018119812,15.955000162124634,27.90000009536743,10.079999923706056
2019-08-29,9.329999923706056,9.329999923706056,9.329999923706056,9.329999923706056,0,0,0.0,0.0,0.004859374960263575,9.569299983978272,13.351471633802301,5.787128334154243,9.710000038146973,8.870000123977661,15.955000162124634,27.90000009536743,10.079999923706056
2019-08-30,9.329999923706056,9.329999923706056,9.329999923706056,9.329999923706056,0,0,0.0,0.0,0.004859374960263575,9.427299976348877,13.01440531129514,5.840194641402613,9.710000038146973,8.870000123977661,15.892500162124634,27.90000009536743,10.079999923706056
2019-09-03,9.329999923706056,9.329999923706056,9.329999923706056,9.329999923706056,0,0,0.0,0.0,0.004859374960263575,9.285299968719482,12.641897802814118,5.928702134624846,8.880000114440918,8.870000123977661,15.142500162124634,27.90000009536743,10.079999923706056
2019-09-04,9.329999923706056,9.329999923706056,9.329999923706056,9.329999923706056,0,0,0.0,0.0,0.004859374960263575,9.17229995727539,12.356881493932072,5.987718420618708,9.230000019073486,8.870000123977661,14.642500162124634,27.90000009536743,10.079999923706056
2019-09-05,9.329999923706056,9.329999923706056,9.329999923706056,9.329999923706056,0,0,0.0,0.0,0.004859374960263575,9.07379994392395,12.10563443180855,6.0419654560393505,9.329999923706056,8.870000123977661,14.552500009536743,27.90000009536743,10.079999923706056
2019-09-06,9.289999961853027,9.289999961853027,9.289999961853027,9.289999961853027,1000,0,0.0,-0.004287241391223939,0.004838541646798456,8.973299932479858,11.829623343897953,6.116976521061761,9.309999942779541,8.870000123977661,14.356500148773193,25.90000009536743,10.079999923706056
2019-09-09,9.289999961853027,9.289999961853027,9.289999961853027,9.289999961853027,0,0,0.0,0.0,0.004838541646798456,8.872799921035767,11.526751674824265,6.218848167247271,9.309999942779541,8.870000123977661,14.356500148773193,25.90000009536743,10.079999923706056
2019-09-10,9.289999961853027,9.289999961853027,9.289999961853027,9.289999961853027,0,0,0.0,0.0,0.004838541646798456,8.894299936294555,11.554516056194512,6.234083816394598,9.309999942779541,8.870000123977661,13.943750143051147,25.90000009536743,7.599999904632568
2019-09-11,9.5,9.5,9.5,9.5,100,0,0.0,0.022604955759879752,0.004947916666666671,9.015799927711488,11.54924254715135,6.4823573082716255,9.394999980926514,8.580000162124634,13.536250114440918,25.90000009536743,7.599999904632568
2019-09-12,9.329999923706056,9.329999923706056,9.329999923706056,9.329999923706056,0,0,0.0,-0.017894744873046653,0.004859374960263575,9.201299929618836,11.193184656051525,7.209415203186148,9.394999980926514,8.444999933242798,13.087500095367432,25.795000076293945,7.482999801635742
2019-09-13,9.329999923706056,9.329999923706056,9.329999923706056,9.329999923706056,0,0,0.0,0.0,0.004859374960263575,9.38929991722107,10.467210564828104,8.311389269614036,9.394999980926514,8.444999933242798,12.942500114440918,25.65000009536743,7.482999801635742
2019-09-16,9.329999923706056,9.329999923706056,9.329999923706056,9.329999923706056,0,0,0.0,0.0,0.004859374960263575,9.406299924850464,10.46893650090868,8.343663348792248,9.394999980926514,8.444999933242798,12.820000171661377,23.65000009536743,7.482999801635742
2019-09-17,9.329999923706056,9.329999923706056,9.329999923706056,9.329999923706056,0,0,0.0,0.0,0.004859374960263575,9.379299926757813,10.42042976925228,8.338170084263346,9.394999980926514,8.43500018119812,12.820000171661377,22.65000009536743,7.482999801635742
2019-09-18,9.329999923706056,9.329999923706056,9.329999923706056,9.329999923706056,0,0,0.0,0.0,0.004859374960263575,9.280799913406373,9.82789573338005,8.733704093432696,9.394999980926514,8.43500018119812,11.599999904632568,21.429999828338623,6.710000038146973
2019-09-19,9.329999923706056,9.329999923706056,9.329999923706056,9.329999923706056,0,0,0.0,0.0,0.004859374960263575,9.341299915313721,9.45337319975825,9.229226630869192,9.394999980926514,8.43500018119812,10.519999742507935,20.359999895095825,6.340000152587891
2019-09-20,9.329999923706056,9.329999923706056,9.329999923706056,9.329999923706056,0,0,0.0,0.0,0.004859374960263575,9.332499933242799,9.41489230123633,9.250107565249268,9.394999980926514,8.43500018119812,9.65750002861023,17.80999994277954,6.50600004196167
2019-09-23,10.560999870300291,10.560999870300291,10.560999870300291,10.560999870300291,0,0,0.0,0.13193997391859114,0.005500520765781406,9.39404993057251,9.938673228848444,8.849426632296577,9.945499897003174,9.21500015258789,9.632500171661377,17.28500008583069,6.50600004196167
2019-09-24,10.560999870300291,10.560999870300291,10.560999870300291,10.560999870300291,0,0,0.0,0.0,0.005500520765781406,9.455599927902222,10.201120933710683,8.71007892209376,9.945499897003174,9.710000038146973,9.487500190734863,17.28500008583069,6.50600004196167
2019-09-25,10.560999870300291,10.560999870300291,10.560999870300291,10.560999870300291,100,0,0.0,0.0,0.005500520765781406,9.517149925231934,10.402785065418735,8.631514785045132,9.945499897003174,9.710000038146973,9.357500076293945,17.28500008583069,6.519999980926514
2019-09-26,9.60099983215332,9.60099983215332,9.60099983215332,9.60099983215332,300,0,0.0,-0.09090048763722547,0.005000520745913192,9.530699920654296,10.412712956909441,8.648686884399151,9.945499897003174,9.340499877929688,9.357500076293945,17.28500008583069,6.320000171661377
2019-09-27,10.0,10.0,10.0,10.0,200,0,0.0,0.041558189232588694,0.005208333333333338,9.564199924468994,10.464086189350716,8.664313659587272,9.945499897003174,9.690499782562256,9.357500076293945,17.28500008583069,6.320000171661377
2019-09-30,10.760000228881836,10.815999984741213,10.720000267028809,10.720000267028809,700,0,0.0,0.07200002670288086,0.005583333472410843,9.633699941635133,10.658039970307367,8.609359912962898,10.072999954223635,10.05299997329712,9.262500047683716,15.785000085830688,6.320000171661377
2019-10-01,10.6899995803833,10.6899995803833,10.359999656677246,10.359999656677246,300,0,0.0,-0.03358214565150763,0.005395833154519404,9.68519992828369,10.746593306396909,8.623806550170473,10.072999954223635,10.05299997329712,9.066500186920166,15.785000085830688,6.269999980926514
2019-10-02,10.079999923706056,10.079999923706056,10.079999923706056,10.079999923706056,100,0,0.0,-0.027027002147700263,0.005249999960263576,9.722699928283692,10.784243309467822,8.661156547099562,10.072999954223635,10.05299997329712,9.066500186920166,15.785000085830688,6.269999980926514
2019-10-03,10.079999923706056,10.079999923706056,10.079999923706056,10.079999923706056,100,0,0.0,0.0,0.005249999960263576,9.760199928283692,10.816523571526774,8.703876285040609,10.208499908447266,10.05299997329712,8.65375018119812,15.285000085830688,6.269999980926514
2019-10-04,10.079999923706056,10.079999923706056,10.079999923706056,10.079999923706056,0,0,0.0,0.0,0.005249999960263576,9.799699926376345,10.841566990182223,8.757832862570467,10.208499908447266,10.05299997329712,9.043750166893005,15.285000085830688,6.269999980926514
2019-10-07,10.079999923706056,10.079999923706056,10.079999923706056,10.079999923706056,0,0,0.0,0.0,0.005249999960263576,9.839199924468996,10.860246286873092,8.8181535620649,10.208499908447266,10.05299997329712,9.290000081062317,15.285000085830688,6.269999980926514
2019-10-08,10.079999923706056,10.079999923706056,10.079999923706056,10.079999923706056,0,0,0.0,0.0,0.005249999960263576,9.878699922561648,10.872161409424523,8.885238435698772,10.208499908447266,10.05299997329712,9.290000081062317,15.285000085830688,6.269999980926514
2019-10-09,10.079999923706056,10.079999923706056,10.079999923706056,10.079999923706056,100,0,0.0,0.0,0.005249999960263576,9.90769991874695,10.888903889618014,8.926495947875885,10.407999992370605,10.05299997329712,8.87500011920929,13.785000085830688,5.670000076293945
2019-10-10,10.079999923706056,10.079999923706056,10.079999923706056,10.079999923706056,100,0,0.0,0.0,0.005249999960263576,9.94519991874695,10.891560814777964,8.998839022715934,10.447999954223635,10.05299997329712,9.050000071525574,12.785000085830688,5.4670000076293945
2019-10-11,10.079999923706056,10.079999923706056,10.079999923706056,10.079999923706056,100,0,0.0,0.0,0.005249999960263576,9.982699918746949,10.886615567867691,9.078784269626206,10.384999752044678,10.05299997329712,9.100000023841858,12.785000085830688,6.349999904632568
2019-10-14,10.079999923706056,10.079999923706056,10.079999923706056,10.079999923706056,0,0,0.0,0.0,0.005249999960263576,10.02019991874695,10.872933697847662,9.167466139646239,10.079999923706056,10.05299997329712,9.090000033378601,12.785000085830688,6.330999851226807
2019-10-15,10.079999923706056,10.079999923706056,10.079999923706056,10.079999923706056,100,0,0.0,0.0,0.005249999960263576,10.05769991874695,10.848821361648515,9.266578475845385,10.079999923706056,10.05299997329712,9.090000033378601,12.785000085830688,6.420000076293945
2019-10-16,7.599999904632568,7.599999904632568,7.599999904632568,7.599999904632568,200,0,0.0,-0.24603174978613296,0.0039583332836628,9.971199917793275,11.278804801937204,8.663595033649345,8.839999914169312,9.20799994468689,9.090000033378601,12.785000085830688,6.019999980926514
2019-10-17,7.599999904632568,7.599999904632568,7.599999904632568,7.599999904632568,100,0,0.0,0.0,0.0039583332836628,9.8846999168396,11.537961735107409,8.23143809857179,8.839999914169312,9.20799994468689,8.987500071525574,11.785000085830688,5.800000190734863
2019-10-18,7.482999801635742,7.482999801635742,7.482999801635742,7.482999801635742,100,0,0.0,-0.01539475058749784,0.0038973957300186203,9.792349910736084,11.742436297596043,7.842263523876124,8.781499862670898,9.149499893188477,8.919999957084656,11.285000085830688,6.050000190734863
2019-10-21,7.482999801635742,7.482999801635742,7.482999801635742,7.482999801635742,100,0,0.0,0.0,0.0038973957300186203,9.638449907302856,11.798518662910713,7.478381151695,8.781499862670898,9.149499893188477,8.919999957084656,11.285000085830688,5.730000019073486
2019-10-22,7.482999801635742,7.482999801635742,7.482999801635742,7.482999801635742,200,0,0.0,0.0,0.0038973957300186203,9.484549903869631,11.794831516007743,7.174268291731518,8.781499862670898,9.149499893188477,8.919999957084656,11.040000200271606,5.796000003814697
2019-10-23,7.482999801635742,7.482999801635742,7.482999801635742,7.482999801635742,100,0,0.0,0.0,0.0038973957300186203,9.330649900436402,11.742568060637357,6.918731740235447,8.781499862670898,9.149499893188477,8.915000081062317,11.040000200271606,5.796000003814697
2019-10-24,6.710000038146973,6.710000038146973,6.710000038146973,6.710000038146973,100,0,0.0,-0.1033007863129698,0.003494791686534886,9.186099910736086,11.851934793426501,6.520265028045672,8.394999980926514,8.763000011444092,8.915000081062317,11.040000200271606,5.796000003814697
2019-10-25,6.570000171661377,6.570000171661377,6.340000152587891,6.340000152587891,200,0,0.0,-0.0551415623629804,0.003302083412806197,9.00309991836548,11.914303834422926,6.091896002308035,8.210000038146973,8.57800006866455,8.915000081062317,11.019999742507935,5.869999885559082
2019-10-28,6.513000011444092,6.513000011444092,6.50600004196167,6.50600004196167,400,0,0.0,0.026182947220595887,0.003388541688521707,8.792399907112124,11.785782093468262,5.799017720755986,6.9700000286102295,8.57800006866455,8.915000081062317,10.395000219345093,6.007999897003174
2019-10-29,6.50600004196167,6.50600004196167,6.50600004196167,6.50600004196167,100,0,0.0,0.0,0.003388541688521707,8.599699926376344,11.660793556326556,5.538606296426131,6.9700000286102295,8.57800006866455,9.580250024795532,10.395000219345093,5.599999904632568
2019-10-30,6.50600004196167,6.50600004196167,6.50600004196167,6.50600004196167,100,0,0.0,0.0,0.003388541688521707,8.420999932289124,11.53297989509279,5.309019969485458,6.911499977111816,8.57800006866455,9.827749967575073,10.395000219345093,5.610000133514404
2019-10-31,6.519999980926514,6.519999980926514,6.519999980926514,6.519999980926514,300,0,0.0,0.0021518504264599336,0.0033958333233992293,8.242999935150147,11.362372646299184,5.12362722400111,6.911499977111816,8.57800006866455,9.827749967575073,10.270000219345093,5.650000095367432
2019-11-01,6.320000171661377,6.320000171661377,6.320000171661377,6.320000171661377,200,0,0.0,-0.030674817461688986,0.0032916667560736372,8.054999947547913,11.161918396356452,4.9480814987393735,6.90149998664856,8.568000078201294,9.64299988746643,10.270000219345093,5.650000095367432
2019-11-04,6.320000171661377,6.320000171661377,6.320000171661377,6.320000171661377,0,0,0.0,0.0,0.0032916667560736372,7.866999959945678,10.914876438974538,4.819123480916818,6.90149998664856,8.568000078201294,9.817999839782715,10.270000219345093,5.650000095367432
2019-11-05,6.320000171661377,6.320000171661377,6.320000171661377,6.320000171661377,0,0,0.0,0.0,0.0032916667560736372,7.678999972343445,10.618440814182724,4.7395591305041656,6.515000104904175,8.504999876022339,10.062999963760376,10.089999914169312,5.650000095367432
2019-11-06,6.21999979019165,6.269999980926514,6.21999979019165,6.269999980926514,500,0,0.0,-0.007911422369743293,0.003265624990065896,7.488499975204467,10.26867680750923,4.7083231428997045,6.394999980926514,8.149999856948853,10.062999963760376,9.698000192642212,5.736999988555908
2019-11-07,6.269999980926514,6.269999980926514,6.269999980926514,6.269999980926514,500,0,0.0,0.0,0.003265624990065896,7.297999978065491,9.852398874482532,4.74360108164845,6.369999885559082,8.149999856948853,10.062999963760376,9.698000192642212,6.21999979019165
2019-11-08,6.269999980926514,6.269999980926514,6.269999980926514,6.269999980926514,100,0,0.0,0.0,0.003265624990065896,7.107499980926514,9.349602559327018,4.865397402526011,6.369999885559082,8.149999856948853,10.130749940872192,8.87250018119812,5.659999847412109
2019-11-11,6.269999980926514,6.269999980926514,6.269999980926514,6.269999980926514,100,0,0.0,0.0,0.003265624990065896,6.916999983787536,8.715775669926554,5.118224297648519,6.369999885559082,8.149999856948853,10.130749940872192,8.87250018119812,5.599999904632568
2019-11-12,6.269999980926514,6.269999980926514,6.269999980926514,6.269999980926514,100,0,0.0,0.0,0.003265624990065896,6.72649998664856,7.799189929241819,5.653810044055301,6.369999885559082,8.149999856948853,10.130749940872192,8.870000123977661,5.599999904632568
2019-11-13,6.269999980926514,6.269999980926514,6.269999980926514,6.269999980926514,100,0,0.0,0.0,0.003265624990065896,6.659999990463257,7.6702696539778215,5.649730326948693,6.269999980926514,8.149999856948853,10.130749940872192,8.870000123977661,6.228000164031982
2019-11-14,5.75,5.75,5.670000076293945,5.670000076293945,400,0,0.0,-0.09569376498529225,0.002953125039736433,6.563499999046326,7.564748871037688,5.562251127054964,5.995000123977661,7.875000000000001,10.230499982833862,8.870000123977661,11.326000213623049
2019-11-15,5.4670000076293945,5.4670000076293945,5.4670000076293945,5.4670000076293945,200,0,0.0,-0.035802480764204225,0.0028473958373069794,6.462700009346008,7.47934132606085,5.4460586926311665,5.893500089645386,7.7734999656677255,10.250499963760376,8.870000123977661,9.59000015258789
2019-11-18,6.5,6.5320000648498535,6.349999904632568,6.349999904632568,2600,0,0.0,0.16151452273109856,0.003307291616996133,6.406050014495849,7.307531362101693,5.504568666890006,5.999500036239624,7.7734999656677255,10.218999862670898,8.870000123977661,10.239999771118164
2019-11-19,7.0,7.960000038146973,6.330999851226807,6.330999851226807,2300,0,0.0,-0.0029921344395454907,0.0032973957558472987,6.348450016975403,7.100705006936796,5.59619502701401,6.713500022888184,7.7734999656677255,10.066499948501587,8.870000123977661,9.34000015258789
2019-11-20,6.552999973297119,6.552999973297119,6.420000076293945,6.420000076293945,1500,0,0.0,0.014057846652751449,0.0033437500397364333,6.295300030708313,6.83866025618542,5.751939805231206,6.713500022888184,6.713500022888184,10.066499948501587,8.870000123977661,8.520000457763672
2019-11-21,6.658999919891357,6.658999919891357,6.0,6.019999980926514,3000,0,0.0,-0.0623053100644726,0.0031354166567325622,6.26080002784729,6.781356865271871,5.74024319042271,6.713500022888184,6.713500022888184,9.0239999294281,8.870000123977661,8.380000114440918
2019-11-22,5.860000133514404,6.0,5.800000190734863,5.800000190734863,2600,0,0.0,-0.036544815762240446,0.0030208334326744107,6.233800029754638,6.790302892494263,5.677297167015014,6.713500022888184,6.713500022888184,9.0239999294281,8.580000162124634,8.600000381469727
2019-11-25,5.699999809265137,6.050000190734863,5.699999809265137,6.050000190734863,3100,0,0.0,0.04310344685839129,0.003151041766007744,6.2110000371932985,6.75821385483707,5.663786219549527,6.713500022888184,6.713500022888184,8.965499877929688,8.444999933242798,8.4399995803833
2019-11-26,5.730000019073486,5.730000019073486,5.730000019073486,5.730000019073486,100,0,0.0,-0.05289258868973823,0.00298437500993411,6.172200036048889,6.740124768970985,5.604275303126793,6.713500022888184,6.713500022888184,8.965499877929688,8.444999933242798,8.739999771118164
2019-11-27,5.699999809265137,5.796000003814697,5.699999809265137,5.796000003814697,400,0,0.0,0.011518321906023754,0.003018750001986824,6.1367000341415405,6.70549615935135,5.567903908931731,6.713500022888184,6.713500022888184,8.965499877929688,8.444999933242798,9.40999984741211
2019-11-29,5.796000003814697,5.796000003814697,5.796000003814697,5.796000003814697,0,0,0.0,0.0,0.003018750001986824,6.1005000352859495,6.659064170111687,5.541935900460212,6.829999923706055,6.713500022888184,8.965499877929688,8.43500018119812,11.25
2019-12-02,5.796000003814697,5.796000003814697,5.796000003814697,5.796000003814697,100,0,0.0,0.0,0.003018750001986824,6.074300026893615,6.638413121066112,5.510186932721119,6.829999923706055,6.713500022888184,8.578999996185303,8.43500018119812,12.539999961853027
2019-12-03,5.699999809265137,5.869999885559082,5.699999809265137,5.869999885559082,2000,0,0.0,0.012767405399530807,0.003057291607062024,6.051800012588501,6.610736162242847,5.492863862934155,6.179499864578247,6.713500022888184,8.394000053405762,8.43500018119812,12.93000030517578
2019-12-04,6.007999897003174,6.007999897003174,6.007999897003174,6.007999897003174,100,0,0.0,0.023509372084246305,0.0031291666130224887,6.036199998855591,6.581424406474298,5.490975591236884,6.179499864578247,6.713500022888184,7.77400004863739,8.43500018119812,11.4399995803833
2019-12-05,5.822000026702881,5.822000026702881,5.599999904632568,5.599999904632568,2000,0,0.0,-0.06790945395556991,0.0029166666169961313,6.002699995040894,6.568518021755135,5.436881968326653,5.825000047683716,6.713500022888184,7.77400004863739,8.820000171661377,10.579999923706056
2019-12-06,5.5980000495910645,5.629000186920166,5.544000148773193,5.610000133514404,2000,0,0.0,0.0017857551878819322,0.002921875069538754,5.969700002670288,6.546311088056101,5.393088917284476,5.797000169754028,6.713500022888184,7.744750022888184,8.820000171661377,11.390000343322754
2019-12-09,5.5920000076293945,5.650000095367432,5.5920000076293945,5.650000095367432,400,0,0.0,0.007130117807674585,0.0029427083830038726,5.938700008392334,6.51404876278902,5.363351253995647,5.776000022888184,6.713500022888184,7.744750022888184,8.820000171661377,11.0
2019-12-10,5.650000095367432,5.650000095367432,5.650000095367432,5.650000095367432,0,0,0.0,0.0,0.0029427083830038726,5.90770001411438,6.4749740872770944,5.340425940951666,5.776000022888184,6.713500022888184,7.734750032424927,8.568000078201294,11.039999961853027
2019-12-11,5.650000095367432,5.650000095367432,5.650000095367432,5.650000095367432,300,0,0.0,0.0,0.0029427083830038726,5.876700019836425,6.4287882360484705,5.32461180362438,5.776000022888184,6.713500022888184,7.734750032424927,8.568000078201294,11.1850004196167
2019-12-12,5.650000095367432,5.650000095367432,5.650000095367432,5.650000095367432,0,0,0.0,0.0,0.0029427083830038726,5.845700025558472,6.374879354688552,5.316520696428391,5.776000022888184,6.713500022888184,7.509999990463257,8.568000078201294,11.25
2019-12-13,5.599999904632568,5.736999988555908,5.599999904632568,5.736999988555908,500,0,0.0,0.015398210923891709,0.0029880208273728704,5.8490500211715695,6.37453332853551,5.323566713807629,5.776000022888184,6.713500022888184,7.272499918937683,8.51799988746643,11.210000038146973
2019-12-16,6.21999979019165,6.21999979019165,6.21999979019165,6.21999979019165,300,0,0.0,0.08419030897668178,0.0032395832240581525,5.886700010299682,6.405072993822996,5.3683270267763685,5.881999969482422,6.713500022888184,7.259999871253967,8.51799988746643,10.505000114440918
2019-12-17,5.670000076293945,5.670000076293945,5.659999847412109,5.659999847412109,400,0,0.0,-0.09003214817830185,0.002947916587193808,5.852200007438659,6.3327093447247895,5.371690670152529,5.881999969482422,6.713500022888184,7.259999871253967,8.51799988746643,9.6899995803833
2019-12-18,6.104000091552734,6.21999979019165,5.599999904632568,5.599999904632568,700,0,0.0,-0.01060069688994325,0.0029166666169961305,5.815650010108948,6.253822991678806,5.37747702853909,5.881999969482422,6.713500022888184,7.259999871253967,8.51799988746643,10.12399959564209
2019-12-19,5.880000114440918,5.880000114440918,5.599999904632568,5.599999904632568,1200,0,0.0,0.0,0.0029166666169961305,5.774650001525879,6.122145731203159,5.427154271848599,5.9059998989105225,6.713500022888184,7.259999871253967,8.51799988746643,9.699999809265137
2019-12-20,6.210000038146973,6.269999980926514,6.010000228881836,6.228000164031982,2700,0,0.0,0.11214290537396332,0.003243750085433325,5.785050010681152,6.171960920677904,5.3981391006844,5.934999942779541,6.713500022888184,7.209999918937683,8.51799988746643,9.5
2019-12-23,6.25,19.489999771118164,6.090000152587891,11.326000213623049,297800,0,0.0,0.8185613223058494,0.00589895844459534,6.061350011825562,8.520738649368878,3.6019613742822454,12.544999837875366,12.47849988937378,6.935000061988831,8.243000030517578,9.800000190734863
2019-12-24,13.9399995803833,14.04800033569336,9.100000381469728,9.59000015258789,99500,0,0.0,-0.1532756514472846,0.004994791746139529,6.2383500099182125,9.143417110891995,3.3332829089444287,12.544999837875366,12.516999959945679,6.833500027656555,8.141499996185303,9.958000183105469
2019-12-26,9.5,10.239999771118164,9.100000381469728,10.239999771118164,14100,0,0.0,0.0677788955357701,0.005333333214124047,6.463849997520446,9.84308631306991,3.084613681970982,12.544999837875366,12.516999959945679,6.886500000953674,8.141499996185303,10.329999923706056
2019-12-27,9.3100004196167,11.008999824523926,8.932000160217285,9.34000015258789,33700,0,0.0,-0.0878905897116048,0.004864583412806196,6.641050004959107,10.229175175223101,3.052924834695112,12.544999837875366,12.516999959945679,7.243499994277954,8.141499996185303,10.050000190734863
2019-12-30,9.289999961853027,9.300000190734863,7.948999881744385,8.520000457763672,21200,0,0.0,-0.0877943984398134,0.004437500238418581,6.777250027656555,10.433623027273677,3.120877028039432,12.544999837875366,12.516999959945679,6.713500022888184,8.141499996185303,10.156999588012695
2019-12-31,9.199999809265137,9.199999809265137,8.199999809265137,8.380000114440918,6100,0,0.0,-0.01643196429586824,0.004364583392937981,6.906450033187866,10.597827747513143,3.2150723188625885,12.544999837875366,12.516999959945679,6.713500022888184,8.141499996185303,9.960000038146973
2020-01-02,8.5,8.711999893188477,8.5,8.600000381469727,4500,0,0.0,0.02625301480004638,0.004479166865348818,7.042950057983399,10.773047770146988,3.3128523458198087,12.544999837875366,12.516999959945679,6.713500022888184,8.141499996185303,9.777999877929688
2020-01-03,8.899999618530273,8.899999618530273,8.29699993133545,8.4399995803833,2000,0,0.0,-0.018604743487125486,0.004395833114782971,7.164550042152404,10.910466276543175,3.418633807761633,12.75,12.516999959945679,6.713500022888184,8.141499996185303,9.68000030517578
2020-01-06,8.0,8.994999885559082,8.0,8.739999771118164,2300,0,0.0,0.035545048062815,0.004552083214124046,7.321550035476685,11.055064861222725,3.5880352097306454,12.789999961853027,12.516999959945679,6.713500022888184,8.141499996185303,9.5600004196167
2020-01-07,9.479999542236328,9.479999542236328,8.930000305175781,9.40999984741211,11600,0,0.0,0.07665904963842207,0.004901041587193809,7.51155002117157,11.264246637350126,3.758853404993013,10.998500108718872,12.516999959945679,6.713500022888184,8.141499996185303,9.75
2020-01-08,9.208000183105469,13.850000381469728,9.208000183105469,11.25,115200,0,0.0,0.19553668251056533,0.005859375000000003,7.791550016403198,11.777881613582952,3.805218419223443,10.899500131607056,12.516999959945679,6.771749973297119,8.141499996185303,9.4399995803833
2020-01-09,11.8100004196167,13.140000343322754,11.109999656677246,12.539999961853027,25900,0,0.0,0.11466666327582464,0.006531249980131788,8.136050009727478,12.499827749321735,3.7722722701332216,10.899500131607056,12.516999959945679,6.771749973297119,8.141499996185303,9.130000114440918
2020-01-10,12.84000015258789,12.99899959564209,12.5,12.93000030517578,2000,0,0.0,0.031100505941717982,0.006734375158945722,8.500050020217895,13.180205971339277,3.819894069096514,10.899500131607056,12.516999959945679,6.446499943733215,8.141499996185303,9.010000228881836
2020-01-13,12.380000114440918,12.4399995803833,11.05500030517578,11.4399995803833,8700,0,0.0,-0.1152359388727967,0.005958333114782972,8.78954999446869,13.444675364543532,4.134424624393849,10.925000190734863,12.516999959945679,6.446499943733215,8.141499996185303,9.720000267028809
2020-01-14,11.010000228881836,11.83899974822998,10.149999618530272,10.579999923706056,5600,0,0.0,-0.07517479792148996,0.00551041662693024,9.031699991226196,13.525832289230697,4.537567693221694,10.925000190734863,12.516999959945679,6.26925003528595,8.141499996185303,10.279999732971191
2020-01-15,11.36400032043457,11.75,11.09000015258789,11.390000343322754,26600,0,0.0,0.07655958652719574,0.005932291845480604,9.290200018882752,13.700762585392757,4.879637452372746,10.925000190734863,12.54099988937378,6.255250096321106,8.141499996185303,9.40999984741211
2020-01-16,11.550000190734863,11.550000190734863,10.991999626159668,11.0,3300,0,0.0,-0.03424059100677612,0.00572916666666667,9.557200026512145,13.691367905488875,5.423032147535417,10.925000190734863,12.544999837875366,6.244750022888184,8.141499996185303,9.039999961853027
2020-01-17,11.149999618530272,11.640000343322754,10.68000030517578,11.039999961853027,6900,0,0.0,0.0036363601684570312,0.005749999980131788,9.829200029373169,13.580273071024934,6.078126987721405,11.390000343322754,12.544999837875366,6.244750022888184,8.141499996185303,9.239999771118164
2020-01-21,11.289999961853027,11.289999961853027,11.149999618530272,11.1850004196167,1000,0,0.0,0.01313409948049804,0.005825521051883701,10.108450055122375,13.350438270456241,6.86646183978851,11.529000282287598,12.544999837875366,6.244750022888184,8.141499996185303,8.579999923706055
2020-01-22,11.460000038146973,11.5,10.84000015258789,11.25,4400,0,0.0,0.00581131675858515,0.005859375000000003,10.359550046920777,13.093495016249415,7.625605077592139,11.644999980926514,12.544999837875366,6.244750022888184,8.078499794006348,8.25100040435791
2020-01-23,11.859999656677246,11.859999656677246,11.201000213623049,11.210000038146973,1400,0,0.0,-0.0035555521647135935,0.005838541686534884,10.353750038146973,13.079865490454845,7.627634585839102,11.574499607086182,12.544999837875366,6.244750022888184,7.7734999656677255,10.19200038909912
2020-01-24,10.800000190734863,11.065999984741213,10.3100004196167,10.505000114440918,6100,0,0.0,-0.06289026951890997,0.005471354226271314,10.399500036239624,13.103187709171856,7.695812363307392,11.294999599456787,12.544999837875366,6.297749996185303,7.7734999656677255,9.072999954223633
2020-01-27,9.883000373840332,9.883000373840332,9.5,9.6899995803833,2300,0,0.0,-0.07758215375335975,0.005046874781449638,10.372000026702882,13.092938373577097,7.651061679828667,10.679999828338623,12.544999837875366,6.297749996185303,7.7734999656677255,8.86400032043457
2020-01-28,9.6899995803833,10.18000030517578,9.6899995803833,10.12399959564209,3900,0,0.0,0.04478844520668401,0.00527291645606359,10.41119999885559,13.093436111280225,7.7289638864309556,10.679999828338623,12.544999837875366,6.297749996185303,7.7734999656677255,9.170000076293944
2020-01-29,9.586000442504885,10.03499984741211,9.579999923706056,9.699999809265137,1400,0,0.0,-0.041880660145370396,0.00505208323399226,10.470199966430664,13.031337340086658,7.90906259277467,10.679999828338623,12.75,6.309749960899353,7.7734999656677255,9.130000114440918
2020-01-30,9.539999961853027,9.539999961853027,9.5,9.5,2200,0,0.0,-0.020618537443073293,0.004947916666666668,10.526199960708619,12.945643924180091,8.106755997237146,10.679999828338623,12.789999961853027,6.324249982833862,7.7734999656677255,7.473999977111816
2020-01-31,10.07699966430664,10.07699966430664,9.800000190734863,9.800000190734863,1100,0,0.0,0.03157896744577515,0.005104166766007744,10.586199951171874,12.865587343233468,8.30681255911028,10.679999828338623,10.998500108718872,12.511749863624573,12.47849988937378,7.880000114440918
2020-02-03,9.800000190734863,10.350000381469728,9.800000190734863,9.958000183105469,4000,0,0.0,0.01612244788729522,0.005186458428700767,10.662099981307984,12.740749082716762,8.583450879899205,10.679999828338623,10.899500131607056,12.530999898910522,12.47849988937378,7.880000114440918
2020-02-04,10.449999809265137,10.479999542236328,10.0,10.329999923706056,8400,0,0.0,0.03735687223943973,0.005380208293596907,10.741599988937377,12.631187537164703,8.852012440710052,10.679999828338623,10.899500131607056,12.530999898910522,12.47849988937378,5.670000076293945
2020-02-05,10.359999656677246,10.359999656677246,9.880000114440918,10.050000190734863,8100,0,0.0,-0.027105492259358988,0.005234375099341077,10.773600006103516,12.5914546453109,8.955745366896132,10.282999992370605,10.899500131607056,12.530999898910522,12.47849988937378,7.066999912261963
2020-02-06,10.149999618530272,10.156999588012695,10.133000373840332,10.156999588012695,800,0,0.0,0.010646705994739714,0.0052901039520899485,10.71894998550415,12.541997309316617,8.895902661691682,9.989999771118164,10.925000190734863,12.530999898910522,12.47849988937378,6.0
2020-02-07,9.996000289916992,9.996000289916992,9.960000038146973,9.960000038146973,600,0,0.0,-0.01939544726360154,0.005187500019868218,10.589949989318848,12.233776505185594,8.946123473452102,9.989999771118164,10.925000190734863,12.530999898910522,12.47849988937378,5.829999923706055
2020-02-10,9.753000259399414,9.777999877929688,9.753000259399414,9.777999877929688,600,0,0.0,-0.018273108385564396,0.005092708269755048,10.432349967956544,11.708228746052484,9.156471189860603,9.989999771118164,10.925000190734863,12.530999898910522,12.47849988937378,5.400000095367432
2020-02-11,9.6899995803833,9.6899995803833,9.569000244140623,9.68000030517578,1800,0,0.0,-0.010022455919140194,0.005041666825612387,10.344350004196167,11.571420597113404,9.11727941127893,9.989999771118164,10.925000190734863,12.63349997997284,12.47849988937378,5.839000225067139
2020-02-12,9.260000228881836,9.873000144958496,9.260000228881836,9.5600004196167,1700,0,0.0,-0.0123966820016439,0.004979166885217033,10.2933500289917,11.561555225800088,9.025144832183312,9.869999885559082,11.390000343322754,12.653499960899353,12.47849988937378,6.400000095367432
2020-02-13,9.5,9.75,9.5,9.75,1900,0,0.0,0.019874432222139804,0.005078125000000002,10.211350011825562,11.393587163029459,9.029112860621666,9.869999885559082,11.529000282287598,11.757750034332275,12.47849988937378,6.079999923706055
2020-02-14,9.520999908447266,9.520999908447266,9.4399995803833,9.4399995803833,700,0,0.0,-0.03179491483248198,0.004916666448116305,10.133349990844726,11.3028052923088,8.963894689380652,9.869999885559082,11.200000286102295,11.708250045776367,12.47849988937378,5.429999828338623
2020-02-18,9.25,9.25,8.100000381469727,9.130000114440918,2200,0,0.0,-0.03283892793666798,0.00475520839293798,10.03784999847412,11.207503403021628,8.868196593926614,9.230000019073486,10.549499988555908,11.708250045776367,12.47849988937378,6.320000171661377
2020-02-19,9.0600004196167,9.4399995803833,8.949999809265137,9.010000228881836,1300,0,0.0,-0.013143470323650708,0.004692708452542625,9.929099988937377,11.055066702098612,8.803133275776142,9.128499984741211,10.269999980926514,11.708250045776367,12.47849988937378,6.394999980926514
2020-02-20,9.640000343322754,10.34000015258789,9.293999671936035,9.720000267028809,3000,0,0.0,0.07880133408554713,0.0050625001390775075,9.852600002288819,10.801388987294224,8.903811017283413,9.220000267028809,9.980000019073486,11.721000075340271,12.47849988937378,6.849999904632568
2020-02-21,10.5,10.5,9.92199993133545,10.279999732971191,6300,0,0.0,0.05761311219732734,0.0053541665275891655,9.806099987030029,10.551653307566152,9.060546666493906,9.300000190734863,9.980000019073486,11.721000075340271,12.47849988937378,6.659999847412109
2020-02-24,9.539999961853027,9.812000274658203,9.350000381469728,9.40999984741211,2500,0,0.0,-0.0846303412604884,0.00490104158719381,9.75134997367859,10.441776702222796,9.060923245134383,9.300000190734863,9.980000019073486,11.733000040054321,12.47849988937378,6.685999870300293
2020-02-25,9.276000022888184,9.276000022888184,9.0,9.039999961853027,2300,0,0.0,-0.039319860952052754,0.004708333313465121,9.718849992752075,10.476457072721246,8.961242912782904,9.300000190734863,9.980000019073486,11.735000014305115,12.47849988937378,6.300000190734863
2020-02-26,9.07900047302246,9.239999771118164,9.07900047302246,9.239999771118164,1500,0,0.0,0.022123872799678646,0.004812499880790713,9.67465000152588,10.435729035415635,8.913570967636124,9.300000190734863,9.980000019073486,11.96750009059906,12.47849988937378,6.449999809265137
2020-02-27,8.491000175476074,8.902000427246094,8.491000175476074,8.579999923706055,600,0,0.0,-0.07142855668407022,0.004468749960263573,9.618650007247926,10.517930475045219,8.719369539450632,9.300000190734863,9.980000019073486,12.037000060081482,12.47849988937378,6.665999889373779
2020-02-28,8.598999977111816,8.598999977111816,8.220000267028809,8.25100040435791,2100,0,0.0,-0.038344932665924314,0.004297396043936414,9.55620002746582,10.637068481604816,8.475331573326825,9.300000190734863,9.980000019073486,12.09499990940094,12.47849988937378,7.848999977111816
2020-03-02,8.59000015258789,10.5,8.199999809265137,10.19200038909912,4600,0,0.0,0.23524419944471653,0.005308333535989127,9.575800037384033,10.687752736841365,8.463847337926701,9.349999904632568,9.583000183105469,12.059749722480774,12.47849988937378,7.5
2020-03-03,9.994999885559082,10.880000114440918,9.072999954223633,9.072999954223633,3100,0,0.0,-0.109792032197361,0.004725520809491478,9.531550025939941,10.64962904296436,8.413471008915522,9.539999961853027,9.490000247955322,11.919999718666077,12.47849988937378,8.793999671936035
2020-03-04,9.149999618530272,9.149999618530272,8.86400032043457,8.86400032043457,1200,0,0.0,-0.023035339451508485,0.004616666833559675,9.458250045776367,10.548925881609009,8.367574209943726,9.539999961853027,9.490000247955322,11.612499833106995,12.47849988937378,8.682999610900879
2020-03-05,8.821999549865723,9.215999603271484,8.821999549865723,9.170000076293944,600,0,0.0,0.03452163185891788,0.0047760417064030974,9.414250040054322,10.47620305103705,8.352297029071593,9.539999961853027,9.490000247955322,11.612499833106995,12.47849988937378,8.420000076293945
2020-03-06,9.130000114440918,9.130000114440918,9.130000114440918,9.130000114440918,200,0,0.0,-0.004362045967309491,0.00475520839293798,9.362900066375733,10.373778250107113,8.352021882644353,9.539999961853027,9.490000247955322,11.714999914169312,12.47849988937378,8.364999771118164
2020-03-09,8.010000228881836,8.116999626159668,6.739999771118164,7.473999977111816,3400,0,0.0,-0.1813800784854106,0.003892708321412406,9.238600063323975,10.506949586776175,7.970250539871775,8.809999942779541,8.809999942779541,11.734999895095825,12.47849988937378,7.090000152587891
2020-03-10,7.300000190734863,7.880000114440918,7.300000190734863,7.880000114440918,500,0,0.0,0.054321666921651746,0.004104166726271313,9.143700075149535,10.517259222547366,7.7701409277517035,8.809999942779541,8.809999942779541,10.839249968528748,12.47849988937378,7.300000190734863
2020-03-11,7.880000114440918,7.880000114440918,7.880000114440918,7.880000114440918,0,0,0.0,0.0,0.004104166726271313,9.053700065612793,10.509255176709893,7.598144954515693,8.809999942779541,8.809999942779541,10.78974997997284,12.516999959945679,7.888999938964844
2020-03-12,6.75,6.75,5.670000076293945,5.670000076293945,2500,0,0.0,-0.2804568535598011,0.002953125039736431,8.859200048446656,10.915601557843063,6.802798539050249,8.275000095367432,8.275000095367432,10.78974997997284,12.516999959945679,7.815000057220459
2020-03-13,5.8379998207092285,7.066999912261963,5.8379998207092285,7.066999912261963,1600,0,0.0,0.24638444747272947,0.003680729120969774,8.725050044059753,10.880276419717191,6.569823668402314,8.275000095367432,8.275000095367432,10.59125006198883,12.516999959945679,8.020000457763672
2020-03-16,6.239999771118164,6.78000020980835,6.0,6.0,1200,0,0.0,-0.1509834336364727,0.0031250000000000015,8.553050065040589,10.986865572500006,6.119234557581171,7.442999839782715,8.275000095367432,10.457499980926514,12.516999959945679,8.5
2020-03-17,6.050000190734863,6.050000190734863,5.829999923706055,5.829999923706055,1500,0,0.0,-0.02833334604899085,0.003036458293596905,8.388050055503845,11.079759182539629,5.696340928468061,7.442999839782715,8.275000095367432,10.457499980926514,12.516999959945679,7.760000228881836
2020-03-18,5.829999923706055,5.829999923706055,5.25,5.400000095367432,2300,0,0.0,-0.07375640376771697,0.002812500049670539,8.207550048828125,11.180860679328655,5.234239418327595,7.190000057220459,8.065000057220459,10.457499980926514,12.516999959945679,8.295999526977539
2020-03-19,5.849999904632568,6.0,5.619999885559082,5.839000225067139,2000,0,0.0,0.0812963188790159,0.003041145950555803,8.01350004673004,11.072925593907954,4.954074499552128,6.683499813079834,8.065000057220459,10.457499980926514,12.516999959945679,8.289999961853027
2020-03-20,6.0,6.650000095367432,5.449999809265137,6.400000095367432,4200,0,0.0,0.09607806964827481,0.0033333333830038725,7.819500064849853,10.768333319587855,4.870666810111851,6.565000057220459,8.065000057220459,10.630000114440918,12.516999959945679,8.050000190734863
2020-03-23,6.5,6.5,6.050000190734863,6.079999923706055,700,0,0.0,-0.05000002607703169,0.0031666666269302385,7.653000068664551,10.599834848039793,4.706165289289309,6.565000057220459,8.065000057220459,10.69950008392334,12.516999959945679,8.456999778747559
2020-03-24,6.400000095367432,6.5,5.429999828338623,5.429999828338623,3300,0,0.0,-0.10690791176379244,0.002828124910593034,7.47250006198883,10.499427143226962,4.445572980750699,6.1584999561309814,8.065000057220459,10.535000085830688,12.516999959945679,8.109999656677246
2020-03-25,5.900000095367432,6.369999885559082,5.900000095367432,6.320000171661377,1300,0,0.0,0.1639043041360575,0.003291666756073635,7.326500082015992,10.278278946074021,4.374721217957961,6.1584999561309814,8.065000057220459,9.889750003814697,12.516999959945679,7.840000152587891
2020-03-26,6.489999771118164,6.550000190734863,6.199999809265137,6.394999980926514,1700,0,0.0,0.011867058105699657,0.0033307291567325607,7.217250084877014,10.136578643492841,4.297921526261186,6.015000104904175,8.065000057220459,9.699249982833862,12.516999959945679,8.079999923706055
2020-03-27,6.269999980926514,6.849999904632568,6.269999980926514,6.849999904632568,900,0,0.0,0.0711493237002534,0.003567708283662798,7.147200059890747,10.030572819346904,4.263827300434589,6.049999952316284,8.065000057220459,9.600000143051147,12.516999959945679,7.5
2020-03-30,6.349999904632568,6.659999847412109,6.349999904632568,6.659999847412109,1100,0,0.0,-0.02773723501688874,0.003468749920527142,6.970600032806397,9.492752885987175,4.448447179625619,6.049999952316284,8.065000057220459,9.640000104904175,12.516999959945679,8.050000190734863
2020-03-31,6.25,6.685999870300293,6.25,6.685999870300293,900,0,0.0,0.0039039074300109,0.0034822915991147376,6.851250028610229,9.18069966536978,4.521800391850678,6.139999866485596,8.065000057220459,9.640000104904175,12.54099988937378,7.71999979019165
2020-04-01,6.300000190734863,6.300000190734863,6.300000190734863,6.300000190734863,600,0,0.0,-0.0577325287246967,0.003281250099341076,6.7230500221252445,8.86832690290783,4.577773141342659,6.139999866485596,8.065000057220459,9.640000104904175,12.544999837875366,8.130000114440918
2020-04-02,6.177000045776367,6.449999809265137,6.177000045776367,6.449999809265137,400,0,0.0,0.023809462537933257,0.0033593749006589273,6.5870500087738035,8.412391331628422,4.761708685919185,6.139999866485596,8.065000057220459,9.640000104904175,12.544999837875366,8.130000114440918
2020-04-03,6.099999904632568,6.665999889373779,5.749000072479248,6.665999889373779,4200,0,0.0,0.03348838550326283,0.0034718749423821786,6.463849997520446,7.865376344893349,5.062323650147544,6.139999866485596,8.065000057220459,9.640000104904175,12.544999837875366,7.639999866485596
2020-04-06,6.889999866485596,8.67300033569336,6.5,7.848999977111816,20200,0,0.0,0.17746776288188193,0.004088020821412406,6.482599997520447,7.947000428385399,5.018199566655495,7.211000204086304,8.065000057220459,9.640000104904175,12.544999837875366,8.100000381469727
2020-04-07,8.352999687194824,8.352999687194824,7.5,7.5,2700,0,0.0,-0.044464260177031756,0.003906250000000002,6.463599991798401,7.8626978562770535,5.064502127319749,7.211000204086304,8.065000057220459,9.466500043869019,12.544999837875366,7.679999828338623
2020-04-08,8.25100040435791,9.57800006866455,8.199999809265137,8.793999671936035,21700,0,0.0,0.1725332895914713,0.0045802081624666865,6.509299969673156,8.13455137001004,4.884048569336272,7.663500070571899,7.414000034332275,9.515000104904175,12.544999837875366,7.75
2020-04-09,8.869999885559082,9.0,8.640000343322754,8.682999610900879,2300,0,0.0,-0.012622249849449818,0.0045223956306775425,6.659949946403503,8.493683480797527,4.8262164120094795,7.663500070571899,7.414000034332275,9.515000104904175,12.544999837875366,8.649999618530273
2020-04-13,8.600000381469727,8.600000381469727,8.399999618530273,8.420000076293945,700,0,0.0,-0.030289018356831066,0.004385416706403098,6.727599954605102,8.711764580089408,4.743435329120795,7.663500070571899,7.414000034332275,9.515000104904175,12.544999837875366,8.0
2020-04-14,8.600000381469727,8.600000381469727,8.326000213623047,8.364999771118164,1400,0,0.0,-0.006532102693280417,0.004356770714124046,6.845849943161011,8.923206687452838,4.768493198869184,7.663500070571899,7.414000034332275,9.515000104904175,12.75,8.630000114440918
2020-04-15,7.480000019073486,8.050000190734863,7.090000152587891,7.090000152587891,5000,0,0.0,-0.15242075952380352,0.003692708412806195,6.9088499546051025,8.934378017177233,4.883321892032972,7.663500070571899,7.414000034332275,8.809999942779541,12.789999961853027,8.319999694824219
2020-04-16,7.400000095367432,7.494999885559082,6.5,7.300000190734863,5400,0,0.0,0.029619186689343158,0.0038020834326744097,7.003849959373474,8.910913990768313,5.096785927978635,7.663500070571899,7.414000034332275,8.809999942779541,10.394000053405762,8.319999694824219
2020-04-17,7.699999809265137,8.329999923706055,7.559999942779541,7.888999938964844,8200,0,0.0,0.08068489490966546,0.004108854134877524,7.106349945068359,8.971417202574427,5.241282687562292,8.039000034332275,7.414000034332275,8.809999942779541,10.295000076293945,9.574999809265137
2020-04-20,8.446999549865723,8.446999549865723,7.71999979019165,7.815000057220459,2800,0,0.0,-0.009380134657992478,0.004070312529802324,7.177099943161011,9.036909754909871,5.31729013141215,8.039000034332275,7.414000034332275,8.275000095367432,9.760000228881836,10.300000190734863
2020-04-21,7.760000228881836,8.300000190734863,7.760000228881836,8.020000457763672,4000,0,0.0,0.02623165694718166,0.004177083571751914,7.274099969863892,9.096498206247993,5.45170173347979,8.039000034332275,7.414000034332275,8.275000095367432,9.760000228881836,9.31999969482422
2020-04-22,8.314000129699707,8.5,8.291999816894531,8.5,400,0,0.0,0.059850313570951164,0.004427083333333335,7.427599978446961,9.113460087417781,5.741739869476139,7.75,7.414000034332275,7.858999967575073,9.760000228881836,10.34000015258789
2020-04-23,7.934000015258789,8.119999885559082,7.760000228881836,7.760000228881836,1400,0,0.0,-0.087058796602137,0.004041666785875957,7.499599981307983,9.110643040237107,5.888556922378859,7.550000190734863,7.414000034332275,7.858999967575073,9.760000228881836,10.34000015258789
2020-04-24,8.295999526977539,8.295999526977539,8.295999526977539,8.295999526977539,200,0,0.0,0.06907207245958258,0.004320833086967469,7.5946499586105345,9.156848907458455,6.032451009762613,7.550000190734863,7.503999948501587,7.627500057220459,9.550000190734863,10.489999771118164
2020-04-27,8.288000106811523,8.420000076293945,8.288000106811523,8.289999961853027,900,0,0.0,-0.0007231877370534878,0.004317708313465119,7.666649961471558,9.217504145148101,6.1157957777950145,7.5,7.503999948501587,7.3742499351501465,9.550000190734863,10.529999732971191
2020-04-28,7.909999847412109,8.199999809265137,7.900000095367432,8.050000190734863,1000,0,0.0,-0.0289505153465065,0.004192708432674408,7.7361499786376955,9.222905450410767,6.249394506864623,7.5,7.503999948501587,7.315000057220459,9.550000190734863,10.31999969482422
2020-04-29,8.305000305175781,8.5,8.100000381469727,8.456999778747559,1600,0,0.0,0.05055895383470066,0.004404687384764354,7.824699974060058,9.260255275776675,6.389144672343441,8.02999997138977,7.503999948501587,7.315000057220459,9.550000190734863,9.470000267028809
2020-04-30,8.140000343322754,8.140000343322754,8.109999656677246,8.109999656677246,800,0,0.0,-0.04103111400597692,0.0042239581545194,7.915199947357178,9.169841337198614,6.660558557515742,8.109999895095825,7.663500070571899,7.11175000667572,9.195000171661377,9.699999809265137
2020-05-01,8.364999771118164,8.479999542236328,7.840000152587891,7.840000152587891,1500,0,0.0,-0.03329217207389834,0.0040833334128061935,7.984699964523315,9.043790706893578,6.925609222153054,8.130000114440918,7.663500070571899,7.11175000667572,9.124499797821045,9.890000343322754
2020-05-04,7.739999771118164,8.079999923706055,7.739999771118164,8.079999923706055,2400,0,0.0,0.0306122151080499,0.0042083332935969045,8.055399966239928,8.922403572532223,7.1883963599476335,8.119999885559082,7.663500070571899,7.040000081062317,8.84499979019165,9.34000015258789
2020-05-05,7.75,8.151000022888184,7.349999904632568,7.5,1800,0,0.0,-0.07178216945329208,0.003906250000000001,8.037949967384339,8.934732914497761,7.141167020270916,7.924999952316284,7.663500070571899,7.057500004768372,8.554999828338623,8.526000022888184
2020-05-06,7.650000095367432,8.050000190734863,7.5,8.050000190734863,600,0,0.0,0.07333335876464853,0.004192708432674409,8.065449976921082,8.927238379135288,7.203661574706876,7.924999952316284,7.663500070571899,7.057500004768372,8.554999828338623,8.649999618530273
2020-05-07,7.894999980926514,8.130000114440918,7.71999979019165,7.71999979019165,700,0,0.0,-0.04099383760549802,0.004020833224058152,8.011749982833862,8.816627362186468,7.206872603481257,7.924999952316284,7.663500070571899,7.102499961853027,8.554999828338623,8.850000381469727
2020-05-08,7.579999923706055,8.130000114440918,7.5,8.130000114440918,1500,0,0.0,0.05310885173470825,0.004234375059604645,7.984100008010865,8.730063499514841,7.238136516506889,7.924999952316284,7.663500070571899,7.102499961853027,8.554999828338623,8.859999656677246
2020-05-11,8.130000114440918,8.130000114440918,8.130000114440918,8.130000114440918,0,0,0.0,0.0,0.004234375059604645,7.969600009918213,8.691747852127527,7.247452167708898,7.924999952316284,7.663500070571899,7.102499961853027,8.554999828338623,10.390000343322754
2020-05-12,8.25,8.579999923706055,7.639999866485596,7.639999866485596,2700,0,0.0,-0.0602706323564447,0.003979166597127915,7.933350014686584,8.645065072667595,7.221634956705573,7.9649999141693115,8.039000034332275,7.102499961853027,8.554999828338623,11.276000022888184
2020-05-13,7.999000072479248,9.5600004196167,7.800000190734863,8.100000381469727,39500,0,0.0,0.060209492542272924,0.00421875019868215,7.983850026130677,8.58221102395234,7.3854890283090135,8.455000162124634,8.039000034332275,7.638000130653381,8.554999828338623,10.300000190734863
2020-05-14,8.5,8.600000381469727,7.329999923706055,7.679999828338623,7800,0,0.0,-0.05185191769767494,0.003999999910593033,8.002850008010864,8.532651085699767,7.473048930321961,8.445000171661377,8.039000034332275,7.638000130653381,8.157999992370605,10.739999771118164
2020-05-15,7.980000019073486,8.220000267028809,7.75,7.75,4500,0,0.0,0.00911460588880253,0.004036458333333334,7.995900011062622,8.53515849723694,7.456641524888302,8.445000171661377,8.03000020980835,7.538750052452087,8.065000057220459,11.350000381469728
2020-05-18,8.178999900817871,8.725000381469727,8.178999900817871,8.649999618530273,5700,0,0.0,0.11612898303616426,0.004505208134651184,8.037649989128113,8.640676152158866,7.434623826097359,8.445000171661377,8.03000020980835,7.538750052452087,8.065000057220459,10.949999809265137
2020-05-19,8.4399995803833,8.4399995803833,7.840000152587891,8.0,5000,0,0.0,-0.07514446788388596,0.004166666666666667,8.03664996623993,8.639858167495605,7.433441764984254,8.445000171661377,8.03000020980835,7.538750052452087,8.065000057220459,10.800000190734863
2020-05-20,7.769999980926514,9.376999855041504,7.658999919891357,8.630000114440918,30000,0,0.0,0.07875001430511475,0.004494791726271311,8.043149971961975,8.668821038161383,7.417478905762567,8.445000171661377,8.03000020980835,7.538750052452087,8.065000057220459,11.0600004196167
2020-05-21,9.0600004196167,9.0600004196167,8.170000076293945,8.319999694824219,11900,0,0.0,-0.03592125324517248,0.004333333174387614,8.071149945259094,8.693709687056598,7.44859020346159,8.445000171661377,8.03000020980835,7.538750052452087,8.065000057220459,11.0600004196167
2020-05-22,8.699999809265137,9.0,8.319999694824219,8.319999694824219,7000,0,0.0,0.0,0.004333333174387614,8.072349953651429,8.696748442989767,7.447951464313091,8.445000171661377,8.445000171661377,7.538750052452087,8.065000057220459,10.800000190734863
2020-05-26,9.11299991607666,9.880000114440918,8.871999740600586,9.574999809265137,36700,0,0.0,0.15084136544159255,0.004986979067325592,8.136599946022034,9.042214373961059,7.23098551808301,8.605000019073486,8.605000019073486,7.726500034332275,8.065000057220459,22.790000915527344
2020-05-27,10.0,10.300000190734863,8.6899995803833,10.300000190734863,20600,0,0.0,0.07571805701428724,0.0053645834326744085,8.249099946022033,9.558202492368482,6.939997399675585,8.815000057220459,8.815000057220459,7.726500034332275,8.065000057220459,16.75
2020-05-28,9.289999961853027,9.449999809265137,8.619999885559082,9.31999969482422,13800,0,0.0,-0.09514567745272284,0.004854166507720949,8.292249941825867,9.681263028079108,6.903236855572625,8.97950005531311,8.815000057220459,7.726500034332275,8.065000057220459,13.6899995803833
2020-05-29,8.65999984741211,11.289999961853027,8.65999984741211,10.34000015258789,57800,0,0.0,0.10944211278570304,0.0053854167461395265,8.4037499666214,10.053054497656408,6.7544454355863905,9.474499940872192,9.309999942779541,7.582000017166138,8.065000057220459,13.1899995803833
2020-06-01,10.802000045776367,10.802000045776367,10.085000038146973,10.34000015258789,17900,0,0.0,0.0,0.0053854167461395265,8.5287499666214,10.35926466067586,6.698235272566938,9.474499940872192,9.309999942779541,7.482000112533569,8.065000057220459,13.989999771118164
2020-06-02,9.869999885559082,11.210000038146973,9.800000190734863,10.489999771118164,36300,0,0.0,0.014506732719218762,0.005463541547457378,8.649249958992005,10.65650504016758,6.64199487781643,9.474499940872192,9.309999942779541,7.527000069618225,8.065000057220459,12.869999885559082
2020-06-03,10.420000076293944,10.654999732971191,10.170000076293944,10.529999732971191,8500,0,0.0,0.0038131518327730873,0.005484374860922497,8.800749945640565,10.894645980662323,6.706853910618806,9.730000019073486,9.309999942779541,7.5019999742507935,8.065000057220459,12.489999771118164
2020-06-04,10.550000190734863,10.550000190734863,10.06999969482422,10.31999969482422,14400,0,0.0,-0.019943024071446658,0.005374999841054283,8.914249920845032,11.078742001566848,6.749757840123217,9.804999828338623,9.309999942779541,7.5019999742507935,8.065000057220459,11.8100004196167
2020-06-05,10.31999969482422,11.470000267028809,9.470000267028809,9.470000267028809,16700,0,0.0,-0.08236428807470908,0.004932291805744172,9.001749944686889,11.106065567169322,6.897434322204456,10.045000076293945,9.400000095367432,7.766999959945679,8.065000057220459,12.579999923706056
2020-06-08,9.890000343322754,10.479999542236328,9.699999809265137,9.699999809265137,11500,0,0.0,0.024287173785739524,0.005052083233992259,9.080249929428101,11.16547174663307,6.995028112223133,10.045000076293945,9.400000095367432,7.886749982833862,8.065000057220459,12.75
2020-06-09,9.583000183105469,10.0,9.300000190734863,9.890000343322754,12700,0,0.0,0.019587684308626008,0.005151041845480602,9.168249940872192,11.23388246063181,7.1026174211125745,10.045000076293945,9.400000095367432,7.896750092506409,8.065000057220459,12.510000228881836
2020-06-10,9.95199966430664,9.960000038146973,9.010000228881836,9.34000015258789,12700,0,0.0,-0.05561174637432609,0.004864583412806194,9.253249955177306,11.195249504830343,7.311250405524269,10.065000057220459,9.400000095367432,7.891749978065491,8.065000057220459,12.520000457763672
2020-06-11,9.0,9.449999809265137,8.34000015258789,8.526000022888184,14800,0,0.0,-0.0871520467239143,0.0044406250119209305,9.27454993724823,11.173906468798258,7.375193405698202,9.90500020980835,9.400000095367432,7.794250011444092,8.065000057220459,12.399999618530272
2020-06-12,8.390000343322754,9.149999618530272,8.390000343322754,8.649999618530273,7600,0,0.0,0.014543701068403747,0.004505208134651185,9.323049926757813,11.101483210104519,7.544616643411107,9.90500020980835,9.400000095367432,7.794250011444092,8.065000057220459,12.149999618530272
2020-06-15,8.739999771118164,9.593999862670898,8.42199993133545,8.850000381469727,24700,0,0.0,0.02312147650399954,0.00460937519868215,9.378049945831298,11.019854611729683,7.736245279932914,9.90500020980835,9.400000095367432,7.794250011444092,8.065000057220459,11.369999885559082
2020-06-16,9.277999877929688,9.277999877929688,8.859999656677246,8.859999656677246,1700,0,0.0,0.0011298615566679437,0.0046145831545194,9.388549947738648,11.014024510309723,7.763075385167574,9.90500020980835,9.400000095367432,7.794250011444092,8.065000057220459,11.289999961853027
2020-06-17,9.170000076293944,12.880000114440918,9.140000343322754,10.390000343322754,132400,0,0.0,0.1726863144393509,0.005411458512147269,9.508049964904785,11.056391648354822,7.9597082814547475,10.610000133514404,10.105000019073486,7.794250011444092,8.065000057220459,10.859999656677246
2020-06-18,11.489999771118164,11.489999771118164,10.465999603271484,11.276000022888184,20300,0,0.0,0.08527426855522946,0.005872916678587598,9.640349960327148,11.314468542782905,7.966231377871392,10.610000133514404,10.105000019073486,8.001999974250793,8.065000057220459,10.800000190734863
2020-06-19,10.850000381469728,10.901000022888184,10.25,10.300000190734863,9500,0,0.0,-0.08655550107948051,0.00536458343267441,9.739349985122681,11.320026520193185,8.158673450052177,10.610000133514404,10.105000019073486,8.247000098228455,8.065000057220459,10.649999618530272
2020-06-22,10.56999969482422,10.9399995803833,10.515000343322754,10.739999771118164,9000,0,0.0,0.042718405071399124,0.005593749880790712,9.860349988937378,11.355162230299136,8.365537747575619,10.610000133514404,10.269500017166138,8.242000102996826,8.065000057220459,10.640000343322754
2020-06-23,10.829999923706056,11.619999885559082,10.5600004196167,11.350000381469728,25300,0,0.0,0.05679707852433746,0.005911458532015486,9.949100017547607,11.572312715160606,8.325887319934608,10.610000133514404,10.269500017166138,8.237500190734863,7.414000034332275,23.790000915527344
2020-06-24,10.960000038146973,11.175000190734863,10.47599983215332,10.949999809265137,14400,0,0.0,-0.03524233997891679,0.005703124900658928,9.98159999847412,11.65737024825209,8.305829748696151,10.635000228881836,10.269500017166138,8.237500190734863,7.414000034332275,16.309999465942383
2020-06-25,10.520000457763672,11.729999542236328,10.520000457763672,10.800000190734863,9500,0,0.0,-0.013698595538180203,0.005625000099341077,10.055600023269653,11.738746779929718,8.372453266609588,10.651000022888184,10.269500017166138,8.237500190734863,7.414000034332275,21.290000915527344
2020-06-26,10.741999626159668,11.0600004196167,10.720000267028809,11.0600004196167,3600,0,0.0,0.02407409484167289,0.005760416885217033,10.091600036621093,11.828079603725342,8.355120469516844,10.869999885559082,10.525000095367432,8.237500190734863,7.414000034332275,17.6299991607666
2020-06-29,10.800000190734863,11.244999885559082,10.59000015258789,11.0600004196167,5300,0,0.0,0.0,0.005760416885217033,10.127600049972534,11.912889398900436,8.342310701044632,11.010000228881836,10.599999904632568,8.237500190734863,7.414000034332275,17.649999618530273
2020-06-30,11.020000457763672,11.020000457763672,10.800000190734863,10.800000190734863,1300,0,0.0,-0.023508157234848115,0.005625000099341078,10.14310007095337,11.94619368260192,8.340006459304819,10.989999771118164,10.610000133514404,8.445000171661377,7.414000034332275,18.09000015258789
2020-07-01,12.4399995803833,31.450000762939453,11.5,22.790000915527344,1492200,0,0.0,1.1101852326890231,0.011869792143503831,10.756100130081176,16.590512108340967,4.921688151821386,20.850000381469727,19.895000457763672,8.605000019073486,7.565000057220459,18.51000022888184
2020-07-02,21.520000457763672,23.979999542236328,15.210000038146973,16.75,908300,0,0.0,-0.26502855080677745,0.008723958333333339,11.077600145339966,17.468841244321432,4.686359046358501,20.963000297546387,19.895000457763672,8.815000057220459,7.775000095367432,18.600000381469727
2020-07-06,15.800000190734863,15.800000190734863,13.0,13.6899995803833,284100,0,0.0,-0.18268659221592232,0.007130208114782974,11.28860011100769,17.73261003526727,4.844590186748112,20.963000297546387,19.895000457763672,8.897250056266785,7.775000095367432,17.809999465942383
2020-07-07,13.050000190734863,14.699999809265137,13.020000457763672,13.1899995803833,108200,0,0.0,-0.03652301061546126,0.006869791448116307,11.463100099563599,17.914677697715533,5.0115225014116636,20.963000297546387,19.895000457763672,9.392249941825867,8.269999980926514,17.520000457763672
2020-07-08,13.140000343322754,14.199999809265137,12.0,13.989999771118164,155200,0,0.0,0.060652025487904826,0.007286458214124048,11.668100070953368,18.16760707004414,5.168593071862597,20.985000610351562,19.895000457763672,9.392249941825867,8.269999980926514,16.649999618530273
2020-07-09,14.0,14.0,12.800000190734863,12.869999885559082,56600,0,0.0,-0.08005717683221703,0.006703124940395359,11.844600057601928,18.27218254827664,5.4170175669272185,21.020000457763672,19.895000457763672,9.392249941825867,8.359999895095825,16.90999984741211
2020-07-10,12.760000228881836,13.0,12.149999618530272,12.489999771118164,28900,0,0.0,-0.029526038680645295,0.006505208214124048,12.042800045013427,18.288794726493684,5.796805363533169,21.020000457763672,19.895000457763672,9.519999980926514,8.359999895095825,15.579999923706056
2020-07-13,12.329999923706056,12.81999969482422,11.800000190734863,11.8100004196167,41100,0,0.0,-0.05444350392014363,0.0061510418852170345,12.20080008506775,18.25018319054166,6.15141697959384,21.125000476837158,19.895000457763672,9.557499885559082,8.359999895095825,15.739999771118164
2020-07-14,12.0,12.699999809265137,11.630000114440918,12.579999923706056,40800,0,0.0,0.06519893960463952,0.006552083293596908,12.387300062179566,18.236513889402588,6.538086234956545,21.475000381469727,19.895000457763672,9.722500085830688,8.450000047683716,14.850000381469728
2020-07-15,12.40999984741211,12.75,11.722000122070312,12.75,52600,0,0.0,0.013513519660170337,0.006640625000000003,12.581800079345703,18.200635577077197,6.962964581614208,17.804999828338623,19.895000457763672,9.722500085830688,8.609500169754028,14.729999542236328
2020-07-16,12.75,15.5,12.329999923706056,12.510000228881836,267000,0,0.0,-0.018823511460248188,0.006515625119209292,12.687800073623658,18.2155123716901,7.160087775557215,13.71500015258789,19.895000457763672,9.722500085830688,8.609500169754028,13.739999771118164
2020-07-17,12.729999542236328,13.369999885559082,12.109999656677246,12.520000457763672,85800,0,0.0,0.0007993787928755047,0.006520833571751915,12.750000095367431,18.240232473411726,7.259767717323135,13.565000057220459,19.895000457763672,9.732500076293945,8.609500169754028,13.59000015258789
2020-07-20,12.25,12.800000190734863,12.100000381469728,12.399999618530272,21100,0,0.0,-0.0095847312177203,0.006458333134651186,12.855000066757203,18.231727218750674,7.478272914763732,13.565000057220459,19.920000553131104,9.65250015258789,8.609500169754028,11.800000190734863
2020-07-21,12.34000015258789,12.579999923706056,12.010000228881836,12.149999618530272,23500,0,0.0,-0.020161290942816268,0.006328124801317853,12.925500059127808,18.22504252205564,7.6259575961999735,13.565000057220459,19.93600034713745,9.65250015258789,8.609500169754028,12.149999618530272
2020-07-22,12.0,12.130000114440918,11.239999771118164,11.369999885559082,36700,0,0.0,-0.06419751090210668,0.0059218749403953585,12.926500034332275,18.224847463718593,7.6281526049459565,13.369999885559082,20.15500020980835,9.65250015258789,8.609500169754028,11.880000114440918
2020-07-23,11.359999656677246,11.779999732971191,11.289999961853027,11.289999961853027,15300,0,0.0,-0.007036053167217893,0.0058802083134651215,12.94350004196167,18.21824582740888,7.668754256514459,13.369999885559082,20.295000553131104,9.65250015258789,8.609500169754028,11.739999771118164
2020-07-24,11.239999771118164,11.470000267028809,10.760000228881836,10.859999656677246,19800,0,0.0,-0.03808682963938692,0.005656249821186069,12.946500015258788,18.216379318135257,7.676620712382321,13.130000114440918,20.850000381469727,10.357500076293945,9.314500093460083,11.399999618530272
2020-07-27,10.81999969482422,11.149999618530272,10.510000228881836,10.800000190734863,17500,0,0.0,-0.005524812876535612,0.005625000099341078,12.933500003814697,18.22339191761906,7.643608090010334,13.005000114440918,20.850000381469727,10.357500076293945,9.690000057220459,10.93000030517578
2020-07-28,10.699999809265137,10.920000076293944,10.579999923706056,10.649999618530272,12400,0,0.0,-0.013888941625508022,0.005546874801317853,12.912999963760376,18.23520471316763,7.590795214353122,13.005000114440918,20.963000297546387,10.357500076293945,9.690000057220459,10.529999732971191
2020-07-29,10.890000343322754,10.890000343322754,10.510000228881836,10.640000343322754,34900,0,0.0,-0.0009388991141483505,0.005541666845480604,12.90499997138977,18.240493662014465,7.569506280765077,11.940000057220459,20.963000297546387,10.439750075340271,9.690000057220459,10.850000381469728
2020-07-30,12.0,24.559999465942383,11.260000228881836,23.790000915527344,2597800,0,0.0,1.2359022695386486,0.012390625476837166,12.954999971389771,18.669617998801822,7.24038194397772,17.53499984741211,20.963000297546387,10.439750075340271,9.690000057220459,11.199999809265137
2020-07-31,16.989999771118164,17.3799991607666,14.960000038146973,16.309999465942383,770300,0,0.0,-0.3144178714471123,0.008494791388511664,12.93299994468689,18.591516816316215,7.2744830730575645,17.53499984741211,20.980000495910645,10.452250123023987,9.690000057220459,10.6899995803833
2020-08-03,15.5,21.290000915527344,14.039999961853027,21.290000915527344,232300,0,0.0,0.3053342497027003,0.011088542143503832,13.313000011444093,20.05390723033737,6.572092792550816,17.53499984741211,20.980000495910645,10.46025002002716,9.690000057220459,11.31999969482422
2020-08-04,18.020000457763672,18.790000915527344,17.200000762939453,17.6299991607666,74900,0,0.0,-0.1719117706609119,0.009182291229565945,13.534999990463257,20.5353983735692,6.534601607357315,17.53499984741211,20.980000495910645,10.697499990463257,9.690000057220459,11.56999969482422
2020-08-05,17.68000030517578,18.690000534057617,17.0,17.649999618530273,57000,0,0.0,0.001134455967994663,0.00919270813465119,13.717999982833863,20.94655558295159,6.4894443827161385,17.53499984741211,20.980000495910645,10.805000066757202,9.690000057220459,11.84000015258789
2020-08-06,17.190000534057617,19.479999542236328,16.549999237060547,18.09000015258789,68300,0,0.0,0.02492920926727238,0.009421875079472867,13.978999996185303,21.44196732167385,6.516032670696756,17.53499984741211,20.980000495910645,10.799999952316284,10.105000019073486,12.8100004196167
2020-08-07,17.950000762939453,18.753999710083008,17.610000610351562,18.51000022888184,29400,0,0.0,0.023217251119473703,0.0096406251192093,14.280000019073487,21.963239807573665,6.59676023057331,17.53499984741211,17.53499984741211,20.3725004196167,19.390000343322754,12.550000190734863
2020-08-10,18.420000076293945,18.88999938964844,17.562000274658203,18.600000381469727,33200,0,0.0,0.004862244812263938,0.009687500198682157,14.619500017166137,22.43652563910055,6.802474395231723,17.53499984741211,17.53499984741211,20.42900037765503,19.390000343322754,12.59000015258789
2020-08-11,18.299999237060547,18.790000915527344,17.172000885009766,17.809999465942383,62600,0,0.0,-0.042473166630382586,0.009276041388511666,14.880999994277953,22.757959525202363,7.004040463353544,17.90999984741211,17.53499984741211,20.42900037765503,19.390000343322754,12.550000190734863
2020-08-12,17.950000762939453,18.07999992370605,17.100000381469727,17.520000457763672,21400,0,0.0,-0.016282931885161944,0.009125000238418588,15.119500017166137,23.01294093405917,7.226059100273106,17.665000438690186,17.53499984741211,20.42900037765503,19.390000343322754,11.9399995803833
2020-08-13,17.1200008392334,17.25,16.469999313354492,16.649999618530273,42100,0,0.0,-0.049657580850568594,0.008671874801317859,15.32649998664856,23.151456516290896,7.501543457006226,17.665000438690186,17.53499984741211,20.440000534057617,19.390000343322754,11.0
2020-08-14,16.510000228881836,16.920000076293945,16.459999084472656,16.90999984741211,16700,0,0.0,0.0156156297200436,0.008807291587193814,15.54599995613098,23.28871041075607,7.8032895015058905,17.969999313354492,17.53499984741211,20.457500457763672,19.390000343322754,11.329999923706056
2020-08-17,17.0,17.0,15.579999923706056,15.579999923706056,16200,0,0.0,-0.07865168159120917,0.00811458329359691,15.704999971389771,23.310684313447943,8.099315629331599,17.52999973297119,17.53499984741211,20.457500457763672,19.390000343322754,10.529999732971191
2020-08-18,16.290000915527344,16.290000915527344,15.25,15.739999771118164,13700,0,0.0,0.010269566636432081,0.008197916547457383,15.884499979019164,23.311552822578292,8.457447135460038,17.364999771118164,17.53499984741211,20.510000467300415,19.390000343322754,11.3100004196167
2020-08-19,15.4399995803833,15.970000267028809,14.831000328063965,14.850000381469728,16800,0,0.0,-0.05654379940217813,0.007734375198682156,16.058500003814697,23.209325125552763,8.90767488207663,16.8604998588562,17.53499984741211,20.6850004196167,19.390000343322754,11.050000190734863
2020-08-20,14.84000015258789,15.21500015258789,14.550000190734863,14.729999542236328,9400,0,0.0,-0.008080864387258968,0.007671874761581426,16.230499982833862,23.06965280534864,9.391347160319086,16.71999979019165,17.53499984741211,18.850000143051147,19.390000343322754,11.0
2020-08-21,14.550000190734863,14.883000373840332,12.510000228881836,13.739999771118164,43900,0,0.0,-0.06720976251760702,0.0071562498807907155,16.374499988555907,22.863926298010757,9.885073679101058,15.65000057220459,17.53499984741211,16.80500030517578,19.390000343322754,10.510000228881836
2020-08-24,20.0,20.200000762939453,12.350000381469728,13.59000015258789,1889300,0,0.0,-0.010917002986097324,0.007078125079472864,16.51399998664856,22.622893249227303,10.40510672406982,16.27500057220459,17.53499984741211,16.730000257492065,19.390000343322754,11.130000114440918
2020-08-25,12.25,12.640000343322754,11.020000457763672,11.800000190734863,346700,0,0.0,-0.13171449166703386,0.006145833432674413,16.57150001525879,22.47451886571602,10.668481164801555,15.610000610351562,17.53499984741211,16.74250030517578,19.390000343322754,10.93000030517578
2020-08-26,11.800000190734863,12.699999809265137,11.260000228881836,12.149999618530272,222200,0,0.0,0.029660967977799046,0.006328124801317855,16.646999979019164,22.273877296720954,11.020122661317373,15.610000610351562,17.53499984741211,16.750500202178955,19.390000343322754,11.020000457763672
2020-08-27,12.630000114440918,12.630000114440918,11.479999542236328,11.880000114440918,84600,0,0.0,-0.02222218210423399,0.0061875000596046505,16.051499938964845,21.00186815543934,11.101131722490349,15.610000610351562,17.53499984741211,16.762500047683716,19.390000343322754,10.130000114440918
2020-08-28,11.649999618530272,12.260000228881836,11.609999656677246,11.739999771118164,45200,0,0.0,-0.011784540570212165,0.006114583214124049,15.822999954223633,21.118281475859707,10.527718432587559,15.610000610351562,17.53499984741211,16.832500219345093,19.390000343322754,10.039999961853027
2020-08-31,11.949999809265137,11.989999771118164,11.260000228881836,11.399999618530272,65500,0,0.0,-0.02896083127908866,0.005937499801317855,15.328499889373779,20.324852268078118,10.332147510669442,15.610000610351562,17.53499984741211,16.990000247955322,19.390000343322754,9.869999885559082
2020-09-01,11.56999969482422,11.609999656677246,10.5,10.93000030517578,112200,0,0.0,-0.041228011322958835,0.005692708492279056,14.993499946594238,20.223267130548898,9.763732762639577,15.350000381469727,17.52999973297119,16.927500247955322,19.390000343322754,9.770000457763672
2020-09-02,10.970000267028809,11.038000106811523,10.324999809265137,10.529999732971191,57800,0,0.0,-0.036596574660219594,0.0054843748609225,14.637499952316285,20.0633002866635,9.211699617969067,15.262500286102295,17.44249963760376,16.984000205993652,19.390000343322754,9.529999732971191
2020-09-03,10.3100004196167,11.109999656677246,10.0,10.850000381469728,58600,0,0.0,0.03038942607914419,0.005651041865348821,14.275499963760376,19.697656764010496,8.853343163510258,15.100000381469727,17.27999973297119,16.451500177383423,19.554500341415405,9.170000076293944
2020-09-04,10.850000381469728,11.32900047302246,10.350000381469728,11.199999809265137,61800,0,0.0,0.03225801064423539,0.0058333332339922635,13.90999994277954,19.120236534326903,8.699763351232178,11.349999904632568,15.645000457763672,19.249000072479248,19.554500341415405,8.739999771118164
2020-09-08,11.010000228881836,11.270000457763672,10.6899995803833,10.6899995803833,57500,0,0.0,-0.04553573549706147,0.005567708114782973,13.51449990272522,18.43009099109693,8.59890881435351,11.349999904632568,15.645000457763672,19.257500171661377,19.554500341415405,8.170000076293945
2020-09-09,10.619999885559082,11.479999542236328,10.529999732971191,11.31999969482422,29100,0,0.0,0.05893359580640234,0.005895833174387619,13.189999914169311,17.77042261652395,8.609577211814674,11.315000057220459,15.100000381469727,19.257500171661377,19.554500341415405,7.699999809265137
2020-09-10,11.149999618530272,11.670000076293944,11.149999618530272,11.56999969482422,40500,0,0.0,0.02208480624909437,0.006026041507720953,12.892499876022338,17.059293178048584,8.725706573996092,11.130000114440918,15.100000381469727,19.257500171661377,19.8100004196167,7.349999904632568
2020-09-11,11.56999969482422,11.84000015258789,11.312000274658203,11.84000015258789,26000,0,0.0,0.023336254527686284,0.006166666746139532,12.651999902725219,16.459568103243843,8.844431702206597,10.994999885559082,15.100000381469727,19.257500171661377,19.885000228881836,6.889999866485596
2020-09-14,11.65999984741211,12.8100004196167,11.65999984741211,12.8100004196167,51400,0,0.0,0.08192569717296783,0.0066718752185503695,12.44699993133545,15.713017964036688,9.180981898634212,11.40500020980835,15.100000381469727,19.257500171661377,19.895000457763672,6.300000190734863
2020-09-15,12.670000076293944,12.770000457763672,12.239999771118164,12.550000190734863,46500,0,0.0,-0.020296660450040416,0.006536458432674414,12.29549994468689,15.226638937498016,9.364360951875764,11.40500020980835,15.100000381469727,17.53499984741211,19.895000457763672,5.989999771118164
2020-09-16,12.529999732971191,12.619999885559082,12.229999542236328,12.59000015258789,32500,0,0.0,0.0031872479079766425,0.006557291746139532,12.137999963760375,14.609822680042434,9.666177247478316,11.40500020980835,15.100000381469727,17.53499984741211,19.895000457763672,5.940000057220459
2020-09-17,12.479999542236328,12.59000015258789,12.09000015258789,12.550000190734863,28500,0,0.0,-0.0031771216336963226,0.006536458432674414,12.022999954223632,14.168613197442102,9.877386711005162,11.580000400543213,15.100000381469727,17.72249984741211,19.895000457763672,5.710000038146973
2020-09-18,12.350000381469728,12.380000114440918,11.84000015258789,11.9399995803833,19300,0,0.0,-0.04860562558412551,0.006218749781449641,11.883499956130981,13.628418994879453,10.138580917382509,11.670000076293945,15.100000381469727,17.600000143051147,19.895000457763672,5.730000019073486
2020-09-21,11.5,12.126999855041504,10.824999809265137,11.0,39000,0,0.0,-0.07872693579718903,0.0057291666666666715,11.746499967575073,13.305282672901066,10.187717262249079,11.670000076293945,15.100000381469727,17.600000143051147,19.895000457763672,5.550000190734863
2020-09-22,10.949999809265137,11.59000015258789,10.8100004196167,11.329999923706056,11400,0,0.0,0.02999999306418699,0.005901041626930243,11.633499956130981,12.94731239983032,10.319687512431642,11.8100004196167,15.100000381469727,17.7524995803833,19.895000457763672,5.119999885559082
2020-09-23,11.06999969482422,11.06999969482422,10.510000228881836,10.529999732971191,13200,0,0.0,-0.07060901995780278,0.0054843748609225,11.569999933242798,12.966567543827223,10.173432322658373,11.660000324249268,15.100000381469727,17.53249979019165,19.895000457763672,5.0
2020-09-24,10.383999824523926,11.449999809265137,10.380000114440918,11.3100004196167,10800,0,0.0,0.07407414116101019,0.005890625218550369,11.527999973297119,12.90237959773012,10.153620348864118,11.595000267028809,15.100000381469727,17.449999809265137,19.895000457763672,4.599999904632568
2020-09-25,11.329999923706056,11.489999771118164,10.670000076293944,11.050000190734863,7000,0,0.0,-0.022988525131340976,0.005755208432674412,11.486499977111816,12.866028827826215,10.106971126397417,11.575000286102295,15.100000381469727,17.197749853134155,19.895000457763672,4.559999942779541
2020-09-28,11.0600004196167,11.489999771118164,10.651000022888184,11.0,9000,0,0.0,-0.004524904060796975,0.005729166666666671,11.449499988555909,12.83961704522926,10.059382931882556,11.5,15.100000381469727,17.12749981880188,19.895000457763672,4.340000152587891
2020-09-29,11.010000228881836,11.515000343322754,10.43000030517578,10.510000228881836,21800,0,0.0,-0.044545433738014895,0.005473958452542627,11.405000019073487,12.854960993049392,9.955039045097582,11.485000133514404,15.100000381469727,16.59250020980835,19.895000457763672,4.099999904632568
2020-09-30,10.489999771118164,11.449999809265137,10.489999771118164,11.130000114440918,23000,0,0.0,0.05899142455347439,0.005796875059604648,11.415000009536744,12.854324181213798,9.97567583785969,11.380000114440918,11.40500020980835,16.90500020980835,19.895000457763672,4.099999904632568
2020-10-01,11.25,11.25,10.800000190734863,10.93000030517578,44600,0,0.0,-0.017969434609946044,0.0056927084922790555,11.435000038146972,12.834727355241304,10.03527272105264,11.253499984741211,11.40500020980835,16.572500228881836,19.920000553131104,4.130000114440918
2020-10-02,10.510000228881836,11.989999771118164,10.40999984741211,11.020000457763672,601700,0,0.0,0.008234231479872234,0.005739583571751916,11.44350004196167,12.830789556965758,10.056210526957582,11.184999942779541,11.40500020980835,16.572500228881836,19.93600034713745,4.03000020980835
2020-10-05,10.850000381469728,10.859999656677246,9.869999885559082,10.130000114440918,200000,0,0.0,-0.08076227825342264,0.005276041726271314,11.390000057220458,12.889947872470593,9.890052241970324,10.929999828338623,11.34000015258789,16.572500228881836,20.15500020980835,4.010000228881836
2020-10-06,10.140000343322754,10.65999984741211,10.039999961853027,10.039999961853027,42300,0,0.0,-0.00888451644335031,0.005229166646798455,11.357500076293945,12.94337194741889,9.771628205169,10.929999828338623,11.34000015258789,16.572500228881836,20.295000553131104,4.110000133514404
2020-10-07,10.289999961853027,10.289999961853027,9.640000343322754,9.869999885559082,99900,0,0.0,-0.016932278579667392,0.005140624940395358,11.285000085830688,12.999883758685579,9.570116412975798,10.815000057220459,11.225000381469727,16.572500228881836,20.850000381469727,4.119999885559082
2020-10-08,10.220000267028809,10.270000457763672,9.75,9.770000457763672,64600,0,0.0,-0.01013165440272401,0.005088541905085248,11.19500012397766,13.026862197495591,9.36313805045973,10.815000057220459,11.225000381469727,16.44000005722046,20.850000381469727,3.680000066757202
2020-10-09,9.75,9.850000381469728,9.36299991607666,9.529999732971191,45100,0,0.0,-0.02456506791683566,0.004963541527589165,11.079500102996827,13.023252290895432,9.135747915098221,10.676499843597412,11.08650016784668,16.352499961853027,20.887500286102295,3.819999933242798
2020-10-12,9.350000381469728,9.5,9.050000190734863,9.170000076293944,72700,0,0.0,-0.037775410993113434,0.004776041706403098,10.89750008583069,12.84068418227995,8.954315989381428,10.519999980926514,10.930000305175781,16.19000005722046,20.725000381469727,3.869999885559082
2020-10-13,9.0,9.170000076293944,8.520000457763672,8.739999771118164,125000,0,0.0,-0.046892072148113195,0.004552083214124047,10.707000064849854,12.711554162580828,8.70244596711888,10.255000114440918,10.665000438690186,13.49750018119812,20.725000381469727,4.420000076293945
2020-10-14,8.899999618530273,8.935999870300293,7.980000019073486,8.170000076293945,139500,0,0.0,-0.06521735809511298,0.004255208373069766,10.486000061035156,12.584856747773365,8.387143374296947,9.984999895095825,10.395000219345093,13.49750018119812,20.725000381469727,5.510000228881836
2020-10-15,7.96999979019165,8.069999694824219,7.550000190734863,7.699999809265137,124600,0,0.0,-0.05752757192653646,0.004010416567325595,10.24350004196167,12.451532268789348,8.035467815133993,9.204999923706055,10.180000305175781,13.207500219345093,20.725000381469727,4.860000133514404
2020-10-16,7.78000020980835,7.78000020980835,7.079999923706055,7.349999904632568,126200,0,0.0,-0.04545453419510814,0.0038281249503294653,10.014000058174133,12.416768230847651,7.611231885500616,8.869999885559082,9.945000171661377,13.115000247955322,20.725000381469727,4.389999866485596
2020-10-19,7.349999904632568,7.550000190734863,6.820000171661377,6.889999866485596,104800,0,0.0,-0.06258504001572074,0.0035885415971279168,9.808500051498413,12.524968384612874,7.092031718383952,8.555000066757202,9.815000295639038,13.047500133514404,20.725000381469727,3.9600000381469727
2020-10-20,6.840000152587891,6.869999885559082,6.260000228881836,6.300000190734863,244500,0,0.0,-0.0856313043808048,0.003281250099341077,9.557000064849854,12.58094223789016,6.533057891809547,8.265000343322754,9.515000343322754,13.252500295639038,20.725000381469727,3.9700000286102295
2020-10-21,6.300000190734863,6.35099983215332,5.889999866485596,5.989999771118164,162500,0,0.0,-0.04920641432243178,0.0031197915474573796,9.330000066757203,12.694073683961744,5.965926449552662,7.870000123977662,9.254999876022339,13.252500295639038,17.27999973297119,4.139999866485596
2020-10-22,6.0,6.53000020980835,5.809999942779541,5.940000057220459,334200,0,0.0,-0.008347197964645559,0.003093750029802325,9.06150004863739,12.604998764508508,5.518001332766271,7.6549999713897705,9.200000047683716,13.252500295639038,17.27999973297119,3.990000009536743
2020-10-23,5.929999828338623,6.135000228881836,5.610000133514404,5.710000038146973,170900,0,0.0,-0.038720541558565524,0.0029739583532015505,8.794500041007996,12.501213576489354,5.087786505526639,7.390000104904174,8.995000123977661,13.34000039100647,17.27999973297119,3.940000057220459
2020-10-26,5.670000076293945,5.860000133514404,5.329999923706055,5.730000019073486,619500,0,0.0,0.0035026236064621408,0.0029843750099341096,8.53100004196167,12.32233931619254,4.7396607677308005,7.132999897003174,8.72849988937378,13.385000228881836,17.27999973297119,4.179999828338623
2020-10-27,5.860000133514404,6.25,5.429999828338623,5.550000190734863,710500,0,0.0,-0.03141358250252291,0.002890625099341077,8.283000040054322,12.172782738462365,4.393217341646279,6.699999809265137,8.65999984741211,13.385000228881836,17.27999973297119,4.579999923706055
2020-10-28,5.389999866485596,5.477000236511231,4.849999904632568,5.119999885559082,378800,0,0.0,-0.07747752980146216,0.002666666607062024,7.98250002861023,11.87470306614657,4.09029699107389,6.315000057220459,8.419999837875366,13.455000400543213,17.27999973297119,4.650000095367432
2020-10-29,5.139999866485596,5.228000164031982,4.909999847412109,5.0,155600,0,0.0,-0.023437478172126713,0.0026041666666666687,7.686000013351441,11.53771520892126,3.8342848177816213,6.200000047683716,8.419999837875366,13.380000352859497,17.27999973297119,4.900000095367432
2020-10-30,5.0,5.179999828338623,4.400000095367432,4.599999904632568,493900,0,0.0,-0.0800000190734863,0.002395833283662798,7.364999985694885,11.119612523483031,3.6103874479067395,5.634999990463257,8.194999933242798,13.347500324249268,17.27999973297119,4.570000171661377
2020-11-02,4.75,4.75,4.449999809265137,4.559999942779541,180600,0,0.0,-0.008695644061371466,0.0023749999701976796,7.086499977111816,10.805171460173671,3.3678284940499617,5.465000152587891,8.194999933242798,13.33750033378601,17.27999973297119,4.269999980926514
2020-11-03,4.550000190734863,4.623000144958496,4.150000095367432,4.340000152587891,186600,0,0.0,-0.048245568629886826,0.002260416746139528,6.80149998664856,10.443133862294353,3.159866111002768,5.340000152587891,8.069999933242798,13.300000190734863,17.27999973297119,4.340000152587891
2020-11-04,4.360000133514404,4.420000076293945,3.950000047683716,4.099999904632568,305700,0,0.0,-0.055299594358818815,0.002135416616996131,6.5129999876022335,10.048076987825063,2.977922987379404,5.100000023841858,7.96999990940094,13.292500257492065,17.27999973297119,4.159999847412109
2020-11-05,4.110000133514404,4.230000019073486,3.9700000286102295,4.099999904632568,300100,0,0.0,0.0,0.002135416616996131,6.229499959945679,9.5767655088323,2.882234411059058,5.100000023841858,7.96999990940094,11.392500162124634,17.27999973297119,4.170000076293945
2020-11-06,4.03000020980835,4.590000152587891,3.609999895095825,4.130000114440918,1173800,0,0.0,0.007317124513698703,0.002151041726271313,5.959499979019165,9.057582450954468,2.861417507083862,4.929999947547913,7.799999833106995,11.32925009727478,17.27999973297119,4.199999809265137
2020-11-09,4.0,4.25,3.75,4.03000020980835,657300,0,0.0,-0.024213051298209387,0.002098958442608517,5.702499985694885,8.53088154063379,2.874118430755982,4.543500065803528,7.234999775886536,11.295000076293945,17.27999973297119,4.159999847412109
2020-11-10,4.0,4.099999904632568,3.809999942779541,4.010000228881836,693000,0,0.0,-0.004962774165082395,0.002088541785875958,5.466000008583069,8.01301100468642,2.918989012479716,4.419000029563904,7.134999871253967,11.134999990463257,17.214999675750732,4.090000152587891
2020-11-11,4.039999961853027,4.179999828338623,3.900000095367432,4.110000133514404,1377500,0,0.0,0.024937630654563003,0.002140625069538754,5.263000011444092,7.546432872131145,2.9795671507570387,4.394999861717224,6.949999928474426,11.134999990463257,17.214999675750732,4.090000152587891
2020-11-12,4.179999828338623,4.489999771118164,3.940000057220459,4.119999885559082,2752500,0,0.0,0.002433029615531268,0.00214583327372869,5.084000015258789,7.120627632928214,3.0473723975893656,4.179999947547913,6.9400001764297485,11.020000219345093,17.09999990463257,5.070000171661377
2020-11-13,3.849999904632568,3.9600000381469727,3.509999990463257,3.680000066757202,1911800,0,0.0,-0.10679607549119441,0.001916666701436044,4.900500023365021,6.7368153992001485,3.064184647529894,4.0665000677108765,6.680000185966493,11.020000219345093,17.09999990463257,4.840000152587891
2020-11-16,3.799999952316284,3.9700000286102295,3.7300000190734863,3.819999933242798,871500,0,0.0,0.038043441289652646,0.0019895832985639583,4.747000026702881,6.393978332505681,3.10002172090008,4.050000071525574,6.504999995231628,10.881500005722046,16.96149969100952,4.940000057220459
2020-11-17,3.799999952316284,3.910000085830689,3.700000047683716,3.869999885559082,996800,0,0.0,0.013088992981693304,0.0020156249403953564,4.625500011444092,6.148887498606539,3.102112524281644,4.050000071525574,6.3400000333786,10.725000143051147,16.804999828338623,4.650000095367432
2020-11-18,4.010000228881836,4.75,4.010000228881836,4.420000076293945,3526700,0,0.0,0.14211891653723074,0.0023020833730697647,4.5470000267028805,5.935481463115365,3.158518590290396,4.129999995231628,6.222999930381775,10.460000276565552,14.905000686645508,4.300000190734863
2020-11-19,4.5,5.699999809265137,4.210000038146973,5.510000228881836,5283800,0,0.0,0.24660636510708556,0.002869791785875958,4.525500035285949,5.837436546177916,3.213563524393983,4.604999899864197,5.789999842643738,10.190000057220459,14.635000467300415,4.309999942779541
2020-11-20,5.389999866485596,5.521999835968018,4.809999942779541,4.860000133514404,2131400,0,0.0,-0.11796734453118862,0.0025312500695387537,4.483000040054321,5.688328372286681,3.2776717078219617,4.604999899864197,5.645000100135803,9.692500114440918,13.875000476837158,4.260000228881836
2020-11-23,4.610000133514404,5.0,4.309999942779541,4.389999866485596,1381300,0,0.0,-0.09670787121747215,0.0022864582637945824,4.416000032424927,5.475247933522948,3.356752131326906,4.604999899864197,5.53000009059906,9.40750002861023,13.640000343322754,4.199999809265137
2020-11-24,4.35699987411499,4.380000114440918,3.900000095367432,3.9600000381469727,1134000,0,0.0,-0.0979498499809428,0.002062500019868216,4.336500024795532,5.2737747873818845,3.399225262209179,4.604999899864197,5.189999938011169,9.18500018119812,13.510000467300415,4.28000020980835
2020-11-25,3.900000095367432,4.169000148773193,3.880000114440918,3.9700000286102295,733500,0,0.0,0.002525250092658027,0.0020677083482344956,4.279000031948089,5.15544414676838,3.4025559171277986,4.604999899864197,5.020000100135803,8.890000343322754,13.230000495910645,4.269999980926514
2020-11-27,4.000999927520752,4.179999828338623,3.910000085830689,4.139999866485596,391300,0,0.0,0.042821117544142195,0.002156249930461249,4.23600002527237,5.048082201280936,3.423917849263804,4.699999928474426,5.020000100135803,8.5625,13.045000314712524,4.159999847412109
2020-11-30,4.059999942779541,4.130000114440918,3.910000085830689,3.990000009536743,546600,0,0.0,-0.0362318506730257,0.002078125004967055,4.2055000305175785,5.0062260434167,3.4047740176184567,4.699999928474426,4.879999995231628,8.427500009536743,13.005000352859497,4.130000114440918
2020-12-01,4.0,4.156000137329102,3.920000076293945,3.940000057220459,483300,0,0.0,-0.012531316340044119,0.002052083363135657,4.174500036239624,4.965777018108776,3.383223054370472,4.789999961853027,4.879999995231628,8.192500114440918,12.905000448226929,4.170000076293945
2020-12-02,3.859999895095825,4.329999923706055,3.75,4.179999828338623,966000,0,0.0,0.0609136466072735,0.0021770832439263676,4.1665000200271605,4.954109406850103,3.3788906332042177,4.724999904632568,4.879999995231628,7.930749893188477,12.765000343322754,4.590000152587891
2020-12-03,4.25,4.670000076293945,4.199999809265137,4.579999923706055,1190400,0,0.0,0.09569380664936888,0.002385416626930238,4.190500020980835,4.99776452708637,3.3832355148752993,4.635999917984009,4.604999899864197,7.679999828338623,12.765000343322754,5.809999942779541
2020-12-04,4.650000095367432,4.760000228881836,4.309999942779541,4.650000095367432,619500,0,0.0,0.01528388053000973,0.002421875049670539,4.218000030517578,5.048453056375087,3.3875470046600684,4.375,4.604999899864197,7.367499947547913,12.52500033378601,5.050000190734863
2020-12-07,4.630000114440918,4.980000019073486,4.480000019073486,4.900000095367432,539500,0,0.0,0.053763439757573916,0.0025520833830038722,4.256500029563904,5.137485707001874,3.3755143521259345,4.365000009536743,4.604999899864197,7.309999942779541,12.52500033378601,5.090000152587891
2020-12-08,4.880000114440918,4.949999809265137,4.550000190734863,4.570000171661377,443700,0,0.0,-0.0673469218945616,0.002380208422740302,4.283500027656555,5.1681958724179555,3.398804182895155,4.365000009536743,4.604999899864197,6.914999961853027,12.300000429153442,5.46999979019165
2020-12-09,4.75,4.800000190734863,4.150000095367432,4.269999980926514,470100,0,0.0,-0.06564555349366674,0.0022239583233992274,4.296500015258789,5.172237408890304,3.420762621627274,4.365000009536743,4.604999899864197,6.830000042915344,12.300000429153442,5.590000152587891
2020-12-10,4.239999771118164,4.440999984741211,4.21999979019165,4.340000152587891,213400,0,0.0,0.016393482897905765,0.0022604167461395277,4.308000016212463,5.179625618694827,3.4363744137301,4.365000009536743,4.604999899864197,6.705000042915344,12.175000429153442,5.119999885559082
2020-12-11,4.349999904632568,4.389999866485596,4.110000133514404,4.159999847412109,283200,0,0.0,-0.041474723236691435,0.002166666587193808,4.310000014305115,5.180056098370446,3.4399439302397843,4.365000009536743,4.604999899864197,6.534999966621399,12.075000405311584,5.070000171661377
2020-12-14,4.300000190734863,4.336999893188477,4.170000076293945,4.170000076293945,204100,0,0.0,0.0024039012616927646,0.002171875039736431,4.334500014781952,5.1580801421075035,3.5109198874564003,4.365000009536743,4.604999899864197,6.534999966621399,8.380000233650208,5.159999847412109
2020-12-15,4.239999771118164,4.340000152587891,4.130000114440918,4.199999809265137,329100,0,0.0,0.007194180437007036,0.0021874999006589266,4.353500008583069,5.145308347319009,3.561691669847128,4.545000076293945,4.604999899864197,6.364999890327454,8.210000157356262,5.150000095367432
2020-12-16,4.199999809265137,4.300000190734863,4.010000228881836,4.159999847412109,420200,0,0.0,-0.00952380087370197,0.002166666587193808,4.36800000667572,5.133776976797094,3.6022230365543453,4.495000123977661,4.604999899864197,5.889249920845032,8.210000157356262,5.099999904632568
2020-12-17,4.110000133514404,4.179999828338623,4.019999980926514,4.090000152587891,346000,0,0.0,-0.016826850334565435,0.0021302084128061944,4.351500010490417,5.126350137852662,3.5766498831281717,4.495000123977661,4.604999899864197,5.7769999504089355,8.210000157356262,5.070000171661377
2020-12-18,4.099999904632568,4.150000095367432,4.03000020980835,4.090000152587891,247100,0,0.0,0.0,0.0021302084128061944,4.28050000667572,4.848365340533907,3.7126346728175332,4.480000019073486,4.604999899864197,5.672499895095825,8.210000157356262,4.610000133514404
2020-12-21,4.559000015258789,7.070000171661377,4.400000095367432,5.070000171661377,16492500,0,0.0,0.23960879768021637,0.0026406250894069686,4.291000008583069,4.907565239670444,3.6744347774956934,5.5400002002716064,5.290000081062317,5.560000061988831,8.210000157356262,4.579999923706055
2020-12-22,5.25,5.369999885559082,4.739999771118164,4.840000152587891,2065200,0,0.0,-0.045364893744790136,0.0025208334128061943,4.313500022888183,4.974608184497618,3.6523918612787485,5.5400002002716064,5.385000109672546,5.373250126838684,8.160000205039978,4.590000152587891
2020-12-23,4.71999979019165,5.150000095367432,4.699999809265137,4.940000057220459,831300,0,0.0,0.020661136669406943,0.0025729166964689907,4.362500023841858,5.056365028804334,3.6686350188793826,5.5400002002716064,5.385000109672546,5.277500033378601,8.160000205039978,4.489999771118164
2020-12-24,4.949999809265137,5.010000228881836,4.579999923706055,4.650000095367432,483500,0,0.0,-0.058704445039257536,0.002421875049670539,4.396500027179718,5.076454219911769,3.7165458344476665,5.5400002002716064,5.4100000858306885,5.195000052452087,8.160000205039978,4.800000190734863
2020-12-28,4.71999979019165,4.824999809265137,4.25600004196167,4.300000190734863,788500,0,0.0,-0.07526879515147888,0.002239583432674409,4.404500043392181,5.075811607507531,3.733188479276831,5.5400002002716064,5.4100000858306885,5.176499962806702,8.160000205039978,4.920000076293945
2020-12-29,4.360000133514404,4.590000152587891,4.163000106811523,4.309999942779541,1346300,0,0.0,0.002325523628167181,0.0022447916368643454,4.420500040054321,5.066016409434917,3.7749836706737248,5.5400002002716064,5.4100000858306885,5.197499871253967,8.160000205039978,5.21999979019165
2020-12-30,4.349999904632568,4.429999828338623,4.25,4.260000228881836,481300,0,0.0,-0.011600861847218535,0.0022187501192092907,4.43650004863739,5.048205090434919,3.8247950068398597,5.545000076293945,5.4100000858306885,5.125,8.160000205039978,5.489999771118164
2020-12-31,4.349999904632568,4.349999904632568,4.099999904632568,4.199999809265137,543200,0,0.0,-0.014084604787086619,0.0021874999006589266,4.437500047683716,5.047570065149471,3.82743003021796,5.550000190734863,5.4100000858306885,5.067499995231628,8.160000205039978,5.539999961853027
2021-01-04,4.239999771118164,4.400000095367432,4.150000095367432,4.28000020980835,531100,0,0.0,0.01904771528006588,0.00222916677594185,4.42250006198883,5.032570078269167,3.812430045708494,5.585000038146973,5.4100000858306885,4.897499918937683,8.160000205039978,6.429999828338623
2021-01-05,4.28000020980835,4.289999961853027,4.199999809265137,4.269999980926514,410000,0,0.0,-0.002336501960658488,0.0022239583233992274,4.403500056266784,5.007621913024993,3.799378199508576,4.734999895095825,5.4100000858306885,4.8125,8.140000224113464,5.800000190734863
2021-01-06,4.21999979019165,4.480000019073486,4.119999885559082,4.159999847412109,705400,0,0.0,-0.025761155504861688,0.0021666665871938086,4.366500043869019,4.933574435606718,3.7994256521313203,4.625,5.4100000858306885,4.860000014305115,8.06499993801117,5.849999904632568
2021-01-07,4.239999771118164,4.289999961853027,4.050000190734863,4.130000114440918,1154200,0,0.0,-0.007211474536436335,0.002151041726271313,4.344500041007995,4.912436608806364,3.7765634732096265,4.53000020980835,5.4100000858306885,4.789999961853027,8.050000071525574,5.949999809265137
2021-01-08,4.239999771118164,4.257999897003174,4.070000171661377,4.170000076293945,649700,0,0.0,0.009685220519283666,0.002171875039736431,4.339500045776367,4.911763415295409,3.7672366762573244,4.4375,5.4100000858306885,4.834999978542328,7.945000052452087,5.739999771118164
2021-01-11,4.130000114440918,4.690000057220459,4.119999885559082,4.590000152587891,1206600,0,0.0,0.10071944091358787,0.0023906250794728605,4.352000045776367,4.934701446375305,3.769298645177429,4.370000123977661,5.5400002002716064,4.802499949932098,7.81849992275238,6.289999961853027
2021-01-12,5.572999954223633,6.070000171661377,4.852000236511231,5.809999942779541,16215500,0,0.0,0.2657951524258233,0.0030260416368643453,4.434500050544739,5.291454770717701,3.577545330371777,5.06000018119812,5.5400002002716064,4.620499908924103,7.7499998807907104,6.050000190734863
2021-01-13,5.349999904632568,5.388000011444092,4.860000133514404,5.050000190734863,2440500,0,0.0,-0.13080890869700923,0.0026302084326744087,4.4785000562667845,5.366753925522861,3.5902461870107074,5.06000018119812,5.5400002002716064,4.489999949932098,7.7499998807907104,5.909999847412109
2021-01-14,5.0,5.139999866485596,4.809999942779541,5.090000152587891,1094000,0,0.0,0.007920784226189692,0.002651041746139527,4.5230000734329225,5.4400115816934935,3.605988565172351,5.06000018119812,5.5400002002716064,4.48499995470047,7.7499998807907104,5.46999979019165
2021-01-15,5.099999904632568,5.519999980926514,5.010000228881836,5.46999979019165,1608700,0,0.0,0.0746561151693792,0.0028489582240581518,4.588500070571899,5.577562320034929,3.5994378211088693,5.06000018119812,5.5400002002716064,4.48499995470047,7.7499998807907104,5.369999885559082
2021-01-19,5.739999771118164,5.769999980926514,5.210000038146973,5.590000152587891,1311000,0,0.0,0.021937909871845962,0.0029114584128061938,4.663500070571899,5.716139526970659,3.6108606141731396,5.06000018119812,5.5400002002716064,4.48499995470047,7.7499998807907104,4.949999809265137
2021-01-20,5.699999809265137,5.699999809265137,5.0,5.119999885559082,1350900,0,0.0,-0.08407875745964366,0.002666666607062023,4.715000057220459,5.750837313497333,3.679162800943586,5.06000018119812,5.5400002002716064,4.48499995470047,7.7499998807907104,4.800000190734863
2021-01-21,5.059999942779541,5.171999931335449,5.0,5.070000171661377,494300,0,0.0,-0.00976556933892303,0.002640625089406968,4.715000057220459,5.750837313497333,3.679162800943586,5.070000171661377,5.5400002002716064,4.48499995470047,7.7499998807907104,5.0
2021-01-22,5.03000020980835,5.340000152587891,5.019999980926514,5.159999847412109,528700,0,0.0,0.017751414734418214,0.0026874999205271414,4.73100004196167,5.783997160089432,3.6780029238339074,5.0950000286102295,5.5400002002716064,4.48499995470047,7.7499998807907104,4.679999828338623
2021-01-25,5.269999980926514,5.420000076293945,5.040999889373779,5.150000095367432,737700,0,0.0,-0.0019379365000743443,0.002682291716337205,4.741500043869019,5.806874090100079,3.6761259976379588,5.440000057220459,5.5400002002716064,4.574999988079071,7.7499998807907104,4.679999828338623
2021-01-26,5.190000057220459,5.300000190734863,5.059999942779541,5.099999904632568,373500,0,0.0,-0.00970877472018683,0.002656249950329464,4.764000034332275,5.839763827495512,3.688236241169039,5.289999961853027,5.545000076293945,4.550000011920929,7.1849998235702515,4.010000228881836
2021-01-27,5.039999961853027,5.349999904632568,4.943999767303467,5.070000171661377,745900,0,0.0,-0.005882300692582665,0.002640625089406968,4.802500033378601,5.863949752866926,3.7410503138902764,5.289999961853027,5.550000190734863,4.550000011920929,7.084999918937683,4.199999809265137
2021-01-28,5.019999980926514,5.070000171661377,4.519999980926514,4.610000133514404,980500,0,0.0,-0.09072978748958038,0.0024010417362054196,4.817500042915344,5.858756827062828,3.7762432587678605,5.144999980926514,5.56000018119812,4.5424999594688416,6.899999976158142,4.090000152587891
2021-01-29,4.670000076293945,4.699999809265137,4.260000228881836,4.579999923706055,850600,0,0.0,-0.006507637513988307,0.0023854166269302378,4.833500027656555,5.849247798351001,3.817752256962109,5.015000104904175,5.06000018119812,5.415000140666962,6.890000224113464,4.25
2021-02-01,4.610000133514404,4.75,4.449999809265137,4.590000152587891,314300,0,0.0,0.0021834561241091954,0.0023906250794728605,4.853000044822693,5.8333321039151445,3.8726679857302413,4.980000019073486,5.06000018119812,5.462500154972076,6.680000185966493,4.21999979019165
2021-02-02,4.570000171661377,4.75,4.489999771118164,4.489999771118164,423500,0,0.0,-0.02178657475933754,0.002338541547457378,4.863500022888184,5.823116006298255,3.9038840394781134,4.840000152587891,5.06000018119812,5.462500154972076,6.504999995231628,4.539999961853027
2021-02-03,4.599999904632568,4.880000114440918,4.5229997634887695,4.800000190734863,556100,0,0.0,0.06904241323368665,0.0025000000993410753,4.890000033378601,5.810662116445958,3.969337950311243,4.840000152587891,5.06000018119812,5.4750001430511475,6.3400000333786,4.650000095367432
2021-02-04,4.892000198364258,4.989999771118164,4.760000228881836,4.920000076293945,456400,0,0.0,0.02499997516473229,0.0025625000397364304,4.928000044822693,5.78486326687467,4.0711368227707165,4.840000152587891,5.06000018119812,5.4750001430511475,6.222999930381775,4.710000038146973
2021-02-05,4.980000019073486,5.28000020980835,4.809999942779541,5.21999979019165,1065600,0,0.0,0.060975550659682964,0.002718749890724819,4.98250002861023,5.763965275982752,4.201034781237707,4.805000066757202,5.06000018119812,5.4750001430511475,5.789999842643738,4.480000019073486
2021-02-08,5.400000095367432,5.809999942779541,5.293000221252441,5.489999771118164,1882300,0,0.0,0.051724136356066985,0.0028593748807907117,5.048500013351441,5.763812305128866,4.333187721574015,5.0350000858306885,5.06000018119812,5.477500081062317,5.645000100135803,4.519999980926514
2021-02-09,5.650000095367432,5.679999828338623,5.309999942779541,5.539999961853027,796900,0,0.0,0.009107503245793236,0.002885416646798453,5.096000003814697,5.809362838571492,4.382637169057902,5.0350000858306885,5.06000018119812,5.480000138282776,5.53000009059906,4.369999885559082
2021-02-10,6.380000114440918,6.949999809265137,5.760000228881836,6.429999828338623,2982300,0,0.0,0.16064979650070388,0.003348958243926368,5.126999998092652,5.999772868220804,4.2542271279645,5.605000019073486,5.5,5.497500061988831,5.290000081062317,4.420000076293945
2021-02-11,6.21999979019165,6.389999866485596,5.599999904632568,5.800000190734863,1371000,0,0.0,-0.09797817331614744,0.0030208334326744094,5.164499998092651,6.084513398564114,4.244486597621188,5.699999809265137,5.5,5.072499990463257,5.290000081062317,4.510000228881836
2021-02-12,5.849999904632568,6.039999961853027,5.599999904632568,5.849999904632568,376900,0,0.0,0.008620640043698113,0.0030468749503294646,5.202499985694885,6.169181997322715,4.235817974067055,5.71999979019165,5.5,5.017500042915344,5.290000081062317,4.239999771118164
2021-02-16,5.96999979019165,6.340000152587891,5.860000133514404,5.949999809265137,614600,0,0.0,0.01709400107056047,0.00309895823399226,5.22649998664856,6.241710096960711,4.211289876336409,5.736499786376953,5.509999990463257,4.970000147819519,5.290000081062317,4.139999866485596
2021-02-17,5.980000019073486,6.0,5.599999904632568,5.739999771118164,387300,0,0.0,-0.03529412518971309,0.0029895832141240454,5.233999967575073,6.262115750060694,4.205884185089452,5.855000019073486,5.534999847412109,4.923750042915344,5.290000081062317,4.099999904632568
2021-02-18,6.0,6.690000057220459,5.869999885559082,6.289999961853027,2435100,0,0.0,0.09581885238084631,0.0032760416467984533,5.292499971389771,6.417677425024388,4.167322517755153,5.879999876022339,5.605000019073486,4.955000162124634,5.290000081062317,4.070000171661377
2021-02-19,6.349999904632568,6.380000114440918,5.940000057220459,6.050000190734863,656300,0,0.0,-0.0381557667048793,0.0031510417660077427,5.341499972343445,6.508685985592913,4.174313959093976,6.121500015258789,5.605000019073486,5.300000190734863,5.290000081062317,3.940000057220459
2021-02-22,5.909999847412109,6.03000020980835,5.659999847412109,5.909999847412109,873000,0,0.0,-0.023140551885792338,0.0030781249205271417,5.378999972343445,6.568673065014486,4.189326879672405,6.129999876022339,5.605000019073486,5.300000190734863,5.290000081062317,4.019999980926514
2021-02-23,5.340000152587891,5.539999961853027,4.800000190734863,5.46999979019165,653000,0,0.0,-0.07445009620653842,0.0028489582240581526,5.394999957084655,6.580477994344943,4.209521919824367,5.875,5.605000019073486,5.300000190734863,5.290000081062317,4.130000114440918
2021-02-24,5.46999979019165,5.599999904632568,5.25,5.369999885559082,295900,0,0.0,-0.018281518915572836,0.0027968749403953566,5.4084999561309814,6.586274136625232,4.2307257756367305,5.745000123977661,5.605000019073486,5.300000190734863,5.290000081062317,4.269999980926514
2021-02-25,5.300000190734863,5.409999847412109,4.869999885559082,4.949999809265137,381500,0,0.0,-0.0782123063770267,0.0025781249006589266,5.40249993801117,6.588393652023519,4.216606223998821,5.745000123977661,5.605000019073486,5.300000190734863,5.290000081062317,4.21999979019165
2021-02-26,4.829999923706055,4.900000095367432,4.570000171661377,4.800000190734863,396200,0,0.0,-0.03030295440608144,0.0025000000993410758,5.411999940872192,6.5749223930564,4.249077488687985,5.630000114440918,5.605000019073486,5.300000190734863,5.290000081062317,4.079999923706055
2021-03-01,4.960000038146973,5.099999904632568,4.860000133514404,5.0,432600,0,0.0,0.04166662527455389,0.002604166666666668,5.432999944686889,6.548780096039183,4.317219793334596,5.630000114440918,5.605000019073486,5.305000185966492,5.290000081062317,4.139999866485596
2021-03-02,5.019999980926514,5.090000152587891,4.630000114440918,4.679999828338623,573900,0,0.0,-0.06400003433227541,0.002437499910593034,5.437499928474426,6.540151763962133,4.334848092986719,5.630000114440918,5.605000019073486,5.317500114440918,5.290000081062317,4.139999866485596
2021-03-03,4.71999979019165,4.869999885559082,4.550000190734863,4.679999828338623,513800,0,0.0,0.0,0.002437499910593034,5.44699993133545,6.519369647649334,4.374630215021565,5.465000152587891,5.605000019073486,5.490000128746033,5.290000081062317,4.110000133514404
2021-03-04,4.639999866485596,4.699999809265137,3.7699999809265137,4.010000228881836,1151800,0,0.0,-0.14316231282739889,0.002088541785875957,5.407499933242798,6.622631219734026,4.192368646751571,4.900000095367432,5.359999895095825,5.417500019073486,5.290000081062317,4.420000076293945
2021-03-05,4.050000190734863,4.21999979019165,3.700000047683716,4.199999809265137,437900,0,0.0,0.04738143878766832,0.002187499900658926,5.371499919891358,6.682246047402493,4.060753792380223,4.649999976158142,5.324999928474426,5.420000076293945,5.290000081062317,4.320000171661377
2021-03-08,4.260000228881836,4.289999961853027,4.050000190734863,4.090000152587891,198500,0,0.0,-0.026190395636349395,0.002130208412806194,5.314999938011169,6.740675180283167,3.8893246957391723,4.649999976158142,5.324999928474426,5.352500081062317,5.290000081062317,4.300000190734863
2021-03-09,4.170000076293945,4.260000228881836,4.104000091552734,4.25,211500,0,0.0,0.03911976563396258,0.0022135416666666675,5.252999949455261,6.749710296750284,3.756289602160238,4.554999947547913,5.324999928474426,5.0375001430511475,5.290000081062317,4.239999771118164
2021-03-10,4.300000190734863,4.360000133514404,4.110000133514404,4.21999979019165,197200,0,0.0,-0.007058872896082313,0.0021979165573914852,5.186999940872193,6.7431577721302745,3.630842109614111,4.399999976158142,5.324999928474426,5.020000100135803,5.385000109672546,4.150000095367432
2021-03-11,4.289999961853027,4.550000190734863,4.25,4.539999961853027,279200,0,0.0,0.0758294283343659,0.0023645833134651193,5.092499947547912,6.561431835103412,3.6235680599924125,4.399999976158142,5.324999928474426,4.950000166893005,5.385000109672546,3.75
2021-03-12,4.46999979019165,4.679999828338623,4.400000095367432,4.650000095367432,166000,0,0.0,0.02422910450191007,0.0024218750496705385,5.034999942779541,6.47818176465115,3.5918181209079316,4.395000100135803,5.324999928474426,4.950000166893005,5.4100000858306885,3.799999952316284
2021-03-15,4.639999866485596,4.71999979019165,4.482999801635742,4.710000038146973,205200,0,0.0,0.012903213236342914,0.002453125019868216,4.977999949455262,6.37681818714588,3.579181711764643,4.284999966621399,5.324999928474426,4.950000166893005,5.4100000858306885,3.930000066757202
2021-03-16,4.760000228881836,4.760000228881836,4.449999809265137,4.480000019073486,173200,0,0.0,-0.04883227541628088,0.0023333333432674417,4.904499959945679,6.243889883103127,3.565110036788231,4.230000138282776,5.324999928474426,4.932500123977661,5.4100000858306885,4.059999942779541
2021-03-17,4.400000095367432,4.599999904632568,4.300000190734863,4.519999980926514,160600,0,0.0,0.008928562875609058,0.0023541666567325602,4.843499970436096,6.134882872259931,3.5521170686122616,4.230000138282776,5.324999928474426,5.047500133514404,5.4100000858306885,4.0
2021-03-18,4.480000019073486,4.519999980926514,4.320000171661377,4.369999885559082,165800,0,0.0,-0.03318586194699158,0.002276041607062023,4.747499966621399,5.866731831109146,3.628268102133653,4.40500020980835,5.324999928474426,5.047500133514404,5.4100000858306885,4.710000038146973
2021-03-19,4.400000095367432,4.480000019073486,4.269999980926514,4.420000076293945,107600,0,0.0,0.011441691543309096,0.0023020833730697642,4.665999960899353,5.617046935797021,3.7149529860016854,4.432000160217285,5.195000052452087,5.552500009536743,5.4100000858306885,4.679999828338623
2021-03-22,4.429999828338623,4.593999862670898,4.429999828338623,4.510000228881836,113000,0,0.0,0.020362025120903127,0.002348958452542624,4.59599997997284,5.355408186872516,3.836591773073163,4.43500018119812,5.195000052452087,5.599999904632568,5.4100000858306885,5.099999904632568
2021-03-23,4.429999828338623,4.460000038146973,4.199999809265137,4.239999771118164,134500,0,0.0,-0.059867060767447744,0.0022083332141240447,4.534499979019165,5.192210627687493,3.876789330350836,4.480000019073486,5.195000052452087,5.609999895095825,5.4100000858306885,4.940000057220459
2021-03-24,4.25,4.5,4.070000171661377,4.139999866485596,447800,0,0.0,-0.023584884441207543,0.0021562499304612487,4.4729999780654905,5.027630564562163,3.918369391568818,4.4150002002716064,5.195000052452087,5.623249888420105,5.4100000858306885,5.03000020980835
2021-03-25,3.900000095367432,4.190000057220459,3.829999923706055,4.099999904632568,246500,0,0.0,-0.009661826846140142,0.00213541661699613,4.4304999828338625,4.961948464383432,3.8990515012842932,4.295000076293945,5.195000052452087,5.694999933242798,5.4100000858306885,4.940000057220459
2021-03-26,4.050000190734863,4.183000087738037,3.9600000381469727,4.070000171661377,138100,0,0.0,-0.007317008211950138,0.002119791756073635,4.393999981880188,4.9190920750407345,3.868907888719641,4.295000076293945,5.040000081062317,5.742499947547913,5.5400002002716064,4.880000114440918
2021-03-29,4.099999904632568,4.130000114440918,3.910000085830689,3.940000057220459,114100,0,0.0,-0.03194105871200781,0.0020520833631356566,4.340999984741211,4.822441483390703,3.85955848609172,4.2149999141693115,4.865000128746033,5.863250017166138,5.5400002002716064,5.079999923706055
2021-03-30,3.930000066757202,4.109000205993652,3.849999904632568,4.019999980926514,267900,0,0.0,0.020304548869091166,0.0020937499900658936,4.307999992370606,4.782320815136105,3.833679169605107,4.211999893188477,4.649999976158142,5.867499947547913,5.5400002002716064,4.670000076293945
2021-03-31,4.019999980926514,4.150000095367432,4.0,4.130000114440918,92900,0,0.0,0.02736321742196912,0.0021510417262713124,4.28050000667572,4.728103100216373,3.8328969131350674,4.211999893188477,4.649999976158142,5.740000009536743,5.5400002002716064,4.789999961853027
2021-04-01,4.130000114440918,4.300000190734863,4.078000068664551,4.269999980926514,86200,0,0.0,0.033898271817493164,0.002223958323399227,4.293499994277954,4.723492077574415,3.863507910981493,4.211999893188477,4.554999947547913,5.675000071525574,5.5400002002716064,4.409999847412109
2021-04-05,4.28000020980835,4.300000190734863,4.130000114440918,4.21999979019165,95100,0,0.0,-0.011709646594427858,0.0021979165573914857,4.29449999332428,4.723701384450139,3.8652986021984197,4.164999961853027,4.399999976158142,5.675000071525574,5.5400002002716064,4.360000133514404
2021-04-06,4.199999809265137,4.199999809265137,4.000999927520752,4.079999923706055,117400,0,0.0,-0.03317532546115076,0.002124999960263571,4.293999981880188,4.724186007053567,3.8638139567068097,4.164999961853027,4.399999976158142,5.617500066757202,5.5400002002716064,4.230000019073486
2021-04-07,4.070000171661377,4.21999979019165,4.019999980926514,4.139999866485596,186500,0,0.0,0.014705868603311245,0.0021562499304612487,4.288499975204468,4.723633731159159,3.853366219249777,4.065000057220459,4.395000100135803,5.617500066757202,5.5400002002716064,4.150000095367432
2021-04-08,4.159999847412109,4.179999828338623,4.050000190734863,4.139999866485596,70600,0,0.0,0.0,0.0021562499304612487,4.284499979019165,4.723574796937379,3.84542516110095,4.075000047683716,4.284999966621399,5.617500066757202,5.5400002002716064,4.28000020980835
2021-04-09,4.159999847412109,4.170000076293945,4.059999942779541,4.110000133514404,58500,0,0.0,-0.007246312545574507,0.0021406250695387534,4.2629999876022335,4.691806688857241,3.8341932863472254,4.075000047683716,4.230000138282776,5.5350000858306885,5.5400002002716064,4.440000057220459
2021-04-12,4.119999885559082,4.578999996185303,4.010000228881836,4.420000076293945,519300,0,0.0,0.07542577438177944,0.0023020833730697642,4.251499986648559,4.649045503052929,3.853954470244189,4.2144999504089355,4.230000138282776,5.129999995231628,5.420000076293945,4.25
2021-04-13,4.460000038146973,4.460000038146973,4.239999771118164,4.320000171661377,118700,0,0.0,-0.02262441242227664,0.002250000089406968,4.23199999332428,4.571040965433442,3.8929590212151184,4.289499998092651,4.295000076293945,4.987499952316284,5.385000109672546,4.179999828338623
2021-04-14,4.329999923706055,4.420000076293945,4.230000019073486,4.300000190734863,88600,0,0.0,-0.004629625030506013,0.0022395834326744087,4.223000001907349,4.544124121258253,3.901875882556444,4.289999961853027,4.295000076293945,4.987499952316284,5.385000109672546,4.300000190734863
2021-04-15,4.260000228881836,4.309999942779541,4.179999828338623,4.239999771118164,86600,0,0.0,-0.013953585338433494,0.0022083332141240447,4.208999991416931,4.499777601474904,3.9182223813589583,4.289999961853027,4.295000076293945,4.939999938011169,5.324999928474426,4.5
2021-04-16,4.239999771118164,4.243000030517578,4.03000020980835,4.150000095367432,156900,0,0.0,-0.02122633976628685,0.0021614583830038715,4.1980000019073485,4.480002118105322,3.915997885709375,4.289999961853027,4.295000076293945,4.862499952316284,5.324999928474426,4.510000228881836
2021-04-19,4.099999904632568,4.199999809265137,3.75,3.75,622100,0,0.0,-0.0963855629338285,0.0019531250000000004,4.164499998092651,4.489465494018383,3.83953450216692,4.164499998092651,4.255000114440918,4.862499952316284,5.324999928474426,4.25
2021-04-20,3.799999952316284,3.849999904632568,3.619999885559082,3.799999952316284,179000,0,0.0,0.013333320617675781,0.0019791666418313984,4.128999984264373,4.450300302331983,3.807699666196764,4.099499940872192,4.190000057220459,4.860000014305115,5.324999928474426,4.210000038146973
2021-04-21,3.839999914169312,3.9600000381469727,3.809999942779541,3.930000066757202,101700,0,0.0,0.03421055686110641,0.0020468750347693767,4.113499999046326,4.441795761421024,3.785204236671627,4.099499940872192,4.190000057220459,4.804999947547913,5.324999928474426,4.230000019073486
2021-04-22,3.950000047683716,4.079999923706055,3.890000104904175,4.059999942779541,151200,0,0.0,0.033078848298750074,0.0021145833035310117,4.109500002861023,4.438361887222725,3.7806381184993216,4.099499940872192,4.109999895095825,4.777500033378601,5.324999928474426,4.420000076293945
2021-04-23,4.039999961853027,4.150000095367432,3.934000015258789,4.0,156500,0,0.0,-0.014778311237724773,0.002083333333333334,4.104500007629395,4.436847865946567,3.7721521493122223,4.039999961853027,4.10699987411499,4.777500033378601,5.324999928474426,4.199999809265137
2021-04-26,4.150000095367432,4.849999904632568,4.059999942779541,4.710000038146973,496400,0,0.0,0.17750000953674316,0.002453125019868216,4.136500000953674,4.561002523041521,3.7119974788658276,4.234999895095825,4.234999895095825,4.865000069141388,5.324999928474426,4.340000152587891
2021-04-27,4.639999866485596,4.75,4.400000095367432,4.679999828338623,396800,0,0.0,-0.006369471245302294,0.002437499910593034,4.173499989509582,4.649509050852755,3.6974909281664092,4.234999895095825,4.234999895095825,4.813500106334686,5.324999928474426,4.150000095367432
2021-04-28,4.659999847412109,5.159999847412109,4.579999923706055,5.099999904632568,770800,0,0.0,0.08974360933749082,0.002656249950329464,4.227499985694886,4.846845419132693,3.608154552257078,4.389999866485596,4.389999866485596,4.815000116825104,5.324999928474426,4.019999980926514
2021-04-29,5.110000133514404,5.449999809265137,4.880000114440918,4.940000057220459,798600,0,0.0,-0.03137251968706389,0.0025729166964689903,4.267999982833862,4.959141540818573,3.5768584248491515,4.534999847412109,4.534999847412109,4.837500035762787,5.324999928474426,5.170000076293945
2021-04-30,4.909999847412109,5.130000114440918,4.895999908447266,5.03000020980835,259200,0,0.0,0.018218654158990155,0.0026197917759418505,4.305999994277954,5.073617596732265,3.5383823918236432,4.534999847412109,4.534999847412109,4.805000126361847,5.324999928474426,4.989999771118164
2021-05-03,5.059999942779541,5.28000020980835,4.940000057220459,4.940000057220459,244200,0,0.0,-0.017892673724425157,0.0025729166964689907,4.3420000076293945,5.1567219947694065,3.5272780204893825,4.629999876022339,4.534999847412109,4.745000064373016,5.324999928474426,4.730000019073486
2021-05-04,4.96999979019165,5.0,4.650000095367432,4.880000114440918,239600,0,0.0,-0.012145737264080192,0.002541666726271313,4.3820000171661375,5.219821776386057,3.544178257946218,4.669999957084656,4.534999847412109,4.667500078678131,5.324999928474426,4.809999942779541
2021-05-05,4.949999809265137,5.21999979019165,4.880000114440918,5.079999923706055,202800,0,0.0,0.04098356651125812,0.0026458332935969052,4.429000020027161,5.311994370554302,3.546005669500019,4.691999912261963,4.534999847412109,4.540000021457672,5.324999928474426,4.840000152587891
2021-05-06,5.050000190734863,5.139999866485596,4.630000114440918,4.670000076293945,253700,0,0.0,-0.08070863259245853,0.002432291706403098,4.4555000305175785,5.333962071237756,3.577037989797401,4.754999876022339,4.534999847412109,4.430999934673309,5.324999928474426,4.670000076293945
2021-05-07,4.699999809265137,4.869999885559082,4.699999809265137,4.789999961853027,68900,0,0.0,0.025695906552171355,0.0024947916467984534,4.489500021934509,5.364433486007199,3.614566557861819,4.924999952316284,4.534999847412109,4.430999934673309,5.324999928474426,4.539999961853027
2021-05-10,4.769999980926514,4.889999866485596,4.269999980926514,4.409999847412109,324200,0,0.0,-0.07933196606830739,0.002296874920527142,4.489000010490417,5.364105047051563,3.613894973929272,4.859999895095825,4.534999847412109,4.383499920368195,5.324999928474426,4.190000057220459
2021-05-11,4.269999980926514,4.610000133514404,4.199999809265137,4.360000133514404,190300,0,0.0,-0.011337803997214624,0.002270833402872087,4.491000008583069,5.3647176723385,3.6172823448276383,4.824999809265137,4.534999847412109,4.282499969005585,5.324999928474426,4.179999828338623
2021-05-12,4.309999942779541,4.480000019073486,4.099999904632568,4.230000019073486,146000,0,0.0,-0.029816539096325756,0.002203125009934109,4.4875,5.364842753547955,3.610157246452045,4.690000057220459,4.534999847412109,4.282499969005585,5.324999928474426,4.239999771118164
2021-05-13,4.260000228881836,4.396999835968018,3.5299999713897705,4.150000095367432,755300,0,0.0,-0.0189125114291554,0.002161458383003872,4.483000016212463,5.36634233995949,3.5996576924654358,4.40500009059906,4.489999890327454,4.230000078678131,5.324999928474426,4.039999961853027
2021-05-14,4.099999904632568,4.46999979019165,4.050000190734863,4.28000020980835,107300,0,0.0,0.03132532806108479,0.00222916677594185,4.489500021934509,5.364733843697183,3.6142662001718344,4.3749998807907104,4.489999890327454,4.180000007152557,5.324999928474426,4.090000152587891
2021-05-17,4.349999904632568,4.989999771118164,4.210000038146973,4.440000057220459,1118700,0,0.0,0.037383140086171496,0.0023125000298023237,4.524000024795532,5.330936913842282,3.717063135748782,4.3749998807907104,4.489999890327454,4.152500092983246,5.324999928474426,4.070000171661377
2021-05-18,4.300000190734863,4.375999927520752,4.119999885559082,4.25,325000,0,0.0,-0.04279280512879169,0.002213541666666668,4.546500027179718,5.293692547850154,3.7993075065092823,4.334999918937683,4.489999890327454,4.222250044345856,5.324999928474426,4.03000020980835
2021-05-19,4.150000095367432,4.300000190734863,3.859999895095825,4.179999828338623,410700,0,0.0,-0.016470628626206296,0.0021770832439263676,4.559000015258789,5.271724925882712,3.8462751046348664,4.259999871253967,4.489999890327454,4.292250037193298,5.324999928474426,4.010000228881836
2021-05-20,4.179999828338623,4.340000152587891,4.050000190734863,4.300000190734863,222700,0,0.0,0.02870822184792665,0.0022395834326744096,4.571000027656555,5.2570117981681275,3.884988257144982,4.259999871253967,4.489999890327454,4.292500019073486,5.324999928474426,3.930000066757202
2021-05-21,4.329999923706055,4.579999923706055,4.199999809265137,4.5,236200,0,0.0,0.04651158148692014,0.0023437500000000016,4.596000027656555,5.230966132433196,3.9610339228799143,4.259999871253967,4.489999890327454,4.292500019073486,5.324999928474426,3.869999885559082
2021-05-24,4.519999980926514,4.614999771118164,4.320000171661377,4.510000228881836,319800,0,0.0,0.0022222730848524552,0.0023489584525426244,4.5860000371932985,5.219754964199671,3.952245110186926,4.259999871253967,4.489999890327454,4.292500019073486,5.324999928474426,3.890000104904175
2021-05-25,4.460000038146973,4.5,4.110000133514404,4.25,232500,0,0.0,-0.05764971522990314,0.0022135416666666683,4.564500045776367,5.213203303774022,3.9157967877787128,4.259999871253967,4.489999890327454,4.209750056266785,5.324999928474426,3.920000076293945
2021-05-26,4.269999980926514,4.400000095367432,4.150000095367432,4.210000038146973,257700,0,0.0,-0.009411755730124094,0.00219270835320155,4.520000052452088,5.136634088631844,3.9033660162723316,4.424999833106995,4.489999890327454,4.144749999046326,5.284999847412109,3.869999885559082
2021-05-27,4.28000020980835,4.322000026702881,4.059999942779541,4.230000019073486,504600,0,0.0,0.004750589250663406,0.002203125009934109,4.484500050544739,5.08155889440053,3.8874412066889477,4.424999833106995,4.489999890327454,4.144749999046326,5.284999847412109,3.849999904632568
2021-05-28,4.289999961853027,4.565999984741211,4.269999980926514,4.420000076293945,774500,0,0.0,0.044917271007973936,0.0023020833730697647,4.454000043869018,4.995657755846188,3.912342331891849,4.237499833106995,4.489999890327454,4.104749917984009,5.284999847412109,3.660000085830689
2021-06-01,4.099999904632568,4.269999980926514,3.920000076293945,4.199999809265137,542200,0,0.0,-0.049773815210716665,0.002187499900658927,4.417000031471252,4.920135458642812,3.9138646042996923,4.237499833106995,4.489999890327454,4.073499917984009,5.284999847412109,3.700000047683716
2021-06-02,4.210000038146973,4.340000152587891,4.059999942779541,4.340000152587891,787200,0,0.0,0.033333416590618725,0.002260416746139528,4.390000033378601,4.8461282420707965,3.9338718246864053,4.267499923706055,4.489999890327454,4.234999895095825,5.284999847412109,3.880000114440918
2021-06-03,4.260000228881836,4.260000228881836,4.070000171661377,4.150000095367432,436000,0,0.0,-0.043778813488558055,0.0021614583830038723,4.34350004196167,4.682163580079617,4.004836503843723,4.267499923706055,4.489999890327454,4.234999895095825,5.1549999713897705,3.809999942779541
2021-06-04,4.130000114440918,4.230000019073486,3.900000095367432,4.019999980926514,9100200,0,0.0,-0.03132532806108479,0.002093749990065894,4.311000037193298,4.642703929457219,3.9792961449293776,4.257499933242798,4.489999890327454,4.389999866485596,5.1549999713897705,3.900000095367432
2021-06-07,5.909999847412109,6.300000190734863,5.019999980926514,5.170000076293945,33871100,0,0.0,0.28606967682183515,0.002692708373069765,4.330000042915344,4.789748786730167,3.8702512991005213,5.1000001430511475,4.915000081062317,4.534999847412109,5.1549999713897705,3.640000104904175
2021-06-08,5.010000228881836,5.039999961853027,4.579999923706055,4.989999771118164,3182400,0,0.0,-0.03481630609661657,0.0025989582141240455,4.359000039100647,4.90190678733364,3.816093290867654,5.1000001430511475,4.915000081062317,4.534999847412109,5.1549999713897705,3.470000028610229
2021-06-09,4.900000095367432,4.989999771118164,4.730000019073486,4.730000019073486,867500,0,0.0,-0.052104161116307335,0.002463541676600776,4.377500033378601,4.944239045006609,3.8107610217505927,5.1000001430511475,4.915000081062317,4.582499861717224,5.1549999713897705,3.4600000381469727
2021-06-10,4.730000019073486,5.050000190734863,4.710000038146973,4.809999942779541,753900,0,0.0,0.01691330304090033,0.0025052083035310125,4.406500029563904,4.999133292678927,3.8138667664488803,5.1000001430511475,4.915000081062317,4.602499902248383,5.0,3.289999961853028
2021-06-11,4.809999942779541,4.900000095367432,4.769999980926514,4.840000152587891,268100,0,0.0,0.006237049930402527,0.0025208334128061943,4.441000032424927,5.050175288113959,3.831824776735894,5.1000001430511475,4.915000081062317,4.613499879837036,4.825000047683716,3.3399999141693115
2021-06-14,4.840000152587891,4.880000114440918,4.630000114440918,4.670000076293945,307800,0,0.0,-0.0351239815980271,0.0024322917064030975,4.460500025749207,5.072806258530284,3.84819379296813,5.1000001430511475,4.915000081062317,4.644999861717224,4.609999895095825,3.390000104904175
2021-06-15,4.800000190734863,4.800000190734863,4.420000076293945,4.539999961853027,465700,0,0.0,-0.02783728315141365,0.0023645833134651193,4.465500020980835,5.078697170566585,3.8523028713950853,5.1000001430511475,4.915000081062317,4.729999899864197,4.609999895095825,3.440000057220459
2021-06-16,4.53000020980835,4.539999961853027,4.03000020980835,4.190000057220459,803100,0,0.0,-0.07709249065493684,0.00218229169646899,4.462500023841858,5.080505562856893,3.8444944848268223,5.1000001430511475,4.915000081062317,4.697499871253967,4.534999847412109,3.2799999713897705
2021-06-17,4.199999809265137,4.320000171661377,4.099999904632568,4.179999828338623,347600,0,0.0,-0.002386689438011569,0.002177083243926367,4.462500023841858,5.080505562856893,3.8444944848268223,5.1650002002716064,4.915000081062317,4.679999828338623,4.534999847412109,3.1700000762939453
2021-06-18,4.099999904632568,4.25,4.099999904632568,4.239999771118164,377500,0,0.0,0.014354053886023399,0.0022083332141240447,4.459500002861023,5.081243569121633,3.8377564366004124,4.5400002002716064,4.915000081062317,4.612499952316284,4.534999847412109,2.8499999046325684
2021-06-21,4.239999771118164,4.239999771118164,4.03000020980835,4.039999961853027,741700,0,0.0,-0.047169768882415086,0.0021041666467984527,4.436500000953674,5.084323755570008,3.78867624633734,4.5400002002716064,5.080000042915344,4.447499990463257,4.489999890327454,2.930000066757202
2021-06-22,4.059999942779541,4.159999847412109,4.010000228881836,4.090000152587891,469800,0,0.0,0.012376284952223093,0.002130208412806194,4.415499997138977,5.079635015242024,3.7513649790359302,4.53000020980835,5.080000042915344,4.432499885559082,4.489999890327454,2.940000057220459
2021-06-23,4.070000171661377,4.249000072479248,4.010000228881836,4.070000171661377,351200,0,0.0,-0.00488997070424535,0.0021197917560736345,4.406500005722046,5.084250062561517,3.7287499488825757,4.455000162124634,5.080000042915344,4.432499885559082,4.489999890327454,2.930000066757202
2021-06-24,4.010000228881836,4.079999923706055,3.950000047683716,4.03000020980835,625200,0,0.0,-0.009828000040771334,0.002098958442608516,4.397500014305114,5.090227512708048,3.7047725159021807,4.415000081062317,5.080000042915344,4.412499904632568,4.489999890327454,2.9600000381469727
2021-06-25,3.990000009536743,4.03000020980835,3.9600000381469727,4.010000228881836,229200,0,0.0,-0.004962774165082395,0.002088541785875957,4.386500024795533,5.096478468754725,3.67652158083634,4.3750001192092896,5.1000001430511475,4.3749998807907104,4.489999890327454,2.940000057220459
2021-06-28,4.039999961853027,4.070000171661377,3.900000095367432,3.930000066757202,314000,0,0.0,-0.01995016397965177,0.0020468750347693767,4.362000024318695,5.099258398246808,3.624741650390581,4.2200000286102295,5.1000001430511475,4.3749998807907104,4.489999890327454,2.809999942779541
2021-06-29,3.950000047683716,3.9600000381469727,3.8420000076293945,3.869999885559082,305500,0,0.0,-0.015267221419573263,0.002015624940395356,4.345500028133392,5.111062262364597,3.579937793902187,4.081000089645386,5.071000099182129,4.3749998807907104,4.489999890327454,2.9100000858306885
2021-06-30,3.869999885559082,3.930000066757202,3.819999933242798,3.890000104904175,301200,0,0.0,0.005168015487474253,0.0020260417213042586,4.323000025749207,5.114190621040683,3.531809430457731,4.034999966621399,5.060000061988831,4.3749998807907104,4.489999890327454,2.859999895095825
2021-07-01,3.930000066757202,3.944999933242798,3.859999895095825,3.920000076293945,137900,0,0.0,0.007712074699419258,0.002041666706403097,4.311500024795532,5.119109970832556,3.5038900787585097,4.034500002861023,5.060000061988831,4.3749998807907104,4.489999890327454,3.650000095367432
2021-07-02,3.900000095367432,3.924000024795532,3.809999942779541,3.869999885559082,105800,0,0.0,-0.012755150449418884,0.0020156249403953564,4.304000020027161,5.125119447278454,3.4828805927758677,4.0295000076293945,5.055000066757202,4.457499861717224,4.489999890327454,3.0
2021-07-06,3.829999923706055,3.890000104904175,3.799999952316284,3.849999904632568,110100,0,0.0,-0.005167953880604537,0.002005208283662797,4.238000011444091,4.977367065343708,3.498632957544475,4.024500012397766,5.050000071525574,4.457499861717224,4.489999890327454,2.8399999141693115
2021-07-07,3.799999952316284,3.809999942779541,3.569999933242798,3.660000085830689,246400,0,0.0,-0.04935060350865439,0.0019062500447034848,4.171500027179718,4.865755288988538,3.477244765370898,3.8249999284744263,4.935000061988831,4.363749861717224,4.489999890327454,2.6700000762939453
2021-07-08,3.5999999046325684,3.7300000190734863,3.5199999809265137,3.700000047683716,178600,0,0.0,0.010928951069668624,0.0019270833581686029,4.12000002861023,4.7931619910659915,3.446838066154468,3.7950000762939453,4.9100000858306885,4.363749861717224,4.489999890327454,2.5999999046325684
2021-07-09,3.7699999809265137,3.940000057220459,3.700000047683716,3.880000114440918,321100,0,0.0,0.048648666064176505,0.002020833392937979,4.073500037193298,4.673322567627796,3.4736775067588006,3.7950000762939453,4.9100000858306885,4.378749907016754,4.489999890327454,2.4600000381469727
2021-07-12,3.920000076293945,3.9600000381469727,3.7799999713897705,3.809999942779541,106500,0,0.0,-0.01804128082389589,0.001984374970197679,4.022000026702881,4.516276824546945,3.527723228858817,3.740000009536743,4.9100000858306885,4.378749907016754,4.489999890327454,2.3499999046325684
2021-07-13,3.829999923706055,3.910000085830689,3.7179999351501465,3.900000095367432,150000,0,0.0,0.02362208764817786,0.0020312500496705386,3.983500027656555,4.3790058420540365,3.587994213259073,3.740000009536743,4.9100000858306885,4.373749911785126,4.489999890327454,2.2699999809265137
2021-07-14,3.900000095367432,3.900000095367432,3.630000114440918,3.640000104904175,189100,0,0.0,-0.06666666259113563,0.0018958333879709253,3.9385000348091124,4.269372306408643,3.607627763209582,3.740000009536743,4.2850000858306885,5.007500112056732,4.915000081062317,2.180000066757202
2021-07-15,3.614000082015991,3.680000066757202,3.3910000324249268,3.470000028610229,413800,0,0.0,-0.04670331631719038,0.0018072916815678286,3.902500033378601,4.271045540476557,3.5339545262806453,3.6755000352859497,4.220500111579895,5.007500112056732,4.915000081062317,2.150000095367432
2021-07-16,3.5,3.549999952316284,3.4200000762939453,3.4600000381469727,63900,0,0.0,-0.0028818416083015164,0.0018020833532015493,3.8665000438690185,4.2596986887383,3.473301398999737,3.6755000352859497,4.220500111579895,5.007500112056732,4.915000081062317,2.220000028610229
2021-07-19,3.4200000762939453,3.440000057220459,3.2699999809265137,3.289999961853028,169900,0,0.0,-0.04913296948545398,0.001713541646798453,3.8190000534057615,4.248504044429139,3.389496062382384,3.615000009536743,4.085000038146973,5.007500112056732,4.915000081062317,2.430000066757202
2021-07-20,3.2699999809265137,3.369999885559082,3.2699999809265137,3.3399999141693115,86900,0,0.0,0.01519755407173995,0.0017395832886298508,3.784000051021576,4.248796231753915,3.319203870289237,3.615000009536743,4.075000047683716,5.007500112056732,4.915000081062317,2.490000009536743
2021-07-21,3.319999933242798,3.4600000381469727,3.309999942779541,3.390000104904175,133000,0,0.0,0.014970117371185365,0.0017656250546375922,3.7490000486373902,4.2217967250946336,3.276203372180147,3.615000009536743,4.0350000858306885,5.007500112056732,4.915000081062317,2.470000028610229
2021-07-22,3.359999895095825,3.470000028610229,3.319999933242798,3.440000057220459,154200,0,0.0,0.014749248014462202,0.0017916666964689905,3.7175000429153444,4.184400113854331,3.2505999719763574,3.615000009536743,3.9049999713897705,5.007500112056732,4.915000081062317,2.440000057220459
2021-07-23,3.430000066757202,3.5299999713897705,3.259999990463257,3.2799999713897705,527700,0,0.0,-0.04651165208409025,0.0017083333184321735,3.680000030994415,4.160899551062176,3.199100510926655,3.5850000381469727,3.790000081062317,5.007500112056732,4.915000081062317,2.6600000858306885
2021-07-26,3.240000009536743,3.289999961853028,3.119999885559082,3.1700000762939453,373200,0,0.0,-0.03353655367540054,0.0016510417064030977,3.638000023365021,4.142680232853545,3.1333198138764966,3.509999990463257,3.684999942779541,5.040000140666962,4.915000081062317,2.5999999046325684
2021-07-27,3.140000104904175,3.140000104904175,2.8399999141693115,2.8499999046325684,369300,0,0.0,-0.10094642396207443,0.0014843749503294639,3.584000015258789,4.176637602808533,2.9913624277090443,3.259999990463257,3.54449999332428,4.727500140666962,4.915000081062317,2.630000114440918
2021-07-28,2.8399999141693115,2.990000009536743,2.8399999141693115,2.930000066757202,124500,0,0.0,0.028070233263726152,0.001526041701436044,3.537000024318695,4.179049840758223,2.894950207879167,3.194999933242798,3.54449999332428,4.810000121593475,4.915000081062317,2.700000047683716
2021-07-29,2.940000057220459,3.009999990463257,2.938999891281128,2.940000057220459,91800,0,0.0,0.003412965950654101,0.0015312500298023234,3.4895000219345094,4.1602992962537915,2.8187007476152277,3.184999942779541,3.54449999332428,4.805000126361847,4.915000081062317,2.690000057220459
2021-07-30,2.950000047683716,3.0,2.9100000858306885,2.930000066757202,45700,0,0.0,-0.003401357234227742,0.001526041701436044,3.440000021457672,4.122557688734004,2.7574423541813404,3.184999942779541,3.459999918937683,4.767500102519989,4.915000081062317,2.630000114440918
2021-08-02,2.9200000762939453,3.0199999809265137,2.9200000762939453,2.9600000381469727,55800,0,0.0,0.010238897851962525,0.0015416666865348827,3.394500029087067,4.07766396128075,2.7113360968933837,3.184999942779541,3.4550000429153442,4.747500061988831,4.915000081062317,2.5799999237060547
2021-08-03,2.970000028610229,3.009999990463257,2.900000095367432,2.940000057220459,38200,0,0.0,-0.006756750225933805,0.0015312500298023234,3.349000036716461,4.025873238454766,2.672126834978157,3.184999942779541,3.4550000429153442,4.7375001311302185,4.915000081062317,2.549999952316284
2021-08-04,2.930000066757202,2.9800000190734863,2.799999952316284,2.809999942779541,128600,0,0.0,-0.044217725139714115,0.0014635416368643452,3.306500029563904,4.006526863573402,2.606473195554406,3.1649999618530273,3.3799999952316284,4.6600000858306885,4.915000081062317,2.549999952316284
2021-08-05,2.799999952316284,2.950000047683716,2.799999952316284,2.9100000858306885,172300,0,0.0,0.035587240244649765,0.0015156250447034847,3.2670000314712526,3.9628501759445913,2.571149886997914,3.0449999570846558,3.3799999952316284,4.576000094413757,4.915000081062317,2.539999961853028
2021-08-06,2.900000095367432,2.950000047683716,2.8399999141693115,2.859999895095825,68500,0,0.0,-0.017182195622028718,0.0014895832786957434,3.216000020503998,3.8726623936347826,2.559337647373213,2.9700000286102295,3.3799999952316284,4.547500014305115,4.915000081062317,2.569999933242798
2021-08-09,3.2699999809265137,4.179999828338623,3.2699999809265137,3.650000095367432,39939100,0,0.0,0.2762238563806443,0.0019010417163372057,3.2080000281333922,3.838627158400908,2.5773728978658763,3.4899998903274536,3.4899998903274536,4.547250032424927,4.915000081062317,2.609999895095825
2021-08-10,3.380000114440918,3.390000104904175,2.8299999237060547,3.0,2064400,0,0.0,-0.1780822132559421,0.0015625000000000012,3.163000023365021,3.712024750335097,2.6139752963949445,3.4899998903274536,3.4899998903274536,4.542250037193298,4.915000081062317,2.759999990463257
2021-08-11,2.950000047683716,2.9830000400543213,2.8299999237060547,2.8399999141693115,636100,0,0.0,-0.05333336194356286,0.0014791666219631842,3.1230000138282774,3.6426617691630385,2.6033382584935163,3.4899998903274536,3.4899998903274536,4.53725004196167,4.915000081062317,2.700000047683716
2021-08-12,2.880000114440918,2.900000095367432,2.6600000858306885,2.6700000762939453,555300,0,0.0,-0.05985909965250491,0.0013906250397364309,3.0830000162124636,3.612833887743895,2.553166144681032,3.4199999570846558,3.4199999570846558,4.379999995231628,4.915000081062317,2.5199999809265137
2021-08-13,2.690000057220459,2.690000057220459,2.559999942779541,2.5999999046325684,1239400,0,0.0,-0.026217292007923665,0.0013541666169961304,3.040000009536743,3.5800727576302864,2.4999272614431995,3.369999885559082,3.369999885559082,4.352500081062317,4.9100000858306885,2.569999933242798
2021-08-16,2.609999895095825,2.6600000858306885,2.400000095367432,2.4600000381469727,723300,0,0.0,-0.053846104469523204,0.0012812500198682159,2.9985000133514403,3.581675675604651,2.4153243510982296,3.2899999618530273,3.2899999618530273,4.352500081062317,4.9100000858306885,2.5899999141693115
2021-08-17,2.390000104904175,2.4800000190734863,2.2100000381469727,2.3499999046325684,632100,0,0.0,-0.0447155007352209,0.0012239582836627968,2.9490000128746034,3.5748091264538537,2.323190899295353,3.194999933242798,3.194999933242798,4.325000047683716,4.9100000858306885,2.5799999237060547
2021-08-18,2.2799999713897705,2.390000104904175,2.180000066757202,2.2699999809265137,297500,0,0.0,-0.03404252210749048,0.00118229165673256,2.89300000667572,3.550914392068467,2.2350856212829733,3.1799999475479126,3.1799999475479126,4.325000047683716,4.9100000858306885,2.5
2021-08-19,2.2300000190734863,2.289999961853028,2.1600000858306885,2.180000066757202,161800,0,0.0,-0.03964753961477019,0.0011354167014360436,2.8300000071525573,3.507562889946809,2.1524371243583054,3.1699999570846558,3.1699999570846558,4.012500047683716,4.9100000858306885,2.5299999713897705
2021-08-20,2.1600000858306885,2.259999990463257,2.130000114440918,2.150000095367432,256700,0,0.0,-0.01376145434453846,0.001119791716337205,2.7735000133514403,3.4797094033244536,2.067290623378427,2.7600001096725464,3.1549999713897705,3.9480000734329224,4.845500111579895,2.390000104904175
2021-08-23,2.1600000858306885,2.259999990463257,2.1600000858306885,2.220000028610229,342300,0,0.0,0.03255810704084361,0.0011562500149011616,2.7260000109672546,3.4469469216772217,2.0050531002572876,2.5565000772476196,3.1549999713897705,3.9480000734329224,4.845500111579895,2.259999990463257
2021-08-24,2.200000047683716,2.470000028610229,2.190000057220459,2.430000066757202,442800,0,0.0,0.09459461055882867,0.0012656250347693769,2.7050000190734864,3.4347858126553135,1.9752142254916591,2.515000104904175,3.1549999713897705,3.850000023841858,4.7850000858306885,2.309999942779541
2021-08-25,2.430000066757202,2.5,2.430000066757202,2.490000009536743,124500,0,0.0,0.024691333798854576,0.0012968750049670544,2.683000016212463,3.410832739237232,1.9551672931876944,2.4100000858306885,3.1549999713897705,3.8450000286102295,4.7850000858306885,2.200000047683716
2021-08-26,2.5,2.569000005722046,2.434999942779541,2.470000028610229,95200,0,0.0,-0.008032120823258548,0.001286458348234495,2.659500014781952,3.382912764221156,1.9360872653427486,2.3950001001358032,3.1549999713897705,3.825000047683716,4.7850000858306885,2.0899999141693115
2021-08-27,2.440000057220459,2.4800000190734863,2.4200000762939453,2.440000057220459,87400,0,0.0,-0.012145737264080081,0.0012708333631356564,2.6350000143051147,3.353224211144263,1.9167758174659664,2.349500060081482,3.1549999713897705,3.759999990463257,4.7850000858306885,2.039999961853028
2021-08-30,2.4800000190734863,2.6600000858306885,2.3980000019073486,2.6600000858306885,381400,0,0.0,0.0901639440372981,0.0013854167113701511,2.6200000166893007,3.322642349199633,1.9173576841789686,2.3950001001358032,3.1549999713897705,3.6875000596046448,4.78000009059906,1.950000047683716
2021-08-31,2.6600000858306885,2.720000028610229,2.5,2.5999999046325684,267300,0,0.0,-0.02255645836920439,0.0013541666169961304,2.603000009059906,3.289960168439015,1.9160398496807969,2.4250000715255737,3.1549999713897705,3.597499966621399,4.710000038146973,2.0
2021-09-01,2.609999895095825,2.638000011444092,2.559999942779541,2.630000114440918,79500,0,0.0,0.011538542657211881,0.0013697917262713126,2.594000017642975,3.274492853989188,1.9135071812967617,2.4250000715255737,3.1549999713897705,3.4022499918937683,4.570000052452087,2.0
2021-09-02,2.630000114440918,2.700000047683716,2.5799999237060547,2.700000047683716,175000,0,0.0,0.026615943040625423,0.0014062500248352699,2.583500015735626,3.250363295414016,1.916636736057236,2.440000057220459,3.1549999713897705,3.369749963283539,4.570000052452087,1.9800000190734863
2021-09-03,2.7300000190734863,2.75,2.619999885559082,2.690000057220459,180300,0,0.0,-0.0037037001061669406,0.0014010416964689901,2.575000023841858,3.2316962467599852,1.9183038009237308,2.4700000286102295,3.1549999713897705,3.3647499680519104,4.570000052452087,2.0
2021-09-07,2.7100000381469727,2.7300000190734863,2.5999999046325684,2.630000114440918,96500,0,0.0,-0.02230481096775072,0.0013697917262713126,2.5240000247955323,2.9572302369465557,2.090769812644509,2.5740000009536743,3.1549999713897705,3.322499930858612,4.570000052452087,2.0199999809265137
2021-09-08,2.650000095367432,2.650000095367432,2.509999990463257,2.5799999237060547,79300,0,0.0,-0.01901147853960916,0.0013437499602635713,2.503000020980835,2.8781371844263033,2.1278628575353666,2.5740000009536743,3.1549999713897705,3.3199999928474426,4.570000052452087,1.9700000286102293
2021-09-09,2.569999933242798,2.640000104904175,2.500999927520752,2.549999952316284,117100,0,0.0,-0.011627896231359958,0.0013281249751647324,2.4885000228881835,2.8310812225268376,2.1459188232495294,2.5740000009536743,3.1549999713897705,3.3199999928474426,4.570000052452087,1.9600000381469729
2021-09-10,2.5999999046325684,2.609999895095825,2.4600000381469727,2.549999952316284,56200,0,0.0,0.0,0.0013281249751647324,2.4825000166893005,2.8161472119367814,2.1488528214418197,2.5740000009536743,3.1549999713897705,3.272499978542328,4.550000071525574,1.950000047683716
2021-09-13,2.549999952316284,2.5899999141693115,2.4600000381469727,2.539999961853028,61600,0,0.0,-0.003921564960882806,0.001322916646798453,2.4795000195503234,2.809895345540594,2.149104693560053,2.6050000190734863,3.1549999713897705,3.212499976158142,4.550000071525574,1.9299999475479128
2021-09-14,2.559999942779541,2.5899999141693115,2.470000028610229,2.569999933242798,98500,0,0.0,0.011811012535560828,0.0013385416318972916,2.4850000143051147,2.8175926236872404,2.152407404922989,2.6050000190734863,3.1549999713897705,3.175000011920929,4.550000071525574,1.909999966621399
2021-09-15,2.5999999046325684,2.700000047683716,2.5,2.609999895095825,243700,0,0.0,0.015564187895738879,0.00135937494536241,2.4980000138282774,2.828769932050032,2.1672300956065227,2.6050000190734863,2.7600001096725464,3.4899998903274536,4.550000071525574,1.9299999475479128
2021-09-16,2.609999895095825,2.8299999237060547,2.559999942779541,2.759999990463257,233400,0,0.0,0.05747130321701577,0.0014374999950329474,2.522500014305115,2.8546896065522698,2.19031042205796,2.6449999809265137,2.5565000772476196,3.4899998903274536,4.550000071525574,1.7999999523162842
2021-09-17,2.680000066757202,2.759999990463257,2.640000104904175,2.700000047683716,51000,0,0.0,-0.02173910977784832,0.0014062500248352696,2.5485000133514406,2.8489471410333964,2.248052885669485,2.6449999809265137,2.515000104904175,3.4899998903274536,4.550000071525574,1.809999942779541
2021-09-20,2.5999999046325684,2.6600000858306885,2.5,2.5199999809265137,87200,0,0.0,-0.06666669021418026,0.0013124999900658934,2.5670000076293946,2.805622280445968,2.3283777348128214,2.6449999809265137,2.4800000190734863,3.4199999570846558,4.480000138282776,1.809999942779541
2021-09-21,2.5299999713897705,2.5999999046325684,2.5,2.569999933242798,53400,0,0.0,0.019841251069335764,0.0013385416318972914,2.5845000028610228,2.761583512695096,2.4074164930269495,2.6449999809265137,2.4800000190734863,3.369999885559082,4.430000066757202,1.7899999618530271
2021-09-22,2.559999942779541,2.619999885559082,2.559999942779541,2.5899999141693115,43200,0,0.0,0.0077820939478694395,0.0013489582886298506,2.5924999952316283,2.7546097548536186,2.430390235609638,2.6449999809265137,2.4800000190734863,3.2899999618530273,4.3500001430511475,1.7599999904632568
2021-09-23,2.619999885559082,2.619999885559082,2.5299999713897705,2.5799999237060547,30900,0,0.0,-0.003861000306814355,0.0013437499602635711,2.596999990940094,2.7522579295002485,2.441742052379939,2.6449999809265137,2.4800000190734863,3.194999933242798,4.255000114440918,1.7100000381469729
2021-09-24,2.549999952316284,2.5999999046325684,2.470000028610229,2.5,80500,0,0.0,-0.031007723283626443,0.0013020833333333343,2.5984999895095826,2.749288640584752,2.4477113384344134,2.649999976158142,2.4800000190734863,3.1799999475479126,4.240000128746033,1.940000057220459
2021-09-27,2.509999990463257,2.5799999237060547,2.470000028610229,2.5299999713897705,55900,0,0.0,0.011999988555908114,0.001317708318432173,2.602999985218048,2.7391051085855747,2.4668948618505215,2.649999976158142,2.4800000190734863,3.1699999570846558,3.605000138282776,1.7999999523162842
2021-09-28,2.5299999713897705,2.5299999713897705,2.359999895095825,2.390000104904175,97400,0,0.0,-0.055335916232715054,0.0012447917213042586,2.5894999861717225,2.7516845479612346,2.4273154243822104,2.59499990940094,2.4950000047683716,2.9575000405311584,3.5900001525878906,1.850000023841858
2021-09-29,2.3499999046325684,2.380000114440918,2.2100000381469727,2.259999990463257,154100,0,0.0,-0.05439335093507458,0.0011770833283662806,2.572499990463257,2.789443871697437,2.355556109229077,2.4850000143051147,2.509999990463257,2.855750024318695,3.5900001525878906,1.75
2021-09-30,2.289999961853028,2.3299999237060547,2.2699999809265137,2.309999942779541,33300,0,0.0,0.022123872799678646,0.0012031249701976786,2.556499981880188,2.800001661630833,2.3129983021295426,2.4350000619888306,2.5199999809265137,2.8350000381469727,3.515000104904175,1.7599999904632568
2021-10-01,2.289999961853028,2.309999942779541,2.190000057220459,2.200000047683716,163500,0,0.0,-0.04761900338554392,0.0011458333581686028,2.531499981880188,2.8113193258551457,2.2516806379052303,2.4049999713897705,2.509999990463257,2.7825000286102295,3.505000114440918,1.690000057220459
2021-10-04,2.200000047683716,2.240000009536743,2.069999933242798,2.0899999141693115,144600,0,0.0,-0.05000005960464349,0.0010885416219631838,2.5014999747276305,2.831638177442494,2.171361772012767,2.34499990940094,2.4499999284744263,2.775000035762787,3.4650001525878906,1.649999976158142
2021-10-05,2.0899999141693115,2.130000114440918,1.9800000190734863,2.039999961853028,114300,0,0.0,-0.023923423143372036,0.001062499980131786,2.471999967098236,2.853046269165576,2.090953665030896,2.299999952316284,2.4049999713897705,2.752250015735626,3.3350000381469727,1.6100000143051147
2021-10-06,2.0199999809265137,2.0799999237060547,1.950000047683716,1.950000047683716,94600,0,0.0,-0.044117605809933735,0.0010156250248352695,2.4404999732971193,2.8808621869390763,2.0001377596551624,2.274999976158142,2.3899999856948853,2.775000035762787,3.2250001430511475,1.6399999856948853
2021-10-07,1.9700000286102293,2.059999942779541,1.9700000286102293,2.0,201900,0,0.0,0.025641000560833627,0.0010416666666666673,2.4129999756813048,2.8901470743843456,1.9358528769782637,2.2649999856948853,2.3899999856948853,2.790000021457672,3.190000057220459,1.600000023841858
2021-10-08,1.9900000095367432,2.010999917984009,1.9299999475479128,2.0,97200,0,0.0,0.0,0.0010416666666666673,2.3854999780654906,2.8907757422570786,1.8802242138739027,2.2299999594688416,2.3799999356269836,2.790000021457672,3.189500093460083,1.600000023841858
2021-10-11,2.0299999713897705,2.049999952316284,1.950000047683716,1.9800000190734863,51900,0,0.0,-0.009999990463256836,0.001031250009934108,2.3574999809265136,2.887172534764412,1.8278274270886152,2.1550000309944153,2.3799999356269836,2.7975000143051147,3.189500093460083,1.6100000143051147
2021-10-12,1.9600000381469729,2.039999961853028,1.940000057220459,2.0,56700,0,0.0,0.010101000370632551,0.0010416666666666673,2.3289999842643736,2.871198664084096,1.7868013044446514,2.1299999356269836,2.3799999356269836,2.8125,3.189500093460083,1.600000023841858
2021-10-13,2.0,2.0299999713897705,1.9600000381469729,2.0199999809265137,38600,0,0.0,0.009999990463256836,0.0010520833233992266,2.299499988555908,2.841533642757251,1.7574663343545656,2.119999945163727,2.3799999356269836,2.8644999861717224,3.1549999713897705,1.440000057220459
2021-10-14,2.009999990463257,2.119999885559082,1.9700000286102293,1.9700000286102293,115600,0,0.0,-0.024752451875445503,0.0010260416815678283,2.259999990463257,2.7763008388507147,1.743699142075799,2.084999978542328,2.3799999356269836,2.8644999861717224,3.1549999713897705,1.3799999952316284
2021-10-15,1.9900000095367432,2.0350000858306885,1.940000057220459,1.9600000381469729,56400,0,0.0,-0.005076137217272514,0.001020833353201549,2.2229999899864197,2.712983431210216,1.7330165487626235,2.0300000309944153,2.3799999356269836,2.8644999861717224,3.1549999713897705,1.2899999618530271
2021-10-18,1.9800000190734863,2.0,1.919999957084656,1.950000047683716,58500,0,0.0,-0.005102035851341613,0.0010156250248352695,2.1944999933242797,2.678269823058487,1.7107301635900725,2.019999921321869,2.3749999403953552,2.8644999861717224,3.1549999713897705,1.2699999809265137
2021-10-19,1.9700000286102293,2.0,1.899999976158142,1.9299999475479128,72300,0,0.0,-0.010256461357301072,0.0010052083060145386,2.1624999940395355,2.626750876357859,1.698249111721212,2.009999930858612,2.3649999499320984,2.8799999952316284,3.1549999713897705,1.350000023841858
2021-10-20,1.950000047683716,2.0,1.8849999904632568,1.909999966621399,117400,0,0.0,-0.01036268469951207,0.0009947916492819794,2.12849999666214,2.5606964000031462,1.6963035933211341,2.0024999380111694,2.3574999570846558,2.8799999952316284,3.1549999713897705,1.2400000095367432
2021-10-21,1.909999966621399,1.9600000381469729,1.8899999856948853,1.9299999475479128,124900,0,0.0,0.01047119438535482,0.0010052083060145386,2.095999997854233,2.4823579110090077,1.7096420846994582,2.0024999380111694,2.3574999570846558,2.6825000643730164,3.1549999713897705,1.2599999904632568
2021-10-22,1.9299999475479128,1.9299999475479128,1.7899999618530271,1.7999999523162842,198100,0,0.0,-0.0673575123133009,0.000937499975164732,2.060999995470047,2.4202120152666087,1.7017879756734857,1.9549999237060547,2.274999976158142,2.6007500290870667,3.1549999713897705,1.2799999713897705
2021-10-25,1.850000023841858,1.850000023841858,1.7799999713897705,1.809999942779541,148600,0,0.0,0.005555550404536813,0.0009427083035310117,2.0249999940395353,2.3284087508625975,1.7215912372164732,1.9499999284744263,2.2200000286102295,2.5800000429153442,3.1549999713897705,1.149999976158142
2021-10-26,1.8200000524520876,1.830000042915344,1.7699999809265137,1.809999942779541,144200,0,0.0,0.0,0.0009427083035310117,1.9959999859333037,2.26258120948547,1.7294187623811377,1.9449999332427979,2.194999933242798,2.5625,3.1549999713897705,1.1100000143051147
2021-10-27,1.7999999523162842,1.840000033378601,1.7799999713897705,1.7899999618530271,103000,0,0.0,-0.011049713568388686,0.0009322916467984525,1.9724999845027924,2.2241359958589335,1.720863973146651,1.902500033378601,2.194999933242798,2.5625,3.1549999713897705,1.0299999713897705
2021-10-28,1.7999999523162842,1.807999968528748,1.75,1.7599999904632568,91700,0,0.0,-0.01675976091011422,0.0009166666616996137,1.944999986886978,2.1603184622158804,1.7296815115580757,1.875,2.184999942779541,2.5625,3.1549999713897705,0.9639999866485596
2021-10-29,1.7699999809265137,1.774999976158142,1.690000057220459,1.7100000381469729,171000,0,0.0,-0.028409063970007864,0.0008906250198682158,1.920499986410141,2.125325016885211,1.715674955935071,1.8450000286102295,2.1449999809265137,2.5625,3.1549999713897705,1.1200000047683716
2021-11-01,1.7000000476837158,1.9800000190734863,1.6799999475479126,1.940000057220459,963600,0,0.0,0.13450293213017916,0.00101041669646899,1.9129999935626985,2.102720219990809,1.723279767134588,1.8399999737739563,2.1299999356269836,2.564999997615814,3.1549999713897705,1.090000033378601
2021-11-02,1.8799999952316284,1.899999976158142,1.7799999713897705,1.7999999523162842,136700,0,0.0,-0.07216500039941254,0.0009374999751647322,1.9009999930858612,2.0873655088524163,1.7146344773193058,1.8299999833106995,2.1049999594688416,2.564999997615814,3.1549999713897705,1.0299999713897705
2021-11-03,1.7799999713897705,1.899999976158142,1.75,1.850000023841858,282500,0,0.0,0.02777781825006853,0.000963541679084302,1.8959999918937682,2.082202695580986,1.7097972882065506,1.8299999833106995,2.0300000309944153,2.5449999570846558,3.1549999713897705,1.0
2021-11-04,1.830000042915344,1.8450000286102293,1.7300000190734863,1.75,135700,0,0.0,-0.05405406624492348,0.0009114583333333343,1.8834999918937683,2.073664640052096,1.6933353437354401,1.8299999833106995,2.0049999356269836,2.497500002384186,3.1549999713897705,0.9190000295639038
2021-11-05,1.7799999713897705,1.830000042915344,1.7100000381469729,1.7599999904632568,131700,0,0.0,0.005714280264718097,0.0009166666616996138,1.8714999914169312,2.061025624733038,1.6819743581008244,1.8299999833106995,1.9949999451637268,2.477500021457672,3.1549999713897705,0.921999990940094
2021-11-08,1.7599999904632568,1.7690000534057615,1.690000057220459,1.690000057220459,179600,0,0.0,-0.039772689558011276,0.0008802083631356566,1.8569999933242798,2.055368600430669,1.6586313862178905,1.8299999833106995,1.9599999785423279,2.4574999809265137,3.1549999713897705,0.949999988079071
2021-11-09,1.7000000476837158,1.7200000286102295,1.6299999952316284,1.649999976158142,176100,0,0.0,-0.023668686217741874,0.0008593749875823666,1.8394999921321868,2.0459963331444735,1.6330036511199004,1.8050000071525574,1.8800000548362732,2.397499918937683,3.1249998807907104,0.9580000042915344
2021-11-10,1.6299999952316284,1.6779999732971191,1.5700000524520874,1.6100000143051147,136100,0,0.0,-0.024242401473340114,0.0008385416741172482,1.818999993801117,2.0311398577777604,1.6068601298244736,1.7750000357627869,1.8449999690055847,2.3524999618530273,3.0799999237060547,1.0499999523162842
2021-11-11,1.6200000047683716,1.649999976158142,1.590000033378601,1.6399999856948853,59700,0,0.0,0.01863352243677996,0.0008541666592160869,1.8024999916553497,2.016440705675293,1.5885592776354063,1.7750000357627869,1.8449999690055847,2.3324999809265137,3.0649999380111694,1.0700000524520874
2021-11-12,1.659999966621399,1.659999966621399,1.5700000524520874,1.600000023841858,86700,0,0.0,-0.024390220854836775,0.0008333333457509684,1.784499990940094,2.0029854712322988,1.566014510647889,1.7350000143051147,1.8449999690055847,2.3274999856948853,3.0649999380111694,1.0700000524520874
2021-11-15,1.590000033378601,1.6619999408721924,1.590000033378601,1.600000023841858,44100,0,0.0,0.0,0.0008333333457509684,1.766999989748001,1.9857282415833653,1.548271737912637,1.7350000143051147,1.8449999690055847,2.3049999475479126,3.054999887943268,1.1200000047683716
2021-11-16,1.6200000047683716,1.649999976158142,1.5800000429153442,1.6100000143051147,150200,0,0.0,0.006249993946403354,0.0008385416741172481,1.7509999930858613,1.9664498385497575,1.535550147621965,1.7075000405311584,1.8449999690055847,2.2674999833106995,3.054999887943268,1.1699999570846558
2021-11-17,1.600000023841858,1.60099995136261,1.5499999523162842,1.600000023841858,79700,0,0.0,-0.006211174145593357,0.0008333333457509684,1.7354999959468842,1.9475039717978824,1.523496020095886,1.6899999976158142,1.834999918937683,2.2549999356269836,3.054999887943268,1.0499999523162842
2021-11-18,1.590000033378601,1.600000023841858,1.4299999475479126,1.440000057220459,271200,0,0.0,-0.09999997764825852,0.0007500000298023232,1.7110000014305116,1.9401828013277558,1.4818172015332673,1.5995000004768372,1.7749999165534973,2.2499999403953552,3.054999887943268,0.9319999814033508
2021-11-19,1.440000057220459,1.4900000095367432,1.3700000047683716,1.3799999952316284,116400,0,0.0,-0.04166670805877948,0.0007187499975164739,1.6900000035762788,1.9570055946742515,1.422994412478306,1.5450000166893005,1.70250004529953,2.2324999570846558,3.054999887943268,0.930999994277954
2021-11-22,1.3899999856948853,1.3980000019073486,1.2599999904632568,1.2899999618530271,242900,0,0.0,-0.0652174157170885,0.0006718749801317857,1.664000004529953,1.9770450192817561,1.3509549897781499,1.468999981880188,1.6299999952316284,2.2049999833106995,3.054999887943268,0.9710000157356262
2021-11-23,1.2999999523162842,1.3200000524520874,1.2100000381469729,1.2699999809265137,252900,0,0.0,-0.015503861641813055,0.0006614583233992265,1.6370000064373016,1.9864660003092118,1.2875340125653914,1.4359999895095825,1.6050000190734863,2.197499930858612,3.0499998927116394,1.090000033378601
2021-11-24,1.25,1.440000057220459,1.2300000190734863,1.350000023841858,252900,0,0.0,0.06299216072190883,0.0007031250124176349,1.6150000095367432,1.978442411336149,1.2515576077373374,1.4359999895095825,1.6050000190734863,2.1874999403953552,3.0399999022483826,1.1200000047683716
2021-11-26,1.309999942779541,1.350000023841858,1.2100000381469729,1.2400000095367432,260300,0,0.0,-0.08148149063884791,0.0006458333383003875,1.5890000104904174,1.9808400800502968,1.197159940930538,1.4359999895095825,1.5950000286102295,2.1799999475479126,3.03249990940094,1.0800000429153442
2021-11-29,1.3300000429153442,1.340000033378601,1.2000000476837158,1.2599999904632568,272400,0,0.0,0.016129016752173708,0.0006562499950329468,1.5665000081062317,1.9793152298526127,1.1536847863598507,1.425000011920929,1.590000033378601,2.1799999475479126,2.637500047683716,1.100000023841858
2021-11-30,1.2599999904632568,1.3300000429153442,1.2300000190734863,1.2799999713897705,382700,0,0.0,0.01587300085546861,0.000666666651765506,1.5335000038146973,1.9264414710584532,1.1405585365709414,1.4004999995231628,1.590000033378601,2.1149999499320984,2.3865000009536743,1.0399999618530271
2021-12-01,1.2799999713897705,1.309999942779541,1.1399999856948853,1.149999976158142,229700,0,0.0,-0.10156249854480848,0.0005989583209156995,1.5010000050067902,1.9078270735180403,1.0941729364955401,1.3700000047683716,1.5600000023841858,2.084999978542328,2.340000033378601,1.1260000467300415
2021-12-02,1.159999966621399,1.190000057220459,1.1100000143051147,1.1100000143051147,159400,0,0.0,-0.03478257624548575,0.000578125007450581,1.464000004529953,1.871745464902659,1.056254544157247,1.300000011920929,1.5450000166893005,2.069999933242798,2.299999952316284,1.0399999618530271
2021-12-03,1.1699999570846558,1.1699999570846558,1.0,1.0299999713897705,258400,0,0.0,-0.07207210980571566,0.0005364583184321725,1.4280000030994415,1.855271492360622,1.0007285138382611,1.2200000286102295,1.4900000095367432,2.0487499833106995,2.299999952316284,1.090000033378601
2021-12-06,1.0499999523162842,1.0499999523162842,0.9380000233650208,0.9639999866485596,302200,0,0.0,-0.06407765686843436,0.0005020833263794585,1.3882000029087067,1.8324970413387864,0.943902964478627,1.1890000402927399,1.4590000212192535,2.0299999713897705,2.2899999618530273,1.1200000047683716
2021-12-07,0.9800000190734864,1.1799999475479126,0.9800000190734864,1.1200000047683716,330200,0,0.0,0.16182574717885778,0.0005833333358168607,1.3597000002861024,1.795868488513834,0.9235315120583707,1.1890000402927399,1.4590000212192535,1.9950000047683716,2.259999990463257,1.100000023841858
2021-12-08,1.1100000143051147,1.1699999570846558,1.0800000429153442,1.090000033378601,302200,0,0.0,-0.026785688626827175,0.0005677083507180218,1.3317000031471253,1.7615141039836182,0.9018859023106326,1.1440000236034393,1.4189999997615814,1.98499995470047,2.2549999356269836,1.100000023841858
2021-12-09,1.100000023841858,1.1200000047683716,1.0,1.0299999713897705,364500,0,0.0,-0.05504592674447206,0.0005364583184321725,1.302700001001358,1.7317494759834582,0.873650526019258,1.139000028371811,1.4189999997615814,1.9674999713897705,2.2549999356269836,1.1200000047683716
2021-12-10,1.0199999809265137,1.0549999475479126,0.9850000143051147,1.0,218700,0,0.0,-0.02912618662434696,0.0005208333333333338,1.2707000017166137,1.6895858217810993,0.8518141816521281,1.1340000331401825,1.3915000259876251,1.9300000071525574,2.2549999356269836,1.100000023841858
2021-12-13,0.9919999837875366,0.9980000257492064,0.9120000004768372,0.9190000295639038,746300,0,0.0,-0.08099997043609619,0.00047864584873120027,1.236650002002716,1.6536166948030324,0.8196833092023996,1.110999971628189,1.3710000216960907,1.9174999594688416,2.2549999356269836,1.0
2021-12-14,0.8999999761581421,0.9610000252723694,0.8799999952316284,0.921999990940094,336700,0,0.0,0.003264375712385803,0.00048020832861463266,1.202750000357628,1.6059100727795204,0.7995899279357354,1.0350000262260437,1.324500024318695,1.9124999642372131,2.2549999356269836,0.9459999799728394
2021-12-15,0.921999990940094,0.9800000190734864,0.921999990940094,0.949999988079071,199000,0,0.0,0.030368760752836454,0.0004947916604578499,1.1697499990463256,1.5405829738940433,0.7989170241986079,1.0299999713897705,1.300000011920929,1.8949999809265137,2.2549999356269836,0.8949999809265137
2021-12-16,0.9660000205039978,1.0299999713897705,0.9319999814033508,0.9580000042915344,136700,0,0.0,0.00842106980300028,0.0004989583355685079,1.1376499980688095,1.4616682017325102,0.8136317944051088,1.0299999713897705,1.2789999842643738,1.8425000309944153,2.2299999594688416,0.8700000047683716
2021-12-17,0.949999988079071,1.1299999952316284,0.9200000166893004,1.0499999523162842,599500,0,0.0,0.0960333482386424,0.0005468749751647318,1.1181499928236007,1.412293168369339,0.8240068172778625,1.0299999713897705,1.2709999680519104,1.8100000023841858,2.199999988079071,0.8799999952316284
2021-12-20,1.0399999618530271,1.090000033378601,1.0,1.0700000524520874,206400,0,0.0,0.01904771528006588,0.0005572916939854626,1.1026499956846236,1.3712654088283271,0.8340345825409201,1.024999976158142,1.2709999680519104,1.8100000023841858,2.199999988079071,0.8500000238418579
2021-12-21,1.059999942779541,1.1100000143051147,1.0499999523162842,1.0700000524520874,180900,0,0.0,0.0,0.0005572916939854626,1.0916500002145768,1.346176280431615,0.8371237199975385,1.0049999952316284,1.2709999680519104,1.7899999916553497,2.199999988079071,0.8389999866485596
2021-12-22,1.0499999523162842,1.1699999570846558,1.0499999523162842,1.1200000047683716,222900,0,0.0,0.046728925107714536,0.0005833333358168607,1.0841500014066696,1.3255775910627257,0.8427224117506136,1.024999976158142,1.2649999856948853,1.7899999916553497,2.199999988079071,0.9089999794960022
2021-12-23,1.1699999570846558,1.1799999475479126,1.149999976158142,1.1699999570846558,185200,0,0.0,0.04464281437804529,0.0006093749776482588,1.0751499980688095,1.2876586404461847,0.8626413556914343,1.0299999713897705,1.2404999732971191,1.7762500047683716,2.199999988079071,0.949999988079071
2021-12-27,1.159999966621399,1.1740000247955322,1.0399999618530271,1.0499999523162842,316900,0,0.0,-0.10256411040166302,0.0005468749751647318,1.0656499952077865,1.2642154891032802,0.8670845013122926,1.0299999713897705,1.2400000095367432,1.7624999582767487,2.1899999380111694,0.9049999713897704
2021-12-28,1.0700000524520874,1.0700000524520874,0.921999990940094,0.9319999814033508,237100,0,0.0,-0.11238092978254632,0.0004854166569809123,1.0492499947547913,1.2344934217973926,0.86400656771219,1.0499999821186066,1.1850000023841858,1.6872499585151672,2.1299999356269836,0.9120000004768372
2021-12-29,0.9300000071525574,0.9700000286102296,0.9010000228881836,0.930999994277954,134200,0,0.0,-0.0010729475808477495,0.00048489583035310143,1.0317999958992004,1.1903727596766525,0.8732272321217482,1.040499985218048,1.1600000262260437,1.6237500309944153,2.099999964237213,0.9210000038146972
2021-12-30,0.9200000166893004,1.0,0.9200000166893004,0.9710000157356262,150600,0,0.0,0.042964577554798655,0.0005057291748623057,1.0228499978780747,1.173661099586055,0.8720388961700944,1.040499985218048,1.1600000262260437,1.5494999885559082,2.0449999570846558,0.9300000071525574
2021-12-31,0.949999988079071,1.284999966621399,0.949999988079071,1.090000033378601,1956600,0,0.0,0.1225540841550048,0.0005677083507180219,1.0218499988317489,1.1705644510073134,0.8731355466561844,1.0929999947547913,1.1600000262260437,1.5205000042915344,2.0199999809265137,0.906000018119812
2022-01-03,1.0199999809265137,1.1299999952316284,1.0199999809265137,1.1200000047683716,232400,0,0.0,0.027522908689077363,0.0005833333358168608,1.026350000500679,1.181167468859903,0.8715325321414549,1.0929999947547913,1.1150000095367432,1.5205000042915344,2.0199999809265137,0.9049999713897704
2022-01-04,1.1399999856948853,1.159999966621399,1.0299999713897705,1.0800000429153442,168100,0,0.0,-0.035714251502436234,0.0005625000223517423,1.0321500033140183,1.185865214836705,0.8784347917913317,1.0929999947547913,1.1100000143051147,1.515500009059906,2.0199999809265137,0.8949999809265137
2022-01-05,1.059999942779541,1.1360000371932983,1.0499999523162842,1.100000023841858,114400,0,0.0,0.01851850012202405,0.0005729166790843015,1.0311500042676927,1.1827900549211936,0.8795099536141917,1.0929999947547913,1.1050000190734863,1.507500022649765,2.0149999856948853,0.8999999761581421
2022-01-06,1.1100000143051147,1.1100000143051147,1.0199999809265137,1.0399999618530271,102100,0,0.0,-0.05454550971669503,0.0005416666467984521,1.0286500006914139,1.1779316773723028,0.8793683240105251,1.0929999947547913,1.0949999690055847,1.495250016450882,1.9800000190734863,0.8799999952316284
2022-01-07,1.059999942779541,1.1399999856948853,1.0399999618530271,1.1260000467300415,186600,0,0.0,0.08269239233796033,0.0005864583576718972,1.0334500044584274,1.1887163480955212,0.8781836608213336,1.0929999947547913,1.0824999809265137,1.4650000035762787,1.9000000357627869,0.8500000238418579
2022-01-10,1.090000033378601,1.1100000143051147,1.0299999713897705,1.0399999618530271,116000,0,0.0,-0.0763766263835981,0.0005416666467984521,1.0354500025510789,1.189961834760065,0.880938170342093,1.0929999947547913,1.0824999809265137,1.4225000143051147,1.8649999499320984,0.9100000262260436
2022-01-11,1.0199999809265137,1.1200000047683716,1.0199999809265137,1.090000033378601,76700,0,0.0,0.04807699361496698,0.0005677083507180219,1.0440000027418137,1.1904176989112292,0.8975823065723982,1.1024999916553497,1.0824999809265137,1.3550000190734863,1.809999942779541,0.8600000143051147
2022-01-12,1.1100000143051147,1.149999976158142,1.0800000429153442,1.1200000047683716,103000,0,0.0,0.027522908689077363,0.0005833333358168608,1.0539000034332275,1.1924650338115956,0.9153349730548596,1.117499977350235,1.0824999809265137,1.3240000307559967,1.7789999544620514,0.8899999856948853
2022-01-13,1.1299999952316284,1.149999976158142,1.0800000429153442,1.100000023841858,36600,0,0.0,-0.017857125751218117,0.0005729166790843015,1.0614000052213668,1.1926243222362118,0.9301756882065217,1.0899999737739563,1.0824999809265137,1.3240000307559967,1.7689999639987946,
2022-01-14,1.0700000524520874,1.1299999952316284,1.0499999523162842,1.100000023841858,51400,0,0.0,0.0,0.0005729166790843015,1.068500006198883,1.191607713038576,0.94539229935919,1.0899999737739563,1.0824999809265137,1.2815000116825104,1.7589999735355377,
2022-01-18,1.1299999952316284,1.1299999952316284,1.0700000524520874,1.1200000047683716,40300,0,0.0,0.018181800448205276,0.0005833333358168608,1.0720000088214874,1.1967919486229393,0.9472080690200355,1.0849999785423279,1.0824999809265137,1.2790000140666962,1.7339999973773956,
2022-01-19,1.149999976158142,1.149999976158142,1.0700000524520874,1.100000023841858,174900,0,0.0,-0.017857125751218117,0.0005729166790843015,1.073500007390976,1.1988859624469468,0.9481140523350051,1.0849999785423279,1.0824999809265137,1.2627500295639038,1.6590000689029694,
2022-01-20,1.100000023841858,1.100000023841858,0.9900000095367432,1.0,167100,0,0.0,-0.09090911061310525,0.0005208333333333339,1.0700000047683715,1.1994677720950975,0.9405322374416456,1.0699999928474426,1.0824999809265137,1.24099999666214,1.620999962091446,
2022-01-21,0.9700000286102296,1.0199999809265137,0.9399999976158142,0.9459999799728394,100700,0,0.0,-0.054000020027160645,0.000492708322902521,1.0613000035285949,1.1993551416815478,0.9232448653756421,1.0449999868869781,1.0929999947547913,1.1797500252723694,1.5949999690055847,
2022-01-24,0.9629999995231628,0.9629999995231628,0.8500000238418579,0.8949999809265137,179000,0,0.0,-0.05391120520720305,0.00046614582339922636,1.0475500047206878,1.194169843692209,0.9009301657491665,1.0,1.0674999952316284,1.1649999916553497,1.5600000023841858,
2022-01-25,0.9120000004768372,0.9120000004768372,0.8510000109672546,0.8700000047683716,59900,0,0.0,-0.02793293485019055,0.00045312500248352735,1.0385500073432923,1.2045091538327521,0.8725908608538324,1.0,1.0674999952316284,1.1544999778270721,1.5050000548362732,
2022-01-26,0.8600000143051147,0.9900000095367432,0.8500000238418579,0.8799999952316284,131700,0,0.0,0.011494241848790887,0.000458333330849807,1.0359500080347062,1.2100256361182193,0.8618743799511929,1.0,1.0674999952316284,1.1504999697208405,1.4999999403953552,
2022-01-27,0.8700000047683716,0.8799999952316284,0.8299999833106995,0.8500000238418579,143200,0,0.0,-0.03409087676400968,0.0004427083457509681,1.0319000095129014,1.2189833189267165,0.8448167000990864,0.9899999797344208,1.0574999749660492,1.1479999721050262,1.4999999403953552,
2022-01-28,0.8199999928474426,0.8500000238418579,0.8100000023841858,0.8389999866485596,48200,0,0.0,-0.012941219864418319,0.0004369791597127919,1.025300008058548,1.2292551254799553,0.8213448906371407,0.9799999892711639,1.0474999845027924,1.1379999816417694,1.4999999403953552,
2022-01-31,0.8500000238418579,0.9279999732971193,0.8119999766349792,0.9089999794960022,71800,0,0.0,0.08343265072871109,0.00047343748932083494,1.0162500053644181,1.223987490539666,0.8085125201891702,0.9799999892711639,1.0474999845027924,1.1449999809265137,1.4999999403953552,
2022-02-01,0.9240000247955322,0.949999988079071,0.8920000195503235,0.949999988079071,86200,0,0.0,0.045104520910772106,0.0004947916604578499,1.007750004529953,1.2116464034518726,0.8038536056080334,0.9550000131130219,1.0474999845027924,1.1352499723434448,1.4999999403953552,
2022-02-02,0.949999988079071,0.9570000171661376,0.8820000290870667,0.9049999713897704,51100,0,0.0,-0.04736843921471201,0.00047135415176550587,0.9990000009536744,1.2047749391260045,0.7932250627813442,0.9149999916553497,1.0474999845027924,1.1349999904632568,1.4999999403953552,
2022-02-03,0.953000009059906,0.953000009059906,0.8899999856948853,0.9120000004768372,28600,0,0.0,0.007734839014764905,0.00047500000024835315,0.9895999997854232,1.19320219093331,0.7859978086375365,0.9000000059604645,1.0474999845027924,1.1174999922513962,1.4999999403953552,
2022-02-04,0.8980000019073486,0.949999988079071,0.8610000014305115,0.9210000038146972,51100,0,0.0,0.00986842470740612,0.0004796875019868219,0.9836500018835068,1.1879747304595614,0.7793252733074523,0.9000000059604645,1.0474999845027924,1.100250005722046,1.4575000405311584,
2022-02-07,0.959999978542328,0.959999978542328,0.8999999761581421,0.9300000071525574,35400,0,0.0,0.00977199055437894,0.0004843750037252908,0.9738499999046326,1.1683882271915205,0.7793117726177448,0.9000000059604645,1.0474999845027924,1.100250005722046,1.4399999976158142,
2022-02-08,0.9179999828338624,0.9179999828338624,0.8799999952316284,0.906000018119812,24900,0,0.0,-0.025806439621680943,0.0004718750094374026,0.9671500027179718,1.1613397439480513,0.7729602614878924,0.8849999904632568,0.9849999845027924,1.1265000104904175,1.4399999976158142,
2022-02-09,0.8799999952316284,0.9229999780654908,0.8799999952316284,0.9049999713897704,23600,0,0.0,-0.0011038043157184374,0.0004713541517655059,0.9578999996185302,1.1452317139640105,0.77056828527305,0.8849999904632568,0.9849999845027924,1.1040000021457672,1.4399999976158142,
2022-02-10,0.9139999747276306,0.9139999747276306,0.8899999856948853,0.8949999809265137,42700,0,0.0,-0.011049713568388464,0.00046614582339922636,0.9466499984264374,1.1200527379404714,0.7732472589124033,0.8859999775886536,0.9799999892711639,1.101500004529953,1.4300000071525574,
2022-02-11,0.9279999732971193,0.9300000071525574,0.8999999761581421,0.8999999761581421,30900,0,0.0,0.005586586970037999,0.0004687499875823661,0.9366499960422516,1.0958649652073649,0.7774350268771384,0.9104999899864197,0.9799999892711639,1.0990000069141388,1.4300000071525574,
2022-02-14,0.8899999856948853,0.8960000276565552,0.8650000095367432,0.8799999952316284,31300,0,0.0,-0.02222220161814692,0.0004583333308498069,0.9256499946117401,1.0674735125116714,0.7838264767118088,0.9104999899864197,0.9799999892711639,1.093999981880188,1.4300000071525574,
2022-02-15,0.8650000095367432,0.8799999952316284,0.8500000238418579,0.8500000238418579,44200,0,0.0,-0.03409087676400968,0.00044270834575096805,0.9121499955654144,1.025714768128737,0.7985852230020918,0.9050000011920929,0.9799999892711639,1.0877499878406525,1.4300000071525574,
2022-02-16,0.8510000109672546,0.9100000262260436,0.8510000109672546,0.9100000262260436,215800,0,0.0,0.07058823611909526,0.00047395834699273144,0.9026499956846237,0.9761221142179723,0.829177877151275,0.9050000011920929,0.9799999892711639,1.0877499878406525,1.4300000071525574,
2022-02-17,0.9089999794960022,0.9089999794960022,0.8600000143051147,0.8600000143051147,47800,0,0.0,-0.05494506646146935,0.00044791667411724767,0.8956499963998794,0.9560787898469343,0.8352212029528245,0.9050000011920929,0.9799999892711639,1.0924999862909317,1.4300000071525574,
2022-02-18,0.8561999797821045,0.959999978542328,0.8500000238418579,0.8899999856948853,69394,0,0.0,0.03488368708227374,0.00046354165921608654,0.8928499966859818,0.9486515687321839,0.8370484246397796,0.9050000011920929,0.9799999892711639,1.0999999791383743,1.4300000071525574,
