Date,Open,High,Low,Close,Volume,Dividends,Stock Splits,daily_return,cum_return,middle_band,upper_band,lower_band,Conversion,Baseline,SpanA,SpanB,Lagging
2021-07-06,9.850000381469728,9.850000381469728,9.770000457763672,9.770000457763672,800,0,0,,,,,,,,,,9.640000343322754
2021-07-07,9.770000457763672,9.770000457763672,9.649999618530272,9.649999618530272,32000,0,0,-0.012282582764675531,0.9877174172353245,,,,,,,,9.640000343322754
2021-07-08,9.654999732971191,9.65999984741211,9.600000381469728,9.619999885559082,110100,0,0,-0.0031087807416678714,0.9846468203504134,,,,,,,,9.640000343322754
2021-07-09,9.619999885559082,9.619999885559082,9.59000015258789,9.619999885559082,27300,0,0,0.0,0.9846468203504134,,,,,,,,9.630000114440918
2021-07-12,9.649999618530272,9.649999618530272,9.600000381469728,9.619999885559082,21600,0,0,0.0,0.9846468203504134,,,,,,,,9.630000114440918
2021-07-13,9.640000343322754,9.640000343322754,9.619999885559082,9.619999885559082,32500,0,0,0.0,0.9846468203504134,,,,,,,,9.630000114440918
2021-07-14,9.630000114440918,9.630000114440918,9.600000381469728,9.619999885559082,4600,0,0,0.0,0.9846468203504134,,,,,,,,9.630000114440918
2021-07-15,9.619999885559082,9.619999885559082,9.609999656677246,9.609999656677246,12400,0,0,-0.0010395248441580351,0.9836232555179379,,,,,,,,9.630000114440918
2021-07-16,9.609999656677246,9.619999885559082,9.609999656677246,9.609999656677246,10000,0,0,0.0,0.9836232555179379,,,,9.720000267028809,,,,9.640000343322754
2021-07-19,9.609999656677246,9.609999656677246,9.600000381469728,9.609999656677246,5300,0,0,0.0,0.9836232555179379,,,,9.680000305175781,,,,9.640000343322754
2021-07-20,9.619999885559082,9.619999885559082,9.579999923706056,9.619999885559082,29600,0,0,0.0010406065805514952,0.9846468203504134,,,,9.619999885559082,,,,9.640000343322754
2021-07-21,9.619999885559082,9.630000114440918,9.619999885559082,9.630000114440918,700,0,0,0.0010395248441579241,0.9856703851828887,,,,9.614999771118164,,,,9.59000015258789
2021-07-22,9.609999656677246,9.68000030517578,9.609999656677246,9.630000114440918,152000,0,0,0.0,0.9856703851828887,,,,9.630000114440918,,,,9.609999656677246
2021-07-23,9.670000076293944,9.670000076293944,9.670000076293944,9.670000076293944,400,0,0,0.004153682386051294,0.9897645469002753,,,,9.630000114440918,,,,9.609999656677246
2021-07-26,9.899999618530272,9.899999618530272,9.619999885559082,9.619999885559082,1400,0,0,-0.00517065050055554,0.9846468203504132,,,,9.739999771118164,,,,9.640000343322754
2021-07-27,9.649999618530272,9.649999618530272,9.649999618530272,9.649999618530272,5900,0,0,0.003118475397928311,0.9877174172353242,,,,9.739999771118164,,,,9.630000114440918
2021-07-28,9.68000030517578,9.68000030517578,9.600000381469728,9.649999618530272,13700,0,0,0.0,0.9877174172353242,,,,9.739999771118164,,,,9.640000343322754
2021-07-29,9.649999618530272,9.659000396728516,9.59000015258789,9.619999885559082,2500,0,0,-0.0031087807416678714,0.9846468203504132,,,,9.739999771118164,,,,9.640000343322754
2021-07-30,9.59000015258789,9.649999618530272,9.59000015258789,9.649999618530272,15200,0,0,0.003118475397928311,0.9877174172353242,,,,9.739999771118164,,,,9.630000114440918
2021-08-02,9.670000076293944,9.670000076293944,9.630000114440918,9.649999618530272,1500,0,0,0.0,0.9877174172353242,9.63699984550476,9.70697885346467,9.56702083754485,9.744999885559082,,,,9.739999771118164
2021-08-03,9.640000343322754,9.670000076293944,9.635000228881836,9.670000076293944,7700,0,0,0.002072586378684127,0.9897645469002753,9.631999826431274,9.669941768061992,9.594057884800556,9.744999885559082,,,,9.739999771118164
2021-08-04,9.670000076293944,9.670000076293944,9.670000076293944,9.670000076293944,0,0,0,0.0,0.9897645469002753,9.632999849319457,9.673767539018742,9.592232159620172,9.744999885559082,,,,9.739999771118164
2021-08-05,9.625,9.625,9.625,9.625,100,0,0,-0.004653575588304482,0.9851586027666509,9.633249855041504,9.673753207783292,9.592746502299715,9.744999885559082,,,,9.739999771118164
2021-08-06,9.625,9.625,9.625,9.625,0,0,0,0.0,0.9851586027666509,9.63349986076355,9.67373085809659,9.59326886343051,9.635000228881836,,,,9.739999771118164
2021-08-09,9.630000114440918,9.640000343322754,9.630000114440918,9.640000343322754,500,0,0,0.0015584772283381287,0.9866939500153641,9.634499883651733,9.674326809836254,9.594672957467212,9.635000228881836,,,,9.75
2021-08-10,9.621000289916992,9.640000343322754,9.621000289916992,9.640000343322754,400,0,0,0.0,0.9866939500153641,9.635499906539916,9.674815895692317,9.596183917387515,9.630000114440918,9.739999771118164,,,9.720000267028809
2021-08-11,9.640000343322754,9.640000343322754,9.640000343322754,9.640000343322754,100,0,0,0.0,0.9866939500153641,9.636499929428101,9.675193882542052,9.59780597631415,9.630000114440918,9.739999771118164,,,9.710000038146973
2021-08-12,9.609999656677246,9.640000343322754,9.609999656677246,9.640000343322754,500,0,0,0.0,0.9866939500153641,9.637999963760375,9.674723389403015,9.601276538117736,9.639999866485596,9.739999771118164,,,9.710000038146973
2021-08-13,9.609999656677246,9.640000343322754,9.609999656677246,9.640000343322754,500,0,0,0.0,0.9866939500153641,9.639499998092651,9.673877317485532,9.60512267869977,9.639999866485596,9.739999771118164,,,9.770000457763672
2021-08-16,9.630000114440918,9.630000114440918,9.619999885559082,9.630000114440918,509000,0,0,-0.0010373681043240879,0.9856703851828886,9.640500020980834,9.672438145609416,9.608561896352253,9.639999866485596,9.739999771118164,,,9.770000457763672
2021-08-17,9.630000114440918,9.630000114440918,9.630000114440918,9.630000114440918,0,0,0,0.0,0.9856703851828886,9.641000032424927,9.671924982786338,9.610075082063515,9.625,9.739999771118164,,,9.739999771118164
2021-08-18,9.630000114440918,9.630000114440918,9.609999656677246,9.630000114440918,3600,0,0,0.0,0.9856703851828886,9.641000032424927,9.671924982786338,9.610075082063515,9.625,9.739999771118164,,,9.739999771118164
2021-08-19,9.600000381469728,9.630000114440918,9.600000381469728,9.630000114440918,1000,0,0,0.0,0.9856703851828886,9.641000032424927,9.671924982786338,9.610075082063515,9.62000036239624,9.739999771118164,,,9.800000190734863
2021-08-20,9.630000114440918,9.630000114440918,9.630000114440918,9.630000114440918,0,0,0,0.0,0.9856703851828886,9.639000034332275,9.667188686791885,9.610811381872665,9.62000036239624,9.739999771118164,,,9.75
2021-08-23,9.609000205993652,9.640000343322754,9.600000381469728,9.640000343322754,9200,0,0,0.0010384453544127759,0.9866939500153641,9.640000057220458,9.666791229727208,9.613208884713709,9.62000036239624,9.739999771118164,,,9.739999771118164
2021-08-24,9.640000343322754,9.640000343322754,9.640000343322754,9.640000343322754,0,0,0,0.0,0.9866939500153641,9.639500093460082,9.665892117824235,9.61310806909593,9.62000036239624,9.739999771118164,,,9.81999969482422
2021-08-25,9.640000343322754,9.640000343322754,9.640000343322754,9.640000343322754,0,0,0,0.0,0.9866939500153641,9.639000129699706,9.664947949919005,9.613052309480407,9.62000036239624,9.744999885559082,,,9.729999542236328
2021-08-26,9.600000381469728,9.600000381469728,9.5600004196167,9.59000015258789,194900,0,0,-0.005186741592752786,0.9815762234655019,9.637500143051147,9.67031256763073,9.604687718471563,9.600000381469727,9.730000019073486,,,9.729999542236328
2021-08-27,9.600000381469728,9.609999656677246,9.600000381469728,9.609999656677246,2200,0,0,0.0020854539907342318,0.9836232555179378,9.635500144958495,9.669877489590508,9.601122800326483,9.600000381469727,9.730000019073486,,,9.729999542236328
2021-08-30,9.59000015258789,9.609999656677246,9.586000442504885,9.609999656677246,2300,0,0,0.0,0.9836232555179378,9.633500146865845,9.66892045441701,9.59807983931468,9.600000381469727,9.730000019073486,,,9.699999809265137
2021-08-31,9.619999885559082,9.640000343322754,9.600000381469728,9.640000343322754,10400,0,0,0.0031218197416544857,0.9866939500153642,9.632000160217284,9.663379722987298,9.600620597447271,9.600000381469727,9.62000036239624,,,9.699999809265137
2021-09-01,9.619999885559082,9.640000343322754,9.619999885559082,9.630000114440918,800,0,0,-0.0010373681043240879,0.9856703851828887,9.630000162124634,9.656026116806634,9.603974207442635,9.600000381469727,9.62000036239624,,,9.8100004196167
2021-09-02,9.600000381469728,9.640000343322754,9.600000381469728,9.640000343322754,5600,0,0,0.0010384453544127759,0.9866939500153642,9.630750179290771,9.657022602035177,9.604477756546366,9.600000381469727,9.615000247955322,,,9.8100004196167
2021-09-03,9.609999656677246,9.640000343322754,9.609999656677246,9.640000343322754,600,0,0,0.0,0.9866939500153642,9.631500196456908,9.657930871915605,9.605069520998212,9.600000381469727,9.615000247955322,,,9.720000267028809
2021-09-07,9.630000114440918,9.630000114440918,9.630000114440918,9.630000114440918,100,0,0,-0.0010373681043240879,0.9856703851828887,9.631000185012818,9.657142409350726,9.60485796067491,9.600000381469727,9.615000247955322,,,9.720000267028809
2021-09-08,9.720000267028809,9.899999618530272,9.720000267028809,9.739999771118164,298100,0,0,0.011422601803741772,0.9969293055025736,9.636000156402588,9.690480788588834,9.581519524216342,9.730000019073486,9.730000019073486,,,9.699999809265137
2021-09-09,9.739999771118164,9.739999771118164,9.739999771118164,9.739999771118164,0,0,0,0.0,0.9969293055025736,9.641000127792358,9.712068232548827,9.56993202303589,9.743000030517578,9.730000019073486,,,9.699999809265137
2021-09-10,9.739999771118164,9.739999771118164,9.739999771118164,9.739999771118164,0,0,0,0.0,0.9969293055025736,9.646000099182128,9.729252874415895,9.562747323948361,9.743000030517578,9.730000019073486,,,9.720000267028809
2021-09-13,9.739999771118164,9.739999771118164,9.739999771118164,9.739999771118164,0,0,0,0.0,0.9969293055025736,9.6510000705719,9.743785772567174,9.558214368576627,9.75,9.730000019073486,,,9.699999809265137
2021-09-14,9.739999771118164,9.739999771118164,9.739999771118164,9.739999771118164,0,0,0,0.0,0.9969293055025736,9.656500053405761,9.756496200757576,9.556503906053946,9.75,9.730000019073486,,,9.699999809265137
2021-09-15,9.753999710083008,9.753999710083008,9.720000267028809,9.75,5800,0,0,0.0010267175684632868,0.997952870335049,9.662500047683716,9.769641334520552,9.55535876084688,9.75,9.730000019073486,,,9.739999771118164
2021-09-16,9.729999542236328,9.729999542236328,9.720000267028809,9.720000267028809,2900,0,0,-0.0030768956893529875,0.9948822734501376,9.66700005531311,9.775868327200994,9.558131783425226,9.75499963760376,9.730000019073486,9.684999942779541,,9.710000038146973
2021-09-17,9.710000038146973,9.710000038146973,9.710000038146973,9.710000038146973,200,0,0,-0.0010288301036119885,0.9938587086176621,9.671000051498414,9.78001680089607,9.561983302100758,9.764999866485596,9.730000019073486,9.684999942779541,,9.720000267028809
2021-09-20,9.710000038146973,9.710000038146973,9.710000038146973,9.710000038146973,0,0,0,0.0,0.9938587086176621,9.675000047683715,9.783570769603871,9.56642932576356,9.804999828338623,9.730000019073486,9.68999981880188,,9.720000267028809
2021-09-21,9.630000114440918,9.770000457763672,9.619999885559082,9.770000457763672,1900,0,0,0.0061792398950546445,0.9999999999999999,9.681500053405761,9.796364534795087,9.566635572016436,9.695000171661377,9.730000019073486,9.68999981880188,,9.720000267028809
2021-09-22,9.770000457763672,9.770000457763672,9.770000457763672,9.770000457763672,0,0,0,0.0,0.9999999999999999,9.688000059127807,9.807408583527366,9.568591534728249,9.695000171661377,9.730000019073486,9.68999981880188,,9.720000267028809
2021-09-23,9.675000190734863,9.75,9.675000190734863,9.739999771118164,12900,0,0,-0.003070694497426363,0.9969293055025735,9.693000030517577,9.812323864553122,9.573676196482033,9.695000171661377,9.730000019073486,9.682499885559082,,9.720000267028809
2021-09-24,9.70199966430664,9.75,9.699999809265137,9.739999771118164,6700,0,0,0.0,0.9969293055025735,9.700500011444092,9.811460923225246,9.589539099662938,9.695000171661377,9.730000019073486,9.682499885559082,,9.770000457763672
2021-09-27,9.800000190734863,9.800000190734863,9.800000190734863,9.800000190734863,200,0,0,0.006160207497603487,1.0030705968849112,9.710000038146973,9.82087432787361,9.599125748420335,9.710000038146973,9.730000019073486,9.680000066757202,,9.770000457763672
2021-09-28,9.699999809265137,9.760000228881836,9.699999809265137,9.75,6800,0,0,-0.0051020601797675535,0.997952870335049,9.717000055313111,9.818963548017633,9.615036562608589,9.710000038146973,9.730000019073486,9.680000066757202,,9.699999809265137
2021-09-29,9.699999809265137,9.739999771118164,9.630000114440918,9.739999771118164,15100,0,0,-0.0010256645007010734,0.9969293055025735,9.722000026702881,9.817935647987646,9.626064405418116,9.710000038146973,9.730000019073486,9.680000066757202,,9.760000228881836
2021-09-30,9.760000228881836,9.81999969482422,9.699999809265137,9.81999969482422,30200,0,0,0.008213544721354049,1.0051176289373474,9.731500005722046,9.826732243726589,9.636267767717502,9.71999979019165,9.730000019073486,9.680000066757202,,9.760000228881836
2021-10-01,9.699999809265137,9.760000228881836,9.68000030517578,9.729999542236328,47700,0,0,-0.009164985273403703,0.9959057406700981,9.735999965667725,9.821410625155401,9.650589306180049,9.71999979019165,9.730000019073486,9.682500123977661,,9.779999732971191
2021-10-04,9.789999961853027,9.789999961853027,9.710000038146973,9.729999542236328,1400,0,0,0.0,0.9959057406700981,9.740499925613403,9.813691535751936,9.66730831547487,9.724999904632568,9.743000030517578,9.665000200271606,,9.789999961853027
2021-10-05,9.729999542236328,9.729999542236328,9.729999542236328,9.729999542236328,0,0,0,0.0,0.9959057406700981,9.745499897003175,9.798504006735937,9.692495787270412,9.724999904632568,9.743000030517578,9.665000200271606,,9.789999961853027
2021-10-06,9.699999809265137,9.699999809265137,9.699999809265137,9.699999809265137,100,0,0,-0.003083220388754082,0.9928351437851868,9.743499898910523,9.800119050989728,9.686880746831317,9.724999904632568,9.75,9.665000200271606,,9.75
2021-10-07,9.760000228881836,9.760000228881836,9.6899995803833,9.699999809265137,8300,0,0,0.0,0.9928351437851868,9.741499900817871,9.801246623419932,9.68175317821581,9.724999904632568,9.75,9.610000371932983,,9.75
2021-10-08,9.710000038146973,9.81999969482422,9.710000038146973,9.8100004196167,50200,0,0,0.011340269331396646,1.0040941617173866,9.744999933242799,9.811846148142804,9.678153718342793,9.724999904632568,9.75,9.610000371932983,,9.739999771118164
2021-10-11,9.8100004196167,9.8100004196167,9.8100004196167,9.8100004196167,0,0,0,0.0,1.0040941617173866,9.748499965667724,9.821081556677015,9.675918374658433,9.724999904632568,9.75499963760376,9.607500314712524,,9.739999771118164
2021-10-12,9.720000267028809,9.720000267028809,9.720000267028809,9.720000267028809,300,0,0,-0.009174327088500522,0.9948822734501376,9.747499990463258,9.821077567436141,9.673922413490374,9.75,9.759999752044678,9.607500314712524,,9.699999809265137
2021-10-13,9.720000267028809,9.720000267028809,9.720000267028809,9.720000267028809,0,0,0,0.0,0.9948822734501376,9.746000003814697,9.820539929283987,9.671460078345406,9.75,9.759999752044678,9.607500314712524,,9.720000267028809
2021-10-14,9.81999969482422,9.81999969482422,9.699999809265137,9.699999809265137,300,0,0,-0.002057660207223977,0.9928351437851867,9.744999980926513,9.821441564784877,9.66855839706815,9.75499963760376,9.71999979019165,9.730000019073486,,9.729999542236328
2021-10-15,9.699999809265137,9.699999809265137,9.699999809265137,9.699999809265137,0,0,0,0.0,0.9928351437851867,9.744499969482423,9.82198584085049,9.667014098114356,9.75499963760376,9.71999979019165,9.736500024795532,,9.729999542236328
2021-10-18,9.720000267028809,9.729999542236328,9.720000267028809,9.720000267028809,14900,0,0,0.00206190290277819,0.9948822734501376,9.744999980926513,9.82170562275704,9.668294339095986,9.75499963760376,9.71999979019165,9.736500024795532,,9.720000267028809
2021-10-19,9.699999809265137,9.729999542236328,9.699999809265137,9.699999809265137,4900,0,0,-0.002057660207223977,0.9928351437851867,9.741499948501588,9.819713001862361,9.663286895140814,9.75499963760376,9.71999979019165,9.740000009536743,,9.720000267028809
2021-10-20,9.699999809265137,9.699999809265137,9.699999809265137,9.699999809265137,0,0,0,0.0,0.9928351437851867,9.73799991607666,9.817067818955197,9.658932013198124,9.759999752044678,9.71999979019165,9.740000009536743,,9.75
2021-10-21,9.800000190734863,9.800000190734863,9.739999771118164,9.739999771118164,2000,0,0,0.004123707488614681,0.9969293055025735,9.73799991607666,9.817067818955197,9.658932013198124,9.759999752044678,9.71999979019165,9.740000009536743,,9.739999771118164
2021-10-22,9.68000030517578,9.710000038146973,9.68000030517578,9.710000038146973,400,0,0,-0.0030800547922135157,0.9938587086176622,9.736499929428101,9.816502063311008,9.656497795545194,9.75,9.71999979019165,9.742499828338623,9.730000019073486,9.739999771118164
2021-10-25,9.70699977874756,9.720000267028809,9.70699977874756,9.720000267028809,1600,0,0,0.0010298896851235195,0.9948822734501378,9.732499933242797,9.807168531289056,9.657831335196539,9.75,9.71999979019165,9.747499942779541,9.730000019073486,9.729999542236328
2021-10-26,9.710000038146973,9.720000267028809,9.699999809265137,9.720000267028809,1400,0,0,0.0,0.9948822734501378,9.730999946594238,9.805404049903133,9.656595843285343,9.75,9.71999979019165,9.767499923706055,9.730000019073486,9.720000267028809
2021-10-27,9.699999809265137,9.720000267028809,9.699999809265137,9.720000267028809,600,0,0,0.0,0.9948822734501378,9.72999997138977,9.804431240306165,9.655568702473374,9.740000247955322,9.724999904632568,9.712500095367432,9.730000019073486,9.720000267028809
2021-10-28,9.720000267028809,9.720000267028809,9.720000267028809,9.720000267028809,0,0,0,0.0,0.9948822734501378,9.725,9.786817580775852,9.663182419224148,9.740000247955322,9.724999904632568,9.712500095367432,9.730000019073486,9.710000038146973
2021-10-29,9.720000267028809,9.720000267028809,9.720000267028809,9.720000267028809,0,0,0,0.0,0.9948822734501378,9.724500036239624,9.786309443919754,9.662690628559494,9.740000247955322,9.724999904632568,9.712500095367432,9.730000019073486,9.699999809265137
2021-11-01,9.81999969482422,9.81999969482422,9.770000457763672,9.770000457763672,700,0,0,0.005144052403421195,1.0000000000000002,9.726500082015992,9.791436222647812,9.661563941384172,9.75,9.724999904632568,9.712500095367432,9.730000019073486,9.710000038146973
2021-11-02,9.770000457763672,9.770000457763672,9.770000457763672,9.770000457763672,0,0,0,0.0,1.0000000000000002,9.728500127792358,9.796180627538272,9.660819628046445,9.75,9.724999904632568,9.72000002861023,9.730000019073486,9.704999923706056
2021-11-03,9.710000038146973,9.75,9.699999809265137,9.699999809265137,3200,0,0,-0.007164856214813109,0.9928351437851871,9.728500127792358,9.796180627538272,9.660819628046445,9.75,9.724999904632568,9.72000002861023,9.730000019073486,9.704999923706056
2021-11-04,9.699999809265137,9.800000190734863,9.699999809265137,9.760000228881836,1200,0,0,0.006185610391392871,0.9989764351675248,9.731500148773193,9.799180627151326,9.66381967039506,9.759999752044678,9.75,9.72000002861023,9.730000019073486,9.699999809265137
2021-11-05,9.760000228881836,9.760000228881836,9.760000228881836,9.760000228881836,0,0,0,0.0,0.9989764351675248,9.729000139236451,9.787937834456768,9.670062444016134,9.759999752044678,9.75,9.724999904632568,9.730000019073486,9.710000038146973
2021-11-08,9.788999557495115,9.84000015258789,9.739999771118164,9.779999732971191,14100,0,0,0.0020491294692979167,1.0010234672199607,9.727500104904175,9.77911274964345,9.675887460164901,9.769999980926514,9.760000228881836,9.724999904632568,9.730000019073486,9.710000038146973
2021-11-09,9.630000114440918,9.789999961853027,9.630000114440918,9.789999961853027,1200,0,0,0.0010225183184946474,1.0020470320524362,9.731000089645386,9.789247454030432,9.67275272526034,9.735000133514404,9.735000133514404,9.733999967575073,9.730000019073486,9.6899995803833
2021-11-10,9.789999961853027,9.789999961853027,9.789999961853027,9.789999961853027,0,0,0,0.0,1.0020470320524362,9.734500074386597,9.79792383839005,9.671076310383144,9.735000133514404,9.735000133514404,9.733999967575073,9.730000019073486,9.699999809265137
2021-11-11,9.75,9.75,9.75,9.75,100,0,0,-0.004085797958007009,0.9979528703350493,9.73700008392334,9.79868651515699,9.675313652689688,9.735000133514404,9.735000133514404,9.737499952316284,9.730000019073486,9.699999809265137
2021-11-12,9.75,9.75,9.75,9.75,0,0,0,0.0,0.9979528703350493,9.739500093460084,9.798975382465306,9.680024804454861,9.735000133514404,9.735000133514404,9.737499952316284,9.730000019073486,9.710000038146973
2021-11-15,9.699999809265137,9.75,9.670000076293944,9.739999771118164,189000,0,0,-0.0010256645007010734,0.9969293055025739,9.74050006866455,9.799291528221294,9.681708609107806,9.735000133514404,9.735000133514404,9.737499952316284,9.730000019073486,9.699999809265137
2021-11-16,9.739999771118164,9.739999771118164,9.739999771118164,9.739999771118164,0,0,0,0.0,0.9969293055025739,9.742500066757202,9.798255476044714,9.68674465746969,9.735000133514404,9.735000133514404,9.739999771118164,9.730000019073486,9.699999809265137
2021-11-17,9.710000038146973,9.729999542236328,9.699999809265137,9.699999809265137,800,0,0,-0.0041067723606769135,0.9928351437851871,9.742500066757202,9.798255476044714,9.68674465746969,9.735000133514404,9.735000133514404,9.754999876022339,9.730000019073486,9.710000038146973
2021-11-18,9.720000267028809,9.720000267028809,9.720000267028809,9.720000267028809,100,0,0,0.00206190290277819,0.994882273450138,9.741500091552734,9.798119122731817,9.68488106037365,9.735000133514404,9.735000133514404,9.754999876022339,9.730000019073486,9.720000267028809
2021-11-19,9.699999809265137,9.729999542236328,9.699999809265137,9.729999542236328,1900,0,0,0.0010287319889730195,0.9959057406700984,9.742500066757202,9.797525424817358,9.687474708697046,9.710000038146973,9.735000133514404,9.737499713897705,9.730000019073486,9.699999809265137
2021-11-22,9.729999542236328,9.729999542236328,9.729999542236328,9.729999542236328,0,0,0,0.0,0.9959057406700984,9.743000030517578,9.797369299287443,9.688630761747714,9.730000019073486,9.735000133514404,9.737499713897705,9.730000019073486,9.699999809265137
2021-11-23,9.829999923706056,9.829999923706056,9.699999809265137,9.720000267028809,8100,0,0,-0.0010276747870453518,0.994882273450138,9.743000030517578,9.797369299287443,9.688630761747714,9.75,9.735000133514404,9.737499713897705,9.730000019073486,9.68000030517578
2021-11-24,9.720000267028809,9.720000267028809,9.720000267028809,9.720000267028809,0,0,0,0.0,0.994882273450138,9.743000030517578,9.797369299287443,9.688630761747714,9.75,9.735000133514404,9.737499713897705,9.730000019073486,9.65999984741211
2021-11-26,9.75,9.75,9.75,9.75,200,0,0,0.0030863921961969965,0.9979528703350492,9.744500017166137,9.797884192613399,9.691115841718876,9.75,9.735000133514404,9.739999771118164,9.730000019073486,9.710000038146973
2021-11-29,9.699999809265137,9.739999771118164,9.699999809265137,9.739999771118164,400,0,0,-0.0010256645007010734,0.9969293055025737,9.745499992370606,9.797735608837742,9.69326437590347,9.764999866485596,9.735000133514404,9.739999771118164,9.730000019073486,9.729999542236328
2021-11-30,9.699999809265137,9.739999771118164,9.6899995803833,9.739999771118164,34400,0,0,0.0,0.9969293055025737,9.74399995803833,9.795031404874104,9.692968511202556,9.759999752044678,9.735000133514404,9.734999895095825,9.730000019073486,9.699999809265137
2021-12-01,9.739999771118164,9.739999771118164,9.729999542236328,9.729999542236328,1100,0,0,-0.0010267175684632868,0.9959057406700984,9.741999912261964,9.791909618936806,9.692090205587121,9.759999752044678,9.735000133514404,9.734999895095825,9.730000019073486,9.699999809265137
2021-12-02,9.710000038146973,9.729999542236328,9.699999809265137,9.720000267028809,251500,0,0,-0.0010276747870453518,0.994882273450138,9.742999935150147,9.79020297969259,9.695796890607705,9.759999752044678,9.735000133514404,9.734999895095825,9.730000019073486,9.699999809265137
2021-12-03,9.720000267028809,9.720000267028809,9.699999809265137,9.720000267028809,1100,0,0,0.0,0.994882273450138,9.740999937057495,9.78854436527754,9.69345550883745,9.759999752044678,9.735000133514404,9.732500076293945,9.730000019073486,9.729999542236328
2021-12-06,9.699999809265137,9.720000267028809,9.699999809265137,9.710000038146973,24800,0,0,-0.0010288301036119885,0.9938587086176626,9.738499927520753,9.787043814391867,9.689956040649639,9.759999752044678,9.735000133514404,9.732500076293945,9.730000019073486,9.729999542236328
2021-12-07,9.710000038146973,9.710000038146973,9.699999809265137,9.699999809265137,3900,0,0,-0.0010298896851234085,0.9928351437851871,9.73449993133545,9.781863293511762,9.687136569159136,9.71999979019165,9.735000133514404,9.732500076293945,9.730000019073486,9.699999809265137
2021-12-08,9.699999809265137,9.720000267028809,9.699999809265137,9.710000038146973,274800,0,0,0.001030951451389095,0.9938587086176626,9.730499935150146,9.771453029424185,9.689546840876107,9.71999979019165,9.735000133514404,9.737499952316284,9.730000019073486,9.6899995803833
2021-12-09,9.710000038146973,9.710000038146973,9.704999923706056,9.704999923706056,14600,0,0,-0.0005149448425615377,0.9933469262014251,9.726249933242798,9.758184034361573,9.694315832124023,9.714999675750732,9.735000133514404,9.737499952316284,9.730000019073486,9.68000030517578
2021-12-10,9.699999809265137,9.710000038146973,9.699999809265137,9.704999923706056,1700,0,0,0.0,0.9933469262014251,9.7239999294281,9.755250020398535,9.692749838457665,9.714999675750732,9.735000133514404,9.737499952316284,9.730000019073486,9.68000030517578
2021-12-13,9.699999809265137,9.699999809265137,9.699999809265137,9.699999809265137,200,0,0,-0.0005152101473701043,0.9928351437851872,9.721499919891357,9.752013454355106,9.690986385427609,9.71999979019165,9.735000133514404,9.754999876022339,9.730000019073486,9.68000030517578
2021-12-14,9.699999809265137,9.710000038146973,9.6899995803833,9.710000038146973,4200,0,0,0.001030951451389095,0.9938587086176627,9.719999933242798,9.749656605252527,9.69034326123307,9.709999561309814,9.735000133514404,9.754999876022339,9.730000019073486,9.68000030517578
2021-12-15,9.699999809265137,9.710000038146973,9.69499969482422,9.710000038146973,23900,0,0,0.0,0.9938587086176627,9.718499946594239,9.74695629694393,9.690043596244548,9.704999923706055,9.730000019073486,9.765000104904175,9.730000019073486,9.670000076293944
2021-12-16,9.710000038146973,9.710000038146973,9.68000030517578,9.6899995803833,27300,0,0,-0.002059779370246928,0.9918115789527118,9.717999935150146,9.748062954416017,9.687936915884276,9.700000286102295,9.75,9.735000133514404,9.743000030517578,9.670000076293944
2021-12-17,9.6899995803833,9.699999809265137,9.6899995803833,9.699999809265137,6400,0,0,0.0010320154091729705,0.9928351437851871,9.716999912261963,9.748055385728634,9.685944438795293,9.700000286102295,9.75,9.735000133514404,9.743000030517578,9.649999618530272
2021-12-20,9.699999809265137,9.710000038146973,9.699999809265137,9.699999809265137,11200,0,0,0.0,0.9928351437851871,9.715499925613404,9.746798638972798,9.68420121225401,9.700000286102295,9.75,9.735000133514404,9.75,9.649999618530272
2021-12-21,9.710000038146973,9.720000267028809,9.692999839782717,9.710000038146973,9000,0,0,0.001030951451389095,0.9938587086176626,9.714499950408936,9.745145892413841,9.68385400840403,9.700000286102295,9.75,9.735000133514404,9.75,9.649999618530272
2021-12-22,9.720000267028809,9.720000267028809,9.699999809265137,9.699999809265137,51100,0,0,-0.0010298896851234085,0.9928351437851871,9.713499927520752,9.74466920751622,9.682330647525285,9.700000286102295,9.755000114440918,9.735000133514404,9.75,9.649999618530272
2021-12-23,9.720000267028809,9.720000267028809,9.699999809265137,9.699999809265137,20100,0,0,0.0,0.9928351437851871,9.712499904632569,9.74405598677741,9.680943822487729,9.700000286102295,9.755000114440918,9.735000133514404,9.75499963760376,9.670000076293944
2021-12-27,9.699999809265137,9.720000267028809,9.6899995803833,9.710000038146973,10000,0,0,0.001030951451389095,0.9938587086176626,9.710499906539917,9.736892033187551,9.684107779892283,9.700000286102295,9.755000114440918,9.735000133514404,9.759999752044678,9.670000076293944
2021-12-28,9.720000267028809,9.720000267028809,9.720000267028809,9.720000267028809,700,0,0,0.0010298896851235195,0.9948822734501381,9.709499931335449,9.73262558745409,9.686374275216808,9.700000286102295,9.755000114440918,9.735000133514404,9.759999752044678,9.68000030517578
2021-12-29,9.699999809265137,9.699999809265137,9.699999809265137,9.699999809265137,200,0,0,-0.002057660207223977,0.9928351437851872,9.707499933242797,9.726175696439304,9.68882417004629,9.700000286102295,9.755000114440918,9.722500085830688,9.730000019073486,9.67300033569336
2021-12-30,9.699999809265137,9.699999809265137,9.699999809265137,9.699999809265137,0,0,0,0.0,0.9928351437851872,9.705999946594238,9.721770312380366,9.69022958080811,9.704999923706055,9.755000114440918,9.732500076293945,9.730000019073486,9.67300033569336
2021-12-31,9.68000030517578,9.68000030517578,9.68000030517578,9.68000030517578,200,0,0,-0.002061804585836602,0.9907881117327512,9.703999948501586,9.722154140116949,9.685845756886224,9.700000286102295,9.71500015258789,9.742500066757202,9.730000019073486,9.649999618530272
2022-01-03,9.65999984741211,9.65999984741211,9.65999984741211,9.65999984741211,600,0,0,-0.002066162926975923,0.9887409820678005,9.700999927520751,9.726156598851066,9.675843256190436,9.690000057220459,9.704999923706055,9.742500066757202,9.730000019073486,9.631999969482422
2022-01-04,9.720000267028809,9.720000267028809,9.710000038146973,9.710000038146973,200,0,0,0.005176003263422269,0.9938587086176628,9.700999927520751,9.726156598851066,9.675843256190436,9.690000057220459,9.699999809265137,9.742500066757202,9.730000019073486,9.649999618530272
2022-01-05,9.720000267028809,9.729999542236328,9.720000267028809,9.729999542236328,11700,0,0,0.0020596811545607885,0.9959057406700987,9.702499914169312,9.730670720688684,9.67432910764994,9.694999694824219,9.699999809265137,9.75,9.730000019073486,9.649999618530272
2022-01-06,9.699999809265137,9.699999809265137,9.699999809265137,9.699999809265137,300,0,0,-0.003083220388754082,0.9928351437851874,9.70199990272522,9.729972632350128,9.674027173100312,9.694999694824219,9.699999809265137,9.747499942779541,9.730000019073486,9.649999618530272
2022-01-07,9.699999809265137,9.699999809265137,9.699999809265137,9.699999809265137,200,0,0,0.0,0.9928351437851874,9.701749897003173,9.729700030402206,9.67379976360414,9.694999694824219,9.694999694824219,9.747499942779541,9.730000019073486,9.649999618530272
2022-01-10,9.699999809265137,9.699999809265137,9.699999809265137,9.699999809265137,100,0,0,0.0,0.9928351437851874,9.701499891281127,9.729418358548442,9.673581424013813,9.694999694824219,9.694999694824219,9.747499942779541,9.730000019073486,9.65999984741211
2022-01-11,9.699999809265137,9.729999542236328,9.6899995803833,9.729999542236328,28000,0,0,0.003092756037225586,0.9959057406700988,9.702999877929688,9.733563121401195,9.672436634458181,9.694999694824219,9.694999694824219,9.747499942779541,9.735000133514404,9.65999984741211
2022-01-12,9.720000267028809,9.729999542236328,9.720000267028809,9.729999542236328,15700,0,0,0.0,0.9959057406700988,9.703999853134155,9.736673282491722,9.671326423776588,9.694999694824219,9.694999694824219,9.747499942779541,9.735000133514404,
2022-01-13,9.720000267028809,9.720000267028809,9.699999809265137,9.699999809265137,5600,0,0,-0.003083220388754082,0.9928351437851876,9.703499841690064,9.736095820351922,9.670903863028206,9.694999694824219,9.694999694824219,9.727499961853027,9.735000133514404,
2022-01-14,9.710000038146973,9.710000038146973,9.6899995803833,9.6899995803833,32200,0,0,-0.001030951451389095,0.9918115789527121,9.703499841690064,9.736095820351922,9.670903863028206,9.709999561309814,9.694999694824219,9.727499961853027,9.735000133514404,
2022-01-18,9.68000030517578,9.68000030517578,9.68000030517578,9.68000030517578,200,0,0,-0.001031916990766879,0.9907881117327515,9.702499866485596,9.736670498634618,9.668329234336573,9.704999923706055,9.694999694824219,9.724999904632568,9.735000133514404,
2022-01-19,9.68000030517578,9.68000030517578,9.68000030517578,9.68000030517578,0,0,0,0.0,0.9907881117327515,9.701499891281127,9.737062219665567,9.665937562896687,9.704999923706055,9.694999694824219,9.724999904632568,9.735000133514404,
2022-01-20,9.68000030517578,9.68000030517578,9.68000030517578,9.68000030517578,400,0,0,0.0,0.9907881117327515,9.699999904632566,9.736529764025576,9.663470045239556,9.704999923706055,9.694999694824219,9.727499961853027,9.735000133514404,
2022-01-21,9.68000030517578,9.68000030517578,9.68000030517578,9.68000030517578,56900,0,0,0.0,0.9907881117327515,9.6989999294281,9.736566664559223,9.661433194296976,9.704999923706055,9.694999694824219,9.72249984741211,9.735000133514404,
2022-01-24,9.670000076293944,9.670000076293944,9.670000076293944,9.670000076293944,1800,0,0,-0.001033081463488017,0.989764546900276,9.69749994277954,9.737148381692819,9.657851503866262,9.699999809265137,9.694999694824219,9.71749997138977,9.735000133514404,
2022-01-25,9.670000076293944,9.670000076293944,9.670000076293944,9.670000076293944,0,0,0,0.0,0.989764546900276,9.695499944686889,9.736452787062424,9.654547102311353,9.699999809265137,9.694999694824219,9.725000143051147,9.735000133514404,
2022-01-26,9.68000030517578,9.68000030517578,9.649999618530272,9.649999618530272,39400,0,0,-0.002068299649004457,0.9877174172353251,9.691999912261961,9.735872674809574,9.648127149714348,9.684999942779541,9.6899995803833,9.725000143051147,9.735000133514404,
2022-01-27,9.649999618530272,9.649999618530272,9.649999618530272,9.649999618530272,200,0,0,0.0,0.9877174172353251,9.689499902725219,9.73686310409206,9.642136701358377,9.679999828338623,9.6899995803833,9.725000143051147,9.735000133514404,
2022-01-28,9.649999618530272,9.649999618530272,9.649999618530272,9.649999618530272,600,0,0,0.0,0.9877174172353251,9.686999893188474,9.73711155490314,9.636888231473808,9.664999961853026,9.6899995803833,9.725000143051147,9.735000133514404,
2022-01-31,9.649999618530272,9.649999618530272,9.649999618530272,9.649999618530272,9700,0,0,0.0,0.9877174172353251,9.6854998588562,9.738120910516784,9.632878807195617,9.664999961853026,9.6899995803833,9.727500200271606,9.735000133514404,
2022-02-01,9.68000030517578,9.68000030517578,9.654999732971191,9.670000076293944,5600,0,0,0.002072586378684127,0.9897645469002762,9.685999870300291,9.737817482355831,9.634182258244751,9.664999961853026,9.6899995803833,9.727500200271606,9.735000133514404,
2022-02-02,9.670000076293944,9.670000076293944,9.670000076293944,9.670000076293944,0,0,0,0.0,0.9897645469002762,9.68399987220764,9.735031099889907,9.632968644525372,9.664999961853026,9.6899995803833,9.727500200271606,9.735000133514404,
2022-02-03,9.68000030517578,9.68000030517578,9.68000030517578,9.68000030517578,1200,0,0,0.0010341498245023395,0.9907881117327517,9.681499910354614,9.72791457214073,9.635085248568497,9.664999961853026,9.6899995803833,9.727500200271606,9.735000133514404,
2022-02-04,9.67300033569336,9.67300033569336,9.67300033569336,9.67300033569336,100,0,0,-0.0007231373204272806,0.9900716358725221,9.680149936676024,9.725892252382511,9.634407620969537,9.664999961853026,9.6899995803833,9.727500200271606,9.735000133514404,
2022-02-07,9.67300033569336,9.67300033569336,9.67300033569336,9.67300033569336,0,0,0,0.0,0.9900716358725221,9.678799962997434,9.723696054428581,9.633903871566288,9.664999961853026,9.6899995803833,9.730000019073486,9.735000133514404,
2022-02-08,9.649999618530272,9.649999618530272,9.649999618530272,9.649999618530272,100,0,0,-0.0023778265651677177,0.9877174172353254,9.676299953460692,9.721766671820435,9.63083323510095,9.664999961853026,9.6899995803833,9.707500219345093,9.735000133514404,
2022-02-09,9.649999618530272,9.649999618530272,9.630000114440918,9.631999969482422,59800,0,0,-0.0018652486797290369,0.9858750786268818,9.671399974822997,9.713636021504735,9.629163928141258,9.65500020980835,9.679999828338623,9.697499990463257,9.735000133514404,
2022-02-10,9.670000076293944,9.68000030517578,9.649999618530272,9.649999618530272,417500,0,0,0.0018687343339782725,0.9877174172353255,9.667399978637693,9.700828717643565,9.633971239631821,9.65500020980835,9.679999828338623,9.694999933242798,9.735000133514404,
2022-02-11,9.649999618530272,9.649999618530272,9.649999618530272,9.649999618530272,0,0,0,0.0,0.9877174172353255,9.66489996910095,9.69553569140501,9.634264246796892,9.65500020980835,9.679999828338623,9.697499752044678,9.735000133514404,
2022-02-14,9.649999618530272,9.649999618530272,9.649999618530272,9.649999618530272,0,0,0,0.0,0.9877174172353255,9.662899971008299,9.691880742331778,9.63391919968482,9.65500020980835,9.679999828338623,9.697499752044678,9.735000133514404,
2022-02-15,9.649999618530272,9.649999618530272,9.649999618530272,9.649999618530272,0,0,0,0.0,0.9877174172353255,9.661399936676023,9.689777917893394,9.633021955458652,9.65500020980835,9.679999828338623,9.694999694824219,9.735000133514404,
2022-02-16,9.649999618530272,9.65999984741211,9.649999618530272,9.65999984741211,1200,0,0,0.0010362931893421745,0.988740982067801,9.660399913787838,9.687450051371545,9.633349776204131,9.65500020980835,9.679999828338623,9.694999694824219,9.735000133514404,
2022-02-17,9.65999984741211,9.65999984741211,9.65999984741211,9.65999984741211,0,0,0,0.0,0.988740982067801,9.659399890899659,9.684895422262036,9.633904359537281,9.65500020980835,9.679999828338623,9.694999694824219,9.735000133514404,
