Date,Open,High,Low,Close,Volume,Dividends,Stock Splits,daily_return,cum_return,middle_band,upper_band,lower_band,Conversion,Baseline,SpanA,SpanB,Lagging
2018-10-25,32.0,32.189998626708984,30.0,31.350000381469727,22912000,0,0,,,,,,,,,,22.530000686645508
2018-10-26,30.700000762939453,31.209999084472656,29.75,31.09000015258789,5137200,0,0,-0.008293468124980219,0.9917065318750198,,,,,,,,22.09000015258789
2018-10-29,32.2400016784668,32.5,29.0,29.059999465942383,2144900,0,0,-0.06529432861635198,0.9269537196917895,,,,,,,,21.670000076293945
2018-10-30,29.0,29.399999618530277,27.59000015258789,28.68000030517578,2613400,0,0,-0.013076365029254466,0.9148325344878745,,,,,,,,20.76000022888184
2018-10-31,29.1299991607666,29.899999618530277,28.5,28.690000534057617,1985000,0,0,0.0003486830116954387,0.9151515210511967,,,,,,,,19.8700008392334
2018-11-01,28.979999542236328,29.8799991607666,28.5,29.420000076293945,1491700,0,0,0.025444389287123004,0.9384369926095261,,,,,,,,20.59000015258789
2018-11-02,29.86000061035156,30.6200008392334,29.600000381469727,30.1299991607666,872700,0,0,0.024133211510245944,0.9610844910412109,,,,,,,,19.86000061035156
2018-11-05,30.350000381469727,31.71999931335449,29.959999084472656,30.75,693800,0,0,0.020577525937694796,0.9808612320839276,,,,,,,,18.540000915527344
2018-11-06,30.690000534057617,30.940000534057617,29.51000022888184,30.46999931335449,462700,0,0,-0.009105713386845848,0.9719297908323029,,,,30.045000076293945,,,,17.709999084472656
2018-11-07,30.5,30.75,29.350000381469727,29.399999618530277,622500,0,0,-0.03511649881643575,0.9377990194828817,,,,30.045000076293945,,,,17.6299991607666
2018-11-08,27.700000762939453,28.229999542236328,26.25,27.700000762939453,4920800,0,0,-0.057823091076482425,0.8835725813678871,,,,29.375,,,,18.450000762939453
2018-11-09,28.549999237060547,28.59000015258789,27.0,27.3700008392334,2456900,0,0,-0.011913354318299207,0.8730462681401172,,,,28.984999656677246,,,,18.1200008392334
2018-11-12,27.520000457763672,27.670000076293945,24.15999984741211,25.01000022888184,2864400,0,0,-0.08622581432181131,0.7977671427291172,,,,27.9399995803833,,,,17.780000686645508
2018-11-13,25.09000015258789,25.88999938964844,24.75,24.799999237060547,620600,0,0,-0.008396680923608346,0.791068546580282,,,,27.9399995803833,,,,16.989999771118164
2018-11-14,25.0,25.299999237060547,23.3700008392334,23.440000534057617,2032200,0,0,-0.05483865906618979,0.7476874082563797,,,,27.545000076293945,,,,16.709999084472656
2018-11-15,23.5,24.81999969482422,23.1200008392334,24.63999938964844,1079200,0,0,0.05119448925981307,0.7859648832480584,,,,27.420000076293945,,,,17.459999084472656
2018-11-16,24.63999938964844,25.899999618530277,24.520000457763672,25.309999465942383,1486700,0,0,0.02719156221145913,0.8073364962669202,,,,27.030000686645508,,,,17.209999084472656
2018-11-19,24.739999771118164,25.0,21.799999237060547,22.0,3321500,0,0,-0.13077833013771423,0.7017543774258994,,,,26.274999618530273,,,,17.600000381469727
2018-11-20,21.399999618530277,21.75,20.049999237060547,21.21999931335449,2460800,0,0,-0.03545457666570506,0.6768739730509588,,,,24.31999969482422,,,,18.440000534057617
2018-11-21,21.600000381469727,22.71999931335449,21.600000381469727,22.34000015258789,1143800,0,0,0.052780437110030665,0.7125996772169915,27.14349994659424,33.555266716477355,20.731733176711124,24.31999969482422,,,,19.06999969482422
2018-11-23,22.25,22.25,21.09000015258789,21.84000015258789,723000,0,0,-0.02238137854005695,0.6966507140936756,26.667999935150146,33.17228972677503,20.163710143525268,23.859999656677246,,,,18.559999465942383
2018-11-26,21.899999618530277,22.290000915527344,21.270000457763672,21.700000762939453,1261300,0,0,-0.006410228418970432,0.6921850238880963,26.198499965667725,32.71394496452146,19.68305496681399,22.97499942779541,,,,19.989999771118164
2018-11-27,22.68000030517578,25.75,22.25,22.780000686645508,4637000,0,0,0.04976957998778242,0.7266347818008401,25.88450002670288,32.42358042795944,19.34541962544632,22.97499942779541,,,,20.690000534057617
2018-11-28,23.059999465942383,24.479999542236328,22.700000762939453,24.030000686645508,2246500,0,0,0.05487269369279679,0.7665071896091298,25.65200004577637,32.10616685916117,19.197833232391567,22.97499942779541,,,,21.1200008392334
2018-11-29,24.040000915527344,24.3700008392334,23.46999931335449,23.850000381469727,1895100,0,0,-0.007490649189861087,0.7607655531502614,25.410000038146972,31.751127852014488,19.068872224279456,22.97499942779541,,,,21.030000686645508
2018-11-30,23.51000022888184,24.040000915527344,22.3700008392334,23.56999969482422,1549500,0,0,-0.011740070531112257,0.7518341118986367,25.117500019073486,31.224646354591883,19.01035368355509,22.899999618530273,26.274999618530273,,,21.43000030517578
2018-12-03,24.32999992370605,24.5,22.479999542236328,22.530000686645508,1777300,0,0,-0.04412384478762155,0.7186603002391819,24.73750009536743,30.480927855786472,18.994072334948388,22.899999618530273,26.274999618530273,,,21.100000381469727
2018-12-04,22.420000076293945,23.0,21.700000762939453,22.09000015258789,1182100,0,0,-0.019529539309709132,0.7046251956553334,24.304500102996826,29.436440609098153,19.1725595968955,23.420000076293945,26.274999618530273,,,20.790000915527344
2018-12-06,21.520000457763672,22.020000457763672,21.25,21.670000076293945,1556100,0,0,-0.019013131434711283,0.6912280641981294,23.8645001411438,28.254414123341324,19.474586158946277,23.420000076293945,25.88499927520752,,,20.709999084472656
2018-12-07,21.86000061035156,22.40999984741211,20.299999237060547,20.76000022888184,1346300,0,0,-0.041993532266186184,0.6622009561809319,23.432500171661378,27.21005525606788,19.654945087254877,23.024999618530273,25.88499927520752,,,20.690000534057617
2018-12-10,20.729999542236328,21.040000915527344,19.649999618530277,19.8700008392334,1518900,0,0,-0.042870875714647205,0.6338118212903786,23.041000175476075,26.581339638214477,19.500660712737673,22.699999809265137,25.684999465942383,,,20.65999984741211
2018-12-11,20.200000762939453,21.049999237060547,20.200000762939453,20.59000015258789,2185300,0,0,0.0362354948638377,0.6567783062853857,22.7020001411438,25.783369922559906,19.62063035972769,22.074999809265137,25.684999465942383,,,22.190000534057617
2018-12-12,20.84000015258789,20.950000762939453,19.850000381469727,19.86000061035156,1578900,0,0,-0.03545408143887652,0.6334928347270562,22.444500160217284,25.572239264460833,19.316761055973735,22.074999809265137,25.684999465942383,,,22.86000061035156
2018-12-13,20.049999237060547,20.149999618530277,18.209999084472656,18.540000915527344,1584400,0,0,-0.06646523938857263,0.591387581815977,22.131500244140625,25.50005550560318,18.76294498267807,21.354999542236328,24.574999809265137,,,22.1200008392334
2018-12-14,18.399999618530277,18.88999938964844,17.610000610351562,17.709999084472656,989200,0,0,-0.04476816559159702,0.5649122446244251,21.845000171661376,25.66884583774745,18.0211545055753,21.05500030517578,24.18000030517578,,,22.899999618530277
2018-12-17,17.6200008392334,18.61000061035156,17.010000228881836,17.6299991607666,2990200,0,0,-0.004517217834087539,0.5623604129583133,21.494500160217285,25.511669830974462,17.47733048946011,20.005000114440918,22.800000190734863,,,23.09000015258789
2018-12-18,17.75,18.65999984741211,17.709999084472656,18.450000762939453,991400,0,0,0.046511720998697825,0.5885167635865428,21.15150022506714,24.971514966824756,17.33148548330952,19.710000038146973,22.800000190734863,,,22.190000534057617
2018-12-19,18.440000534057617,18.940000534057617,17.899999618530273,18.1200008392334,1168600,0,0,-0.017886173986991105,0.577990450358773,20.95750026702881,24.97656394983713,16.93843658422049,19.710000038146973,22.34000015258789,,,21.88999938964844
2018-12-20,18.13999938964844,18.38999938964844,17.670000076293945,17.780000686645508,2110400,0,0,-0.01876380446140613,0.5671451505676809,20.78550033569336,25.035290476697064,16.535710194689656,19.02999973297119,21.454999923706055,,,21.459999084472656
2018-12-21,18.0,18.06999969482422,16.43000030517578,16.989999771118164,1363400,0,0,-0.04443199578280732,0.541945759629418,20.518000316619872,25.011938360109188,16.024062273130557,18.739999771118164,21.164999961853027,,,22.1200008392334
2018-12-24,16.780000686645508,16.809999465942383,16.139999389648438,16.709999084472656,367600,0,0,-0.016480323155830146,0.5330143183777933,20.26150026321411,25.005758873047156,15.517241653381063,18.545000076293945,21.019999504089355,,,22.809999465942383
2018-12-26,16.770000457763672,17.6299991607666,16.760000228881836,17.459999084472656,626800,0,0,0.04488330587025091,0.5569377630627671,20.04950017929077,24.89663580920705,15.20236454937449,18.144999504089355,21.019999504089355,,,23.459999084472656
2018-12-27,17.280000686645508,17.5,16.649999618530273,17.209999084472656,932400,0,0,-0.014318442904291295,0.5489632815011092,19.771000099182128,24.598404600187713,14.943595598176541,17.539999961853027,20.94499969482422,,,22.76000022888184
2018-12-28,17.299999237060547,17.729999542236328,17.299999237060547,17.600000381469727,1162200,0,0,0.022661320031617027,0.5614035141088125,19.44950008392334,23.940746482772777,14.958253685073903,17.539999961853027,20.94499969482422,,,21.3799991607666
2018-12-31,17.81999969482422,18.68000030517578,17.600000381469727,18.440000534057617,914900,0,0,0.04772728036257834,0.5881977770232205,19.179000091552734,23.199718915150015,15.158281267955452,17.539999961853027,20.94499969482422,,,21.270000457763672
2019-01-02,18.290000915527344,19.21999931335449,17.989999771118164,19.06999969482422,1310500,0,0,0.03416481250111847,0.6082934437887936,18.954000091552736,22.427539319750995,15.480460863354477,17.679999351501465,20.94499969482422,,,21.11000061035156
2019-01-03,18.96999931335449,19.18000030517578,18.030000686645508,18.559999465942383,1291900,0,0,-0.02674358872801952,0.5920254941021554,18.755500030517577,21.8135995863364,15.697400474698753,17.679999351501465,20.94499969482422,,,21.149999618530277
2019-01-04,18.86000061035156,20.149999618530277,18.75,19.989999771118164,1101500,0,0,0.07704743245277745,0.6376395383693134,18.65050001144409,21.364795872806422,15.93620415008176,18.144999504089355,20.94499969482422,,,21.420000076293945
2019-01-07,20.059999465942383,20.739999771118164,19.81999969482422,20.690000534057617,884100,0,0,0.03501754732137741,0.6599681110781421,18.601500034332275,21.122466957749587,16.080533110914963,18.4399995803833,20.31999969482422,,,21.3700008392334
2019-01-08,20.93000030517578,21.489999771118164,20.59000015258789,21.1200008392334,814700,0,0,0.020783001163676262,0.6736842290986684,18.619500064849852,21.20685298768139,16.032147142018314,19.06999969482422,20.31999969482422,,,21.270000457763672
2019-01-09,21.270000457763672,21.38999938964844,20.440000534057617,21.030000686645508,838300,0,0,-0.004261370691837407,0.6708134108692343,18.67750005722046,21.42330453439085,15.931695580050068,19.06999969482422,20.31999969482422,,,22.06999969482422
2019-01-10,21.030000686645508,21.71999931335449,20.799999237060547,21.43000030517578,681100,0,0,0.0190204282201607,0.6835725691997937,18.719500064849854,21.60473989083269,15.834260238867017,19.50999927520752,20.31999969482422,24.587499618530273,,23.459999084472656
2019-01-11,21.309999465942383,21.51000022888184,20.68000030517578,21.100000381469727,498100,0,0,-0.015398969622336112,0.6730462559720238,18.78150005340576,21.81330346314837,15.749696643663153,19.65999984741211,19.56999969482422,24.587499618530273,,25.1200008392334
2019-01-14,20.940000534057617,20.979999542236328,20.43000030517578,20.790000915527344,317600,0,0,-0.01469191755155741,0.6631579158708985,18.89400005340576,22.0474914976948,15.740508609116725,19.854999542236328,19.274999618530273,24.84749984741211,,24.43000030517578
2019-01-15,21.25,21.799999237060547,20.530000686645508,20.709999084472656,960600,0,0,-0.0038480917523643354,0.6606060233643205,19.04400005340576,22.243511436836528,15.844488669974993,19.914999961853027,19.274999618530273,24.652499675750732,,26.26000022888184
2019-01-16,20.75,21.489999771118164,20.670000076293945,20.690000534057617,564500,0,0,-0.0009656470931489469,0.659968111078142,19.197000122070314,22.40414060864518,15.98985963549545,20.274999618530273,18.969999313354492,24.454999446868896,,29.350000381469727
2019-01-17,20.68000030517578,20.979999542236328,20.459999084472656,20.65999984741211,223600,0,0,-0.0014500089836210206,0.6590111513881753,19.307500076293945,22.5565477872076,16.05845236538029,20.809999465942383,18.969999313354492,24.19249963760376,,29.57999992370605
2019-01-18,21.059999465942383,22.68000030517578,20.790000915527344,22.190000534057617,1281500,0,0,0.07405618092669819,0.7078150004480898,19.511000061035155,22.94373715333475,16.078262968735558,21.55500030517578,19.40999984741211,23.87999963760376,,32.20000076293945
2019-01-22,22.200000762939453,23.40999984741211,22.200000762939453,22.86000061035156,1121400,0,0,0.03019378369394876,0.7291866134669516,19.76500005722046,23.39607156029159,16.13392855414933,21.920000076293945,19.774999618530273,23.87999963760376,,30.40999984741211
2019-01-23,22.8799991607666,23.15999984741211,21.51000022888184,22.1200008392334,637500,0,0,-0.032370942754177845,0.7055821553453001,20.02150011062622,23.55462806263949,16.48837215861295,21.920000076293945,19.774999618530273,22.964999675750732,,31.1299991607666
2019-01-24,22.209999084472656,23.040000915527344,22.0,22.899999618530277,645800,0,0,0.03526214962494145,0.7304624988797748,20.331000137329102,23.730075471338164,16.93192480332004,21.920000076293945,19.774999618530273,22.61750030517578,,32.0
2019-01-25,23.0,23.34000015258789,22.61000061035156,23.09000015258789,729200,0,0,0.008296966690945595,0.7365231219019651,20.612500190734863,23.945033795730005,17.27996658573972,21.920000076293945,19.774999618530273,21.40250015258789,,32.189998626708984
2019-01-28,22.809999465942383,22.989999771118164,22.0,22.190000534057617,596400,0,0,-0.03897789573766641,0.7078150004480898,20.86150026321411,23.864408979214044,17.85859154721418,21.934999465942383,19.774999618530273,21.255000114440918,,31.0
2019-01-29,22.290000915527344,22.420000076293945,21.700000762939453,21.88999938964844,264100,0,0,-0.01351965467277605,0.6982455860698208,21.076000213623047,23.701741376466728,18.450259050779366,21.934999465942383,19.774999618530273,21.02500009536743,,29.030000686645508
2019-01-30,22.0,22.399999618530277,21.299999237060547,21.459999084472656,922900,0,0,-0.019643687399056198,0.6845294680492945,21.227000141143797,23.556638689738698,18.897361592548897,21.934999465942383,19.774999618530273,20.242499828338623,,29.920000076293945
2019-01-31,21.459999084472656,22.200000762939453,21.100000381469727,22.1200008392334,610800,0,0,0.030754975904835113,0.7055821553453001,21.37950019836426,23.513438182800236,19.24556221392828,22.100000381469727,19.774999618530273,19.952499866485596,,31.96999931335449
2019-02-01,21.979999542236328,22.809999465942383,21.979999542236328,22.809999465942383,473500,0,0,0.031193426787089473,0.7275916806503405,21.592000198364257,23.374558103096486,19.809442293632028,22.255000114440918,20.02999973297119,19.78249979019165,,31.709999084472656
2019-02-04,22.799999237060547,23.850000381469727,22.479999542236328,23.459999084472656,436900,0,0,0.028496257507624634,0.748325320542558,21.765500164031984,23.5661693118841,19.96483101617987,22.475000381469727,20.25,19.582499504089355,,30.76000022888184
2019-02-05,23.520000457763672,23.68000030517578,22.309999465942383,22.76000022888184,1218500,0,0,-0.029837974548520774,0.7259968086741955,21.869000148773193,23.648098343636054,20.08990195391033,22.475000381469727,20.574999809265137,19.242499828338623,,30.34000015258789
2019-02-06,22.76000022888184,23.030000686645508,21.200000762939453,21.3799991607666,1288700,0,0,-0.06063273524769364,0.6819776363831825,21.882000064849855,23.642518923616667,20.121481206083043,22.475000381469727,20.725000381469727,19.242499828338623,,32.5099983215332
2019-02-07,21.6299991607666,21.809999465942383,21.049999237060547,21.270000457763672,620700,0,0,-0.0051449348606515954,0.6784689058675699,21.89400005340576,23.63405843490215,20.153941671909372,22.449999809265137,20.920000076293945,19.242499828338623,,34.599998474121094
2019-02-08,21.209999084472656,21.38999938964844,20.670000076293945,21.11000061035156,743600,0,0,-0.007522324587149298,0.673365242535346,21.87800006866455,23.640814358873666,20.115185778455437,22.260000228881836,20.940000534057617,19.312499523162842,,40.970001220703125
2019-02-11,21.209999084472656,21.8700008392334,21.11000061035156,21.149999618530277,539500,0,0,0.0018947895320811092,0.6746411279481692,21.880500030517577,23.63898355685749,20.122016504177665,22.260000228881836,21.300000190734863,19.312499523162842,,37.79999923706055
2019-02-12,21.309999465942383,21.8700008392334,20.88999938964844,21.420000076293945,553500,0,0,0.01276597932073309,0.6832535826364716,21.91199998855591,23.612201992529425,20.211797984582393,22.260000228881836,21.835000038146973,19.544999599456787,,42.95000076293945
2019-02-13,21.479999542236328,21.799999237060547,21.26000022888184,21.3700008392334,442000,0,0,-0.00233423141374689,0.6816587106603265,21.945000076293944,23.57397347892673,20.316026673661156,22.260000228881836,22.140000343322754,19.37999963760376,,41.81999969482422
2019-02-14,21.309999465942383,21.75,20.940000534057617,21.270000457763672,913800,0,0,-0.004679474849908938,0.6784689058675701,21.97400007247925,23.530863185209114,20.417136959749385,22.260000228881836,22.140000343322754,19.69499969482422,,40.43999862670898
2019-02-15,22.3799991607666,22.5,21.270000457763672,22.06999969482422,1241700,0,0,0.037611622935745714,0.7039872225286892,22.044500064849853,23.47854602608353,20.610454103616174,22.175000190734863,22.140000343322754,19.69499969482422,,43.560001373291016
2019-02-19,22.479999542236328,23.59000015258789,22.229999542236328,23.459999084472656,1494500,0,0,0.06298139596143337,0.7483253205425583,22.107999992370605,23.670375191600797,20.545624793140412,22.130000114440918,22.140000343322754,19.91499948501587,24.31999969482422,41.43000030517578
2019-02-20,23.729999542236328,25.280000686645508,23.61000061035156,25.1200008392334,2361100,0,0,0.07075881583727073,0.8012759340851957,22.221000003814698,24.24814948347542,20.193850524153977,22.975000381469727,22.855000495910645,19.614999771118164,24.31999969482422,41.04999923706055
2019-02-21,25.18000030517578,25.71999931335449,24.21999931335449,24.43000030517578,1485200,0,0,-0.027468173208814006,0.7792663479396893,22.336499977111817,24.581482778146114,20.09151717607752,23.19499969482422,23.089999198913574,19.5649995803833,24.31999969482422,41.11000061035156
2019-02-22,24.799999237060547,26.950000762939453,24.799999237060547,26.26000022888184,2732100,0,0,0.07490789606410075,0.8376395505374069,22.504500007629396,25.328343046544123,19.68065696871467,23.920000076293945,23.704999923706055,19.59499979019165,23.929999351501465,42.93000030517578
2019-02-25,27.049999237060547,29.440000534057617,26.82999992370605,29.350000381469727,2526000,0,0,0.1176694640386704,0.9362041475067363,22.817500019073485,26.93859047394772,18.69640956419925,25.164999961853027,24.949999809265137,19.622499465942383,23.929999351501465,42.150001525878906
2019-02-26,29.239999771118164,29.81999969482422,27.63999938964844,29.57999992370605,2804800,0,0,0.007836440860202964,0.9435406559417496,23.186999988555907,28.246454751880265,18.12754522523155,25.380000114440918,25.244999885559082,19.889999389648438,23.929999351501465,38.5
2019-02-27,29.59000015258789,32.25,29.59000015258789,32.20000076293945,3275700,0,0,0.08857338897873612,1.02711324947773,23.70250005722046,30.07494511554555,17.330054998895367,26.59500026702881,26.460000038146973,20.482500076293945,23.929999351501465,37.43000030517578
2019-02-28,31.93000030517578,32.310001373291016,29.81999969482422,30.40999984741211,2737100,0,0,-0.055590089227188555,0.9700159322928353,24.15000009536743,31.06940075700972,17.230599433725143,26.790000915527344,26.49000072479248,20.84749984741211,23.929999351501465,35.900001525878906
2019-03-01,30.899999618530277,31.68000030517578,30.809999465942383,31.1299991607666,1530500,0,0,0.023676399768734813,0.9929824172878425,24.60050001144409,32.08882192905113,17.112178093837052,27.270000457763672,26.49000072479248,20.84749984741211,23.539999961853027,37.77000045776367
2019-03-04,31.8799991607666,34.5,31.530000686645508,32.0,4216200,0,0,0.0279473454123913,1.020733639892217,25.060000038146974,33.162059039283825,16.957941037010123,29.05500030517578,27.585000038146973,20.84749984741211,23.44499969482422,37.47999954223633
2019-03-05,32.47999954223633,33.22999954223633,31.51000022888184,32.189998626708984,2437400,0,0,0.005937457084655762,1.0267942020739416,25.49650001525879,34.135595115287444,16.857404915230138,29.359999656677246,27.585000038146973,20.84749984741211,22.364999771118164,36.880001068115234
2019-03-06,32.349998474121094,32.939998626708984,30.940000534057617,31.0,1615200,0,0,-0.03696796140033409,0.9888357136455852,25.908500003814698,34.77176641990768,17.045233587721718,29.649999618530273,27.585000038146973,20.854999542236328,22.364999771118164,35.65999984741211
2019-03-07,30.790000915527344,31.100000381469727,28.25,29.030000686645508,2227200,0,0,-0.06354836494691907,0.9259968208422884,26.291000080108642,34.99672132889496,17.585278831322327,30.664999961853027,27.585000038146973,20.854999542236328,21.90499973297119,35.25
2019-03-08,28.06999969482422,30.270000457763672,27.76000022888184,29.920000076293945,1993800,0,0,0.030657918311998378,0.9543859557328415,26.723500061035157,35.243983860679414,18.2030162613909,31.06999969482422,27.585000038146973,20.854999542236328,21.019999504089355,35.95000076293945
2019-03-11,30.649999618530277,32.709999084472656,30.18000030517578,31.96999931335449,3512500,0,0,0.06851601710672406,1.01977668020225,27.266499996185303,35.668909557307536,18.86409043506307,31.130000114440918,27.585000038146973,20.9375,21.019999504089355,36.22999954223633
2019-03-12,32.599998474121094,33.189998626708984,30.86000061035156,31.709999084472656,1912100,0,0,-0.008132631669254486,1.01148321207727,27.794499969482423,35.91244817091169,19.67655176805316,31.130000114440918,27.585000038146973,21.142499923706055,21.019999504089355,34.7400016784668
2019-03-13,31.76000022888184,32.5,30.51000022888184,30.76000022888184,1520300,0,0,-0.02995896824405775,0.9811802186472496,28.261499977111818,35.9153521172221,20.607647837001533,31.130000114440918,27.585000038146973,21.362500190734863,21.019999504089355,26.51000022888184
2019-03-14,30.8700008392334,32.0,30.149999618530277,30.34000015258789,1041300,0,0,-0.013654098607567389,0.9677830871900455,28.70999994277954,35.71278443272357,21.707215452835506,31.130000114440918,27.585000038146973,21.52500009536743,20.94499969482422,25.920000076293945
2019-03-15,31.270000457763672,32.90999984741211,30.56999969482422,32.5099983215332,3463800,0,0,0.07152268154356678,1.037001528738389,29.271999835968018,35.55606573816295,22.987933933773085,30.494999885559082,27.585000038146973,21.600000381469727,20.94499969482422,25.13999938964844
2019-03-18,33.0,36.880001068115234,32.93000030517578,34.599998474121094,7019200,0,0,0.06428791942457801,1.1036681994610866,29.898499774932862,35.656505440697366,24.140494109168362,32.320000648498535,28.77500057220459,21.68499994277954,20.94499969482422,26.81999969482422
2019-03-19,42.61000061035156,43.90999984741211,39.5099983215332,40.970001220703125,15736000,0,0,0.18410413374285106,1.306858077262402,30.773999881744384,37.589970246575284,23.958029516913484,35.83500003814697,32.39999961853027,21.600000381469727,20.94499969482422,26.93000030517578
2019-03-20,41.16999816894531,42.09000015258789,37.77000045776367,37.79999923706055,4246400,0,0,-0.07737373417603655,1.2057415877864948,31.407999801635743,38.361380959528795,24.454618643742688,35.83500003814697,32.39999961853027,21.78000020980835,20.94499969482422,26.770000457763672
2019-03-21,39.220001220703125,44.209999084472656,39.09999847412109,42.95000076293945,5487400,0,0,0.13624342936043377,1.3700159566290213,32.33399982452393,40.20624122812712,24.461758420920738,37.179999351501465,32.57499980926514,22.047500133514404,20.94499969482422,27.96999931335449
2019-03-22,42.27999877929688,43.15999984741211,41.11000061035156,41.81999969482422,2694100,0,0,-0.026309686799593446,1.3339712658996663,33.11199979782104,41.494059750291655,24.72993984535043,37.179999351501465,32.57499980926514,22.200000286102295,20.31999969482422,28.790000915527344
2019-03-25,41.52999877929688,41.93000030517578,39.70000076293945,40.43999862670898,2356200,0,0,-0.03299859106134895,1.2899520936086533,33.66649971008301,42.44212258722538,24.89087683294064,37.179999351501465,32.739999771118164,22.200000286102295,20.31999969482422,27.0
2019-03-26,41.66999816894531,44.5,41.04999923706055,43.560001373291016,4332400,0,0,0.07715140584899527,1.3894737111084157,34.36549978256225,43.92844291972475,24.802556645399754,37.32499980926514,33.364999771118164,22.15750026702881,20.31999969482422,26.649999618530277
2019-03-27,43.5,44.11000061035156,39.81999969482422,41.43000030517578,4369300,0,0,-0.048898094604314046,1.321531094132429,34.826999759674074,44.8135499957837,24.84044952356445,37.53499984741211,34.05500030517578,22.135000228881836,20.31999969482422,27.540000915527344
2019-03-28,41.52999877929688,42.02000045776367,40.16999816894531,41.04999923706055,1902900,0,0,-0.009172123227519258,1.309409848088048,35.358999729156494,45.48184200270929,25.236157455603696,38.71500015258789,34.359999656677246,22.915000438690186,20.710000038146973,27.56999969482422
2019-03-29,41.5099983215332,42.18000030517578,40.400001525878906,41.11000061035156,1602000,0,0,0.001461665637178422,1.3113237674679814,35.85799980163574,46.082294300483056,25.63370530278843,41.135000228881836,34.64999961853027,23.142499446868896,20.929999351501465,27.09000015258789
2019-04-01,41.0,43.84000015258789,38.2599983215332,42.93000030517578,6356800,0,0,0.044271458715715584,1.3693779835023767,36.40449981689453,46.913124393084196,25.89587524070486,41.135000228881836,35.66499996185303,23.8125,21.545000076293945,27.34000015258789
2019-04-02,42.790000915527344,45.619998931884766,41.86000061035156,42.150001525878906,6411400,0,0,-0.018169083944843067,1.344497639967902,36.902499961853025,47.50964164261561,26.295358281090436,41.939998626708984,36.6299991607666,25.057499885559082,22.789999961853027,27.690000534057617
2019-04-03,40.5099983215332,40.70000076293945,38.4900016784668,38.5,16545900,0,0,-0.08659552535574422,1.2280701604953232,37.277499961853025,47.54466141111196,27.010338512594085,41.939998626708984,36.6899995803833,25.3125,22.979999542236328,27.90999984741211
2019-04-04,38.959999084472656,39.38999938964844,36.5,37.43000030517578,7956000,0,0,-0.027792199865564138,1.1939393891459018,37.697499942779544,47.23441781144335,28.160582074115737,41.05999946594238,36.6899995803833,26.52750015258789,24.19499969482422,26.540000915527344
2019-04-05,35.93000030517578,37.33000183105469,35.45000076293945,35.900001525878906,9723200,0,0,-0.04087626948497003,1.1451356009264535,37.99650001525879,46.88549414991138,29.107505880606197,40.53499984741211,36.6899995803833,26.640000820159912,24.225000381469727,26.530000686645508
2019-04-08,35.650001525878906,38.33000183105469,35.2400016784668,37.77000045776367,6795800,0,0,0.05208910452376325,1.204784688936994,38.28650007247925,46.73287477574623,29.840125369212267,40.43000030517578,36.6899995803833,26.880000591278076,24.225000381469727,26.209999084472656
2019-04-09,38.27999877929688,39.0,37.45000076293945,37.47999954223633,4343800,0,0,-0.007678075509997329,1.1955342611220472,38.57500009536743,46.47382380790174,30.67617638283312,40.43000030517578,36.6899995803833,28.320000171661377,25.31999969482422,26.8700008392334
2019-04-10,37.970001220703125,38.29999923706055,36.150001525878906,36.880001068115234,3074100,0,0,-0.016008497370576413,1.1763955540464408,38.8810001373291,45.969378049523996,31.79262222513421,40.43000030517578,36.6899995803833,28.47249984741211,25.31999969482422,25.8700008392334
2019-04-11,36.91999816894531,37.119998931884766,35.40999984741211,35.65999984741211,2378200,0,0,-0.0330802924449447,1.1374800450876519,39.14700012207031,45.25496277300701,33.03903747113361,40.43000030517578,36.6899995803833,28.617499828338623,25.31999969482422,26.799999237060547
2019-04-12,35.91999816894531,36.150001525878906,34.75,35.25,3412800,0,0,-0.011497471934001191,1.1244019001937702,39.28400020599365,44.88716698901257,33.68083342297473,40.18499946594238,36.6899995803833,29.125,25.31999969482422,28.63999938964844
2019-04-15,35.15999984741211,36.29999923706055,34.84000015258789,35.95000076293945,2012600,0,0,0.019858177672041233,1.1467304729025989,39.35150032043457,44.75413762723474,33.948863013634394,37.72500038146973,37.88499927520752,29.327499866485596,25.31999969482422,27.75
2019-04-16,36.09999847412109,36.470001220703125,35.099998474121094,36.22999954223633,1812100,0,0,0.007788561150338547,1.1556618533137575,39.11450023651123,44.62828267530156,33.600717797720904,37.06999969482422,37.88499927520752,29.357500076293945,25.31999969482422,26.170000076293945
2019-04-17,36.619998931884766,36.650001525878906,33.959999084472656,34.7400016784668,2903000,0,0,-0.04112608011580343,1.108134011347598,38.961500358581546,44.777591475978966,33.145409241184126,36.47999954223633,37.88499927520752,29.357500076293945,25.574999809265137,26.059999465942383
2019-04-18,29.549999237060547,29.600000381469727,24.799999237060547,26.51000022888184,32834600,0,0,-0.23690273609532475,0.8456140320990644,38.139500331878665,45.835314850308144,30.443685813449182,31.899999618530273,35.209999084472656,29.357500076293945,25.574999809265137,26.38999938964844
2019-04-22,26.540000915527344,26.940000534057617,25.559999465942383,25.920000076293945,4496700,0,0,-0.022255758109919088,0.8267942507463143,37.344500350952146,46.51625440645943,28.17274629544486,31.899999618530273,35.209999084472656,29.357500076293945,25.899999618530273,25.57999992370605
2019-04-23,25.299999237060547,25.88999938964844,24.51000022888184,25.13999938964844,11895700,0,0,-0.030092618994969844,0.8019138463713739,36.579500389099124,47.06440548214449,26.09459529605376,31.40499973297119,35.0649995803833,29.039999961853027,26.050000190734863,25.5
2019-04-24,24.530000686645508,27.65999984741211,24.520000457763672,26.81999969482422,10316800,0,0,0.06682578941778061,0.8555023722001898,35.74250030517578,46.53630537934033,24.948695231011236,30.8149995803833,35.0649995803833,30.547500610351562,27.4350004196167,25.200000762939453
2019-04-25,27.26000022888184,27.290000915527344,26.31999969482422,26.93000030517578,2957700,0,0,0.004101439657092643,0.8590111635562685,35.01750030517578,46.13246416761235,23.902536442739212,30.58000087738037,35.0649995803833,34.11749982833862,30.97000026702881,24.690000534057617
2019-04-26,26.32999992370605,27.0,25.65999984741211,26.770000457763672,3753000,0,0,-0.005941323639025664,0.8539075002240447,34.30350036621094,45.61173674083626,22.995263991585624,30.58000087738037,35.0649995803833,34.11749982833862,31.329999923706055,26.229999542236328
2019-04-29,26.790000915527344,28.280000686645508,26.399999618530277,27.96999931335449,3176700,0,0,0.04482625457866973,0.8921849752157233,33.64650030136109,44.821206643864755,22.47179395885742,30.58000087738037,35.0649995803833,34.8774995803833,32.01499938964844,26.290000915527344
2019-04-30,28.13999938964844,29.290000915527344,28.0,28.790000915527344,4239200,0,0,0.029317183493148713,0.918341325843953,32.93950033187866,43.4369364225913,22.442064241166026,30.58000087738037,35.0649995803833,34.8774995803833,32.31999969482422,27.030000686645508
2019-05-01,28.549999237060547,28.739999771118164,27.0,27.0,4250000,0,0,-0.062174395922368286,0.8612440086590585,32.18200025558472,42.07422841186713,22.289772099302304,27.05500030517578,35.0649995803833,34.959999561309814,32.31999969482422,26.6299991607666
2019-05-02,26.700000762939453,27.739999771118164,26.25,26.649999618530277,2529500,0,0,-0.012962977091471206,0.8500797223046442,31.58950023651123,41.313355919180346,21.865644553842117,26.90000057220459,35.0649995803833,35.34499979019165,32.46500015258789,28.0
2019-05-03,26.950000762939453,27.649999618530277,26.65999984741211,27.540000915527344,1774300,0,0,0.03339592156610127,0.8784689180356633,31.09500026702881,40.580945618385385,21.609054915672232,26.90000057220459,35.0649995803833,35.795000076293945,32.46500015258789,27.8799991607666
2019-05-06,26.600000381469727,27.88999938964844,26.5,27.56999969482422,3192600,0,0,0.0010892802577926464,0.879425816885164,30.678500175476074,40.01262289630189,21.344377454650257,26.905000686645508,35.0649995803833,36.53749990463257,32.46500015258789,28.170000076293945
2019-05-07,27.1299991607666,27.5,26.270000457763672,27.09000015258789,1765900,0,0,-0.0174102120982772,0.8641148268884926,30.144500160217284,38.99935276300167,21.289647557432897,27.475000381469727,35.0649995803833,37.892499923706055,32.47999954223633,28.540000915527344
2019-05-08,26.290000915527344,27.489999771118164,26.25,27.34000015258789,2994800,0,0,0.009228497548609882,0.8720893084501505,29.637500190734862,37.88853058821643,21.38646979325329,27.475000381469727,35.0649995803833,38.40000009536743,32.47999954223633,28.32999992370605
2019-05-09,26.799999237060547,27.88999938964844,26.309999465942383,27.690000534057617,1757400,0,0,0.012801769550706998,0.8832535948045648,29.17800016403198,36.75341704180943,21.60258328625454,27.770000457763672,32.605000495910645,39.28499889373779,33.03999900817871,29.290000915527344
2019-05-10,27.489999771118164,28.459999084472656,26.950000762939453,27.90999984741211,4026800,0,0,0.00794508158582019,0.890271116676256,28.790500164031982,35.76255640691009,21.818443921153868,27.770000457763672,31.949999809265137,39.31499910354614,33.144999504089355,29.950000762939453
2019-05-13,27.200000762939453,27.280000686645508,25.82999992370605,26.540000915527344,4793900,0,0,-0.049086310977239034,0.8465709917890315,28.35500020980835,34.713480930701195,21.996519488915503,27.28499984741211,31.755000114440918,38.87499952316284,33.144999504089355,29.3700008392334
2019-05-14,28.350000381469727,28.5,26.440000534057617,26.530000686645508,5933800,0,0,-0.0003767983623537141,0.8462520052257092,27.88400020599365,33.226612991246355,22.541387420740946,27.164999961853027,31.755000114440918,38.612499713897705,33.144999504089355,29.440000534057617
2019-05-15,26.11000061035156,26.479999542236328,25.239999771118164,26.209999084472656,2767900,0,0,-0.012061876889959189,0.8360446177207956,27.38300018310547,31.126188293590932,23.639812072620007,26.869999885559082,31.755000114440918,38.55999994277954,33.144999504089355,29.13999938964844
2019-05-16,26.399999618530277,27.75,26.309999465942383,26.8700008392334,2566300,0,0,0.0251812963683673,0.8570973050168014,26.9895001411438,28.56903076979258,25.40996951249502,26.869999885559082,31.40499973297119,38.55999994277954,33.144999504089355,28.700000762939453
2019-05-17,26.56999969482422,26.71999931335449,25.850000381469727,25.8700008392334,1827000,0,0,-0.03721622511227762,0.8251993787701696,26.957500171661376,28.59996432502723,25.315036018295523,26.869999885559082,30.8149995803833,38.55999994277954,33.144999504089355,28.200000762939453
2019-05-20,25.530000686645508,26.850000381469727,25.530000686645508,26.799999237060547,1401100,0,0,0.03594891254957955,0.8548643990735457,27.001500129699707,28.57542430277492,25.427575956624494,26.869999885559082,30.58000087738037,38.55999994277954,33.144999504089355,28.450000762939453
2019-05-21,27.09000015258789,28.700000762939453,27.0,28.63999938964844,4421500,0,0,0.06865672406600076,0.9135565882345857,27.176500129699708,28.65825122834427,25.694749031055146,26.97000026702881,30.58000087738037,38.43749952316284,33.144999504089355,28.799999237060547
2019-05-22,28.489999771118164,29.200000762939453,27.559999465942383,27.75,1653200,0,0,-0.03107539834550832,0.8851674533440325,27.223000144958498,28.715530343554057,25.730469946362938,27.22000026702881,30.58000087738037,37.80499982833862,33.144999504089355,29.57999992370605
2019-05-23,27.11000061035156,27.309999465942383,25.6200008392334,26.170000076293945,1942400,0,0,-0.05693693418760559,0.8347687323079729,27.185000133514404,28.743409242324976,25.62659102470383,27.22000026702881,30.58000087738037,37.47749948501587,33.144999504089355,28.8799991607666
2019-05-24,26.32999992370605,26.799999237060547,25.71999931335449,26.059999465942383,1540100,0,0,-0.004203309515891318,0.8312599409518943,27.14950008392334,28.77572795207054,25.52327221577614,27.22000026702881,27.05500030517578,37.182499408721924,33.144999504089355,28.520000457763672
2019-05-28,26.01000022888184,26.790000915527344,25.86000061035156,26.38999938964844,1326600,0,0,0.012663082519910773,0.8417862541796642,27.070500087738036,28.682918531844876,25.458081643631196,27.22000026702881,26.90000057220459,33.554999351501465,33.144999504089355,28.450000762939453
2019-05-29,25.76000022888184,26.09000015258789,25.38999938964844,25.57999992370605,4438400,0,0,-0.030693424959309157,0.8159489509552228,26.910000038146972,28.442023605134064,25.37797647115988,27.295000076293945,26.90000057220459,33.554999351501465,33.144999504089355,29.350000381469727
2019-05-30,25.780000686645508,26.1200008392334,25.11000061035156,25.5,1189100,0,0,-0.003127440341855192,0.813397119289111,26.835000038146973,28.485662049295186,25.18433802699876,27.155000686645508,26.905000686645508,33.234999656677246,33.144999504089355,29.18000030517578
2019-05-31,24.950000762939453,25.3700008392334,23.149999618530277,25.200000762939453,2423800,0,0,-0.011764675963158666,0.8038277657513079,26.762500095367432,28.561668639622145,24.96333155111272,26.175000190734863,26.22000026702881,32.9399995803833,33.144999504089355,30.799999237060547
2019-06-03,25.1299991607666,25.540000915527344,24.420000076293945,24.690000534057617,1661200,0,0,-0.020238103707991617,0.7875598160646697,26.620000076293945,28.59512625027276,24.64487390231513,26.175000190734863,26.22000026702881,32.822500228881836,33.2549991607666,32.0099983215332
2019-06-04,25.13999938964844,26.65999984741211,24.82999992370605,26.229999542236328,2226000,0,0,0.06237338901853895,0.8366825908474403,26.553000068664552,28.484643948310215,24.62135618901889,26.175000190734863,26.22000026702881,32.822500228881836,33.2549991607666,34.869998931884766
2019-06-05,26.709999084472656,27.0,25.940000534057617,26.290000915527344,1330400,0,0,0.0022875095058390027,0.8385965102273739,26.513000106811525,28.43145208328488,24.59454813033817,25.229999542236328,26.22000026702881,32.822500228881836,33.27999973297119,33.81999969482422
2019-06-06,26.31999969482422,27.190000534057617,25.530000686645508,27.030000686645508,1680900,0,0,0.028147574946682852,0.8622009683490256,26.497500133514404,28.393613619716884,24.601386647311923,25.170000076293945,26.175000190734863,32.822500228881836,33.27999973297119,33.869998931884766
2019-06-07,27.209999084472656,27.309999465942383,26.51000022888184,26.6299991607666,2201800,0,0,-0.01479842825444444,0.849441749178,26.444500064849855,28.261066044228194,24.627934085471516,25.229999542236328,26.175000190734863,31.05999994277954,33.44499969482422,34.0099983215332
2019-06-10,27.65999984741211,28.75,26.88999938964844,28.0,2623000,0,0,0.051445771025475207,0.8931419349056905,26.449000072479247,28.280612327976122,24.617387816982372,25.949999809265137,26.175000190734863,30.982500076293945,33.92499923706055,35.68000030517578
2019-06-11,28.40999984741211,28.93000030517578,27.36000061035156,27.8799991607666,1503700,0,0,-0.004285744258335611,0.8893141569862897,26.51599998474121,28.452236478630997,24.579763490851423,26.039999961853027,26.175000190734863,30.982500076293945,34.614999771118164,35.189998626708984
2019-06-12,27.61000061035156,28.309999465942383,27.149999618530277,28.170000076293945,1486100,0,0,0.0104017548155253,0.8985645848012367,26.59799995422363,28.665586650447388,24.530413257999875,26.039999961853027,26.175000190734863,30.985000133514404,34.91999912261963,34.790000915527344
2019-06-13,28.38999938964844,29.61000061035156,28.270000457763672,28.540000915527344,3026000,0,0,0.01313457004725982,0.9103668442822954,26.71450004577637,28.939836794903062,24.489163296649675,27.015000343322754,26.380000114440918,31.269999980926514,35.0649995803833,36.220001220703125
2019-06-14,28.6200008392334,28.700000762939453,27.63999938964844,28.32999992370605,1213100,0,0,-0.007358128419226562,0.9036682481334603,26.7875,29.122744617769634,24.45225538223037,27.220000267028805,26.380000114440918,31.269999980926514,35.0649995803833,34.4900016784668
2019-06-17,28.3799991607666,29.440000534057617,28.309999465942383,29.290000915527344,1444800,0,0,0.03388637467019473,0.9342902889672692,26.9585000038147,29.49446780514664,24.422532202482756,27.570000648498535,26.380000114440918,30.187500476837158,35.0649995803833,33.310001373291016
2019-06-18,29.6299991607666,30.76000022888184,29.420000076293945,29.950000762939453,2629700,0,0,0.02253328189765358,0.9553429154228089,27.11600008010864,29.9682186836576,24.263781476559682,28.145000457763672,26.95499992370606,29.860000133514404,35.0649995803833,32.38999938964844
2019-06-19,30.100000381469727,30.190000534057617,29.100000381469727,29.3700008392334,2020000,0,0,-0.019365606308222705,0.9368421206333811,27.15250015258789,30.099938219281295,24.205062085894486,28.63500022888184,26.95499992370606,29.519999980926514,35.0649995803833,34.15999984741211
2019-06-20,29.739999771118164,29.979999542236328,29.3700008392334,29.440000534057617,1198000,0,0,0.00238337394702115,0.9390749657361708,27.23700017929077,30.342531207642804,24.131469150938738,28.82499980926514,26.95499992370606,29.460000038146973,35.0649995803833,34.540000915527344
2019-06-21,29.01000022888184,29.670000076293945,28.21999931335449,29.13999938964844,1575300,0,0,-0.010190256079041893,0.9295055513579017,27.385500144958495,30.55680397599918,24.21419631391781,28.95499992370606,26.95499992370606,29.3125,35.0649995803833,35.790000915527344
2019-06-24,29.149999618530277,29.200000762939453,28.549999237060547,28.700000762939453,1032100,0,0,-0.015099472749655951,0.9154705076145191,27.51750020980835,30.67674653036851,24.35825388924819,28.95499992370606,26.95499992370606,29.137499809265137,35.0649995803833,35.0099983215332
2019-06-25,28.790000915527344,28.979999542236328,27.86000061035156,28.200000762939453,1207400,0,0,-0.01742160232433354,0.8995215444912031,27.6080002784729,30.736076985351446,24.479923571594355,29.19999980926514,26.95499992370606,28.84249973297119,35.0649995803833,35.540000915527344
2019-06-26,28.239999771118164,28.57999992370605,27.989999771118164,28.450000762939453,1155400,0,0,0.008865247987104752,0.9074960260528612,27.75150032043457,30.753728894565587,24.749271746303553,29.19999980926514,26.95499992370606,28.725000381469727,35.0649995803833,36.47999954223633
2019-06-27,28.68000030517578,29.479999542236328,28.530000686645508,28.799999237060547,1267400,0,0,0.012302230746405574,0.9186602515668095,27.916500282287597,30.76265761299692,25.070342951578272,29.3100004196167,26.95499992370606,28.77500057220459,35.0649995803833,34.470001220703125
2019-06-28,29.46999931335449,30.0,28.959999084472656,29.57999992370605,2046800,0,0,0.027083357892655036,0.94354065594175,28.13550024032593,30.77636024535241,25.494640235299446,29.3100004196167,26.95499992370606,28.90000057220459,35.0649995803833,35.599998474121094
2019-07-01,30.0,30.479999542236328,28.63999938964844,28.8799991607666,1816500,0,0,-0.02366466412254631,0.9212120832329215,28.345000171661376,30.46830941576578,26.22169092755697,29.170000076293945,26.95499992370606,28.90000057220459,35.0649995803833,35.40999984741211
2019-07-02,28.8799991607666,28.940000534057617,28.149999618530277,28.520000457763672,1615800,0,0,-0.012465329413582027,0.9097288711556509,28.459500217437743,30.34554887505385,26.573451559821635,29.170000076293945,26.95499992370606,27.137500286102295,35.0649995803833,38.09999847412109
2019-07-03,28.5,28.71999931335449,28.040000915527344,28.450000762939453,553700,0,0,-0.0024544072125063376,0.9074960260528613,28.56750020980835,30.166993983180365,26.968006436436337,29.170000076293945,26.95499992370606,27.0600004196167,35.0649995803833,36.06999969482422
2019-07-05,28.309999465942383,30.270000457763672,28.270000457763672,29.350000381469727,2526600,0,0,0.03163443214042583,0.9362041475067366,28.68350019454956,30.149724046112226,27.217276342986892,29.170000076293945,26.95499992370606,27.097500324249268,35.0649995803833,34.2599983215332
2019-07-08,29.25,29.299999237060547,28.670000076293945,29.18000030517578,1258700,0,0,-0.0057921660676119036,0.9307814976111906,28.811000251770018,29.942950629736814,27.679049873803223,29.170000076293945,26.95499992370606,27.030000686645508,35.0649995803833,34.900001525878906
2019-07-09,29.020000457763672,30.940000534057617,28.86000061035156,30.799999237060547,3217300,0,0,0.055517440539485596,0.9824561040600732,28.951000213623047,30.318097243456148,27.583903183789946,29.46500015258789,27.68000030517578,26.197500228881836,34.38499927520752,33.58000183105469
2019-07-10,31.299999237060547,32.18000030517578,31.07999992370605,32.0099983215332,3628100,0,0,0.039285685533936965,1.0210525656150742,29.157500171661376,30.989597282407047,27.325403060915704,30.110000610351562,28.505000114440918,26.197500228881836,34.38499927520752,30.520000457763672
2019-07-11,32.150001525878906,35.0,32.119998931884766,34.869998931884766,6232400,0,0,0.08934710279030633,1.1122806541493901,29.49250011444092,32.542676513556465,26.44232371532537,31.520000457763672,30.265000343322754,26.197500228881836,34.38499927520752,31.700000762939453
2019-07-12,34.790000915527344,34.97999954223633,33.56999969482422,33.81999969482422,2879200,0,0,-0.03011182303479909,1.078787855926613,29.756500053405762,33.30963335236608,26.203366754445447,31.520000457763672,30.265000343322754,25.72499990463257,34.38499927520752,32.2400016784668
2019-07-15,34.0099983215332,34.279998779296875,33.33000183105469,33.869998931884766,2493600,0,0,0.0014783925934866993,1.0803827279027585,30.033500003814698,33.94812220140361,26.118877806225782,31.520000457763672,30.755000114440918,25.672500133514404,34.38499927520752,31.51000022888184
2019-07-16,33.9900016784668,34.58000183105469,33.22999954223633,34.0099983215332,3622100,0,0,0.00413343354187834,1.0848484181083378,30.26949987411499,34.5338174878502,26.005182260379783,31.520000457763672,30.94499969482422,25.702499866485596,34.38499927520752,32.09000015258789
2019-07-17,34.0099983215332,36.52999877929688,33.83000183105469,35.68000030517578,5252500,0,0,0.049103265688349884,1.1381180182142976,30.555999851226808,35.429462538227256,25.68253716422636,32.39999961853027,31.83999919891358,26.0625,34.38499927520752,32.459999084472656
2019-07-18,35.599998474121094,36.33000183105469,34.58000183105469,35.189998626708984,3066700,0,0,-0.013733230781270978,1.122487980813838,30.846999740600587,36.08776436242636,25.60623511877481,32.59999942779541,31.83999919891358,26.107500076293945,34.38499927520752,30.690000534057617
2019-07-19,35.209999084472656,36.0,34.720001220703125,34.790000915527344,1973000,0,0,-0.011366800988677594,1.1097288833237444,31.11449975967407,36.58437028808474,25.644629231263405,32.69499969482422,32.08499908447266,26.107500076293945,34.38499927520752,30.51000022888184
2019-07-22,35.11000061035156,36.4900016784668,34.81999969482422,36.220001220703125,2485100,0,0,0.04110377314010205,1.1553429275909024,31.468499851226806,37.29042098164527,25.64657872080834,33.804999351501465,32.08499908447266,26.697500228881836,34.38499927520752,30.32999992370605
2019-07-23,36.400001525878906,36.959999084472656,34.220001220703125,34.4900016784668,2349500,0,0,-0.04776365223443091,1.1001595297859412,31.757999897003174,37.576250414338745,25.939749379667603,34.53999900817871,32.40999984741211,26.800000190734863,34.38499927520752,30.68000030517578
2019-07-24,33.88999938964844,34.880001068115234,32.68000030517578,33.310001373291016,3013100,0,0,-0.034212822492046824,1.062519967080441,32.013499927520755,37.62736544547845,26.399634409563056,34.81999969482422,32.40999984741211,26.975000381469727,31.925000190734863,30.59000015258789
2019-07-25,33.0,33.880001068115234,32.04999923706055,32.38999938964844,2635300,0,0,-0.027619391945755467,1.033173811659455,32.2104998588562,37.57889842081241,26.8421012969,34.5049991607666,32.40999984741211,27.550000190734863,31.269999504089355,30.07999992370605
2019-07-26,32.5,34.56999969482422,32.25,34.15999984741211,2274800,0,0,0.054646510994666775,1.0896331557177052,32.47849988937378,37.6694461779907,27.28755360075686,34.5049991607666,32.40999984741211,27.79500007629395,31.074999809265137,30.09000015258789
2019-07-29,34.220001220703125,34.849998474121094,33.79999923706055,34.540000915527344,1129400,0,0,0.011124153097559875,1.1017544017620864,32.72649993896484,37.81155857146176,27.64144130646793,34.5049991607666,32.40999984741211,27.8899998664856,31.074999809265137,32.279998779296875
2019-07-30,36.0,37.56999969482422,35.02000045776367,35.790000915527344,5369100,0,0,0.036189923765695964,1.1416268095703763,33.07200002670288,37.9995917992254,28.14440825418036,34.80999946594238,32.71500015258789,27.95499992370606,31.074999809265137,33.84000015258789
2019-07-31,35.900001525878906,36.09000015258789,33.900001525878906,35.0099983215332,2384300,0,0,-0.021793869070725225,1.1167463443549699,33.396499919891355,37.915928230756265,28.877071609026444,34.80999946594238,32.71500015258789,27.95499992370606,30.72499942779541,33.599998474121094
2019-08-01,35.20000076293945,35.59000015258789,34.5,35.540000915527344,2628900,0,0,0.015138606666774912,1.1336523280087185,33.75099992752075,37.73834048843392,29.763659366607584,34.80999946594238,32.77999973297119,28.0774998664856,30.13499927520752,31.850000381469727
2019-08-02,34.97999954223633,36.52000045776367,34.65999984741211,36.47999954223633,2283800,0,0,0.026449032146712792,1.1636363348754168,34.10749988555908,37.709523961776604,30.50547580934155,34.80999946594238,32.80500030517578,28.0774998664856,29.90000057220459,31.09000015258789
2019-08-05,35.220001220703125,35.45000076293945,33.77000045776367,34.470001220703125,3199900,0,0,-0.05509863889132016,1.0995215566592969,34.37199993133545,37.166464206551105,31.577535656119803,34.80999946594238,32.80500030517578,28.132500171661377,29.90000057220459,31.82999992370605
2019-08-06,35.08000183105469,35.70000076293945,34.33000183105469,35.599998474121094,1805400,0,0,0.03278204854658595,1.1355661257077196,34.611999893188475,36.91444043596947,32.30955935040748,34.80999946594238,32.80500030517578,28.132500171661377,29.90000057220459,32.790000915527344
2019-08-07,34.650001525878906,35.470001220703125,34.52000045776367,35.40999984741211,1518400,0,0,-0.005337040304850049,1.1295055635259952,34.78199996948242,36.768004956411815,32.795994982553026,34.90999984741211,32.80500030517578,28.0625,29.90000057220459,32.88999938964844
2019-08-08,35.779998779296875,38.470001220703125,35.779998779296875,38.09999847412109,2928400,0,0,0.07596720243718313,1.215310941324299,34.94349994659424,37.40583744835085,32.48116244483762,36.1200008392334,33.255001068115234,28.0625,26.95499992370606,33.4900016784668
2019-08-09,37.630001068115234,37.66999816894531,35.79999923706055,36.06999969482422,3595100,0,0,-0.05328080998942075,1.150558189981535,35.05599994659424,37.508201266205745,32.60379862698274,36.1200008392334,33.3700008392334,28.0625,26.95499992370606,36.81999969482422
2019-08-12,35.20000076293945,35.38999938964844,33.81999969482422,34.2599983215332,2661700,0,0,-0.05018024365413942,1.0928228996699958,35.07549991607666,37.49530678498947,32.65569304716385,36.1200008392334,33.570000648498535,28.0625,26.95499992370606,36.58000183105469
2019-08-13,33.939998626708984,35.29999923706055,33.5099983215332,34.900001525878906,1821100,0,0,0.018680771619987047,1.113237674679823,35.12000007629395,37.49152710713327,32.748473045454624,35.989999771118164,33.665000915527344,28.0625,26.95499992370606,37.27999877929688
2019-08-14,33.75,34.630001068115234,33.2599983215332,33.58000183105469,2665300,0,0,-0.037822339172260966,1.0711324217687435,35.01500015258789,37.46360435418696,32.56639595098881,35.864999771118164,34.77500057220459,28.572500228881836,27.045000076293945,36.02999877929688
2019-08-15,33.91999816894531,34.4900016784668,30.209999084472656,30.520000457763672,7326100,0,0,-0.09112570596887626,0.9735247236489146,34.781500244140624,37.92064615975397,31.642354328527276,34.34000015258789,34.34000015258789,29.30750036239624,27.664999961853027,35.619998931884766
2019-08-16,31.559999465942383,32.790000915527344,31.1200008392334,31.700000762939453,2419700,0,0,0.038663181109999334,1.0111642863544146,34.62700023651123,38.04425270832927,31.209747764693194,34.34000015258789,34.34000015258789,30.892500400543213,29.074999809265137,34.790000915527344
2019-08-19,32.08000183105469,33.22999954223633,32.08000183105469,32.2400016784668,2178100,0,0,0.01703472878646295,1.0283891957310194,34.42800025939941,37.91460568011617,30.94139483868266,34.34000015258789,34.34000015258789,30.892500400543213,29.074999809265137,35.04999923706055
2019-08-20,32.11000061035156,32.70000076293945,31.46999931335449,31.51000022888184,1513100,0,0,-0.02264272368424003,1.0051036633322241,34.279000186920165,37.99214594901275,30.56585442482758,34.34000015258789,34.34000015258789,31.137500286102295,29.074999809265137,35.63999938964844
2019-08-21,31.8799991607666,32.400001525878906,31.51000022888184,32.09000015258789,1387400,0,0,0.01840685241171247,1.023604458121652,34.21800012588501,38.03262887475382,30.403371377016207,33.939998626708984,34.34000015258789,31.232500076293945,29.074999809265137,34.29999923706055
2019-08-22,32.18000030517578,32.90999984741211,31.799999237060547,32.459999084472656,1569600,0,0,0.011530038333606107,1.0354066567622446,34.22150011062622,38.029464074496126,30.41353614675632,32.79999923706055,34.34000015258789,32.119999408721924,29.83999919891358,34.779998779296875
2019-08-23,32.279998779296875,32.849998474121094,30.63999938964844,30.690000534057617,1445200,0,0,-0.054528607527340456,0.9789473735444605,34.04800014495849,38.15892480351606,29.937075486400925,32.7549991607666,34.34000015258789,32.21999931335449,29.83999919891358,34.150001525878906
2019-08-26,31.200000762939453,31.200000762939453,30.049999237060547,30.51000022888184,1398600,0,0,-0.005865112481051482,0.9732057370855923,33.84650011062622,38.230273244506016,29.46272697674643,32.34000015258789,34.260000228881836,32.38999938964844,29.83999919891358,32.380001068115234
2019-08-27,30.780000686645508,31.0,29.96999931335449,30.32999992370605,1070200,0,0,-0.005899714972974479,0.9674641006267238,33.573500061035155,38.11801403914812,29.028986082922188,32.230000495910645,34.22000026702881,32.94499921798706,29.83999919891358,33.4900016784668
2019-08-28,30.190000534057617,30.700000762939453,29.670000076293945,30.68000030517578,1447300,0,0,0.011539742246954976,0.9786283869811383,33.35700016021728,38.01947178565818,28.69452853477638,31.449999809265137,34.070000648498535,33.47499942779541,30.054999351501465,33.95000076293945
2019-08-29,30.8700008392334,31.34000015258789,30.020000457763672,30.59000015258789,1404300,0,0,-0.0029335121151451427,0.9757575687517042,33.109500122070315,37.8079491081765,28.41105113596413,31.449999809265137,34.070000648498535,33.614999771118164,30.054999351501465,33.88999938964844
2019-08-30,30.770000457763672,31.170000076293945,29.979999542236328,30.07999992370605,1491000,0,0,-0.016672122469365003,0.9594896190650659,32.7895001411438,37.39602612155796,28.182974160729636,31.289999961853027,34.070000648498535,33.457499504089355,30.054999351501465,32.2599983215332
2019-09-03,29.5,30.809999465942383,29.21999931335449,30.09000015258789,1462000,0,0,0.00033245441845752843,0.9598086056283882,32.57050008773804,37.253293344258346,27.887706831217738,31.0649995803833,33.84500026702881,33.457499504089355,30.054999351501465,33.56999969482422
2019-09-04,30.799999237060547,32.75,30.309999465942383,32.279998779296875,1812600,0,0,0.07278160902636732,1.0296650203033764,32.40450010299683,36.87423367854641,27.93476652744725,31.0649995803833,33.84500026702881,33.457499504089355,30.054999351501465,33.90999984741211
2019-09-05,32.65999984741211,34.52000045776367,32.47999954223633,33.84000015258789,2155200,0,0,0.048327181917105166,1.0794258290532575,32.326000118255614,36.632258345903075,28.019741890608152,31.869999885559082,33.84500026702881,33.76249980926514,30.359999656677246,34.58000183105469
2019-09-06,34.130001068115234,34.939998626708984,33.5,33.599998474121094,1724600,0,0,-0.0070922481496632495,1.0717702732144558,32.10100011825561,35.55447731168661,28.647522924824614,32.07999897003174,33.84500026702881,33.76249980926514,30.359999656677246,34.9900016784668
2019-09-09,33.84000015258789,34.0,31.489999771118164,31.850000381469727,1529700,0,0,-0.052083278932266164,1.0159489631233163,31.89000015258789,34.81816120200681,28.961839103168973,32.07999897003174,33.84500026702881,33.79499959945679,30.359999656677246,33.720001220703125
2019-09-10,31.479999542236328,32.209999084472656,30.90999984741211,31.09000015258789,1954400,0,0,-0.02386185933372864,0.9917065318750202,31.731500244140626,34.46394660625859,28.999053882022668,32.07999897003174,33.84500026702881,33.80749988555908,30.359999656677246,33.959999084472656
2019-09-11,31.07999992370605,32.13999938964844,30.940000534057617,31.82999992370605,1300400,0,0,0.023801858072894255,1.0153109899966717,31.578000164031984,33.88951110853057,29.266489219533398,32.07999897003174,33.84500026702881,33.80749988555908,30.359999656677246,34.900001525878906
2019-09-12,32.150001525878906,33.59000015258789,32.099998474121094,32.790000915527344,1506800,0,0,0.030160257433940796,1.0459330308304806,31.538500118255616,33.73472445176097,29.342275784750267,32.07999897003174,33.84500026702881,33.80749988555908,30.359999656677246,34.02000045776367
2019-09-13,32.97999954223633,33.41999816894531,32.310001373291016,32.88999938964844,912000,0,0,0.0030496636574883773,1.049122774782771,31.657000064849854,33.87650162323772,29.437498506461985,32.07999897003174,33.84500026702881,33.857500076293945,30.359999656677246,34.18000030517578
2019-09-16,32.689998626708984,34.68000030517578,32.45000076293945,33.4900016784668,1284400,0,0,0.018242696866914487,1.0682616035393093,31.746500110626222,34.107168849362786,29.385831371889658,32.624999046325684,33.4449987411499,34.687500953674316,30.8100004196167,31.549999237060547
2019-09-17,33.79999923706055,36.93999862670898,33.79999923706055,36.81999969482422,3277800,0,0,0.09943260225330253,1.1744816346665086,31.97550001144409,35.21832166118105,28.73267836170713,33.92499923706055,33.07999897003173,34.7450008392334,30.8100004196167,33.02000045776367
2019-09-18,36.4900016784668,36.810001373291016,35.31999969482422,36.58000183105469,1544800,0,0,-0.006518138668080153,1.1668262005086387,32.229000091552734,36.036745358865396,28.421254824240073,33.92499923706055,33.07999897003173,34.84500074386597,30.8100004196167,33.779998779296875
2019-09-19,36.959999084472656,39.45000076293945,36.91999816894531,37.27999877929688,4687300,0,0,0.019136055582368305,1.1891546515365357,32.48850002288818,36.890895343569156,28.086104702207205,35.18000030517578,34.33500003814697,34.827500343322754,30.8100004196167,36.470001220703125
2019-09-20,37.18999862670898,37.27999877929688,35.650001525878906,36.02999877929688,2209900,0,0,-0.03353004401636883,1.149282243728246,32.6670000076294,37.33475960360366,27.999240411655137,35.18000030517578,34.33500003814697,35.32000017166138,31.445000648498535,35.38999938964844
2019-09-23,35.84000015258789,36.61000061035156,35.43000030517578,35.619998931884766,1081200,0,0,-0.011379402201026623,1.136204098834364,32.91349992752075,37.65851207098043,28.168487784061078,35.195000648498535,34.33500003814697,34.34000015258789,31.65000057220459,35.310001373291016
2019-09-24,35.900001525878906,36.18000030517578,34.0099983215332,34.790000915527344,1666100,0,0,-0.02330146101196151,1.1097288833237442,33.127499961853026,37.804454243517135,28.450545680188917,35.77499961853027,34.33500003814697,34.34000015258789,32.000000953674316,36.52999877929688
2019-09-25,34.79999923706055,35.279998779296875,33.97999954223633,35.04999923706055,1243300,0,0,0.007473363457635385,1.1180222906082584,33.36349992752075,37.92569626117872,28.801303593862777,35.880001068115234,34.33500003814697,34.34000015258789,32.000000953674316,36.790000915527344
2019-09-26,35.0,35.86000061035156,34.619998931884766,35.63999938964844,1016800,0,0,0.016833100297589887,1.1368420719610084,33.611499881744386,38.10112817718442,29.12187158630435,35.95000076293945,34.33500003814697,34.34000015258789,32.49000072479248,37.650001525878906
2019-09-27,35.75,36.0,33.439998626708984,34.29999923706055,2242100,0,0,-0.03759820919012391,1.0940988459232845,33.796999835968016,38.07105854033553,29.522941131600504,36.44499969482422,34.33500003814697,34.13999938964844,32.68000030517578,38.09000015258789
2019-09-30,34.54999923706055,34.97999954223633,33.41999816894531,34.779998779296875,976100,0,0,0.013994156061604146,1.109409835919956,34.03199977874756,37.96216072409647,30.101838833398652,36.43499946594238,34.33500003814697,33.56999969482422,32.8100004196167,35.02000045776367
2019-10-01,34.72999954223633,34.900001525878906,33.540000915527344,34.150001525878906,1388100,0,0,-0.018113780204988994,1.089314229994849,34.23499984741211,37.719313920536045,30.75068577428818,36.43499946594238,34.33500003814697,33.547499656677246,32.8100004196167,34.220001220703125
2019-10-02,33.849998474121094,33.849998474121094,31.780000686645508,32.380001068115234,3649000,0,0,-0.05183017214281427,1.032854885936599,34.23999996185303,37.713227209132384,30.766772714573673,34.52999973297119,34.33500003814697,33.30000019073486,33.05500030517578,33.9900016784668
2019-10-03,32.41999816894531,33.599998474121094,31.709999084472656,33.4900016784668,1187700,0,0,0.03428043773119538,1.0682616035393093,34.222500038146975,37.70724534948664,30.73775472680731,34.15999984741211,34.33500003814697,33.22500038146973,33.05500030517578,35.20000076293945
2019-10-04,33.5,34.0099983215332,32.93000030517578,33.95000076293945,892900,0,0,0.013735415390212502,1.0829346204093362,34.24000015258789,37.715467766014214,30.764532539161568,33.94499969482422,34.33500003814697,32.760000228881836,33.165000915527344,35.25
2019-10-07,34.029998779296875,34.5,33.65999984741211,33.88999938964844,765300,0,0,-0.0017673452707699377,1.0810207010294026,34.34200010299683,37.644521205773074,31.03947900022058,33.85499954223633,34.33500003814697,32.760000228881836,33.165000915527344,35.9900016784668
2019-10-08,33.599998474121094,33.790000915527344,32.13999938964844,32.2599983215332,1805700,0,0,-0.048096816095343775,1.0290270471767318,34.400500011444095,37.50388338456322,31.297116638324976,33.85499954223633,34.33500003814697,32.68000030517578,33.165000915527344,35.9900016784668
2019-10-09,32.56999969482422,33.790000915527344,32.25,33.56999969482422,991100,0,0,0.040607608228441894,1.0708133743649548,34.4875,37.38644398104049,31.588556018959505,33.85499954223633,34.88000011444092,32.454999923706055,33.165000915527344,36.95000076293945
2019-10-10,33.45000076293945,34.59000015258789,33.43000030517578,33.90999984741211,915700,0,0,0.010128095194481324,1.0816586741560468,34.54349994659424,37.34992414666515,31.737075746523324,33.34499931335449,35.18000030517578,32.454999923706055,33.165000915527344,37.900001525878906
2019-10-11,34.349998474121094,35.150001525878906,34.349998474121094,34.58000183105469,718700,0,0,0.01975824201290033,1.103030348015375,34.62800006866455,37.32885427697135,31.927145860357744,33.43000030517578,35.18000030517578,32.857500076293945,33.165000915527344,36.7400016784668
2019-10-14,34.58000183105469,35.119998931884766,34.58000183105469,34.9900016784668,715600,0,0,0.011856559447718462,1.1161084929092568,34.70300006866455,37.35564395125148,32.05035618607762,33.43000030517578,35.18000030517578,32.96249961853027,33.165000915527344,36.130001068115234
2019-10-15,34.189998626708984,34.400001525878906,32.83000183105469,33.720001220703125,2913600,0,0,-0.03629609593717864,1.0755981119743225,34.54800014495849,37.04371459330081,32.052285696616174,33.43000030517578,35.18000030517578,32.96249961853027,33.230000495910645,35.150001525878906
2019-10-16,33.45000076293945,34.349998474121094,32.90999984741211,33.959999084472656,1570200,0,0,0.007117374112732167,1.0832535461321922,34.4170000076294,36.73955344419545,32.094446571063344,33.64500045776367,35.195000648498535,32.96249961853027,33.255001068115234,34.349998474121094
2019-10-17,34.13999938964844,35.65999984741211,34.11000061035156,34.900001525878906,1252500,0,0,0.027679695722843567,1.1132376746798225,34.29800014495849,36.22850794962149,32.3674923402955,33.89999961853027,35.579999923706055,32.96249961853027,33.255001068115234,41.38999938964844
2019-10-18,35.29999923706055,35.869998931884766,33.619998931884766,34.02000045776367,1347300,0,0,-0.025214929216054616,1.0851674655121255,34.197500228881836,35.956793059637434,32.43820739812624,34.0049991607666,35.579999923706055,32.96249961853027,33.255001068115234,41.09000015258789
2019-10-21,34.34000015258789,34.369998931884766,33.369998931884766,34.18000030517578,425300,0,0,0.004703111265702331,1.0902711288443492,34.12550029754639,35.75800735789023,32.49299323720255,34.05999946594238,35.579999923706055,32.96249961853027,33.255001068115234,39.34999847412109
2019-10-22,34.369998931884766,35.060001373291016,31.43000030517578,31.549999237060547,1789700,0,0,-0.07694561277452594,1.0063795487450466,33.96350021362305,35.91563733801446,32.01136308923164,33.64999961853027,35.44000053405762,33.03499889373779,33.255001068115234,40.619998931884766
2019-10-23,31.459999084472656,33.09000015258789,30.93000030517578,33.02000045776367,1889100,0,0,0.04659274980191985,1.0532695392654936,33.8620002746582,35.78826246502118,31.935738084295224,33.39999961853027,35.19000053405762,33.50249910354614,33.3700008392334,40.97999954223633
2019-10-24,33.279998779296875,34.099998474121094,32.630001068115234,33.779998779296875,867500,0,0,0.023016302574111913,1.0775119096733237,33.76900024414063,35.511898155006236,32.02610233327502,33.39999961853027,35.19000053405762,33.50249910354614,33.570000648498535,37.709999084472656
2019-10-25,33.630001068115234,36.540000915527344,33.599998474121094,36.470001220703125,2756400,0,0,0.07963299403832136,1.1633174091525598,33.87750034332275,35.97705590706124,31.777944779584264,33.73500061035156,34.10499954223633,34.75750017166138,34.15500068664551,37.84999847412109
2019-10-28,36.5,36.81999969482422,34.709999084472656,35.38999938964844,1182600,0,0,-0.02961343007692574,1.12886759039935,33.90800037384033,36.076462324902,31.739538422778658,33.875,33.875,34.75750017166138,34.33500003814697,38.29999923706055
2019-10-29,35.400001525878906,35.65999984741211,34.720001220703125,35.310001373291016,855400,0,0,-0.002260469560245948,1.126315819573704,33.966000366210935,36.218600596339634,31.713400136082235,33.875,33.875,34.765000343322754,34.33500003814697,38.31999969482422
2019-10-30,36.18999862670898,36.72999954223633,34.75,36.52999877929688,1254300,0,0,0.03455104385605301,1.1652312068515613,34.17350025177002,36.56530350453771,31.78169699900234,33.875,33.875,35.05499982833862,34.33500003814697,39.09999847412109
2019-10-31,36.880001068115234,36.88999938964844,36.119998931884766,36.790000915527344,1398100,0,0,0.007117496439058568,1.1735247358170073,34.33850021362305,36.96535731151409,31.711643115732006,33.90999984741211,33.90999984741211,35.1075005531311,34.33500003814697,38.72999954223633
2019-11-01,36.900001525878906,38.20000076293945,36.59000015258789,37.650001525878906,2138100,0,0,0.023375933377283387,1.2009569718580597,34.52350025177002,37.514934804173215,31.532065699366818,34.56500053405762,34.56500053405762,35.14250040054321,34.33500003814697,37.90999984741211
2019-11-04,37.97999954223633,38.369998931884766,37.52000045776367,38.09000015258789,1565400,0,0,0.011686550036566379,1.2149920156014422,34.73350028991699,38.089247656356314,31.37775292347766,34.64999961853027,34.64999961853027,35.389999866485596,34.33500003814697,38.70000076293945
2019-11-05,37.79999923706055,37.810001373291016,34.29999923706055,35.02000045776367,3019200,0,0,-0.08059857397022452,1.1170653917587572,34.871500396728514,38.028015637643385,31.71498515581364,35.5,34.64999961853027,35.38499975204468,34.33500003814697,38.68999862670898
2019-11-06,34.529998779296875,34.77000045776367,33.5099983215332,34.220001220703125,2869500,0,0,-0.022844067007520397,1.0915470750976382,34.904000473022464,38.01890772358132,31.789093222463606,35.939998626708984,34.64999961853027,35.38499975204468,34.33500003814697,39.52999877929688
2019-11-07,34.25,34.900001525878906,33.86000061035156,33.9900016784668,1344800,0,0,-0.006721202046514829,1.0842105666626247,34.9080005645752,38.01793940283665,31.79806172631374,35.939998626708984,34.64999961853027,34.43249988555908,34.33500003814697,39.38999938964844
2019-11-08,33.54999923706055,35.439998626708984,33.52000045776367,35.20000076293945,977000,0,0,0.03559867680851592,1.1228070282176255,34.93900051116943,38.04758874890424,31.830412273434625,35.939998626708984,34.64999961853027,34.24749994277954,34.33500003814697,39.02999877929688
2019-11-11,34.97999954223633,35.529998779296875,34.630001068115234,35.25,944900,0,0,0.0014204328402511734,1.1244019001937706,34.95200042724609,38.0635382182892,31.84046263620298,35.939998626708984,34.64999961853027,34.139999866485596,34.33500003814697,39.09000015258789
2019-11-12,35.34000015258789,36.22999954223633,35.099998474121094,35.9900016784668,1344900,0,0,0.020992955417497683,1.148006419155888,35.06550045013428,38.15427610032344,31.976724799945117,35.939998626708984,34.64999961853027,34.09499979019165,34.33500003814697,39.09000015258789
2019-11-13,35.75,36.310001373291016,35.619998931884766,35.9900016784668,1438700,0,0,0.0,1.148006419155888,35.16700057983398,38.23694913820017,32.097052021467796,35.939998626708984,34.64999961853027,34.09499979019165,34.33500003814697,38.0099983215332
2019-11-14,35.7599983215332,37.09999847412109,35.52000045776367,36.95000076293945,1088300,0,0,0.026674049449879167,1.178628399149231,35.26950054168701,38.43343224132267,32.10556884205135,35.939998626708984,34.64999961853027,34.36749982833862,34.33500003814697,38.130001068115234
2019-11-15,37.16999816894531,38.11000061035156,36.63999938964844,37.900001525878906,1628100,0,0,0.025710439602813162,1.2089314534197177,35.463500595092775,38.771318678525844,32.155682511659705,35.80999946594238,34.64999961853027,34.26249980926514,34.33500003814697,38.56999969482422
2019-11-18,37.970001220703125,38.11000061035156,36.68999862670898,36.7400016784668,1961900,0,0,-0.030606854899993485,1.1719298638408622,35.59150066375732,38.888739528118414,32.29426179939623,35.80999946594238,34.64999961853027,34.30500030517578,34.33500003814697,38.81999969482422
2019-11-19,37.16999816894531,37.45000076293945,35.93000030517578,36.130001068115234,1903100,0,0,-0.01660317317593052,1.1524721093614676,35.82050075531006,38.5437058532014,33.09729565741871,35.81500053405762,34.64999961853027,34.30500030517578,34.33500003814697,39.06999969482422
2019-11-20,35.900001525878906,36.290000915527344,33.93000030517578,35.150001525878906,2452200,0,0,-0.02712425998517831,1.1212121562414803,35.92700080871582,38.35087094954599,33.50313066788564,35.81500053405762,34.64999961853027,34.30500030517578,34.33500003814697,38.36000061035156
2019-11-21,35.20000076293945,36.040000915527344,33.56999969482422,34.349998474121094,4898300,0,0,-0.022759687539951168,1.0956937178994293,35.955500793457034,38.28845558726783,33.622545999646235,35.84000015258789,34.64999961853027,34.4200005531311,34.33500003814697,39.88999938964844
2019-11-22,36.4900016784668,41.56999969482422,36.2400016784668,41.38999938964844,11170200,0,0,0.20494908961440572,1.3202551478791407,36.201500701904294,39.535546441669865,32.86745496213872,37.56999969482422,36.25,34.739999771118164,34.33500003814697,42.790000915527344
2019-11-25,41.060001373291016,41.880001068115234,39.810001373291016,41.09000015258789,5213500,0,0,-0.007248109240986733,1.3106857943413375,36.48650074005127,40.42173434816245,32.55126713194009,37.72500038146973,36.40500068664551,34.79249954223633,34.33500003814697,42.209999084472656
2019-11-26,41.290000915527344,41.290000915527344,39.25,39.34999847412109,2627700,0,0,-0.042346110294604555,1.2551833491325879,36.688500595092776,40.77495100995196,32.60205018023359,37.72500038146973,36.40500068664551,34.81999969482422,34.33500003814697,41.02000045776367
2019-11-27,39.7599983215332,41.09000015258789,39.650001525878906,40.619998931884766,2355500,0,0,0.03227447285922791,1.2956937300675224,36.89300060272217,41.32583975495771,32.46016145048662,37.72500038146973,36.40500068664551,34.545000076293945,34.33500003814697,40.70000076293945
2019-11-29,40.70000076293945,41.59999847412109,40.5099983215332,40.97999954223633,1387900,0,0,0.00886264450561014,1.307177002985259,37.10250053405762,41.88242931929967,32.32257174881557,37.72500038146973,37.255001068115234,34.295000076293945,34.33500003814697,41.869998931884766
2019-12-02,40.70000076293945,40.91999816894531,37.150001525878906,37.709999084472656,3725900,0,0,-0.07979503402369303,1.202870769557061,37.10550041198731,41.88689079091229,32.324110033062325,37.72500038146973,37.69499969482422,34.295000076293945,34.33500003814697,41.880001068115234
2019-12-03,35.95000076293945,38.27999877929688,35.029998779296875,37.84999847412109,2094500,0,0,0.0037125269967475116,1.2073364597626401,37.09350032806397,41.86604793051946,32.32095272560848,37.72500038146973,37.69499969482422,33.920000076293945,34.33500003814697,42.7599983215332
2019-12-04,38.290000915527344,39.0,37.900001525878906,38.29999923706055,1409900,0,0,0.011889056303321599,1.221690550909811,37.25750026702881,41.95786942016545,32.55713111389217,37.72500038146973,37.69499969482422,33.875,34.33500003814697,41.68000030517578
2019-12-05,38.369998931884766,38.5,36.810001373291016,38.31999969482422,2280400,0,0,0.0005222051739446343,1.2223285240364554,37.462500190734865,41.96653190820874,32.95846847326099,38.454999923706055,37.69499969482422,33.875,34.33500003814697,41.310001373291016
2019-12-06,38.630001068115234,39.18000030517578,38.060001373291016,39.09999847412109,1763800,0,0,0.020354874360873687,1.2472088675709296,37.71800003051758,41.975513746451504,33.460486314583655,38.454999923706055,37.69499969482422,33.875,34.33500003814697,41.040000915527344
2019-12-09,39.09000015258789,40.06999969482422,38.63999938964844,38.72999954223633,1629900,0,0,-0.009462888652787216,1.2354066689303371,37.894499969482425,42.008570325905545,33.780429613059304,38.314998626708984,37.69499969482422,33.90999984741211,34.33500003814697,41.08000183105469
2019-12-10,38.52999877929688,38.709999084472656,37.61000061035156,37.90999984741211,1281500,0,0,-0.021172210289596927,1.2092503791425735,38.027499961853025,41.956889869927274,34.098110053778775,38.314998626708984,37.69499969482422,34.56500053405762,34.33500003814697,42.040000915527344
2019-12-11,38.18000030517578,38.84999847412109,37.68999862670898,38.70000076293945,914500,0,0,0.02083885303896338,1.2344497700808363,38.16299991607666,41.986340412917635,34.33965941923568,38.314998626708984,37.69499969482422,34.64999961853027,34.33500003814697,42.25
2019-12-12,38.5099983215332,39.52999877929688,38.22999954223633,38.68999862670898,1693600,0,0,-0.0002584531274751889,1.234130722677048,38.29799976348877,41.99200375281293,34.60399577416461,37.974998474121094,37.69499969482422,35.07499980926514,34.33500003814697,44.63999938964844
2019-12-13,38.52999877929688,39.709999084472656,38.47999954223633,39.52999877929688,1184300,0,0,0.021711041158011923,1.2609249855914564,38.42699966430664,42.10366413972284,34.750335188890446,37.54999923706055,37.70000076293945,35.29499912261963,34.33500003814697,45.02999877929688
2019-12-16,39.84000015258789,40.09000015258789,39.15999984741211,39.38999938964844,1578400,0,0,-0.0035415986332325566,1.2564592953858769,38.501499557495116,42.19294484979731,34.810054265192925,38.45000076293945,37.70000076293945,35.29499912261963,34.33500003814697,43.150001525878906
2019-12-17,39.5,39.650001525878906,38.33000183105469,39.02999877929688,973100,0,0,-0.00913939111271378,1.2449760224681405,38.615999412536624,42.22194708293085,35.010051742142394,38.45000076293945,37.72500038146973,35.29499912261963,34.33500003814697,41.15999984741211
2019-12-18,39.22999954223633,39.54999923706055,38.7599983215332,39.09000015258789,636800,0,0,0.0015373142497465686,1.2468899418480737,38.76399936676025,42.1860078184807,35.34199091503981,38.85000038146973,37.72500038146973,35.29499912261963,34.33500003814697,43.5099983215332
2019-12-19,39.29999923706055,39.36000061035156,38.400001525878906,39.09000015258789,993400,0,0,0.0,1.2468899418480737,38.9609992980957,41.9499626247057,35.9720359714857,38.85000038146973,37.72500038146973,35.29499912261963,34.33500003814697,43.43999862670898
2019-12-20,39.220001220703125,39.34000015258789,37.86000061035156,38.0099983215332,2159000,0,0,-0.027628596235326097,1.212440123094864,39.14399929046631,41.30791315473417,36.98008542619845,38.85000038146973,37.72500038146973,35.29499912261963,34.33500003814697,44.29999923706055
2019-12-23,38.0099983215332,38.15999984741211,37.5099983215332,38.130001068115234,1574400,0,0,0.0031571363294180532,1.216267961854731,38.98099937438965,40.92085128475379,37.04114746402551,38.79999923706055,37.72500038146973,35.29499912261963,34.88000011444092,43.43999862670898
2019-12-24,38.13999938964844,38.84999847412109,38.130001068115234,38.56999969482422,335200,0,0,0.011539433894139473,1.2303030055981135,38.85499935150146,40.538348638455446,37.17165006454748,38.79999923706055,37.72500038146973,35.22999954223633,35.18000030517578,45.29999923706055
2019-12-26,38.810001373291016,38.93999862670898,38.380001068115234,38.81999969482422,658600,0,0,0.006481721596527379,1.2382774871597713,38.82849941253662,40.49629180396049,37.160707021112756,38.79999923706055,37.72500038146973,35.22999954223633,35.18000030517578,43.13999938964844
2019-12-27,38.869998931884766,39.290000915527344,38.650001525878906,39.06999969482422,740300,0,0,0.006439979442692589,1.2462519687214293,38.750999450683594,40.20706074405291,37.29493815731428,38.79999923706055,37.72500038146973,35.232500076293945,35.18000030517578,42.27999877929688
2019-12-30,39.209999084472656,39.27000045776367,37.90999984741211,38.36000061035156,916200,0,0,-0.018172487586855857,1.2236044702897444,38.61999950408936,39.657816090822436,37.58218291735628,38.579999923706055,37.72500038146973,35.232500076293945,35.18000030517578,41.59000015258789
2019-12-31,38.11000061035156,39.90999984741211,38.02999877929688,39.88999938964844,915100,0,0,0.03988526472765486,1.2724082585091927,38.72899951934814,39.81881467673605,37.63918436196024,38.709999084472656,38.454999923706055,35.24499988555908,35.19000053405762,40.77999877929688
2020-01-02,40.7400016784668,43.0099983215332,40.59999847412109,42.790000915527344,4027500,0,0,0.07269996415771973,1.3649122932967976,38.975999641418454,41.00558672126437,36.94641256157254,40.2599983215332,39.01999855041504,36.90999984741211,36.25,40.04999923706055
2020-01-03,41.880001068115234,42.54999923706055,41.25,42.209999084472656,1453800,0,0,-0.013554611326129229,1.3464114376669039,39.17149963378906,41.618318564017954,36.72468070356017,40.2599983215332,39.01999855041504,37.06500053405762,36.40500068664551,40.18999862670898
2020-01-06,41.720001220703125,41.75,40.34999847412109,41.02000045776367,1788100,0,0,-0.028192339552708834,1.3084529492385477,39.30649967193604,41.84766067700086,36.765338666871216,40.2599983215332,39.01999855041504,37.06500053405762,36.40500068664551,40.790000915527344
2020-01-07,40.810001373291016,41.459999084472656,40.459999084472656,40.70000076293945,1076500,0,0,-0.0078010651207501835,1.2982456225741001,39.38649978637695,41.99717358640779,36.77582598634611,40.459999084472656,39.01999855041504,37.06500053405762,36.40500068664551,42.0099983215332
2020-01-08,40.790000915527344,41.959999084472656,40.09999847412109,41.869998931884766,1591500,0,0,0.028746883218996988,1.335566137875812,39.54349975585937,42.3498956595166,36.73710385220215,40.459999084472656,39.01999855041504,37.49000072479248,36.40500068664551,41.81999969482422
2020-01-09,42.33000183105469,43.31999969482422,41.54999923706055,41.880001068115234,2238200,0,0,0.000238885514344922,1.3358851852796,39.741999816894534,42.619640758816566,36.8643588749725,40.614999771118164,39.17499923706055,37.71000003814697,36.40500068664551,41.81999969482422
2020-01-10,42.08000183105469,43.0,40.54999923706055,42.7599983215332,2103000,0,0,0.02101235030979831,1.3639552727663649,39.94499969482422,43.065296608305886,36.82470278134255,40.614999771118164,40.06500053405762,37.71000003814697,36.40500068664551,44.310001373291016
2020-01-13,43.20000076293945,43.56999969482422,41.0099983215332,41.68000030517578,1794600,0,0,-0.025257204367418185,1.3295055756940872,40.09449977874756,43.246650669792686,36.94234888770244,40.79999923706055,40.19000053405762,37.71000003814697,36.40500068664551,43.72999954223633
2020-01-14,41.7599983215332,42.209999084472656,41.209999084472656,41.310001373291016,1729700,0,0,-0.008877133617458677,1.3177033770534945,40.18349990844727,43.36757245222858,36.999427364665955,41.834999084472656,40.53999900817871,38.07499980926514,36.40500068664551,43.47999954223633
2020-01-15,41.36000061035156,41.54999923706055,40.400001525878906,41.040000915527344,1570400,0,0,-0.006535958576322942,1.309090922365192,40.265999984741214,43.449050824607646,37.08294914487478,41.834999084472656,40.53999900817871,38.07499980926514,36.40500068664551,41.77999877929688
2020-01-16,41.43999862670898,42.41999816894531,41.02000045776367,41.08000183105469,1092300,0,0,0.0009746811558235535,1.310366868618481,40.3685001373291,43.517216280630294,37.21978399402791,41.834999084472656,40.53999900817871,38.0049991607666,36.40500068664551,41.0
2020-01-17,41.09000015258789,42.47999954223633,40.83000183105469,42.040000915527344,1080600,0,0,0.023369012699189673,1.3409888486118238,40.51600017547607,43.68788360824065,37.3441167427115,41.834999084472656,40.53999900817871,38.0049991607666,36.40500068664551,41.56999969482422
2020-01-21,42.0,42.9900016784668,41.650001525878906,42.25,1618000,0,0,0.004995220739757222,1.3476873839201926,40.67400016784668,43.86095517146389,37.487045164229464,41.834999084472656,40.53999900817871,38.0049991607666,36.40500068664551,41.84999847412109
2020-01-22,42.81999969482422,45.040000915527344,42.61000061035156,44.63999938964844,3889800,0,0,0.05656803289108736,1.4239234081806935,41.00550022125244,44.3904152566994,37.62058518580548,42.720001220703125,41.27499961853027,37.834999084472656,36.40500068664551,39.88999938964844
2020-01-23,44.880001068115234,45.27000045776367,44.02999877929688,45.02999877929688,1547200,0,0,0.00873654558648762,1.436363579947931,41.35050010681152,44.89723312168217,37.80376709194088,42.83500099182129,41.38999938964844,37.625,36.40500068664551,43.86000061035156
2020-01-24,45.0,45.47999954223633,42.91999816894531,43.150001525878906,1616900,0,0,-0.04174988461874729,1.3763955662145342,41.57950019836426,44.9645883587152,38.19441203801332,42.94000053405762,41.494998931884766,38.07500076293945,36.40500068664551,44.290000915527344
2020-01-27,41.459999084472656,42.02999877929688,39.90999984741211,41.15999984741211,2010000,0,0,-0.046118229619836915,1.3129186394441268,41.69650020599365,44.84283247094204,38.55016794104526,42.69499969482422,41.494998931884766,38.08750057220459,36.40500068664551,44.34999847412109
2020-01-28,41.369998931884766,43.77000045776367,41.25,43.5099983215332,1398100,0,0,0.05709422941771103,1.3878787174513387,41.918500137329104,44.91353993881829,38.92346033583992,42.69499969482422,41.494998931884766,38.28750038146973,36.40500068664551,41.709999084472656
2020-01-29,43.68000030517578,44.0,42.84999847412109,43.43999862670898,1307400,0,0,-0.001608818605483231,1.3856458723485487,42.17250003814697,44.744877471515295,39.60012260477865,42.69499969482422,41.494998931884766,38.28750038146973,36.40500068664551,40.0
2020-01-30,42.95000076293945,44.31999969482422,42.90999984741211,44.29999923706055,2304700,0,0,0.019797436407440472,1.4130781083896016,42.39300003051758,44.89945324485549,39.88654681617966,42.69499969482422,41.494998931884766,38.28750038146973,36.40500068664551,36.02999877929688
2020-01-31,44.09999847412109,44.20000076293945,43.0099983215332,43.43999862670898,1717900,0,0,-0.019413106662812485,1.385645872348549,42.42549991607666,44.9686890157475,39.88231081640582,42.69499969482422,41.69499969482422,38.26249980926514,36.40500068664551,40.310001373291016
2020-02-03,43.52000045776367,45.720001220703125,43.52000045776367,45.29999923706055,1903500,0,0,0.04281769496207932,1.4449760346362335,42.579999923706055,45.414172652077546,39.74582719533456,42.81500053405762,41.81500053405762,38.26249980926514,36.40500068664551,36.34000015258789
2020-02-04,44.54999923706055,44.9900016784668,42.84000015258789,43.13999938964844,4361300,0,0,-0.047682116639970795,1.3760765188107462,42.68599987030029,45.435264792648326,39.93673494795226,42.81500053405762,41.81500053405762,38.26249980926514,36.40500068664551,30.21999931335449
2020-02-05,44.06999969482422,44.38999938964844,41.93999862670898,42.27999877929688,2112600,0,0,-0.01993510946961008,1.348644282769694,42.76499977111816,45.366744276877384,40.16325526535894,42.81500053405762,41.81500053405762,38.26249980926514,36.40500068664551,32.5
2020-02-06,42.61000061035156,42.68999862670898,41.04999923706055,41.59000015258789,2371900,0,0,-0.016319740932605242,1.3266347574646535,42.75099983215332,45.37501782587617,40.12698183843047,42.81500053405762,41.875,38.15250015258789,36.40500068664551,26.31999969482422
2020-02-07,41.25,41.65999984741211,40.369998931884766,40.77999877929688,1469800,0,0,-0.019475868485675063,1.3007973933997465,42.695999717712404,45.4355843439709,39.956415091453906,43.045000076293945,42.81500053405762,38.582499504089355,36.40500068664551,25.15999984741211
2020-02-10,41.619998931884766,41.619998931884766,39.27000045776367,40.04999923706055,2288600,0,0,-0.01790092113997166,1.277511921841417,42.56049976348877,45.53469608659682,39.586303440380725,42.4950008392334,42.4950008392334,39.63999843597412,36.96999931335449,21.739999771118164
2020-02-11,40.34999847412109,40.90999984741211,39.36000061035156,40.18999862670898,1982500,0,0,0.0034956152887732905,1.2819776120469961,42.48599967956543,45.61694278771902,39.35505657141184,42.4950008392334,42.4950008392334,39.63999843597412,36.96999931335449,23.6200008392334
2020-02-12,40.52000045776367,40.810001373291016,39.540000915527344,40.790000915527344,1913800,0,0,0.014929144297597174,1.3011164408035347,42.45999965667725,45.63836856940135,39.281630743953144,42.4950008392334,42.4950008392334,39.63999843597412,36.96999931335449,22.030000686645508
2020-02-13,40.5,42.369998931884766,40.45000076293945,42.0099983215332,2146300,0,0,0.02990922722782896,1.3400318280813917,42.50849952697754,45.62711564185148,39.38988341210359,42.4950008392334,42.4950008392334,39.73999881744385,36.96999931335449,19.88999938964844
2020-02-14,42.380001068115234,42.52999877929688,41.060001373291016,41.81999969482422,1436200,0,0,-0.0045227001737725425,1.3339712658996672,42.54549942016602,45.61200979103881,39.478989049293226,42.130001068115234,42.4950008392334,39.73999881744385,37.81999969482422,23.739999771118164
2020-02-18,41.54999923706055,42.16999816894531,41.41999816894531,41.81999969482422,1593200,0,0,0.0,1.3339712658996672,42.53449935913086,45.6098454744601,39.45915324380162,41.829999923706055,42.4950008392334,39.894999504089355,38.41499900817871,25.530000686645508
2020-02-19,42.060001373291016,44.70000076293945,42.060001373291016,44.310001373291016,3035700,0,0,0.0595409300965386,1.4133971557933904,42.63749942779541,45.805443794420825,39.46955506117,41.98500061035156,42.4950008392334,40.34000015258789,38.41499900817871,27.96999931335449
2020-02-20,44.08000183105469,44.08000183105469,41.65999984741211,43.72999954223633,1642100,0,0,-0.013089636946034933,1.3948963001634966,42.5919994354248,45.667392645401996,39.51660622544761,41.98500061035156,42.4950008392334,40.49499988555908,38.53999900817871,24.440000534057617
2020-02-21,43.41999816894531,43.9900016784668,42.2599983215332,43.47999954223633,1426600,0,0,-0.005716899213743187,1.3869218186018386,42.514499473571775,45.411292303735635,39.617706643407914,41.98500061035156,42.4950008392334,41.187499046325684,38.53999900817871,23.5
2020-02-24,40.540000915527344,42.4900016784668,40.29999923706055,41.77999877929688,2223400,0,0,-0.03909845402109702,1.3326953196463784,42.44599933624268,45.34424997943573,39.54774869304963,42.03000068664551,42.4950008392334,41.187499046325684,38.53999900817871,21.770000457763672
2020-02-25,42.18000030517578,43.130001068115234,40.15999984741211,41.0,2812600,0,0,-0.018669191050416978,1.3078149761119038,42.43799934387207,45.351412965240854,39.52458572250329,42.1200008392334,42.4950008392334,41.187499046325684,38.53999900817871,19.530000686645508
2020-02-26,40.56999969482422,42.18999862670898,40.5,41.56999969482422,2707900,0,0,0.013902431581078512,1.3259967843380094,42.34099941253662,45.23407956728075,39.447919257792485,42.43000030517578,42.4950008392334,41.187499046325684,38.53999900817871,19.8799991607666
2020-02-27,41.02999877929688,43.959999084472656,40.209999084472656,41.84999847412109,3943700,0,0,0.006735597338282551,1.3349281647491678,42.26149940490723,45.11612634095369,39.40687246886076,42.43000030517578,42.4950008392334,41.187499046325684,38.53999900817871,17.81999969482422
2020-02-28,40.68999862670898,42.33000183105469,38.75,39.88999938964844,3992300,0,0,-0.04683391053609376,1.2724082585091934,42.04099941253662,44.91314257805479,39.168856247018454,41.72500038146973,42.23500061035156,41.9975004196167,39.27499961853027,22.239999771118164
2020-03-02,40.459999084472656,43.90999984741211,39.84999847412109,43.86000061035156,4325600,0,0,0.09952372227243877,1.3990430646462197,42.06199951171875,44.981022561630645,39.14297646180686,41.72500038146973,42.23500061035156,42.11250019073486,39.39500045776367,23.63999938964844
2020-03-03,43.400001525878906,46.68999862670898,42.150001525878906,44.290000915527344,5186700,0,0,0.009803928390148986,1.4127591826667458,42.01149959564209,44.73072103029956,39.29227816098462,42.71999931335449,42.71999931335449,42.21749973297119,39.5,25.479999542236328
2020-03-04,43.75,44.880001068115234,42.27000045776367,44.34999847412109,3990200,0,0,0.0013546524577447983,1.414672980365747,42.07199954986572,44.94037225603462,39.203626843696824,42.71999931335449,42.71999931335449,42.09499931335449,39.52499961853027,25.13999938964844
2020-03-05,43.81999969482422,44.02999877929688,41.060001373291016,41.709999084472656,2833600,0,0,-0.05952648208520028,1.3304624745435885,42.04349956512451,44.914392412646265,39.17260671760276,42.71999931335449,42.71999931335449,42.09499931335449,39.52499961853027,23.01000022888184
2020-03-06,40.27999877929688,40.38999938964844,38.52000045776367,40.0,3580200,0,0,-0.04099734169280378,1.2759170498652717,41.963999557495114,44.9671989246874,38.96080019030283,42.60499954223633,42.60499954223633,42.09499931335449,39.52499961853027,24.6299991607666
2020-03-09,35.70000076293945,37.09000015258789,34.13999938964844,36.02999877929688,5223900,0,0,-0.09925003051757797,1.1492822437282455,41.72649955749512,45.6796299795616,37.77336913542864,40.41499900817871,40.41499900817871,42.09499931335449,39.52499961853027,23.940000534057617
2020-03-10,37.709999084472656,40.41999816894531,36.869998931884766,40.310001373291016,3123000,0,0,0.11878997332782193,1.285805450806863,41.73949966430664,45.67192369204588,37.807075636567404,40.41499900817871,40.41499900817871,42.19499969482422,39.52499961853027,22.940000534057617
2020-03-11,38.720001220703125,39.2400016784668,35.20000076293945,36.34000015258789,3088300,0,0,-0.09848675478670676,1.1591706446698367,41.54699974060058,46.09929760820425,36.99470187299691,40.41499900817871,40.41499900817871,42.31500053405762,39.64500045776367,24.100000381469727
2020-03-12,31.959999084472656,32.709999084472656,30.149999618530277,30.21999931335449,5109300,0,0,-0.1684094885397951,0.9639553092706449,41.01849966049194,47.75787431584249,34.27912500514139,38.41999912261963,38.41999912261963,42.31500053405762,39.64500045776367,22.43000030517578
2020-03-13,32.709999084472656,33.97999954223633,29.0,32.5,5085900,0,0,0.07544674845965194,1.0366826030155332,40.54299974441528,48.222709961994966,32.8632895268356,37.84499931335449,37.84499931335449,42.31500053405762,39.64500045776367,21.209999084472656
2020-03-16,28.0,29.8799991607666,26.25,26.31999969482422,3474800,0,0,-0.1901538555438702,0.8395534090768741,39.767999744415285,49.623003277752645,29.912996211077925,35.56500053405762,36.46999931335449,42.34500026702881,39.64500045776367,23.0
2020-03-17,27.01000022888184,27.450000762939453,23.559999465942383,25.15999984741211,5085200,0,0,-0.04407294304187326,0.8025518194980186,38.934999752044675,50.623016935391966,27.246982568697383,33.79499912261963,35.124999046325684,42.93000030517578,40.375,23.18000030517578
2020-03-18,22.899999618530277,23.5,18.559999465942383,21.739999771118164,4961200,0,0,-0.13593005155147952,0.6934609093009192,37.80649967193604,51.422648465053186,24.190350878818894,29.489998817443848,32.624999046325684,42.4950008392334,40.375,22.07999992370605
2020-03-19,20.920000076293945,25.3700008392334,19.07999992370605,23.6200008392334,5508000,0,0,0.08647659098013594,0.753429044715248,36.80099973678589,51.46076498438538,22.141234489186402,29.489998817443848,32.624999046325684,42.4950008392334,40.375,23.75
2020-03-20,24.229999542236328,26.38999938964844,21.86000061035156,22.030000686645508,3484900,0,0,-0.06731583810729003,0.7027113371158662,35.728499794006346,51.392216873253595,20.064782714759097,29.489998817443848,32.624999046325684,42.4950008392334,40.375,25.270000457763672
2020-03-23,22.100000381469727,22.11000061035156,19.200000762939453,19.88999938964844,5280200,0,0,-0.09714031912374499,0.6344497335765574,34.633999824523926,51.481088996299206,17.78691065274864,28.90000057220459,32.624999046325684,42.4950008392334,40.375,28.040000915527344
2020-03-24,22.270000457763672,23.86000061035156,21.780000686645508,23.739999771118164,3863500,0,0,0.19356463044807426,0.7572567617941829,33.77099981307983,50.99349947987578,16.54850014628388,26.269999504089355,32.624999046325684,42.312500953674316,40.375,26.3799991607666
2020-03-25,24.32999992370605,26.989999771118164,24.0,25.530000686645508,5415100,0,0,0.07540020778370193,0.8143540789790775,32.9689998626709,50.157570764854924,15.780428960486873,26.269999504089355,32.624999046325684,42.16250038146973,40.375,25.399999618530277
2020-03-26,26.450000762939453,28.21999931335449,25.799999237060547,27.96999931335449,4623800,0,0,0.09557377834248637,0.8921849752157235,32.274999904632566,49.085857581554805,15.46414222771033,24.219999313354492,32.624999046325684,42.24000072479248,41.26500129699707,26.399999618530277
2020-03-27,26.18000030517578,26.299999237060547,24.030000686645508,24.440000534057617,3164600,0,0,-0.12620660943711381,0.7795853345030116,31.502499961853026,48.26194569140441,14.743054232301649,23.389999389648438,32.624999046325684,42.24000072479248,41.26500129699707,26.739999771118164
2020-03-30,24.520000457763672,25.399999618530277,23.32999992370605,23.5,2516700,0,0,-0.038461559472869444,0.7496012667958472,30.48449993133545,46.570538774046035,14.398461088624863,23.389999389648438,32.624999046325684,42.24000072479248,41.614999771118164,27.059999465942383
2020-03-31,23.229999542236328,23.899999618530277,21.520000457763672,21.770000457763672,3961300,0,0,-0.07361700179729058,0.694417868990886,29.358499908447264,44.539169485229976,14.17783033166455,23.64999961853027,32.624999046325684,42.26250076293945,41.614999771118164,26.989999771118164
2020-04-01,20.90999984741211,21.200000762939453,19.13999938964844,19.530000686645508,4177400,0,0,-0.10289387799802874,0.6229665214992867,28.117500019073486,42.19994542551405,14.035054612632921,23.679999351501465,32.624999046325684,42.3075008392334,41.614999771118164,28.100000381469727
2020-04-02,19.489999771118164,20.59000015258789,19.38999938964844,19.8799991607666,3197600,0,0,0.01792106819332684,0.634130747013235,27.026000022888184,40.05910170222879,13.99289834354758,23.679999351501465,32.624999046325684,42.46250057220459,41.614999771118164,27.1299991607666
2020-04-03,19.8799991607666,20.280000686645508,17.719999313354492,17.81999969482422,4898300,0,0,-0.10362170789261471,0.568421035980504,25.917000007629394,38.082135812366644,13.751864202892147,22.969999313354492,32.20499897003174,42.46250057220459,41.614999771118164,23.799999237060547
2020-04-06,19.40999984741211,22.479999542236328,19.290000915527344,22.239999771118164,4637400,0,0,0.248035923231678,0.7094098724242351,25.22750005722046,36.54665491536837,13.908345199072548,22.969999313354492,32.20499897003174,41.980000495910645,41.614999771118164,21.149999618530277
2020-04-07,23.989999771118164,25.479999542236328,23.1299991607666,23.63999938964844,4412400,0,0,0.06294962378319702,0.7540669570014266,24.39399995803833,33.328711497959816,15.45928841811684,22.969999313354492,32.20499897003174,41.980000495910645,41.614999771118164,22.100000381469727
2020-04-08,23.8700008392334,25.6299991607666,23.8700008392334,25.479999542236328,2611300,0,0,0.07783418782123963,0.8127591461624663,23.850999927520753,30.923579865705587,16.77841998933592,22.00999927520752,31.300000190734863,42.71999931335449,42.099998474121094,21.8799991607666
2020-04-09,26.950000762939453,27.280000686645508,25.0,25.13999938964844,2920900,0,0,-0.01334380528634993,0.8019138463713743,23.59699993133545,30.069618787954177,17.124381074716723,22.5,30.874999046325687,42.71999931335449,42.099998474121094,24.399999618530277
2020-04-13,25.09000015258789,25.09000015258789,22.5,23.01000022888184,4340300,0,0,-0.08472550566742032,0.7339712902358536,23.12249994277954,28.12527673720325,18.11972314835583,22.5,29.069998741149902,42.71999931335449,42.099998474121094,24.26000022888184
2020-04-14,24.520000457763672,25.649999618530277,23.76000022888184,24.6299991607666,3230000,0,0,0.07040412497916271,0.785645896684736,23.03799991607666,27.874445131537136,18.201554700616185,22.5,29.069998741149902,42.60499954223633,42.099998474121094,24.40999984741211
2020-04-15,23.559999465942383,24.25,23.559999465942383,23.940000534057617,2292700,0,0,-0.02801456151927484,0.7636363713796955,22.976999950408935,27.734123251450427,18.219876649367443,22.5,29.069998741149902,40.41499900817871,40.41499900817871,24.700000762939453
2020-04-16,24.15999984741211,24.280000686645508,22.6299991607666,22.940000534057617,3027800,0,0,-0.04177109347083663,0.7317384451330637,23.03699998855591,27.75998178768561,18.314018189426207,22.5,28.480000495910645,40.41499900817871,40.41499900817871,24.459999084472656
2020-04-17,24.25,25.09000015258789,23.700000762939453,24.100000381469727,3741700,0,0,0.05056668789915375,0.7687400347119194,23.060999965667726,27.80061742748157,18.321382503853883,23.285000801086426,25.84999942779541,40.41499900817871,40.41499900817871,26.700000762939453
2020-04-20,23.15999984741211,23.600000381469727,22.059999465942383,22.43000030517578,4868500,0,0,-0.06929460787801456,0.7154704954464257,23.08099994659424,27.806245000925003,18.355754892263477,24.670000076293945,25.84999942779541,38.41999912261963,38.41999912261963,34.0099983215332
2020-04-21,21.809999465942383,22.290000915527344,20.8799991607666,21.209999084472656,4463600,0,0,-0.05439149371841989,0.6765549864876367,23.14699993133545,27.725135829868822,18.56886403280208,24.079999923706055,23.799999237060547,37.84499931335449,37.84499931335449,31.3799991607666
2020-04-22,21.8700008392334,23.200000762939453,21.270000457763672,23.0,4430400,0,0,0.08439420050884205,0.7336523036725312,23.10999994277954,27.680236455425053,18.53976343013403,24.079999923706055,22.969999313354492,36.017499923706055,36.46999931335449,31.68000030517578
2020-04-23,23.11000061035156,24.450000762939453,22.920000076293945,23.18000030517578,4527400,0,0,0.007826100225033938,0.7393939401313995,22.992499923706056,27.42511989072576,18.559879956686352,23.264999389648438,22.969999313354492,34.459999084472656,35.124999046325684,31.88999938964844
2020-04-24,23.100000381469727,23.200000762939453,21.3700008392334,22.07999992370605,4581600,0,0,-0.04745471816167812,0.7043062090920112,22.697999954223633,26.500158546552697,18.89584136189457,23.264999389648438,22.969999313354492,31.057498931884766,32.624999046325684,32.619998931884766
2020-04-27,22.739999771118164,23.809999465942383,22.51000022888184,23.75,2657000,0,0,0.07563406168769782,0.7575757483575051,22.663499927520753,26.413407052455362,18.913592802586145,22.984999656677246,22.969999313354492,31.057498931884766,32.624999046325684,35.45000076293945
2020-04-28,24.5,25.59000015258789,23.770000457763672,25.270000457763672,3522700,0,0,0.0640000192742598,0.8060606108540972,22.751999950408937,26.658698926141234,18.84530097467664,23.234999656677246,22.969999313354492,31.057498931884766,32.624999046325684,36.310001373291016
2020-04-29,26.700000762939453,28.530000686645508,26.65999984741211,28.040000915527344,4664600,0,0,0.10961616175644551,0.8944178811589791,23.06549997329712,27.573681772447742,18.557318174146495,24.704999923706055,23.125,30.762499809265137,32.624999046325684,39.22999954223633
2020-04-30,27.549999237060547,27.850000381469727,25.649999618530277,26.3799991607666,3674500,0,0,-0.05920120187448019,0.8414672676163416,23.407999897003172,27.828775503461564,18.98722429054478,24.704999923706055,23.125,29.44749927520752,32.624999046325684,39.310001373291016
2020-05-01,25.09000015258789,25.959999084472656,24.899999618530277,25.399999618530277,1990400,0,0,-0.037149339401565284,0.8102073144963544,23.683999919891356,27.869798290051627,19.498201549731085,24.704999923706055,23.125,29.44749927520752,32.624999046325684,38.59999847412109
2020-05-04,24.770000457763672,26.549999237060547,24.5,26.399999618530277,2178000,0,0,0.03937007933143666,0.8421052407429861,24.11299991607666,27.476863580342915,20.749136251810405,24.90000057220459,23.125,28.422499179840088,32.624999046325684,38.41999816894531
2020-05-05,27.290000915527344,27.739999771118164,26.5,26.739999771118164,1996100,0,0,0.012878793844725678,0.8529505405340781,24.33799991607666,27.77266009287642,20.903339739276902,24.950000762939453,23.125,28.00749921798706,32.624999046325684,34.58000183105469
2020-05-06,27.3799991607666,28.020000457763672,26.729999542236328,27.059999465942383,3447000,0,0,0.011967079190847718,0.8631578671985258,24.50899991989136,28.12538169519648,20.892618144586237,24.950000762939453,23.125,28.00749921798706,32.624999046325684,36.9900016784668
2020-05-07,27.709999084472656,28.440000534057617,26.790000915527344,26.989999771118164,4272300,0,0,-0.002586832823567531,0.8609250220957362,24.58449993133545,28.34070588964235,20.82829397302855,25.520000457763672,23.125,28.13749933242798,32.624999046325684,36.95000076293945
2020-05-08,27.709999084472656,28.31999969482422,27.25,28.100000381469727,2838300,0,0,0.04112636605278408,0.8963317396984466,24.732499980926512,28.789213459474052,20.675786502378973,26.15000057220459,23.125,28.152499198913574,32.624999046325684,37.43000030517578
2020-05-11,29.0,29.0,26.86000061035156,27.1299991607666,2774800,0,0,-0.034519615926510205,0.8653907123013155,24.938499927520752,29.043083997774843,20.83391585726666,26.75,23.359999656677246,28.152499198913574,32.624999046325684,37.25
2020-05-12,26.600000381469727,26.790000915527344,23.709999084472656,23.799999237060547,6873000,0,0,-0.12274235262497368,0.7591706203336502,24.89699993133545,29.030216327395177,20.763783535275724,26.354999542236328,24.145000457763672,27.587499141693115,32.20499897003174,38.56999969482422
2020-05-13,24.0,24.040000915527344,21.030000686645508,21.149999618530277,7108900,0,0,-0.11134452535627737,0.6746411279481693,24.757499885559085,29.191273930440726,20.323725840677444,25.015000343322754,24.9399995803833,27.587499141693115,32.20499897003174,38.13999938964844
2020-05-14,20.920000076293945,22.280000686645508,20.38999938964844,22.100000381469727,4868800,0,0,0.044917294566148236,0.7049441822186557,24.71549987792969,29.23338093093647,20.197618824922912,24.69499969482422,24.69499969482422,27.587499141693115,32.20499897003174,39.68999862670898
2020-05-15,21.809999465942383,22.520000457763672,21.5,21.8799991607666,3313200,0,0,-0.009954806194826582,0.6979265995064985,24.604499816894535,29.28535920502388,19.92364042876519,24.69499969482422,24.69499969482422,26.65499973297119,32.20499897003174,41.54999923706055
2020-05-18,23.18000030517578,24.690000534057617,22.739999771118164,24.399999618530277,6221400,0,0,0.11517369992784698,0.7783093882497226,24.70299978256226,29.277234579233188,20.12876498589133,24.69499969482422,24.69499969482422,26.687499523162842,32.20499897003174,38.43000030517578
2020-05-19,24.63999938964844,25.18000030517578,24.020000457763672,24.26000022888184,3522600,0,0,-0.005737679993327416,0.7738436980441433,24.855499839782716,29.145294154883153,20.56570552468228,24.69499969482422,24.69499969482422,25.78499937057495,32.20499897003174,39.959999084472656
2020-05-20,24.76000022888184,25.700000762939453,24.270000457763672,24.40999984741211,3135800,0,0,0.006183001529888488,0.7786283748130448,24.925999832153323,29.136255310638127,20.71574435366852,24.69499969482422,24.69499969482422,25.78499937057495,32.20499897003174,37.93999862670898
2020-05-21,24.59000015258789,25.01000022888184,23.559999465942383,24.700000762939453,3555700,0,0,0.011880414475221368,0.7878788026279918,25.001999855041507,29.13683282445566,20.867166885627356,24.69499969482422,24.69499969482422,25.78499937057495,32.20499897003174,38.20000076293945
2020-05-22,24.780000686645508,24.979999542236328,23.790000915527344,24.459999084472656,2533800,0,0,-0.009716666844273969,0.7802232467891901,25.120999813079838,29.041798858037378,21.200200768122297,23.59000015258789,24.69499969482422,25.490000247955322,32.20499897003174,38.7599983215332
2020-05-26,25.71999931335449,26.84000015258789,24.989999771118164,26.700000762939453,8968000,0,0,0.09157815872073205,0.8516746551212554,25.26849985122681,29.193898121705594,21.343101580748026,23.614999771118164,24.69499969482422,24.567500114440918,32.20499897003174,39.5099983215332
2020-05-27,32.79999923706055,34.45000076293945,31.020000457763672,34.0099983215332,23807300,0,0,0.27378267227393804,1.0848484181083373,25.705499744415285,31.190623094690082,20.220376394140487,27.420000076293945,27.420000076293945,25.259999752044678,32.20499897003174,40.11000061035156
2020-05-28,33.900001525878906,33.900001525878906,31.020000457763672,31.3799991607666,10193400,0,0,-0.0773301761412154,1.0009568988495008,25.872499656677245,31.82080858856666,19.92419072478783,27.975000381469727,27.420000076293945,23.9399995803833,32.20499897003174,40.56999969482422
2020-05-29,30.040000915527344,31.770000457763672,29.600000381469727,31.68000030517578,9347400,0,0,0.009560266170569598,1.01052631322777,26.137499713897704,32.60786184634206,19.667137581453346,28.59500026702881,27.420000076293945,23.524999618530273,32.20499897003174,40.130001068115234
2020-06-01,31.649999618530277,33.04999923706055,31.649999618530277,31.88999938964844,2990600,0,0,0.006628758915711019,1.017224848536139,26.461999702453614,33.391682588133634,19.532316816773594,29.005000114440918,27.420000076293945,23.117499351501465,32.20499897003174,41.52999877929688
2020-06-02,32.27000045776367,32.91999816894531,31.90999984741211,32.619998931884766,2382800,0,0,0.022891174543994586,1.0405103200944683,26.772999668121336,34.20911600907708,19.336883327165594,29.005000114440918,27.420000076293945,23.117499351501465,32.20499897003174,41.43999862670898
2020-06-03,33.08000183105469,37.709999084472656,32.79999923706055,35.45000076293945,6466700,0,0,0.08675665002209643,1.1307815097792837,27.208499717712403,35.560240589625764,18.856758845799042,30.63499927520752,29.049999237060547,22.97749948501587,32.20499897003174,39.84000015258789
2020-06-04,35.22999954223633,37.290000915527344,34.720001220703125,36.310001373291016,3720700,0,0,0.024259537146488208,1.1582137458203363,27.670999813079835,36.92469968294004,18.417299943219632,30.75,29.049999237060547,23.10249948501587,32.20499897003174,38.54999923706055
2020-06-05,37.900001525878906,39.5099983215332,37.70000076293945,39.22999954223633,6165300,0,0,0.08041856399083502,1.2513556320536539,28.282999801635743,38.820421128293646,17.74557847497784,32.249999046325684,29.94999885559082,23.914999961853027,32.20499897003174,38.38999938964844
2020-06-08,40.0,40.16999816894531,38.81999969482422,39.310001373291016,3915800,0,0,0.0020393023703340063,1.2539075245602316,28.843499851226806,40.43424013240642,17.25275957004719,34.88499927520752,30.279998779296875,23.914999961853027,32.20499897003174,40.709999084472656
2020-06-09,37.86000061035156,39.68999862670898,37.5,38.59999847412109,2465100,0,0,-0.018061635064005266,1.2312599044476145,29.41699981689453,41.73235084853829,17.10164878525077,34.88499927520752,30.279998779296875,23.914999961853027,32.20499897003174,40.36000061035156
2020-06-10,38.7599983215332,39.13999938964844,37.540000915527344,38.41999816894531,2245200,0,0,-0.004663220525680911,1.2255182679887464,30.14799976348877,42.7779669392665,17.51803258771104,34.88499927520752,30.279998779296875,24.012500286102295,32.20499897003174,40.540000915527344
2020-06-11,35.04999923706055,36.65999984741211,34.279998779296875,34.58000183105469,4326600,0,0,-0.09994785322489874,1.1030303480153751,30.81949987411499,42.87330183368772,18.765697914542255,35.90999889373779,30.279998779296875,24.037500381469727,32.20499897003174,41.90999984741211
2020-06-12,36.459999084472656,37.2400016784668,35.11000061035156,36.9900016784668,2542200,0,0,0.06969345632734458,1.1799043454025204,31.563999938964844,43.19923660699588,19.928763270933807,36.03999900817871,30.279998779296875,24.037500381469727,32.20499897003174,42.36000061035156
2020-06-15,35.5099983215332,37.040000915527344,33.83000183105469,36.95000076293945,3686400,0,0,-0.0010813980457489158,1.1786283991492315,32.317500019073485,43.271350185864556,21.363649852282414,36.48499870300293,30.279998779296875,24.322500228881836,32.20499897003174,42.790000915527344
2020-06-16,38.93000030517578,39.2599983215332,36.54999923706055,37.43000030517578,3781400,0,0,0.012990515083230125,1.193939389145903,32.969000053405765,43.49898503259494,22.43901507421659,37.0,30.279998779296875,24.637500286102295,32.20499897003174,43.0099983215332
2020-06-17,37.7599983215332,38.38999938964844,37.0099983215332,37.25,2145600,0,0,-0.00480898487064374,1.1881977526870346,33.61850004196167,43.49497860134237,23.742021482580967,37.0,30.279998779296875,25.054999828338623,32.20499897003174,42.68000030517578
2020-06-18,36.63999938964844,38.84999847412109,36.369998931884766,38.56999969482422,2400600,0,0,0.03543623341809976,1.230303005598114,34.32650003433228,43.45502772089773,25.19797234776682,37.0,30.279998779296875,25.25,32.20499897003174,45.02999877929688
2020-06-19,39.4900016784668,39.90999984741211,38.11000061035156,38.13999938964844,3069300,0,0,-0.011148569058285096,1.2165868875775876,34.998499965667726,43.10451679988029,26.892483131455165,36.8700008392334,30.279998779296875,24.977499961853027,32.20499897003174,44.2400016784668
2020-06-22,38.220001220703125,39.95000076293945,38.04999923706055,39.68999862670898,2333100,0,0,0.04063972894245049,1.2660286489236803,35.759999942779544,42.49480853753123,29.025191348027864,36.89000129699707,30.834999084472656,24.69499969482422,32.20499897003174,46.900001525878906
2020-06-23,40.45000076293945,42.880001068115234,40.45000076293945,41.54999923706055,4561900,0,0,0.04686320671978805,1.3253588112113648,36.50249986648559,42.27398688983173,30.731012843139453,38.35500144958496,32.8100004196167,24.69499969482422,31.300000190734863,47.02999877929688
2020-06-24,41.27999877929688,41.79999923706055,38.209999084472656,38.43000030517578,3408600,0,0,-0.07509022837964052,1.2258373153925346,36.72349996566773,42.4338091143755,31.013190816959955,38.35500144958496,33.22000026702881,24.69499969482422,30.874999046325687,47.709999084472656
2020-06-25,38.59000015258789,40.09000015258789,37.709999084472656,39.959999084472656,2597700,0,0,0.03981261428954008,1.274641103611983,37.152499961853025,42.463640253671684,31.841359670034365,38.35500144958496,33.22000026702881,24.69499969482422,29.069998741149902,48.119998931884766
2020-06-26,39.52000045776367,39.93999862670898,37.5,37.93999862670898,11977100,0,0,-0.05055056316426676,1.2102072779920747,37.46549987792969,42.14334261067577,32.78765714518361,39.625,33.22000026702881,24.69499969482422,29.069998741149902,47.20000076293945
2020-06-29,38.2599983215332,38.65999984741211,36.66999816894531,38.20000076293945,1817700,0,0,0.0068529822256619966,1.2185008069575212,37.780999946594235,41.69296474528973,33.86903514789874,39.625,33.33500099182129,24.69499969482422,29.069998741149902,47.86000061035156
2020-06-30,37.970001220703125,39.16999816894531,37.88999938964844,38.7599983215332,1693100,0,0,0.014659621659930622,1.2363635677798386,38.08799991607666,41.207395149150436,34.96860468300289,39.625,33.9350004196167,24.142499923706055,28.480000495910645,49.09000015258789
2020-07-01,38.93999862670898,39.790000915527344,38.2599983215332,39.5099983215332,1754100,0,0,0.019349846039165897,1.2602870124648122,38.290999794006346,41.217736021034995,35.3642635669777,39.77499961853027,36.24000072479248,24.15499973297119,25.84999942779541,49.060001373291016
2020-07-02,40.06999969482422,40.97999954223633,39.4900016784668,40.11000061035156,1873500,0,0,0.015186087428693984,1.2794258412213504,38.48099975585937,41.36116263785402,35.60083687386472,39.77499961853027,36.24000072479248,27.420000076293945,26.085000038146973,47.18000030517578
2020-07-06,41.09999847412109,41.369998931884766,40.09999847412109,40.56999969482422,1161400,0,0,0.011468438730313446,1.2940988580913773,38.54799976348877,41.55567262770524,35.540326899272294,39.77499961853027,36.24000072479248,27.697500228881836,26.085000038146973,52.38999938964844
2020-07-07,40.38999938964844,41.130001068115234,39.84999847412109,40.130001068115234,1514400,0,0,-0.010845418536325924,1.2800638143479948,38.58899974822998,41.659492076056814,35.51850742040315,39.23499870300293,37.265000343322754,28.007500171661377,26.085000038146973,49.290000915527344
2020-07-08,40.2400016784668,41.84000015258789,40.209999084472656,41.52999877929688,1876400,0,0,0.03488656052625916,1.3247208380847202,38.73549976348877,42.06565632076561,35.405343206211924,39.2549991607666,37.39500045776367,28.21250009536743,26.085000038146973,49.0099983215332
2020-07-09,42.0,42.0,40.33000183105469,41.43999862670898,1695300,0,0,-0.002167111852475423,1.3218500198552856,38.88649978637695,42.41587527624969,35.35712429650421,39.334999084472656,37.84000015258789,28.21250009536743,26.085000038146973,48.209999084472656
2020-07-10,40.5,40.9900016784668,39.52999877929688,39.84000015258789,2486800,0,0,-0.03861000306814333,1.2708133865330478,39.14949970245361,42.083919421776976,36.215079983130245,39.334999084472656,38.35500144958496,29.842499256134033,27.714999198913574,48.86000061035156
2020-07-13,40.43999862670898,40.88999938964844,38.459999084472656,38.54999923706055,1683300,0,0,-0.032379540928378914,1.229665032471469,39.2274995803833,42.00526613052283,36.44973303024378,39.94499969482422,38.35500144958496,29.899999618530273,27.714999198913574,51.27999877929688
2020-07-14,37.709999084472656,38.43999862670898,36.709999084472656,38.38999938964844,2355800,0,0,-0.0041504500798612565,1.2245613691392452,39.29949951171875,41.904894701122075,36.694104322315425,39.35499954223633,38.35500144958496,31.099998950958252,28.614998817443848,50.619998931884766
2020-07-15,39.68000030517578,41.220001220703125,39.33000183105469,40.709999084472656,2176800,0,0,0.060432397283386896,1.2985645482969563,39.46349945068359,41.988360332389135,36.93863856897805,39.35499954223633,38.35500144958496,32.5824990272522,28.944998741149902,49.40999984741211
2020-07-16,39.380001068115234,40.59000015258789,39.380001068115234,40.36000061035156,903800,0,0,-0.008597358928818744,1.287400322783008,39.61899948120117,41.9533091662443,37.28468979615804,39.35499954223633,38.35500144958496,32.5824990272522,28.944998741149902,49.84000015258789
2020-07-17,40.56999969482422,40.790000915527344,39.72999954223633,40.540000915527344,922000,0,0,0.004459868742658468,1.2931419592418762,39.717499542236325,42.032404362691565,37.402594721781085,39.35499954223633,38.35500144958496,32.5824990272522,28.944998741149902,50.0
2020-07-20,40.540000915527344,41.97999954223633,40.27999877929688,41.90999984741211,1164000,0,0,0.03379375680675034,1.3368420841291009,39.90599956512451,42.29008973367725,37.52190939657177,39.35499954223633,38.35500144958496,33.094998836517334,28.944998741149902,50.77999877929688
2020-07-21,42.5,43.16999816894531,42.0099983215332,42.36000061035156,1829100,0,0,0.010737312445188163,1.3511961752762716,40.03949966430664,42.65101119317979,37.42798813543349,39.939998626708984,38.5,33.15999889373779,28.944998741149902,48.900001525878906
2020-07-22,42.27999877929688,43.08000183105469,41.93999862670898,42.790000915527344,1445500,0,0,0.010151092988197385,1.3649122932967976,40.10149974822998,42.907341179955424,37.29565831650454,39.939998626708984,39.76999855041504,33.3824987411499,28.944998741149902,50.560001373291016
2020-07-23,42.66999816894531,44.900001525878906,42.5099983215332,43.0099983215332,2446800,0,0,0.005141327443300536,1.3719297543280227,40.33049964904785,43.29802067406659,37.36297862402911,40.80500030517578,40.635000228881836,33.63999938964844,28.944998741149902,51.869998931884766
2020-07-24,42.38999938964844,43.5,41.90999984741211,42.68000030517578,1180500,0,0,-0.007672588450025719,1.361403501940719,40.466499710083006,43.600147624190214,37.3328517959758,40.80500030517578,40.635000228881836,33.63999938964844,28.944998741149902,51.0
2020-07-27,43.29999923706055,45.15999984741211,42.84000015258789,45.02999877929688,1208500,0,0,0.05506088231766282,1.4363635799479308,40.820999717712404,44.31837723101889,37.323622204405915,42.2450008392334,40.91499900817871,33.63999938964844,29.729999542236328,52.810001373291016
2020-07-28,45.18000030517578,45.400001525878906,44.22999954223633,44.2400016784668,1327700,0,0,-0.01754379574163556,1.4111643106906,41.12299976348877,44.70592880134503,37.54007072563251,42.39000129699707,41.03499984741211,33.57499980926514,30.279998779296875,52.380001068115234
2020-07-29,45.25,47.060001373291016,44.72999954223633,46.900001525878906,1873900,0,0,0.06012657654818376,1.4960127896394033,41.52999992370606,45.747388974501774,37.31261087291034,43.39500045776367,41.864999771118164,33.86250019073486,30.279998779296875,50.290000915527344
2020-07-30,46.290000915527344,47.41999816894531,44.81999969482422,47.02999877929688,1698700,0,0,0.002771796357964762,1.5001594324411944,41.905999946594235,46.65003718844578,37.16196270474269,43.849998474121094,42.04499816894531,35.58250093460083,31.635000228881836,50.0
2020-07-31,47.470001220703125,47.869998931884766,46.400001525878906,47.709999084472656,1603800,0,0,0.014458862913581783,1.5218500320233783,42.285999870300294,47.585133569802274,36.986866170798315,44.88999938964844,42.26999855041504,35.787500858306885,31.635000228881836,49.810001373291016
2020-08-03,48.16999816894531,49.20000076293945,47.79999923706055,48.119998931884766,2136500,0,0,0.008593583216930822,1.53492817691726,42.66349983215332,48.476485569252745,36.850514095053896,45.55500030517578,42.93499946594238,35.787500858306885,31.635000228881836,50.65999984741211
2020-08-04,47.97999954223633,48.43000030517578,46.560001373291016,47.20000076293945,2659100,0,0,-0.019118831865470254,1.505582143177206,43.01699981689453,49.02938143839438,37.004618195394684,45.55500030517578,42.93499946594238,36.422500133514404,31.635000228881836,51.040000915527344
2020-08-05,48.09000015258789,48.709999084472656,47.31999969482422,47.86000061035156,2112100,0,0,0.013983047388641756,1.5266347696327458,43.333499908447266,49.66112711052767,37.00587270636686,45.55500030517578,42.954999923706055,36.480000495910645,31.635000228881836,50.4900016784668
2020-08-06,48.0099983215332,49.470001220703125,47.5,49.09000015258789,2208500,0,0,0.025699948319062305,1.565869204314391,43.71599998474121,50.45560879405248,36.97639117542994,46.15500068664551,43.09000015258789,36.78000020980835,31.635000228881836,51.68000030517578
2020-08-07,49.95000076293945,50.41999816894531,48.130001068115234,49.060001373291016,3792200,0,0,-0.0006110975596583801,1.5649123054648901,44.17700004577637,51.0544680533152,37.29953203823754,47.32499885559082,43.564998626708984,38.00750017166138,31.635000228881836,53.720001220703125
2020-08-10,49.720001220703125,50.59999847412109,47.04999923706055,47.18000030517578,2143600,0,0,-0.0383204446695905,1.5049441700505615,44.60850009918213,51.086774354584904,38.13022584377936,47.66499900817871,43.654998779296875,38.00750017166138,31.635000228881836,53.65999984741211
2020-08-11,47.40999984741211,55.0,46.22999954223633,52.38999938964844,9477300,0,0,0.11042812740086183,1.6711323365920892,45.308500099182126,51.972649447176934,38.64435075118732,49.90999984741211,45.85499954223633,38.00750017166138,31.635000228881836,52.2599983215332
2020-08-12,49.72999954223633,52.15999984741211,47.83000183105469,49.290000915527344,8460700,0,0,-0.0591715691971092,1.5722488138999036,45.73750019073486,52.264084275575954,39.21091610589377,50.614999771118164,45.85499954223633,38.24999952316284,31.635000228881836,51.5
2020-08-13,48.59999847412109,49.52999877929688,48.2400016784668,49.0099983215332,12902500,0,0,-0.005680717971054738,1.563317311807813,46.170000076293945,52.34724590892518,39.99275424366271,50.614999771118164,45.85499954223633,38.32499980926514,31.635000228881836,51.40999984741211
2020-08-14,48.5,49.0099983215332,47.93000030517578,48.209999084472656,4195700,0,0,-0.016323184339083197,1.537798995146694,46.55349998474121,52.210026341262314,40.8969736282201,50.614999771118164,45.85499954223633,38.58749961853027,31.635000228881836,52.93999862670898
2020-08-17,48.59999847412109,49.369998931884766,48.2599983215332,48.86000061035156,4255600,0,0,0.013482711848635143,1.5585326958793775,46.901000022888184,52.21362517697311,41.58837486880326,50.614999771118164,45.85499954223633,38.84500026702881,31.635000228881836,52.25
2020-08-18,49.2400016784668,52.209999084472656,49.0,51.27999877929688,5558800,0,0,0.049529229200063085,1.6357256189893794,47.346999931335446,52.55540073491049,42.1385991277604,50.614999771118164,45.85499954223633,39.15000057220459,31.635000228881836,52.41999816894531
2020-08-19,51.52000045776367,52.09000015258789,50.459999084472656,50.619998931884766,2357500,0,0,-0.012870512151388236,1.6146729925338394,47.73849983215332,52.685709416253516,42.79129024805313,50.614999771118164,47.165000915527344,38.855000495910645,31.635000228881836,53.130001068115234
2020-08-20,50.119998931884766,50.72999954223633,48.93000030517578,49.40999984741211,2877300,0,0,-0.023903577834935463,1.5760765309788387,48.05849990844727,52.54235973415184,43.5746400827427,50.614999771118164,47.19000053405762,38.855000495910645,31.635000228881836,52.83000183105469
2020-08-21,49.34999847412109,50.150001525878906,49.16999816894531,49.84000015258789,1953000,0,0,0.008702697966073814,1.589792648999365,48.41649990081787,52.2085229650287,44.62447683660704,50.614999771118164,47.364999771118164,38.855000495910645,31.635000228881836,53.34999847412109
2020-08-24,50.560001373291016,51.380001068115234,49.459999084472656,50.0,1673900,0,0,0.00321026980181105,1.594896312331589,48.66499996185303,52.174689769991105,45.15531015371495,50.02000045776367,47.63999938964844,38.855000495910645,31.635000228881836,52.88999938964844
2020-08-25,50.290000915527344,51.040000915527344,49.75,50.77999877929688,1170500,0,0,0.015599975585937731,1.6197766558660638,48.991999816894534,51.963694514136535,46.020305119652534,50.06999969482422,48.454999923706055,38.855000495910645,31.635000228881836,54.40999984741211
2020-08-26,50.56999969482422,50.9900016784668,48.61000061035156,48.900001525878906,3262500,0,0,-0.03702239658549289,1.559808642132667,49.09199981689453,51.90400430479658,46.27999532899248,50.06999969482422,48.454999923706055,39.21999931335449,31.779998779296875,52.7400016784668
2020-08-27,49.25,50.77999877929688,48.72999954223633,50.560001373291016,3423100,0,0,0.03394682608616284,1.6127591948348383,49.26849994659424,51.98096027639447,46.55603961679401,50.23499870300293,48.454999923706055,39.85499858856201,31.779998779296875,54.29999923706055
2020-08-28,50.66999816894531,52.65999984741211,50.58000183105469,51.869998931884766,2796300,0,0,0.025909761135524345,1.6545454003421296,49.47649993896484,52.31547242889273,46.63752744903695,50.635000228881836,48.454999923706055,40.72000026702881,32.64500045776367,55.2599983215332
2020-08-31,51.869998931884766,51.91999816894531,50.7400016784668,51.0,1522800,0,0,-0.016772680736454992,1.626794238578221,49.620499992370604,52.461830183018144,46.779169801723064,50.635000228881836,48.920000076293945,40.72000026702881,32.64500045776367,57.9900016784668
2020-09-01,51.4900016784668,53.84000015258789,51.060001373291016,52.810001373291016,2018800,0,0,0.035490223005706145,1.68452952888976,49.901000022888184,52.8382192755387,46.96378077023767,51.22500038146973,49.614999771118164,41.579999923706055,32.77499961853027,58.41999816894531
2020-09-02,53.209999084472656,53.4900016784668,51.04999923706055,52.380001068115234,2920300,0,0,-0.00814240284025547,1.6708134108692339,50.12700004577637,53.09701763330311,47.15698245824963,51.22500038146973,49.864999771118164,41.71250057220459,32.89500045776367,58.59000015258789
2020-09-03,51.720001220703125,51.720001220703125,49.720001220703125,50.290000915527344,5779700,0,0,-0.03990072756718821,1.6041467401465361,50.18700008392334,53.11861919146801,47.25538097637867,51.22500038146973,49.90999984741211,42.63000011444092,34.28000068664551,58.119998931884766
2020-09-04,49.18999862670898,51.09999847412109,48.68000030517578,50.0,5320100,0,0,-0.005766572086854049,1.5948963123315891,50.234000015258786,53.12116508336872,47.34683494714885,51.22500038146973,50.614999771118164,42.9474983215332,35.07999897003174,58.5099983215332
2020-09-08,48.0099983215332,49.90999984741211,46.59999847412109,49.810001373291016,2872400,0,0,-0.003799972534179741,1.5888357501498644,50.36550006866455,52.89854972433072,47.832450412998384,50.21999931335449,50.614999771118164,43.57999897003174,35.714999198913574,57.56999969482422
2020-09-09,51.18000030517578,51.52000045776367,49.66999816894531,50.65999984741211,3229000,0,0,0.017064815311907955,1.6159489387871286,50.27900009155273,52.640128333737294,47.91787184936817,50.21999931335449,50.614999771118164,44.24499988555908,36.38000011444092,58.0
2020-09-10,51.13999938964844,53.08000183105469,50.970001220703125,51.040000915527344,2750400,0,0,0.007501008078558913,1.6280701848315096,50.36650009155274,52.70386897471604,48.02913120838944,50.21999931335449,50.614999771118164,44.24499988555908,36.38000011444092,57.900001525878906
2020-09-11,51.310001373291016,51.810001373291016,49.86000061035156,50.4900016784668,1168400,0,0,-0.01077584692780098,1.6105263497320486,50.440500259399414,52.69265146958405,48.18834904921478,50.21999931335449,50.614999771118164,44.25500011444092,36.4950008392334,57.08000183105469
2020-09-14,51.5,53.18999862670898,51.5,51.68000030517578,1491500,0,0,0.02356899558623904,1.648484838160405,50.61400032043457,52.67680755645667,48.55119308441247,50.21999931335449,50.614999771118164,44.6225004196167,37.230000495910645,59.20000076293945
2020-09-15,52.220001220703125,54.13999938964844,51.93000030517578,53.720001220703125,1603900,0,0,0.03947370169274245,1.7135566369069575,50.85700035095215,53.168909445894016,48.54509125601028,50.369998931884766,50.614999771118164,45.4449987411499,40.00999927520752,59.86000061035156
2020-09-16,54.34000015258789,55.43000030517578,53.52999877929688,53.65999984741211,1944800,0,0,-0.0011169279956734224,1.7116427175270241,50.97600040435791,53.59134851186383,48.360652296851995,51.01499938964844,50.829999923706055,45.65999889373779,40.09999942779541,57.880001068115234
2020-09-17,52.130001068115234,53.09000015258789,51.18000030517578,52.2599983215332,2093800,0,0,-0.02609022605031608,1.6669855721093667,51.05800037384033,53.72644003282028,48.38956071486038,51.01499938964844,51.01499938964844,47.88249969482422,42.30000019073486,59.0
2020-09-18,52.38999938964844,52.709999084472656,50.15999984741211,51.5,1966600,0,0,-0.014542639608544627,1.6427432017015366,51.16250038146973,53.725074076318315,48.59992668662114,51.01499938964844,51.01499938964844,48.234999656677246,43.32499980926514,56.150001525878906
2020-09-21,49.970001220703125,51.41999816894531,48.95000076293945,51.40999984741211,1571500,0,0,-0.0017475757784056745,1.6398723834721025,51.24100036621094,53.73110471130737,48.750896021114514,52.19000053405762,51.01499938964844,48.234999656677246,43.454999923706055,55.97999954223633
2020-09-22,52.369998931884766,53.09000015258789,51.630001068115234,52.93999862670898,1529600,0,0,0.029760723280256585,1.6886761716915506,51.388000297546384,53.91495266662384,48.86104792846893,52.19000053405762,51.01499938964844,48.234999656677246,43.89999961853027,53.619998931884766
2020-09-23,52.91999816894531,53.93999862670898,51.9900016784668,52.25,2029600,0,0,-0.013033597366979621,1.6666666463865103,51.461500358581546,53.999045571244075,48.92395514591902,52.19000053405762,51.01499938964844,48.234999656677246,44.415000915527344,55.52000045776367
2020-09-24,51.560001373291016,53.61000061035156,51.16999816894531,52.41999816894531,1308900,0,0,0.0032535534726374493,1.6720892354415902,51.63750019073486,53.911925315082335,49.36307506638739,52.19000053405762,51.01499938964844,48.234999656677246,44.415000915527344,52.540000915527344
2020-09-25,52.5,53.86000061035156,51.36000061035156,53.130001068115234,2006300,0,0,0.013544504463385065,1.6947368555542068,51.76600017547607,54.07292102963064,49.459079321321504,52.19000053405762,51.01499938964844,48.890000343322754,44.415000915527344,52.95000076293945
2020-09-28,54.5099983215332,55.0,52.75,52.83000183105469,2584900,0,0,-0.005646512912279689,1.6851675020164036,51.81400032043457,54.16756754016569,49.460433100703455,52.19000053405762,51.01499938964844,48.90250015258789,44.415000915527344,53.380001068115234
2020-09-29,52.75,53.70000076293945,52.5099983215332,53.34999847412109,1342500,0,0,0.009842828412713223,1.7017543165854316,51.93150024414062,54.34531523075511,49.51768525752613,51.97500038146973,51.01499938964844,48.989999771118164,44.415000915527344,58.81999969482422
2020-09-30,53.33000183105469,53.91999816894531,52.25,52.88999938964844,1285600,0,0,-0.008622288615355522,1.687081299715405,51.935500144958496,54.35544872393868,49.51555156597831,51.97500038146973,51.01499938964844,48.829999923706055,44.415000915527344,61.06999969482422
2020-10-01,53.79999923706055,54.90999984741211,53.650001525878906,54.40999984741211,1780500,0,0,0.028738901026744257,1.735566162211997,52.03700008392334,54.685127433733975,49.3888727341127,51.97500038146973,51.01499938964844,49.26249980926514,44.415000915527344,62.220001220703125
2020-10-02,53.33000183105469,54.470001220703125,52.22999954223633,52.7400016784668,2017900,0,0,-0.030692853770054596,1.6822966837869695,52.15950012207031,54.696178484067374,49.62282176007325,53.084999084472656,51.01499938964844,49.26249980926514,44.415000915527344,63.040000915527344
2020-10-05,53.380001068115234,54.560001373291016,53.27999877929688,54.29999923706055,1438600,0,0,0.029579019889009128,1.7320573708559184,52.37450008392334,54.8707559316871,49.878244236159574,53.084999084472656,51.01499938964844,49.34499931335449,45.68499946594238,62.560001373291016
2020-10-06,54.16999816894531,56.56999969482422,54.16999816894531,55.2599983215332,2034500,0,0,0.01767954139891481,1.762679350849261,52.64699993133545,55.15393762643339,50.14006223623751,53.869998931884766,51.584999084472656,49.545000076293945,45.68499946594238,64.16999816894531
2020-10-07,56.959999084472656,58.20000076293945,56.41999816894531,57.9900016784668,2320600,0,0,0.04940288526700498,1.849760796581786,53.01350002288818,56.28692713474199,49.740072911034375,54.78000068664551,52.39999961853027,49.77750015258789,45.68499946594238,64.55000305175781
2020-10-08,58.54999923706055,58.869998931884766,56.93000030517578,58.41999816894531,1065300,0,0,0.007415010830016611,1.86347679292138,53.382499885559085,57.292396969264374,49.472602801853796,55.54999923706055,52.73499870300293,50.420000076293945,45.834999084472656,64.44000244140625
2020-10-09,58.27999877929688,59.88999938964844,58.27000045776367,58.59000015258789,1595900,0,0,0.0029099963877257107,1.8688995036573919,53.787499809265135,58.07881329837855,49.49618632015172,56.05999946594238,53.244998931884766,50.545000076293945,45.834999084472656,65.5199966430664
2020-10-12,59.720001220703125,59.720001220703125,57.56999969482422,58.119998931884766,1147200,0,0,-0.008021867545299322,1.8539074393835766,54.10949974060058,58.68041510043586,49.53858438076531,56.05999946594238,53.244998931884766,50.56750011444092,45.834999084472656,66.80000305175781
2020-10-13,58.09000015258789,58.9900016784668,57.7599983215332,58.5099983215332,783400,0,0,0.006710244267304821,1.866347611150814,54.34899959564209,59.303383121318724,49.39461606996546,56.05999946594238,53.244998931884766,50.920000076293945,45.834999084472656,67.93000030517578
2020-10-14,58.47999954223633,58.9900016784668,56.93999862670898,57.56999969482422,1199800,0,0,-0.01606560679669411,1.8363636042841156,54.5444995880127,59.681917396452114,49.40708177957328,56.05999946594238,54.420000076293945,50.41749954223633,45.834999084472656,68.81999969482422
2020-10-15,56.560001373291016,58.2599983215332,56.45000076293945,58.0,880800,0,0,0.0074691733099738755,1.850079722304642,54.83149967193604,60.067815427232546,49.59518391663953,56.584999084472656,54.420000076293945,50.41749954223633,45.834999084472656,69.75
2020-10-16,58.61000061035156,59.04999923706055,57.470001220703125,57.900001525878906,1221100,0,0,-0.0017241116227775244,1.8468899783523514,55.15149974822998,60.31527703524675,49.98772246121321,57.029998779296875,54.420000076293945,50.41749954223633,45.834999084472656,72.66999816894531
2020-10-19,58.66999816894531,60.04999923706055,56.75,57.08000183105469,1780600,0,0,-0.014162343233405816,1.820733688564588,55.43499984741211,60.360559694149494,50.50944000067472,58.23499870300293,54.5,50.41749954223633,45.85499954223633,71.83999633789062
2020-10-20,57.27999877929688,60.36000061035156,57.27999877929688,59.20000076293945,1834000,0,0,0.03714083503640264,1.8883572581367862,55.74799995422363,60.795020901121305,50.700979007325955,58.40500068664551,54.65500068664551,50.41749954223633,45.85499954223633,70.51000213623047
2020-10-21,59.290000915527344,60.7599983215332,58.56999969482422,59.86000061035156,1567400,0,0,0.011148645927472334,1.9094098845923257,56.12849998474121,61.210989439004486,51.046010530477936,58.60499954223633,54.85499954223633,50.492499351501465,45.85499954223633,73.27999877929688
2020-10-22,60.5,60.5,56.91999816894531,57.880001068115234,2281400,0,0,-0.03307717210236594,1.8462520052257068,56.401500129699706,61.23574031645496,51.56725994294445,58.60499954223633,54.85499954223633,50.922499656677246,46.06999969482422,73.22000122070312
2020-10-23,59.25,59.380001068115234,57.40999984741211,59.0,1814900,0,0,0.019350361285700668,1.8819776485512736,56.695000076293944,61.40910516142975,51.98089499115814,58.60499954223633,54.85499954223633,51.01499938964844,46.06999969482422,73.30999755859375
2020-10-26,58.2400016784668,58.72999954223633,55.45000076293945,56.150001525878906,2597200,0,0,-0.048305058883408414,1.7910686074207458,56.861000061035156,61.23719269989786,52.48480742217245,58.10499954223633,54.85499954223633,51.01499938964844,46.06999969482422,70.72000122070312
2020-10-27,57.27999877929688,58.0,55.7599983215332,55.97999954223633,1920800,0,0,-0.0030276398757393963,1.7856458966847337,56.992500114440915,61.08464516880178,52.90035506008005,58.10499954223633,55.96499824523926,51.60249996185303,46.06999969482422,71.13999938964844
2020-10-28,53.900001525878906,54.220001220703125,52.90999984741211,53.619998931884766,2542400,0,0,-0.04215792478831604,1.7103667712737336,57.02900009155273,60.98336057258645,53.074639610519014,56.834999084472656,55.96499824523926,51.60249996185303,46.06999969482422,73.75
2020-10-29,54.18999862670898,56.11000061035156,53.65999984741211,55.52000045776367,2449500,0,0,0.03543456851411997,1.7709728798147069,57.08450012207031,60.9183052934544,53.25069495068622,56.834999084472656,55.96499824523926,51.60249996185303,46.06999969482422,73.5
2020-10-30,56.650001525878906,58.0,50.400001525878906,52.540000915527344,5907500,0,0,-0.053674342897445326,1.675917074201456,57.07450008392334,60.9548494796084,53.19415068823828,55.579999923706055,55.579999923706055,51.60249996185303,46.06999969482422,74.26000213623047
2020-11-02,53.11000061035156,55.2400016784668,52.41999816894531,52.95000076293945,3602900,0,0,0.007803575185910239,1.6889952190953377,57.00700016021729,61.12061254684184,52.893387773592735,55.579999923706055,55.579999923706055,51.60249996185303,47.380001068115234,71.68000030517578
2020-11-03,53.54999923706055,54.290000915527344,52.619998931884766,53.380001068115234,2325600,0,0,0.008120874390558086,1.702711337115864,56.91300029754639,61.26372643611625,52.56227415897653,55.45000076293945,55.579999923706055,51.60249996185303,47.40500068664551,74.56999969482422
2020-11-04,54.720001220703125,59.040000915527344,54.5099983215332,58.81999969482422,3318600,0,0,0.10191080025958232,1.876236012092405,56.95450019836426,61.361610271503224,52.54739012522529,54.89000129699707,55.579999923706055,51.49499988555908,47.579999923706055,75.11000061035156
2020-11-05,59.91999816894531,61.77999877929688,59.59999847412109,61.06999969482422,1898700,0,0,0.03825229533617258,1.9480063461473265,57.0870002746582,61.81372612350941,52.36027442580699,56.09000015258789,56.09000015258789,51.49499988555908,47.85499954223633,77.44999694824219
2020-11-06,60.7599983215332,62.36000061035156,59.75,62.220001220703125,1982800,0,0,0.018830874924277596,1.9846890100033259,57.268500328063965,62.47226869501093,52.064731961117,56.380001068115234,56.380001068115234,51.49499988555908,48.670000076293945,78.08000183105469
2020-11-09,62.34000015258789,64.05999755859375,61.400001525878906,63.040000915527344,2756100,0,0,0.013179036945299316,2.010845299791089,57.51450042724609,63.29575195765419,51.73324889683799,57.22999954223633,57.22999954223633,52.04999923706055,48.670000076293945,78.6500015258789
2020-11-10,62.310001373291016,63.0,59.84000015258789,62.560001373291016,3679200,0,0,-0.007614205825909215,1.9955343097944176,57.717000579833986,63.89792518027661,51.53607597939136,57.22999954223633,57.22999954223633,52.04999923706055,48.670000076293945,81.2300033569336
2020-11-11,62.75,65.58999633789062,62.75,64.16999816894531,2346400,0,0,0.02573524233235802,2.0468898688395116,58.04700050354004,64.8424768754747,51.25152413160537,57.994998931884766,57.994998931884766,52.72749900817871,49.239999771118164,84.29000091552734
2020-11-12,64.37000274658203,65.44000244140625,63.540000915527344,64.55000305175781,1629000,0,0,0.00592184655844985,2.0590112365648245,58.37450065612793,65.74299640151835,51.0060049107375,59.00499725341797,57.994998931884766,53.59000015258789,50.52000045776367,84.97000122070312
2020-11-13,65.19000244140625,65.58999633789062,63.58000183105469,64.44000244140625,1542400,0,0,-0.0017041147196129591,2.055502445208746,58.701500701904294,66.52808501574638,50.874916388062196,59.104997634887695,57.994998931884766,54.14249897003174,51.54999923706055,85.54000091552734
2020-11-16,64.5199966430664,66.27999877929688,64.3499984741211,65.5199966430664,2605000,0,0,0.01675968592090249,2.0899520206000917,59.123500442504884,67.454397779231,50.79260310577877,60.39499855041504,58.34000015258789,54.652499198913574,52.30999946594238,84.12999725341797
2020-11-17,65.58000183105469,67.75,64.62000274658203,66.80000305175781,1791800,0,0,0.01953611834970781,2.130781570619746,59.5035005569458,68.4886830755779,50.51831803831371,63.67499923706055,59.07500076293945,54.652499198913574,52.35499954223633,85.16999816894531
2020-11-18,67.66000366210938,69.02999877929688,66.86000061035156,67.93000030517578,2820000,0,0,0.016916125775360058,2.166826139668169,59.90700054168701,69.62327940264234,50.190721680731684,64.38999938964844,59.71500015258789,54.652499198913574,53.05999946594238,83.0
2020-11-19,67.87000274658203,69.2300033569336,67.62000274658203,68.81999969482422,2136600,0,0,0.013101713317387187,2.195215274558722,60.45400047302246,70.86685990993654,50.041141036108385,64.53500175476074,59.81500244140625,55.239999771118164,53.05999946594238,83.0999984741211
2020-11-20,68.93000030517578,70.16999816894531,68.08000183105469,69.75,3264900,0,0,0.013513518007843395,2.2248803557025645,60.99150047302246,72.14068158464787,49.84231936139706,65.0049991607666,60.28499984741211,55.5024995803833,53.05999946594238,83.23999786376953
2020-11-23,70.95999908447266,73.2300033569336,69.88999938964844,72.66999816894531,2904300,0,0,0.04186377303147393,2.3180222419358816,61.817500305175784,73.83340619129284,49.80159441905874,67.9900016784668,61.81500244140625,55.72499942779541,53.05999946594238,83.91999816894531
2020-11-24,73.62999725341797,74.05000305175781,71.01000213623047,71.83999633789062,3036100,0,0,-0.011421519911491873,2.29154690474433,62.61050014495849,75.07080466732745,50.150195622589536,68.79500198364258,62.22500228881836,56.367499351501465,53.13999938964844,82.66999816894531
2020-11-25,71.56999969482422,72.29000091552734,69.8499984741211,70.51000213623047,2681500,0,0,-0.01851328326082713,2.2491228477913268,63.45500030517578,75.64719024173377,51.262810368617785,68.81500244140625,62.22500228881836,56.53000068664551,53.295000076293945,82.87999725341797
2020-11-27,71.5199966430664,74.0,71.16000366210938,73.27999877929688,1465000,0,0,0.03928515897240459,2.337479996415276,64.34300022125244,76.68186391698329,52.00413652552159,69.20000076293945,62.22500228881836,56.72999954223633,53.494998931884766,77.94999694824219
2020-11-30,73.25,73.66000366210938,70.91000366210938,73.22000122070312,2147200,0,0,-0.0008187439900817495,2.335566198716275,65.37700023651124,77.0255925096183,53.728407963404166,69.33500289916992,62.22500228881836,56.72999954223633,53.494998931884766,80.2300033569336
2020-12-01,74.02999877929688,74.93000030517578,73.23999786376953,73.30999755859375,1941900,0,0,0.0012291223216365221,2.338436895264777,66.39500007629394,77.0251045500815,55.764895602506385,70.89500045776367,62.665000915527344,56.72999954223633,53.67999839782715,80.08999633789062
2020-12-02,72.19999694824219,72.51000213623047,70.31999969482422,70.72000122070312,2124800,0,0,-0.03532937422103366,2.2558213830996956,67.26200008392334,76.17786326477074,58.34613690307594,71.2750015258789,62.665000915527344,56.47999954223633,53.67999839782715,79.7699966430664
2020-12-03,71.08999633789062,73.18000030517578,70.7699966430664,71.13999938964844,2398500,0,0,0.005938888033027334,2.2692184537164337,67.87800006866455,76.03823088419766,59.717769253131436,71.50500106811523,62.665000915527344,57.03499889373779,53.67999839782715,79.87999725341797
2020-12-04,72.2300033569336,74.81999969482422,71.58999633789062,73.75,2826800,0,0,0.036688229304811415,2.3524720606890916,68.51200008392334,76.42175725630155,60.602242911545126,72.38999938964844,62.665000915527344,56.39999866485596,53.67999839782715,79.58000183105469
2020-12-07,74.08999633789062,74.6500015258789,72.94000244140625,73.5,959700,0,0,-0.003389830508474523,2.3444975791274336,69.07600002288818,76.71170032082458,61.44029972495179,72.38999938964844,62.665000915527344,56.39999866485596,53.67999839782715,79.41000366210938
2020-12-08,73.37000274658203,74.75,73.16000366210938,74.26000213623047,1862000,0,0,0.010340165118781997,2.368740071216196,69.63700008392334,77.05983254617793,62.21416762166875,72.38999938964844,63.67499923706055,55.579999923706055,53.67999839782715,78.2300033569336
2020-12-09,74.45999908447266,74.93000030517578,70.83000183105469,71.68000030517578,1922700,0,0,-0.03474281924099132,2.2864433630930385,70.09300003051757,76.7993449002915,63.386655160743636,72.625,63.77499961853027,55.579999923706055,53.67999839782715,79.91999816894531
2020-12-10,70.94999694824219,74.8499984741211,69.7300033569336,74.56999969482422,1713900,0,0,0.04031807167054047,2.378628350476855,70.61300010681153,77.0036971947893,64.22230301883376,72.33000183105469,64.71999931335449,55.515000343322754,53.67999839782715,82.55000305175781
2020-12-11,74.16000366210938,75.38999938964844,74.01000213623047,75.11000061035156,1023000,0,0,0.007241530343801594,2.39585325985346,71.14099998474121,77.17176070658562,65.11023926289681,72.56000137329102,67.49499893188477,55.23500061035156,53.67999839782715,79.68000030517578
2020-12-14,76.02999877929688,78.97000122070312,75.5199966430664,77.44999694824219,2352900,0,0,0.03115425800659799,2.4704942904568834,71.791499710083,77.59044742254562,65.99255199762038,74.35000228881836,69.36000061035156,56.09000015258789,54.189998626708984,79.0
2020-12-15,77.8499984741211,79.94999694824219,77.8499984741211,78.08000183105469,1688400,0,0,0.008134343545985079,2.4905901397438543,72.41949996948242,78.08308156581943,66.7559183731454,74.84000015258789,69.89499855041504,56.380001068115234,54.47999954223633,75.80999755859375
2020-12-16,78.26000213623047,78.9000015258789,76.19999694824219,78.6500015258789,1455800,0,0,0.007300200838334492,2.50877194796996,73.01199989318847,78.67949429343506,67.34450549294189,74.84000015258789,69.89499855041504,57.22999954223633,55.32999801635742,73.4000015258789
2020-12-17,80.0,81.5,79.66000366210938,81.2300033569336,2069300,0,0,0.03280358272092054,2.5910686560931175,73.67700004577637,79.9031802418115,67.45081984974124,75.6150016784668,72.125,57.22999954223633,55.32999801635742,69.45999908447266
2020-12-18,81.91000366210938,84.51000213623047,81.12000274658203,84.29000091552734,5705600,0,0,0.037670779664353615,2.688676232532014,74.45050010681152,81.82274132229568,67.07825889132735,77.12000274658203,74.0250015258789,57.994998931884766,56.09499740600586,74.18000030517578
2020-12-21,83.88999938964844,86.0,83.11000061035156,84.97000122070312,1809500,0,0,0.008067389937001623,2.7103668321141985,75.21150016784668,83.57302206437423,66.84997827131913,77.8650016784668,74.79000091552734,58.49999809265137,56.09499740600586,71.9000015258789
2020-12-22,86.19000244140625,86.73999786376953,83.7699966430664,85.54000091552734,2256100,0,0,0.006708246282634445,2.7285486403403043,75.85500030517578,85.26264140603578,66.44735920431577,78.23500061035156,75.54499816894531,58.54999828338623,56.09499740600586,74.8499984741211
2020-12-23,85.43000030517578,87.2300033569336,83.43000030517578,84.12999725341797,2268000,0,0,-0.0164835591187541,2.6835724475188587,76.46950035095215,86.34686987013072,66.59213083177357,80.62000274658203,75.92500305175781,59.367499351501465,56.439998626708984,78.27999877929688
2020-12-24,84.70999908447266,85.41999816894531,83.62000274658203,85.16999816894531,1184700,0,0,0.012361832277191676,2.7167463200187796,77.20250015258789,87.37669960854596,67.02830069662981,81.375,77.04500198364258,61.375,57.17499923706055,78.63999938964844
2020-12-28,86.1500015258789,87.20999908447266,82.68000030517578,83.0,2025600,0,0,-0.02547843390393001,2.647527878470436,77.68850021362304,87.99597847229892,67.38102195494717,81.71500015258789,77.42500305175781,62.052499771118164,57.814998626708984,81.22000122070312
2020-12-29,84.01000213623047,84.01000213623047,80.80999755859375,83.0999984741211,2059000,0,0,0.0012048008930252152,2.6507176224227265,78.18250007629395,88.53339585313164,67.83160429945626,81.71500015258789,77.65500259399414,62.175002098083496,59.09000205993652,85.70999908447266
2020-12-30,83.26000213623047,83.87000274658203,81.87999725341797,83.23999786376953,1083100,0,0,0.001684709894333336,2.655183312628306,78.67900009155274,88.9996406902258,68.35835949287967,83.44500350952148,78.4800033569336,62.644999504089355,59.55999946594238,88.58000183105469
2020-12-31,83.16999816894531,84.18000030517578,82.41000366210938,83.91999816894531,985800,0,0,0.008169153323245748,2.6768739122104903,79.33899993896485,89.2132125650486,69.4647873128811,84.02000045776367,78.4800033569336,64.90250205993652,61.09000205993652,89.13999938964844
2021-01-04,85.0,85.04000091552734,80.5,82.66999816894531,1441900,0,0,-0.014895138551880516,2.6370015044022006,79.91549987792969,89.12460459378583,70.70639516207355,83.8650016784668,78.4800033569336,65.51000213623047,61.50000190734863,87.91999816894531
2021-01-05,81.55999755859375,83.87999725341797,81.05000305175781,82.87999725341797,1333500,0,0,0.0025402091341952815,2.64370003971057,80.37199974060059,89.20692471440489,71.53707476679628,83.8650016784668,78.4800033569336,65.5200023651123,61.50000190734863,90.36000061035156
2021-01-06,82.08999633789062,82.2300033569336,77.66999816894531,77.94999694824219,2044100,0,0,-0.059483596386973425,2.486443253580201,80.5944995880127,88.93077557078354,72.25822360524185,82.45000076293945,78.4800033569336,65.7125015258789,61.50000190734863,92.13999938964844
2021-01-07,78.36000061035156,80.37000274658203,78.1500015258789,80.2300033569336,1979700,0,0,0.02924960228292628,2.5591707298464867,80.89299964904785,88.70625906225312,73.07974023584258,82.43999862670898,78.4800033569336,65.78000259399414,61.50000190734863,93.80999755859376
2021-01-08,81.01000213623047,81.5,78.68000030517578,80.08999633789062,1596000,0,0,-0.001745070586873787,2.5547047962790432,81.3134994506836,87.89382327509827,74.73317562626892,82.43999862670898,78.4800033569336,66.78000068664551,61.94000053405762,94.08999633789062
2021-01-11,78.97000122070312,80.44999694824219,78.19999694824219,79.7699966430664,1716300,0,0,-0.00399550142909455,2.5444974696145954,81.5734992980957,87.43135509428608,75.71564350190532,81.35499954223633,78.4800033569336,66.97000122070312,61.94000053405762,90.5
2021-01-12,80.0,80.56999969482422,79.1500015258789,79.87999725341797,1734900,0,0,0.0013789722324266673,2.548006260970674,81.81199913024902,86.93230105965392,76.69169720084412,81.35499954223633,78.4800033569336,67.08500099182129,62.665000915527344,92.33999633789062
2021-01-13,80.2699966430664,80.8499984741211,79.55000305175781,79.58000183105469,801400,0,0,-0.003755576272887806,2.538437029113803,81.91849937438965,86.74880206063257,77.08819668814674,81.35499954223633,78.4800033569336,67.52750015258789,62.665000915527344,87.55999755859375
2021-01-14,79.80000305175781,81.33000183105469,78.7300033569336,79.41000366210938,1144900,0,0,-0.002136192071297116,2.533014440058723,81.98499946594238,86.63334931759387,77.33664961429089,81.35499954223633,78.4800033569336,67.52750015258789,62.665000915527344,88.19000244140625
2021-01-15,79.29000091552734,79.29000091552734,77.2699966430664,78.2300033569336,1292100,0,0,-0.014859592630126262,2.495374877353223,81.96399955749511,86.67647764574856,77.25152146924167,80.57499694824219,78.4800033569336,68.03249931335449,62.665000915527344,87.98999786376953
2021-01-19,79.75,82.19999694824219,78.27999877929688,79.91999816894531,2039900,0,0,0.021602898370091106,2.549282207223963,81.8984992980957,86.68659984960243,77.11039874658897,79.75,78.4800033569336,68.19999980926514,62.665000915527344,84.44999694824219
2021-01-20,80.94000244140625,86.36000061035156,80.18000030517578,82.55000305175781,3243500,0,0,0.03290796975811805,2.633173909004198,81.81149940490722,86.48319525113448,77.13980355867997,81.81499862670898,80.62000274658203,68.52500057220459,62.665000915527344,85.80999755859375
2021-01-21,83.19999694824219,84.19000244140625,78.9000015258789,79.68000030517578,2083000,0,0,-0.034766839981611786,2.5416267730660937,81.54699935913087,86.0684342337839,77.02556448447783,81.81499862670898,81.375,70.02750015258789,62.89500045776367,89.66999816894531
2021-01-22,78.75,80.0999984741211,78.2699966430664,79.0,1161800,0,0,-0.008534140343516183,2.5199361734839094,81.21999931335449,85.47427929527431,76.96571933143467,81.81499862670898,81.71500015258789,71.85500144958496,64.68500137329102,87.7699966430664
2021-01-25,79.13999938964844,79.5,74.37000274658203,75.80999755859375,1952000,0,0,-0.04037977773931967,2.4181817108813575,80.80399932861329,85.45207887830503,76.15591977892154,80.3650016784668,80.80000305175781,72.36749935150146,65.17499923706055,82.30999755859375
2021-01-26,76.02999877929688,76.47000122070312,72.87999725341797,73.4000015258789,2186700,0,0,-0.03178995001090923,2.341307835175144,80.21549949645996,85.45323628258551,74.9777627103344,79.61999893188477,80.05500030517578,72.36749935150146,65.17499923706055,77.25
2021-01-27,71.69999694824219,72.5,68.45999908447266,69.45999908447266,4046200,0,0,-0.05367850626020909,2.2156299278876186,79.53849945068359,86.42343036537109,72.65356853599609,77.40999984741211,77.84500122070312,73.8700008392334,65.95000076293945,76.66999816894531
2021-01-28,71.87999725341797,75.19999694824219,70.0,74.18000030517578,2393500,0,0,0.0679527970474485,2.366188178709619,79.09249954223633,86.15216261899423,72.03283646547843,77.40999984741211,77.84500122070312,75.57250213623047,67.45500183105469,69.33000183105469
2021-01-29,75.5,75.5999984741211,70.51000213623047,71.9000015258789,2089700,0,0,-0.03073603086973553,2.293460945805197,78.5254997253418,85.97670566744911,71.0742937832345,77.40999984741211,77.84500122070312,76.32750129699707,68.20000076293945,70.91000366210938
2021-02-01,73.0,76.0,72.1500015258789,74.8499984741211,1555400,0,0,0.041029163917060574,2.387559730888015,78.07199974060059,85.25088667759017,70.893112803611,77.40999984741211,77.84500122070312,76.88999938964844,68.56999969482422,70.70999908447266
2021-02-02,76.44999694824219,79.41999816894531,76.2699966430664,78.27999877929688,1628200,0,0,0.045824988311278014,2.4969696276484363,77.85249977111816,84.71367514430545,70.99132439793087,76.32500076293945,77.83499908447266,78.27250289916992,68.81500244140625,76.41000366210938
2021-02-03,78.72000122070312,79.4000015258789,78.06999969482422,78.63999938964844,913700,0,0,0.004598883699098444,2.5084529005661724,77.64049987792968,84.11420714813711,71.16679260772226,74.27999877929688,77.83499908447266,79.21000099182129,68.81500244140625,71.79000091552734
2021-02-04,79.25,81.86000061035156,78.94000244140625,81.22000122070312,1523400,0,0,0.03280775497302835,2.59074960868933,77.80400009155274,84.46523405077693,71.14276613232855,75.15999984741211,77.40999984741211,79.57000160217285,68.81500244140625,70.79000091552734
2021-02-05,83.56999969482422,87.41999816894531,83.05000305175781,85.70999908447266,2776200,0,0,0.055281923125913845,2.733971229395385,78.07799987792968,85.52892458363219,70.62707517222718,77.93999862670898,77.93999862670898,79.68500137329102,68.81500244140625,69.52999877929688
2021-02-08,86.9000015258789,88.79000091552734,85.22000122070312,88.58000183105469,1751700,0,0,0.033485039986448584,2.8255183653334894,78.50250015258788,87.2357119021843,69.76928840299146,78.625,78.625,80.96250343322754,68.81500244140625,70.20999908447266
2021-02-09,88.23999786376953,89.51000213623047,86.16999816894531,89.13999938964844,1533900,0,0,0.006321941149445953,2.8433811261558066,78.97100028991699,88.86724252982049,69.07475805001349,79.75500106811523,78.98500061035156,81.25000190734863,68.81500244140625,66.79000091552734
2021-02-10,89.9000015258789,90.91000366210938,87.12000274658203,87.91999816894531,1373900,0,0,-0.013686349888451965,2.8044656171970175,79.37300033569336,90.01759094382022,68.7284097275665,80.71000289916992,79.68500137329102,81.1725025177002,68.81500244140625,66.91000366210938
2021-02-11,88.41999816894531,90.98999786376952,88.22000122070312,90.36000061035156,1365400,0,0,0.027752530621276694,2.8822966351145953,79.9120002746582,91.59664727376314,68.22735327555326,81.56999969482422,79.7249984741211,81.1725025177002,68.81500244140625,67.37000274658203
2021-02-12,90.41999816894533,92.75,90.0,92.13999938964844,1070700,0,0,0.019698968207985557,2.9390749048957017,80.54850006103516,93.39660990057438,67.70039022149594,84.5099983215332,80.60499954223633,80.46500205993652,68.81500244140625,66.31999969482422
2021-02-16,93.4499969482422,95.0,92.0999984741211,93.80999755859376,1162200,0,0,0.018124573258168963,2.99234438332073,81.32749977111817,95.36643336002415,67.2885661822122,86.53499984741211,81.72999954223633,80.46000099182129,68.81500244140625,62.68000030517578
2021-02-17,93.41999816894533,95.12000274658205,92.25,94.08999633789062,2199400,0,0,0.0029847434877288137,3.0012757637318885,82.03599967956544,97.1222227055383,66.94977665359256,87.03000259399414,81.79000091552734,80.46000099182129,68.81500244140625,64.0
2021-02-18,93.25,93.68000030517578,89.31999969482422,90.5,1713900,0,0,-0.038154920582613605,2.8867623253201753,82.43349952697754,97.97011678970212,66.89688226425297,89.08500289916992,81.79000091552734,79.91750144958496,68.81500244140625,62.15999984741211
2021-02-19,91.36000061035156,93.41999816894533,91.18000030517578,92.33999633789062,912000,0,0,0.020331451247410204,2.9454543928002828,83.06649932861328,99.1312380827664,67.00176057446015,90.17000198364258,81.79000091552734,79.91750144958496,68.81500244140625,59.88999938964844
2021-02-22,88.0,89.48999786376953,86.80000305175781,87.55999755859375,1874100,0,0,-0.05176520434120335,2.792982344279281,83.49449920654297,99.55918404028965,67.42981437279629,90.64500045776367,81.79000091552734,79.91750144958496,68.81500244140625,61.27999877929688
2021-02-23,83.56999969482422,88.63999938964844,81.56999969482422,88.19000244140625,2325700,0,0,0.007195122206243854,2.813078193566252,84.11349945068359,99.89459235637533,68.33240654499185,88.34500122070312,81.79000091552734,79.91750144958496,68.81500244140625,61.220001220703125
2021-02-24,88.11000061035156,89.38999938964844,86.5199966430664,87.98999786376953,1972100,0,0,-0.0022678826635661453,2.806698462299807,84.84299926757812,99.90029472258169,69.78570381257455,88.34500122070312,81.79000091552734,79.52750015258789,69.82500076293945,64.22000122070312
2021-02-25,86.6500015258789,87.94999694824219,83.5999984741211,84.44999694824219,2192200,0,0,-0.04023185590944267,2.6937797741833065,85.59249916076661,98.88295915684066,72.30203916469256,88.34500122070312,81.79000091552734,79.1150016784668,69.92500114440918,63.2599983215332
2021-02-26,84.37999725341797,87.37000274658203,83.80000305175781,85.80999755859375,2023600,0,0,0.01610421148013863,2.7371609733476747,86.1739990234375,98.37827376043536,73.96972428643964,88.34500122070312,81.79000091552734,81.21750068664551,70.8700008392334,65.41999816894531
2021-03-01,87.30000305175781,90.3000030517578,87.20999908447266,89.66999816894531,1375400,0,0,0.04498311059519411,2.8602869881286224,87.06249885559082,97.40791752266831,76.71708018851332,88.34500122070312,81.79000091552734,81.59499931335449,73.41500091552734,64.63999938964844
2021-03-02,89.5999984741211,89.95999908447266,86.62999725341797,87.7699966430664,1787700,0,0,-0.02118882083948692,2.7996808795876493,87.70849876403808,96.38523627709918,79.03176125097698,87.625,81.79000091552734,81.76499938964844,73.4900016784668,67.8499984741211
2021-03-03,86.98999786376953,87.5999984741211,79.63999938964844,82.30999755859375,2776700,0,0,-0.062208035698996245,2.6255182314844636,87.90999870300293,95.84978462603176,79.97021277997409,86.52999877929688,81.79000091552734,80.5825023651123,73.53500175476074,67.80999755859375
2021-03-04,81.5,83.83999633789062,74.12999725341797,77.25,3642400,0,0,-0.06147488408065749,2.464114802552303,87.8404987335205,96.12432993183828,79.55666753520273,82.21500015258789,81.79000091552734,79.83749961853027,73.53500175476074,67.73999786376953
2021-03-05,79.3499984741211,79.37000274658203,68.7699966430664,76.66999816894531,4261000,0,0,-0.007508114317860026,2.4456139469224096,87.61299858093261,96.8205836435956,78.40541351826963,79.53499984741211,81.94499969482422,77.62750053405762,74.9900016784668,68.19000244140625
2021-03-08,75.43000030517578,76.52999877929688,68.76000213623047,69.33000183105469,3805300,0,0,-0.09573492256666893,2.2114832850858273,86.79399871826172,98.99729589106602,74.59070154545742,79.53000259399414,81.94000244140625,77.62750053405762,75.38500213623047,66.12000274658203
2021-03-09,72.9000015258789,72.9000015258789,70.5,70.91000366210938,4041100,0,0,0.022789582999072744,2.261882066962353,85.91049880981446,99.9152020953086,71.90579552432031,79.53000259399414,81.94000244140625,77.62750053405762,75.40500259399414,67.4000015258789
2021-03-10,72.0199966430664,74.26000213623047,69.80000305175781,70.70999908447266,2293400,0,0,-0.002820541070477911,2.2555023356959083,84.98899879455567,100.3937395576949,69.58425803141644,79.53000259399414,81.94000244140625,77.62750053405762,75.79000091552734,68.2699966430664
2021-03-11,73.37999725341797,77.26000213623047,73.0,76.41000366210938,3640100,0,0,0.08061101189984865,2.4373206613188274,84.41349906921387,100.19674174569246,68.63025639273528,79.53000259399414,81.94000244140625,77.07999992370605,75.92500305175781,66.19999694824219
2021-03-12,70.3499984741211,72.3499984741211,66.9000015258789,71.79000091552734,6542800,0,0,-0.060463323192759155,2.2899521544491175,83.48499908447266,99.93779188408604,67.03220628485929,78.43000030517578,81.01000213623047,76.05749893188477,77.04500198364258,65.62000274658203
2021-03-15,71.76000213623047,72.41000366210938,69.70999908447266,70.79000091552734,2299500,0,0,-0.013929516468131342,2.258054228202486,82.4174991607666,99.25572669196656,65.57927162956663,77.25,81.01000213623047,76.28499984741211,77.42500305175781,66.87999725341797
2021-03-16,71.16999816894531,73.0,68.33999633789062,69.52999877929688,1989400,0,0,-0.017799154116893035,2.217862772990408,81.20349922180176,98.08263991198716,64.32435853161637,75.36999893188477,81.01000213623047,77.93999862670898,77.75,65.76000213623047
2021-03-17,68.38999938964844,70.69999694824219,66.26000213623047,70.20999908447266,2532500,0,0,0.009779955661070039,2.239553372572592,80.00949935913086,96.44119107806723,63.57780764019448,72.81500244140625,80.69000244140625,78.625,78.625,67.66999816894531
2021-03-18,69.0,69.68000030517578,66.4000015258789,66.79000091552734,2524600,0,0,-0.04871098438315835,2.1304625232159586,78.82399940490723,95.47932545900444,62.16867335081001,71.76000213623047,80.69000244140625,79.3700008392334,78.98500061035156,69.9000015258789
2021-03-19,66.95999908447266,68.16000366210938,65.5999984741211,66.91000366210938,4489600,0,0,0.0017967172471491377,2.134290361975826,77.55249977111816,93.75821707540823,61.3467824668281,71.43000030517578,80.36000061035156,80.19750213623047,79.68500137329102,69.63999938964844
2021-03-22,67.13999938964844,67.91000366210938,66.44000244140625,67.37000274658203,1230400,0,0,0.006874892531699928,2.1489633788458526,76.54300003051758,92.64326933567449,60.44273072536066,71.43000030517578,80.36000061035156,80.64749908447266,79.7249984741211,69.38999938964844
2021-03-23,66.9000015258789,67.5999984741211,65.75,66.31999969482422,1016600,0,0,-0.015585616876215513,2.1154704589421436,75.44949989318847,91.2002639405929,59.69873584578404,71.43000030517578,80.36000061035156,82.55749893188477,80.60499954223633,67.12999725341797
2021-03-24,67.05000305175781,67.05000305175781,62.310001373291016,62.68000030517578,1846300,0,0,-0.054885395150755856,1.9993620268733532,74.18400001525879,89.7654754345773,58.602524595940274,67.65500068664551,78.71500205993652,84.13249969482422,81.72999954223633,64.63999938964844
2021-03-25,61.2400016784668,64.6500015258789,60.5,64.0,2091400,0,0,0.021059344103341093,2.0414672797844324,73.16150016784668,88.59573262699176,57.7272677087016,66.75,77.09000015258789,84.41000175476074,81.79000091552734,63.97999954223633
2021-03-26,64.48999786376953,64.91999816894531,60.52000045776367,62.15999984741211,2346200,0,0,-0.02875000238418579,1.9827750906233927,71.9790002822876,86.96851321567816,56.98948734889704,66.75,76.95999908447266,85.43750190734863,81.79000091552734,61.9900016784668
2021-03-29,62.15999984741211,62.33000183105469,57.34999847412109,59.88999938964844,4288000,0,0,-0.03651866897258649,1.910366783441827,70.49000034332275,83.9803365542353,56.9996641324102,64.02499771118164,73.82500076293944,85.98000144958496,81.79000091552734,62.34999847412109
2021-03-30,59.58000183105469,62.0,59.119998931884766,61.27999877929688,4153300,0,0,0.023209206942965688,1.954704881455696,69.16550045013427,80.64035425399126,57.69064664627728,63.51499938964844,73.82500076293944,86.21750068664551,81.79000091552734,61.27999877929688
2021-03-31,61.86000061035156,64.2300033569336,61.08000183105469,61.220001220703125,4244200,0,0,-0.000979072450863483,1.9527910837566944,68.11100063323974,78.35825683474175,57.86374443173773,62.755001068115234,73.82500076293944,85.06750106811523,81.79000091552734,62.4900016784668
2021-04-01,63.18000030517578,64.94999694824219,62.7599983215332,64.22000122070312,5983400,0,0,0.04900359261975118,2.04848486249659,67.45950069427491,76.91803432759751,58.000967060952306,62.630001068115234,73.82500076293944,85.06750106811523,81.79000091552734,59.79999923706055
2021-04-05,65.51000213623047,65.76000213623047,61.709999084472656,63.2599983215332,1902500,0,0,-0.014948658999097586,2.017862760822315,66.7890007019043,75.39477058871176,58.183230815096834,62.474998474121094,73.82500076293944,85.06750106811523,81.79000091552734,59.970001220703125
2021-04-06,63.09000015258789,66.0999984741211,63.0099983215332,65.41999816894531,2275200,0,0,0.03414479773510948,2.0867622766478027,66.59350051879883,75.13622744558238,58.05077359201529,62.20000076293945,73.82500076293944,85.06750106811523,81.79000091552734,57.04999923706055
2021-04-07,65.4000015258789,66.4800033569336,63.63999938964844,64.63999938964844,1703500,0,0,-0.011922941013886135,2.061881933113328,66.28000030517578,74.62176895560489,57.93823165474665,61.915000915527344,73.65499877929688,85.06750106811523,81.79000091552734,56.150001525878906
2021-04-08,65.30000305175781,68.13999938964844,64.9800033569336,67.8499984741211,2193900,0,0,0.049659639770768704,2.164274247161592,66.1370002746582,74.26305973708494,58.010940812231475,62.744998931884766,72.4749984741211,84.70750045776367,81.79000091552734,59.209999084472656
2021-04-09,67.9000015258789,69.37999725341797,66.4000015258789,67.80999755859375,1792500,0,0,-0.0005895492472649533,2.1629983009083027,65.70699996948242,72.3788117061619,59.035188232802945,63.36499786376953,70.59499740600586,84.15999984741211,81.79000091552734,59.40999984741211
2021-04-12,67.06999969482422,68.0999984741211,65.36000061035156,67.73999786376953,1365100,0,0,-0.0010322916582282682,2.160765455805513,65.50449981689454,71.6446398264837,59.36435980730537,64.24999809265137,68.36000061035156,82.00250053405762,81.79000091552734,59.369998931884766
2021-04-13,68.37000274658203,69.5,67.36000061035156,68.19000244140625,1295300,0,0,0.006643114730261912,2.1751196686336156,65.37449989318847,71.15746486896937,59.591534917407564,65.29000091552734,67.30500030517578,80.73999977111816,81.79000091552734,58.91999816894531
2021-04-14,68.19000244140625,69.23999786376953,65.69000244140625,66.12000274658203,1544200,0,0,-0.0303563516749088,2.1090909710375625,65.20400009155273,70.67629938561325,59.7317007974922,65.60499954223633,67.30500030517578,80.7350025177002,81.79000091552734,61.20000076293945
2021-04-15,67.19000244140625,68.69999694824219,66.52999877929688,67.4000015258789,1179900,0,0,0.01935872241570724,2.149920277695353,65.06350021362304,70.14035001081656,59.986650416429526,65.60499954223633,67.30500030517578,80.7350025177002,81.79000091552734,62.88999938964844
2021-04-16,67.4000015258789,68.41999816894531,66.5,68.2699966430664,1331300,0,0,0.012907939131922008,2.1776713177783296,65.1375,70.35558471349766,59.91941528650234,66.2549991607666,67.30500030517578,80.7350025177002,81.79000091552734,62.9900016784668
2021-04-19,68.04000091552734,68.13999938964844,64.83999633789062,66.19999694824219,1912800,0,0,-0.030320782138700375,2.1116426201822764,65.10199966430665,70.28044834871119,59.923550979902096,66.56999969482422,65.17499923706055,80.7350025177002,81.79000091552734,64.73999786376953
2021-04-20,66.06999969482422,66.87999725341797,64.19999694824219,65.62000274658203,1853000,0,0,-0.008761242120805868,2.0931420079142464,65.01449966430664,70.09382969430993,59.93516963430335,66.8499984741211,65.17499923706055,79.72000122070312,81.01000213623047,65.97000122070312
2021-04-21,65.0,67.26000213623047,64.58999633789062,66.87999725341797,839300,0,0,0.019201378453181706,2.1333332197644603,65.04249954223633,70.15674058029558,59.92825850417709,66.8499984741211,65.17499923706055,79.13000106811523,81.01000213623047,66.31999969482422
2021-04-22,67.81999969482422,67.91000366210938,65.05000305175781,65.76000213623047,1438100,0,0,-0.01674633916242063,2.097607698119826,65.19649963378906,70.20001310577186,60.19298616180626,66.8499984741211,64.02499771118164,78.19000053405762,81.01000213623047,65.97000122070312
2021-04-23,66.16000366210938,67.76000213623047,65.9800033569336,67.66999816894531,940200,0,0,0.029044950892155308,2.158532610702723,65.37999954223633,70.46395091764872,60.296048166823944,66.8499984741211,63.51499938964844,76.75250244140625,80.69000244140625,65.13999938964844
2021-04-26,67.58999633789062,70.0,67.18000030517578,69.9000015258789,1448000,0,0,0.032954092171927574,2.229665093311932,65.76699962615967,70.98958150933495,60.5444177429844,67.0999984741211,63.67499923706055,76.22500228881836,80.69000244140625,66.06999969482422
2021-04-27,70.33000183105469,70.56999969482422,68.75,69.63999938964844,1626500,0,0,-0.003719629907793509,2.221371564346486,66.25449962615967,70.98353215148215,61.52546710083719,67.3849983215332,63.959999084472656,75.89500045776367,80.36000061035156,63.84000015258789
2021-04-28,69.31999969482422,70.55999755859375,68.44000244140625,69.38999938964844,1142400,0,0,-0.003589890898780812,2.213397082784828,66.65999965667724,70.98241943759642,62.33757987575807,67.3849983215332,63.959999084472656,75.89500045776367,80.36000061035156,64.12999725341797
2021-04-29,70.26000213623047,70.26000213623047,66.47000122070312,67.12999725341797,1485600,0,0,-0.03256956558739521,2.1413077013261184,66.95549945831299,70.47563592710134,63.43536298952464,67.3849983215332,63.959999084472656,75.89500045776367,80.36000061035156,63.47999954223633
2021-04-30,65.81999969482422,65.94999694824219,64.30000305175781,64.63999938964844,2189300,0,0,-0.03709217884174354,2.061881933113327,66.97649936676025,70.434916733683,63.51808199983751,67.3849983215332,63.959999084472656,73.18500137329102,78.71500205993652,62.86000061035156
2021-05-03,64.9800033569336,65.75,62.91999816894531,63.97999954223633,1728900,0,0,-0.010210393775433757,2.0408293066577876,67.0124994277954,70.32582911511973,63.69916974047107,66.74499893188477,63.959999084472656,71.92000007629395,77.81000137329102,62.38999938964844
2021-05-04,63.119998931884766,63.290000915527344,60.959999084472656,61.9900016784668,2529400,0,0,-0.031103436667826778,1.9773525015683122,66.84099960327148,70.77123871626021,62.91076049028275,65.76499938964844,63.959999084472656,71.85499954223633,77.81000137329102,63.040000915527344
2021-05-05,63.20000076293945,63.34999847412109,60.70000076293945,62.34999847412109,2684700,0,0,0.005807336439859201,1.9888356528051165,66.72649955749512,71.0267617815911,62.42623733339913,65.63500022888184,64.84499931335449,68.92499923706055,76.23500061035156,63.31999969482422
2021-05-06,61.880001068115234,62.29999923706055,59.83000183105469,61.27999877929688,2820700,0,0,-0.017161182373858663,1.9547048814556958,66.3979995727539,71.27636924862476,61.519629896883046,65.20000076293945,65.20000076293945,68.67000007629395,76.23500061035156,63.97999954223633
2021-05-07,62.02999877929688,64.48999786376953,62.02999877929688,62.4900016784668,1965300,0,0,0.01974547851294517,1.9933014646916283,66.13199977874756,71.25031825261918,61.013681304875924,65.20000076293945,65.20000076293945,68.29000091552734,76.23500061035156,63.560001373291016
2021-05-10,62.47999954223633,62.7599983215332,59.7400016784668,59.79999923706055,2641700,0,0,-0.04304692541452093,1.9074959652123924,65.73499984741211,71.4920551053142,59.977944589510024,65.14999961853027,65.15500068664551,68.22750091552734,76.23500061035156,63.34000015258789
2021-05-11,55.59000015258789,61.09000015258789,55.560001373291016,59.970001220703125,2807100,0,0,0.0028428425720985473,1.9129186759484045,65.32399978637696,71.48531538770767,59.162684185046245,62.91000175476074,63.06500053405762,68.14999961853027,76.23500061035156,66.30999755859375
2021-05-12,58.58000183105469,60.119998931884766,56.810001373291016,57.04999923706055,2742700,0,0,-0.04869104425888393,1.8197766680341552,64.87049961090088,72.0009799172183,57.740019304583456,60.7549991607666,63.06500053405762,68.01250076293945,76.23500061035156,68.29000091552734
2021-05-13,57.91999816894531,58.61000061035156,55.130001068115234,56.150001525878906,3916300,0,0,-0.015775595498991546,1.7910686074207458,64.30799961090088,72.28587555184825,56.33012366995351,60.44000053405762,62.85000038146973,67.78499984741211,76.23500061035156,69.22000122070312
2021-05-14,57.06999969482422,59.470001220703125,56.59999847412109,59.209999084472656,3712300,0,0,0.0544968383871447,1.8886761838596424,63.854999732971194,71.91090782802155,55.79909163792084,59.80999946594238,62.85000038146973,67.60999870300293,76.23500061035156,69.2300033569336
2021-05-17,57.7599983215332,59.65999984741211,57.5,59.40999984741211,1865600,0,0,0.003377820740279258,1.895055793445155,63.515499877929685,71.72004676294777,55.31095299291159,59.80999946594238,62.85000038146973,66.9799976348877,76.23500061035156,69.0999984741211
2021-05-18,59.810001373291016,61.52999877929688,59.09000015258789,59.369998931884766,1770800,0,0,-0.000673302737419279,1.893779847191866,63.202999687194826,71.53959769891,54.86640167547964,59.80999946594238,62.85000038146973,66.30499935150146,76.23500061035156,70.41999816894531
2021-05-19,57.52999877929688,59.0,56.619998931884766,58.91999816894531,2140700,0,0,-0.00757959863626978,1.8794257560446954,62.80499973297119,71.16165180616389,54.44834765977849,59.80999946594238,62.85000038146973,66.29750061035156,76.23500061035156,67.44999694824219
2021-05-20,59.5,61.34000015258789,59.380001068115234,61.20000076293945,2524800,0,0,0.03869658290647826,1.9521531106300496,62.57699966430664,70.84614348054004,54.307855848073245,58.94499969482422,62.85000038146973,66.45499992370605,76.23500061035156,67.91000366210938
2021-05-21,62.02000045776367,63.7599983215332,61.5,62.88999938964844,2205000,0,0,0.02761435630132203,2.006060562181722,62.337999725341795,70.27040439410995,54.40559505657364,59.44499969482422,62.85000038146973,66.45499992370605,76.23500061035156,68.29000091552734
2021-05-24,65.19000244140625,65.5999984741211,62.75,62.9900016784668,2826200,0,0,0.0015901143232450732,2.009250427814944,61.99249973297119,69.1314289896229,54.853570476319476,60.364999771118164,62.85000038146973,66.77999973297119,76.23500061035156,67.05999755859375
2021-05-25,63.41999816894531,65.5,63.209999084472656,64.73999786376953,1893700,0,0,0.02778212634817212,2.065071677065618,61.74749965667725,68.10540492219398,55.38959439116051,60.364999771118164,62.85000038146973,65.87249946594238,76.23500061035156,68.3499984741211
2021-05-26,65.27999877929688,66.43000030517578,64.80999755859375,65.97000122070312,1402900,0,0,0.018999125695398522,2.104306233428195,61.57649974822998,67.24220477229392,55.91079472416604,61.51499938964844,62.85000038146973,66.01249885559082,76.23500061035156,69.91000366210938
2021-05-27,65.2699966430664,66.73999786376953,64.56999969482422,66.31999969482422,1345600,0,0,0.005305418639453663,2.115470458942143,61.535999870300294,67.05027322911008,56.02172651149051,61.67999839782715,62.85000038146973,66.01249885559082,76.23500061035156,68.72000122070312
2021-05-28,66.80000305175781,67.0999984741211,65.5,65.97000122070312,1834700,0,0,-0.005277419718510812,2.104306233428195,61.60249996185303,67.29603925293068,55.90896067077537,61.85999870300293,62.85000038146973,65.43749809265137,76.23500061035156,66.7699966430664
2021-06-01,66.58999633789062,67.80000305175781,64.5,65.13999938964844,2912400,0,0,-0.012581503951741846,2.0778308962366427,61.66049995422363,67.47342424363788,55.84757566480939,62.21000099182129,62.85000038146973,65.18249893188477,76.23500061035156,64.81999969482422
2021-06-02,63.45000076293945,67.38999938964844,62.34000015258789,66.06999969482422,4681700,0,0,0.014276946789833156,2.1074959773804847,61.8644998550415,67.99076785925926,55.73823185082373,63.59000205993652,62.85000038146973,65.38749885559082,76.23500061035156,64.30000305175781
2021-06-03,65.41999816894531,65.93000030517578,62.52999877929688,63.84000015258789,2114700,0,0,-0.03375207435351357,2.0363636164522076,61.93899993896484,68.12366829178485,55.75433158614483,64.6500015258789,62.84499931335449,65.67249870300293,76.23500061035156,63.22999954223633
2021-06-04,64.37999725341797,64.91000366210938,63.43000030517578,64.12999725341797,1322200,0,0,0.004542561092370612,2.0456139225862224,62.081499862670896,68.3305642337498,55.832435491592,65.07000160217285,62.69500160217285,65.67249870300293,76.23500061035156,62.470001220703125
2021-06-07,63.959999084472656,64.12999725341797,62.79999923706055,63.47999954223633,3006500,0,0,-0.010135626680492282,2.024880343534471,62.13099975585938,68.40814875803264,55.85385075368611,65.07000160217285,61.46500205993652,65.67249870300293,76.23500061035156,60.4900016784668
2021-06-08,64.5,65.44000244140625,62.459999084472656,62.86000061035156,1954300,0,0,-0.0097668389470017,2.0051036633322203,62.283999824523924,68.47405484389711,56.093944805150734,65.07000160217285,61.46500205993652,65.67249870300293,76.23500061035156,58.2400016784668
2021-06-09,62.83000183105469,63.400001525878906,61.93000030517578,62.38999938964844,1649700,0,0,-0.007476952213483212,1.9901115990584053,62.40499973297119,68.5023111283717,56.30768833757069,64.8650016784668,61.46500205993652,65.35249900817871,75.51499938964844,56.97999954223633
2021-06-10,62.08000183105469,63.09999847412109,61.459999084472656,63.040000915527344,3275100,0,0,0.010418360830866558,2.0108452997910886,62.70449981689453,68.28105913251845,57.12794050127062,64.63000106811523,61.46500205993652,64.86249923706055,75.3849983215332,55.790000915527344
2021-06-11,63.43000030517578,63.93000030517578,62.959999084472656,63.31999969482422,1330000,0,0,0.004441604937031496,2.019776680202247,63.0629997253418,67.75006086169672,58.37593858898686,64.63000106811523,61.46500205993652,65.23999977111816,73.82500076293944,57.65999984741211
2021-06-14,63.119998931884766,64.12000274658203,62.93000030517578,63.97999954223633,1365000,0,0,0.010423244639814033,2.0408293066577867,63.30149974822998,67.6497079051237,58.95329159133625,64.42499923706055,61.46500205993652,65.20000076293945,73.82500076293944,59.29999923706055
2021-06-15,64.13999938964844,64.13999938964844,63.119998931884766,63.560001373291016,1921900,0,0,-0.006564522850114329,2.0274322360410486,63.508999824523926,67.46935377054966,59.548645878498185,63.69499969482422,61.46500205993652,65.20000076293945,73.82500076293944,58.56999969482422
2021-06-16,63.43999862670898,64.30000305175781,61.88999938964844,63.34000015258789,1267100,0,0,-0.0034613155435766485,2.0204146533288916,63.70749988555908,67.18126863385363,60.23373113726453,63.45000076293945,61.46500205993652,65.15250015258789,73.82500076293944,59.459999084472656
2021-06-17,62.77999877929688,66.54000091552734,62.77999877929688,66.30999755859375,1760300,0,0,0.046889760007121195,2.115151411538354,64.0769998550415,66.94931256222438,61.204687147858635,64.0,61.46500205993652,62.98750114440918,72.93000221252441,56.84999847412109
2021-06-18,66.38999938964844,68.93000030517578,66.13999938964844,68.29000091552734,3589700,0,0,0.029859801384911844,2.178309412585905,64.4314998626709,67.53910123913761,61.32389848620421,65.19499969482422,62.03000068664551,61.90999984741211,72.93000221252441,55.470001220703125
2021-06-21,68.2699966430664,69.37999725341797,66.80000305175781,69.22000122070312,2004100,0,0,0.01361839643736662,2.207974493729747,64.74799995422363,68.40966846661235,61.08633144183491,65.41999816894531,62.98999786376953,61.64500045776367,72.54500007629395,57.09000015258789
2021-06-22,69.18000030517578,70.0199966430664,68.76000213623047,69.2300033569336,2040200,0,0,0.00014449777599079283,2.208293541133535,65.06000003814697,69.11597747662736,61.00402259966657,65.73999786376953,63.319997787475586,61.329999923706055,71.36499977111816,59.0
2021-06-23,69.0199966430664,70.11000061035156,68.8499984741211,69.0999984741211,1473200,0,0,-0.001877869081447603,2.20414665496988,65.27800006866455,69.69819514940316,60.857804987925945,66.0,63.364999771118164,61.329999923706055,69.48499870300293,58.84000015258789
2021-06-24,70.41999816894531,70.66000366210938,69.5999984741211,70.41999816894531,1607000,0,0,0.01910274564359904,2.2462519078809593,65.50049991607666,70.45903087639137,60.54196895576196,66.2750015258789,63.64000129699707,61.329999923706055,67.25000190734863,58.58000183105469
2021-06-25,71.08000183105469,71.08000183105469,67.12000274658203,67.44999694824219,4188100,0,0,-0.04217553674991248,2.151515027990565,65.55699977874755,70.57763351278425,60.53636604471085,66.48500061035156,65.23000144958496,61.329999923706055,66.19500160217285,57.060001373291016
2021-06-28,68.02999877929688,68.48999786376953,66.55000305175781,67.91000366210938,1353200,0,0,0.006819966414826961,2.166188288222456,65.65399990081787,70.77783393774871,60.53016586388703,66.48500061035156,66.27000045776367,60.89750003814697,66.19500160217285,56.63999938964844
2021-06-29,68.0,68.91999816894531,67.55999755859375,68.29000091552734,1652100,0,0,0.0055956005437529655,2.178309412585905,65.81149997711182,71.05600757673636,60.56699237748728,66.93000030517578,66.27000045776367,61.14750003814697,66.19500160217285,57.38999938964844
2021-06-30,67.83000183105469,68.11000061035156,66.94999694824219,67.05999755859375,1643000,0,0,-0.01801147079284815,2.1390748562233277,65.86099987030029,71.13324825785514,60.58875148274544,68.61000061035156,66.27000045776367,61.607500076293945,66.19500160217285,56.86000061035156
2021-07-01,67.27999877929688,68.37999725341797,66.87999725341797,68.3499984741211,2123400,0,0,0.01923651897541756,2.180223210284906,66.08649978637695,71.37967762310302,60.793321949650874,68.81500244140625,66.27000045776367,61.607500076293945,64.06500053405762,58.150001525878906
2021-07-02,68.94000244140625,70.01000213623047,68.58000183105469,69.91000366210938,1815200,0,0,0.022823777949006585,2.229984140715719,66.37550010681153,71.84010189375392,60.91089831986914,68.81500244140625,66.27000045776367,62.18249988555908,64.06500053405762,55.91999816894531
2021-07-06,69.7300033569336,70.73999786376953,68.5999984741211,68.72000122070312,2830600,0,0,-0.017021919311545175,2.1920255306064305,66.63750019073487,72.02271341644725,61.25228696502249,68.81500244140625,66.27000045776367,62.26499938964844,64.06500053405762,56.68000030517578
2021-07-07,69.51000213623047,70.37999725341797,66.0,66.7699966430664,2311000,0,0,-0.028376084735127205,2.12982442840838,66.8329999923706,71.92852482665606,61.737475158085154,68.54000091552734,66.27000045776367,62.35499954223633,62.91499900817871,55.119998931884766
2021-07-08,65.55999755859375,65.6500015258789,63.68999862670898,64.81999969482422,2654700,0,0,-0.029204688427143743,2.0676235695721936,66.95450000762939,71.72238343863681,62.18661657662197,67.38500022888184,66.27000045776367,62.53000068664551,62.85000038146973,53.22999954223633
2021-07-09,64.87000274658203,65.19999694824219,63.2599983215332,64.30000305175781,2833300,0,0,-0.008022163614849975,2.051036755003165,67.01750011444092,71.60478150803633,62.43021872084552,66.99999809265137,66.27000045776367,63.220001220703125,62.85000038146973,51.02000045776367
2021-07-12,64.26000213623047,64.69999694824219,62.45000076293945,63.22999954223633,2939200,0,0,-0.016640800291412017,2.0169058619728117,67.01300010681152,71.61509461745908,62.41090559616396,66.59499931335449,66.27000045776367,63.7475004196167,62.85000038146973,50.130001068115234
2021-07-13,63.02999877929688,63.75,61.97999954223633,62.470001220703125,2206400,0,0,-0.01201958448577145,1.992663491564982,66.93750019073487,71.78200425616194,62.09299612530779,66.35999870300293,66.27000045776367,63.88250160217285,62.85000038146973,48.630001068115234
2021-07-14,62.84999847412109,63.0,60.34000015258789,60.4900016784668,4462200,0,0,-0.03169520575549689,1.929505612198363,66.78400020599365,72.21286078294565,61.35513962904164,65.53999900817871,65.71000099182129,63.26750183105469,62.85000038146973,49.93999862670898
2021-07-15,60.619998931884766,60.70000076293945,57.459999084472656,58.2400016784668,5579000,0,0,-0.03719622974983239,1.8577352781434415,66.5290002822876,72.97657320104497,60.08142736353023,64.0999984741211,64.27000045776367,63.26750183105469,62.85000038146973,50.08000183105469
2021-07-16,58.5099983215332,58.86000061035156,56.81999969482422,56.97999954223633,3423700,0,0,-0.02163465144088983,1.8175438229313636,66.06250038146973,73.75131092778432,58.37368983515515,63.779998779296875,63.95000076293945,63.16500186920166,62.85000038146973,52.93999862670898
2021-07-19,56.06999969482422,56.06999969482422,54.16999816894531,55.790000915527344,4145100,0,0,-0.02088449695102046,1.7795853345030075,65.43750038146973,74.26194816032864,56.613052602610814,62.27499771118164,62.625,63.04750156402588,62.85000038146973,55.04999923706055
2021-07-20,55.709999084472656,58.0099983215332,54.79999923706055,57.65999984741211,2732300,0,0,0.033518532016447944,1.8392344225135477,64.85950031280518,74.12543081253703,55.59356981307334,59.90999984741211,62.625,63.04750156402588,62.85000038146973,52.880001068115234
2021-07-21,58.0,59.75,57.41999816894531,59.29999923706055,2368500,0,0,0.028442584009511496,1.8915470020890748,64.36300010681153,73.70365453825511,55.022345675367944,59.68499755859375,62.625,62.945000648498535,62.85000038146973,50.40999984741211
2021-07-22,59.369998931884766,59.630001068115234,58.0099983215332,58.56999969482422,852900,0,0,-0.012310279116835132,1.8682615305307455,63.83650016784668,73.23730674314874,54.435693592544624,59.43499755859375,62.625,62.58000087738037,62.85000038146973,51.61000061035156
2021-07-23,58.84999847412109,59.77000045776367,58.130001068115234,59.459999084472656,1208700,0,0,0.015195482231274315,1.896650665421299,63.288500213623045,72.35878692287166,54.21821350437443,58.959999084472656,62.625,62.45750141143799,62.85000038146973,49.5
2021-07-26,59.16999816894531,59.20000076293945,56.22999954223633,56.84999847412109,2957700,0,0,-0.04389506644027419,1.8133970584486407,62.758500289916995,72.03288956633793,53.48411101349607,58.584999084472656,62.625,62.73250102996826,62.85000038146973,46.540000915527344
2021-07-27,56.52000045776367,56.810001373291016,53.18999862670898,55.470001220703125,4683000,0,0,-0.024274358671199536,1.7693780078385601,62.13650016784668,71.61409850303285,52.65890183266051,56.94499969482422,62.135000228881836,63.61250019073486,62.85000038146973,47.79999923706055
2021-07-28,56.27000045776367,57.56999969482422,55.34999847412109,57.09000015258789,2907400,0,0,0.0292049557640921,1.8210526142874426,61.57650012969971,70.85280919373649,52.30019106566293,56.47999954223633,62.135000228881836,64.20499801635742,62.85000038146973,44.61000061035156
2021-07-29,57.13999938964844,59.18000030517578,56.70000076293945,59.0,2852900,0,0,0.03345594398856422,1.8819776485512718,61.17350025177002,70.15435678069275,52.1926437228473,56.47999954223633,62.135000228881836,64.52999782562256,62.85000038146973,44.630001068115234
2021-07-30,58.08000183105469,59.29999923706055,57.95000076293945,58.84000015258789,3049200,0,0,-0.0027118618205442813,1.876873985219048,60.69800033569336,69.09021466333343,52.305786008053296,56.47999954223633,62.135000228881836,64.68249988555908,62.85000038146973,44.83000183105469
2021-08-02,59.560001373291016,60.25,58.400001525878906,58.58000183105469,2629000,0,0,-0.0044187342090237225,1.868580577934534,60.131500244140625,67.40339973615139,52.85960075212986,56.71999931335449,62.135000228881836,64.95750141143799,62.895002365112305,42.84999847412109
2021-08-03,58.72999954223633,59.68999862670898,56.34000015258789,57.060001373291016,2143900,0,0,-0.025947429331726002,1.8200957154379418,59.54850025177002,65.7533039520127,53.34369655152735,56.71999931335449,61.96499824523926,65.85750102996826,63.10500144958496,43.90999984741211
2021-08-04,57.20000076293945,57.869998931884766,56.27000045776367,56.63999938964844,1092900,0,0,-0.0073607075628142615,1.806698523140272,59.04200038909912,64.3925518192955,53.69144895890273,56.71999931335449,61.96499824523926,66.37750053405762,63.10500144958496,43.369998931884766
2021-08-05,56.59999847412109,58.81999969482422,56.43999862670898,57.38999938964844,2224300,0,0,0.013241525566419332,1.8306219678252458,58.67050037384033,63.347246407998554,53.99375433968211,56.71999931335449,61.96499824523926,66.60000038146973,63.10500144958496,43.31999969482422
2021-08-06,57.65999984741211,58.09999847412109,56.66999816894531,56.86000061035156,2133500,0,0,-0.009235037200444274,1.8137161058524292,58.29850025177002,62.24406342639078,54.352937077149264,56.71999931335449,61.96499824523926,67.44000053405762,63.10500144958496,41.720001220703125
2021-08-09,57.29999923706055,58.33000183105469,56.58000183105469,58.150001525878906,1584300,0,0,0.022687318003519197,1.8548644599140076,58.04450035095215,61.26845043463104,54.820550267273255,57.79999923706055,61.96499824523926,67.54250144958496,63.10500144958496,40.84000015258789
2021-08-10,58.560001373291016,58.720001220703125,55.84999847412109,55.91999816894531,2011300,0,0,-0.03834915388508042,1.7837319773047988,57.71700019836426,60.34622510299596,55.08777529373256,58.04999923706055,61.96499824523926,67.54250144958496,63.10500144958496,40.900001525878906
2021-08-11,56.0,56.959999084472656,55.38999938964844,56.68000030517578,1792600,0,0,0.013590882709515695,1.8079744693935609,57.526500129699706,59.856469685003255,55.19653057439616,57.81999969482422,61.78499794006348,67.54250144958496,63.10500144958496,41.7400016784668
2021-08-12,56.38999938964844,56.68000030517578,54.77000045776367,55.119998931884766,1899200,0,0,-0.02752295986047415,1.7582136606436798,57.370499992370604,59.899995231315415,54.84100475342579,57.510000228881836,59.420000076293945,67.40500068664551,63.10500144958496,40.45000076293945
2021-08-13,55.220001220703125,55.369998931884766,52.68999862670898,53.22999954223633,2282700,0,0,-0.03428881397447103,1.697926599506495,57.182999992370604,60.29613896573659,54.06986101900462,56.18999862670898,58.944997787475586,66.82750034332275,63.10500144958496,40.150001525878906
2021-08-16,52.65999984741211,52.65999984741211,50.16999816894531,51.02000045776367,4325300,0,0,-0.04151792416828959,1.6274322117048625,56.94449996948242,61.037048199251046,52.8519517397138,54.494998931884766,57.43499755859375,66.63499927520752,63.10500144958496,40.2400016784668
2021-08-17,50.43000030517578,50.869998931884766,49.11000061035156,50.130001068115234,3182200,0,0,-0.01744412743361723,1.5990430768143093,56.56800003051758,61.61392695807945,51.52207310295571,53.96500015258789,56.43000030517578,66.43249988555908,63.10500144958496,40.15999984741211
2021-08-18,50.209999084472656,50.47999954223633,48.36000061035156,48.630001068115234,3370200,0,0,-0.029922201636537804,1.5511961874443618,56.03450012207031,61.996181845269525,50.0728183988711,53.540000915527344,55.68000030517578,66.3149995803833,63.10500144958496,40.0099983215332
2021-08-19,48.09000015258789,50.619998931884766,47.810001373291016,49.93999862670898,4846700,0,0,0.026938053255620042,1.592982392951653,55.60300006866455,62.00603157819382,49.19996855913528,53.26500129699707,54.255001068115234,65.625,63.10500144958496,38.27000045776367
2021-08-20,49.95000076293945,50.34000015258789,49.63999938964844,50.08000183105469,2250900,0,0,0.002803428277846187,1.5974482048381646,55.13400020599365,61.71191520512999,48.55608520685731,53.26500129699707,54.03000068664551,64.18499946594238,63.10500144958496,36.310001373291016
2021-08-23,50.43999862670898,53.27000045776367,50.29999923706055,52.93999862670898,2015000,0,0,0.057108560125507024,1.6886761716915482,54.938500213623044,61.53336956704807,48.34363086019802,52.385000228881836,54.03000068664551,63.864999771118164,63.10500144958496,34.68000030517578
2021-08-24,53.47999954223633,55.29999923706055,53.380001068115234,55.04999923706055,3925200,0,0,0.039856453817266324,1.7559808155408905,54.91750011444092,61.508093024869986,48.32690720401185,52.2450008392334,54.03000068664551,62.44999885559082,62.625,34.720001220703125
2021-08-25,53.75,53.959999084472656,52.09000015258789,52.880001068115234,4545000,0,0,-0.03941867754803596,1.6867623739925468,54.707000160217284,61.27524333931538,48.13875698111919,51.59000015258789,54.03000068664551,61.267499923706055,62.625,35.40999984741211
2021-08-26,51.88999938964844,52.29999923706055,49.91999816894531,50.40999984741211,2589600,0,0,-0.0467095531545374,1.6079744572254682,54.27750015258789,60.78924397664127,47.76575632853451,51.55500030517578,54.03000068664551,61.154998779296875,62.625,33.150001525878906
2021-08-27,50.59000015258789,51.70000076293945,50.34000015258789,51.61000061035156,4537000,0,0,0.023804815841534932,1.6462519930576125,53.91600017547607,60.16933432981006,47.66266602114208,51.55500030517578,54.03000068664551,61.029998779296875,62.625,33.5
2021-08-30,51.7599983215332,51.79999923706055,49.45000076293945,49.5,3934700,0,0,-0.0408835610423991,1.5789473492082704,53.46200008392334,59.61142256452385,47.312577603322836,51.55500030517578,54.03000068664551,60.79249954223633,62.625,33.099998474121094
2021-08-31,45.65999984741211,48.59999847412109,44.5,46.540000915527344,12173500,0,0,-0.05979796130247794,1.484529516721664,52.93600006103516,59.55165056677819,46.320349555292125,49.89999961853027,52.375,60.60499954223633,62.625,34.2599983215332
2021-09-01,47.09000015258789,48.13999938964844,46.88999938964844,47.79999923706055,4743600,0,0,0.0270734485764228,1.5247208502528098,52.49400005340576,59.242060197008584,45.74593990980294,49.89999961853027,52.375,59.53999996185303,62.135000228881836,33.13999938964844
2021-09-02,47.81999969482422,47.81999969482422,44.54999923706055,44.61000061035156,8203100,0,0,-0.06673637400888699,1.42296650933119,51.85500011444092,59.03873786280794,44.6712623660739,49.89999961853027,52.375,59.30749988555908,62.135000228881836,30.8700008392334
2021-09-03,45.0099983215332,45.7400016784668,44.220001220703125,44.630001068115234,4763400,0,0,0.0004483402261830083,1.4236044824578344,51.2435001373291,58.69893752143506,43.78806275322314,49.760000228881836,52.23500061035156,59.30749988555908,62.135000228881836,31.56999969482422
2021-09-07,45.0,45.20000076293945,44.619998931884766,44.83000183105469,3847600,0,0,0.004481307599213613,1.4299840920433473,50.57750015258789,57.820576955153285,43.33442335002249,49.09000015258789,52.23500061035156,59.30749988555908,62.135000228881836,32.04999923706055
2021-09-08,44.84000015258789,44.869998931884766,42.45000076293945,42.84999847412109,6113100,0,0,-0.04416692563153124,1.366826090995796,49.92400016784668,57.476341626755136,42.37165870893822,47.375,51.06999969482422,59.427499771118164,62.135000228881836,33.560001373291016
2021-09-09,42.68999862670898,44.18999862670898,42.68000030517578,43.90999984741211,3949500,0,0,0.02473748917240215,1.4006379366223614,49.2855001449585,56.59805555323494,41.97294473668205,47.125,50.635000228881836,59.342498779296875,62.135000228881836,37.310001373291016
2021-09-10,44.54999923706055,44.88999938964844,43.31999969482422,43.369998931884766,4371200,0,0,-0.012297902924250814,1.3834130272457565,48.6980001449585,55.92781113723403,41.46818915268297,47.125,50.635000228881836,59.342498779296875,62.135000228881836,37.16999816894531
2021-09-13,43.5099983215332,44.119998931884766,42.16999816894531,43.31999969482422,3060800,0,0,-0.0011528530848956553,1.3818181552696114,48.20250015258789,55.48071869399095,40.924281611184824,45.3849983215332,50.44499969482422,59.342498779296875,62.135000228881836,37.540000915527344
2021-09-14,43.720001220703125,43.97999954223633,41.470001220703125,41.720001220703125,4325400,0,0,-0.03693440640333745,1.3307815219473735,47.73750019073486,55.417970285011954,40.05703009645777,44.80500030517578,50.095001220703125,59.342498779296875,62.135000228881836,39.459999084472656
2021-09-15,41.66999816894531,41.790000915527344,40.38999938964844,40.84000015258789,3463200,0,0,-0.021093025943598076,1.3027113127796766,47.273000144958495,55.43259900613443,39.11340128378256,44.10499954223633,49.55500030517578,59.8824987411499,62.135000228881836,38.900001525878906
2021-09-16,40.36000061035156,41.2400016784668,40.119998931884766,40.900001525878906,1650700,0,0,0.0014691815148588638,1.30462523215961,46.88650016784668,55.47804305392883,38.294957281764525,42.93000030517578,48.53999900817871,60.0074987411499,62.135000228881836,36.84000015258789
2021-09-17,41.09000015258789,41.77000045776367,40.630001068115234,41.7400016784668,3887800,0,0,0.02053790027504987,1.3314194950740177,46.47650032043457,55.22892538318308,37.72407525768605,42.65999984741211,48.39999961853027,59.80249881744385,62.135000228881836,37.75
2021-09-20,40.209999084472656,40.91999816894531,40.04999923706055,40.45000076293945,2628100,0,0,-0.030905626824467514,1.2902711410124392,45.99500026702881,54.960779976772,37.02922055728561,42.46999931335449,47.709999084472656,58.46500015258789,62.135000228881836,36.45000076293945
2021-09-21,40.72999954223633,40.88999938964844,39.31999969482422,40.150001525878906,2686200,0,0,-0.0074165446576557326,1.280701787474636,45.35550041198731,54.066806589896686,36.64419423407793,42.10499954223633,47.30999946594238,57.567498207092285,61.885000228881836,33.810001373291016
2021-09-22,40.40999984741211,41.18000030517578,40.15999984741211,40.2400016784668,2335800,0,0,0.002241597737670853,1.2835726057040702,44.615000534057614,52.358256204353175,36.87174486376205,42.10499954223633,47.30999946594238,55.96499824523926,60.625,34.61000061035156
2021-09-23,40.560001373291016,40.709999084472656,39.91999816894531,40.15999984741211,2255000,0,0,-0.001988116990996547,1.2810207131974922,43.97900047302246,50.94488605532226,37.01311489072266,41.71999931335449,47.30999946594238,55.197500228881836,60.095001220703125,33.86000061035156
2021-09-24,39.68999862670898,40.880001068115234,38.869998931884766,40.0099983215332,5310600,0,0,-0.003735097770140361,1.2762359755881247,43.45900039672851,49.9592392381402,36.958761555316826,41.42499923706055,47.084999084472656,54.61000061035156,59.720001220703125,33.88999938964844
2021-09-27,39.65999984741211,39.7400016784668,38.209999084472656,38.27000045776367,2977400,0,0,-0.04348907615007502,1.2207336520603076,42.79200038909912,48.489801527963856,37.09419925023439,40.0,46.7549991607666,53.76000118255615,59.44500160217285,32.04999923706055
2021-09-28,37.59000015258789,37.959999084472656,36.04999923706055,36.310001373291016,3985700,0,0,-0.05121502641829834,1.1582137458203332,42.13250045776367,47.61915838091547,36.645842534611866,38.90999984741211,45.67499923706055,53.64750099182129,59.44500160217285,31.799999237060547
2021-09-29,36.5099983215332,36.54999923706055,34.56999969482422,34.68000030517578,3977700,0,0,-0.04489124226016239,1.1062200919676626,41.5395004272461,47.53810277566475,35.540898078827446,38.170000076293945,44.93499946594238,53.20750045776367,59.44500160217285,30.989999771118164
2021-09-30,34.79999923706055,35.369998931884766,34.279998779296875,34.720001220703125,2254800,0,0,0.0011534289266246223,1.1074960382209513,40.885500526428224,46.86312470699191,34.90787634586454,37.72999954223633,44.119998931884766,53.13750076293945,59.44500160217285,30.34000015258789
2021-10-01,34.95000076293945,35.68000030517578,34.400001525878906,35.40999984741211,2459400,0,0,0.01987323163737531,1.1295055635259919,40.42550048828125,46.60072816797438,34.25027280858812,37.72999954223633,43.28999900817871,52.8100004196167,59.44500160217285,30.34000015258789
2021-10-04,35.209999084472656,35.2400016784668,32.970001220703125,33.150001525878906,3082200,0,0,-0.06382373146771902,1.0574163037482143,39.851500511169434,46.4794192986208,33.22358172371807,37.07500076293945,42.385000228881836,52.792500495910645,59.44500160217285,29.56999969482422
2021-10-05,33.33000183105469,34.41999816894531,32.720001220703125,33.5,3062100,0,0,0.010558022866088423,1.0685805292621626,39.2850004196167,46.050858925568086,32.519141913665315,36.80000114440918,42.260000228881836,52.792500495910645,59.44500160217285,28.57999992370605
2021-10-06,32.79999923706055,33.619998931884766,32.15999984741211,33.099998474121094,3144700,0,0,-0.011940344056086794,1.055821310091137,38.797500419616696,45.86720672583677,31.72779411339662,36.52000045776367,40.3799991607666,52.792500495910645,59.44500160217285,28.75
2021-10-07,33.470001220703125,34.7400016784668,33.470001220703125,34.2599983215332,2844300,0,0,0.035045314226193724,1.0928228996699925,38.31500034332275,45.237242298491964,31.392758388153542,35.95000076293945,40.14999961853027,51.13749980926514,57.790000915527344,30.209999084472656
2021-10-08,34.36000061035156,34.63999938964844,32.439998626708984,33.13999938964844,4485400,0,0,-0.032691155480320644,1.0570972563444259,37.80350036621094,44.66700244028686,30.93999829213502,35.05999946594238,39.989999771118164,51.13749980926514,57.790000915527344,31.309999465942383
2021-10-11,32.720001220703125,33.0,30.709999084472656,30.8700008392334,4674000,0,0,-0.0684972417689329,0.9846890100033261,37.1810004234314,44.1886835936428,30.17331725322,33.6299991607666,38.22500038146973,51.13749980926514,57.790000915527344,31.65999984741211
2021-10-12,31.0,31.809999465942383,30.81999969482422,31.56999969482422,4051000,0,0,0.022675699273100536,1.0070175218716886,36.67350034713745,43.763359532154176,29.58364116212072,33.19499969482422,37.954999923706055,50.9975004196167,57.650001525878906,20.700000762939453
2021-10-13,31.989999771118164,32.290000915527344,31.1200008392334,32.04999923706055,2050200,0,0,0.015204293534251123,1.0223285118683598,36.234000301361085,43.326052705262285,29.141947897459886,33.19499969482422,37.79999923706055,50.66250038146973,57.650001525878906,19.229999542236328
2021-10-14,32.52000045776367,33.72999954223633,32.40999984741211,33.560001373291016,3460700,0,0,0.04711395232997062,1.0704944486420955,35.86700029373169,42.70778101959023,29.026219567873156,32.97500038146973,37.79999923706055,49.22249984741211,56.76500129699707,19.1299991607666
2021-10-15,33.66999816894531,38.2400016784668,33.59000015258789,37.310001373291016,10719500,0,0,0.11174016229285577,1.1901116720669644,35.6455002784729,41.973607757315264,29.317392799630536,34.47500038146973,37.79999923706055,48.88000011444092,56.59499931335449,17.010000228881836
2021-10-18,37.630001068115234,37.630001068115234,35.869998931884766,37.16999816894531,4990800,0,0,-0.0037524309620081686,1.1856458601804531,35.48150014877319,41.45970259946087,29.503297698085518,34.47500038146973,37.41499900817871,48.88000011444092,56.59499931335449,17.530000686645508
2021-10-19,37.15999984741211,37.75,36.15999984741211,37.540000915527344,2898900,0,0,0.009954338574360122,1.1974481805019779,35.35100011825561,41.0184598828667,29.683540353644524,34.47500038146973,37.34499931335449,47.91499900817871,56.45499801635742,17.06999969482422
2021-10-20,37.77000045776367,39.540000915527344,37.709999084472656,39.459999084472656,5621700,0,0,0.05114539483538372,1.2586921404886633,35.31199998855591,40.852296916232675,29.77170306087915,35.125,36.25,47.45000076293945,56.10499954223633,16.34000015258789
2021-10-21,39.04999923706055,40.040000915527344,38.70000076293945,38.900001525878906,7092500,0,0,-0.014191524875480921,1.240829379666346,35.24900007247925,40.59031995546572,29.907680189492773,35.375,36.239999771118164,46.829999923706055,55.564998626708984,16.239999771118164
2021-10-22,38.470001220703125,38.59999847412109,36.150001525878906,36.84000015258789,4083000,0,0,-0.05295633142637701,1.1751196077931494,35.09050016403198,40.025766889386944,30.15523343867702,35.43000030517578,36.239999771118164,45.734999656677246,55.42999839782715,15.600000381469728
2021-10-25,37.22999954223633,38.33000183105469,37.02999877929688,37.75,2170900,0,0,0.024701407265010245,1.2041467158103472,35.064500141143796,39.936893765911385,30.192106516376207,35.58000087738037,35.94499969482422,45.52999973297119,55.24999809265137,15.0
2021-10-26,38.2400016784668,38.27000045776367,36.09999847412109,36.45000076293945,2404900,0,0,-0.03443706588239859,1.1626794360259123,35.07150011062622,39.95150991484298,30.19149030640946,36.22500038146973,35.94499969482422,45.089999198913574,52.85000038146973,16.010000228881836
2021-10-27,36.34999847412109,36.34999847412109,32.720001220703125,33.810001373291016,9005500,0,0,-0.07242796527819717,1.0784689302037536,35.02800016403198,39.936932220813105,30.119068107250854,36.380001068115234,35.94499969482422,44.707499504089355,52.2599983215332,15.25
2021-10-28,34.02000045776367,35.720001220703125,34.0,34.61000061035156,3897600,0,0,0.023661615041888906,1.1039872468648726,35.022500133514406,39.933064105161456,30.11193616186736,36.380001068115234,35.795000076293945,44.707499504089355,52.0099983215332,15.170000076293944
2021-10-29,34.5,34.869998931884766,33.70000076293945,33.86000061035156,2611000,0,0,-0.02167003717924465,1.080063802179899,34.94500017166138,39.87777124469524,30.012229098627515,36.380001068115234,35.795000076293945,44.51499938964844,51.53499984741211,16.799999237060547
2021-11-01,34.0,34.869998931884766,33.720001220703125,33.88999938964844,2710700,0,0,0.0008859651138843905,1.0810207010293997,34.982000064849856,39.87079114851532,30.093208981184386,36.380001068115234,35.375,44.2549991607666,50.93499946594238,17.600000381469727
2021-11-02,33.5099983215332,33.81999969482422,31.93000030517578,32.04999923706055,2961700,0,0,-0.054293307339212005,1.02232851186836,34.90950002670288,39.92677989730559,29.892220156100166,35.98500061035156,35.375,43.3774995803833,49.454999923706055,17.56999969482422
2021-11-03,32.15999984741211,32.290000915527344,31.309999465942383,31.799999237060547,3876800,0,0,-0.00780031219816435,1.014354030306702,34.84450006484985,39.98735464122072,29.701645488478988,34.95499897003174,35.375,42.29249954223633,48.14999961853027,17.68000030517578
2021-11-04,32.0,32.25,30.739999771118164,30.989999771118164,3743600,0,0,-0.025471681930054557,0.9885167270822608,34.6810001373291,40.09170629411789,29.270293980540306,34.535000801086426,35.375,41.552499771118164,47.40999984741211,16.760000228881836
2021-11-05,31.3799991607666,31.549999237060547,29.850000381469727,30.34000015258789,4599300,0,0,-0.020974495751240885,0.9677830871900434,34.54100017547607,40.244197712622096,28.837802638330043,34.0600004196167,34.945000648498535,40.92499923706055,47.26499938964844,16.25
2021-11-08,30.530000686645508,30.75,29.920000076293945,30.34000015258789,2833500,0,0,0.0,0.9677830871900434,34.5145001411438,40.29093418369395,28.738066098593645,33.09999942779541,34.945000648498535,40.50999927520752,47.26499938964844,17.040000915527344
2021-11-09,30.5,30.65999984741211,29.209999084472656,29.56999969482422,2566200,0,0,-0.025379052534315605,0.9432216693784251,34.4145001411438,40.457421473574776,28.371578808712815,32.46500015258789,34.625,39.730000495910645,46.61000061035156,15.640000343322754
2021-11-10,29.15999984741211,29.96999931335449,28.399999618530277,28.57999992370605,2690400,0,0,-0.03347987086017634,0.9116427296951155,34.241000175476074,40.73311604410823,27.74888430684392,31.63499927520752,34.22000026702881,39.53000068664551,46.48500061035156,15.640000343322754
2021-11-11,29.43000030517578,29.84000015258789,28.71999931335449,28.75,2399500,0,0,0.005948218220705348,0.9170653795906616,34.00050010681152,40.92264853410413,27.07835167951892,31.63499927520752,34.22000026702881,38.44999980926514,46.204999923706055,14.949999809265137
2021-11-12,29.5,31.13999938964844,29.31999969482422,30.209999084472656,3435400,0,0,0.050782576851222894,0.9636363227073202,33.6454999923706,40.580701294148135,26.71029869059307,31.109999656677246,34.22000026702881,38.05000019073486,46.204999923706055,16.190000534057617
2021-11-15,30.270000457763672,31.46999931335449,30.100000381469727,31.309999465942383,5362200,0,0,0.03641179790816684,0.9987240537467083,33.35250005722046,40.15992995534121,26.545070159099712,30.34500026702881,34.22000026702881,37.52499961853027,46.204999923706055,15.93000030517578
2021-11-16,31.600000381469727,31.989999771118164,31.13999938964844,31.65999984741211,6647800,0,0,0.011178549582871788,1.0098883401011225,33.0585000038147,39.61786967638662,26.49913033124278,30.324999809265137,34.22000026702881,35.927499771118164,45.47999954223633,17.40999984741211
2021-11-17,26.190000534057617,26.63999938964844,20.670000076293945,20.700000762939453,40480000,0,0,-0.3461781155178536,0.6602870976414627,32.12050008773804,39.998492901379656,24.24250727409642,26.329999923706055,30.355000495910645,35.57499980926514,45.47999954223633,17.239999771118164
2021-11-18,21.1200008392334,21.190000534057617,19.06999969482422,19.229999542236328,21385300,0,0,-0.0710145491074069,0.6133971071210158,31.136999988555907,40.21748343693988,22.056516540171934,25.52999973297119,29.55500030517578,35.49749946594238,45.47999954223633,16.389999389648438
2021-11-19,19.290000915527344,20.290000915527344,19.1200008392334,19.1299991607666,13582600,0,0,-0.005200227969329285,0.6102073023282595,30.251499938964844,40.34395332833933,20.159046549590357,25.52999973297119,29.55500030517578,35.38749980926514,45.19999885559082,15.75
2021-11-22,19.030000686645508,19.049999237060547,16.5,17.010000228881836,18719100,0,0,-0.11082064949760351,0.5425837327560613,29.214499950408936,40.241367127858425,18.187632772959446,24.244999885559082,28.270000457763672,36.13749980926514,44.76499938964844,17.0
2021-11-23,17.06999969482422,17.770000457763672,16.719999313354492,17.530000686645508,13622000,0,0,0.030570279292574387,0.5591706690060216,28.26849994659424,39.88711677846193,16.64988311472655,24.244999885559082,28.270000457763672,35.94499969482422,44.76499938964844,16.860000610351562
2021-11-24,17.229999542236328,17.649999618530273,16.90999984741211,17.06999969482422,13128700,0,0,-0.026240785727505545,0.5444975912955287,27.431499862670897,39.73216147438951,15.130838250952289,24.244999885559082,28.270000457763672,35.90999984741211,44.71500015258789,19.31999969482422
2021-11-26,16.600000381469727,17.18000030517578,16.190000534057617,16.34000015258789,7821900,0,0,-0.04276505889204385,0.5212121197371994,26.517999839782714,39.26109328281998,13.77490639674545,24.09000015258789,28.11500072479248,35.6875,44.71500015258789,17.06999969482422
2021-11-29,16.479999542236328,16.899999618530273,15.739999771118164,16.239999771118164,10966600,0,0,-0.00611997432900202,0.518022314944443,25.636999797821044,38.66418395511989,12.6098156405222,23.864999771118164,27.169999122619625,35.80749988555908,44.71500015258789,15.8100004196167
2021-11-30,16.06999969482422,16.579999923706055,15.0,15.600000381469728,18310800,0,0,-0.039408829967266024,0.49760766161554787,24.72249984741211,37.87251798305177,11.572481711772449,20.81999969482422,26.665000915527344,35.83500003814697,43.834999084472656,15.90999984741211
2021-12-01,15.800000190734863,16.950000762939453,14.770000457763672,15.0,13674500,0,0,-0.03846156197421835,0.4784688936994756,23.869999885559082,37.22067349313853,10.519326277979639,17.980000495910645,26.520000457763672,35.762500286102295,43.69499969482422,16.1200008392334
2021-12-02,15.029999732971191,16.239999771118164,15.0,16.010000228881836,9421100,0,0,0.06733334859212237,0.5106858065094295,23.080499935150147,36.32800806415481,9.832991806145484,17.530000686645508,25.55999946594238,36.08500003814697,43.03999900817871,16.3799991607666
2021-12-03,16.1200008392334,16.1200008392334,15.06999969482422,15.25,6646400,0,0,-0.04747034466063316,0.48644337526113346,22.29349994659424,35.43657643783901,9.150423455349468,16.90999984741211,25.2450008392334,36.16250038146973,43.0049991607666,17.25
2021-12-06,15.210000038146973,15.369999885559082,14.020000457763672,15.170000076293944,12109300,0,0,-0.005245896636462688,0.4838915435950215,21.534999942779542,34.480382815272286,8.5896170702868,15.895000457763672,24.44499969482422,36.08750057220459,43.0049991607666,17.649999618530273
2021-12-07,15.90999984741211,17.690000534057617,15.899999618530272,16.799999237060547,10707600,0,0,0.10744885646466096,0.5358851366072263,20.857999897003175,33.29131542446569,8.424684369540664,15.855000495910645,24.44499969482422,36.08750057220459,43.0049991607666,16.690000534057617
2021-12-08,16.799999237060547,18.420000076293945,16.299999237060547,17.600000381469727,7932300,0,0,0.04761911790117157,0.5614035141088112,20.259499931335448,32.08908260891206,8.429917253758838,16.22000026702881,23.920000076293945,35.87750053405762,43.0049991607666,16.6200008392334
2021-12-09,17.489999771118164,19.100000381469727,17.299999237060547,17.56999969482422,10694200,0,0,-0.0017045844315488612,0.5604465544188445,19.708999919891358,30.941913685601445,8.47608615418127,16.5600004196167,23.155000686645508,35.68000030517578,43.0049991607666,15.109999656677246
2021-12-10,17.670000076293945,18.71999931335449,17.420000076293945,17.68000030517578,6121800,0,0,0.006260706446339137,0.5639553457749231,19.155499935150146,29.607531580721755,8.703468289578536,16.5600004196167,23.135000228881836,35.16499948501587,43.0049991607666,15.229999542236328
2021-12-13,17.520000457763672,18.059999465942383,16.1299991607666,16.760000228881836,6081200,0,0,-0.05203620251209029,0.5346092511944033,18.482999992370605,27.640971187365892,9.32502879737532,16.5600004196167,23.005000114440918,34.95500040054321,43.0049991607666,15.140000343322754
2021-12-14,16.5,17.25,16.1200008392334,16.25,4829500,0,0,-0.03042960751295054,0.5183413015077653,17.730000019073486,24.75261529322636,10.707384744920613,16.5600004196167,23.005000114440918,34.50250053405762,41.90499973297119,14.460000038146973
2021-12-15,16.31999969482422,17.09000015258789,15.760000228881836,17.040000915527344,5558700,0,0,0.04861544095552883,0.543540692446028,16.999000072479248,19.83073260587786,14.167267539080637,16.5600004196167,23.005000114440918,34.02250003814697,41.07499980926514,14.68000030517578
2021-12-16,17.219999313354492,17.260000228881836,15.220000267028809,15.640000343322754,8258800,0,0,-0.0821596535789425,0.4988835774486038,16.746000051498413,19.06199197581143,14.430008127185395,16.5600004196167,23.005000114440918,33.545000076293945,40.5049991607666,14.260000228881836
2021-12-17,15.449999809265137,16.020000457763672,15.25,15.640000343322754,8206800,0,0,0.0,0.4988835774486038,16.566500091552733,18.623996569013087,14.509003614092377,17.160000324249268,23.005000114440918,32.927499771118164,40.09999942779541,14.510000228881836
2021-12-20,15.199999809265137,15.550000190734863,14.90999984741211,14.949999809265137,6994800,0,0,-0.044117680237277135,0.4768739913030974,16.357500123977662,18.162021458562403,14.55297878939292,17.005000114440918,23.005000114440918,32.927499771118164,38.499999046325684,13.869999885559082
2021-12-21,15.210000038146973,16.420000076293945,15.079999923706056,16.190000534057617,7084800,0,0,0.08294319335201594,0.5164274429682978,16.31650013923645,18.096693621076515,14.536306657396384,17.005000114440918,23.005000114440918,32.66499996185303,38.269999504089355,14.65999984741211
2021-12-22,16.100000381469727,16.559999465942383,15.880000114440918,15.93000030517578,5167600,0,0,-0.01605930946913159,0.5081339748433176,16.236500120162965,17.932280519176448,14.540719721149483,16.8149995803833,23.005000114440918,32.28250026702881,38.109999656677246,15.579999923706056
2021-12-23,15.489999771118164,18.809999465942383,15.449999809265137,17.40999984741211,17169200,0,0,0.09290643527203613,0.5553428910866207,16.253500127792357,17.989147722338444,14.517852533246272,16.859999656677246,20.329999923706055,32.27250003814697,37.070000648498535,16.0
2021-12-27,17.309999465942383,17.829999923706055,17.1299991607666,17.239999771118164,5431100,0,0,-0.009764507626874863,0.5499202411910746,16.298500108718873,18.087225391509993,14.509774825927753,16.859999656677246,17.605000495910645,28.34250020980835,32.9350004196167,14.010000228881836
2021-12-28,17.040000915527344,17.389999389648438,16.239999771118164,16.389999389648438,5503600,0,0,-0.04930396709712925,0.5228069917133445,16.306000089645387,18.09494153044148,14.517058648849295,16.859999656677246,17.155000686645508,27.542500019073486,31.979999542236328,13.100000381469728
2021-12-29,16.329999923706055,16.420000076293945,15.68000030517578,15.75,3658200,0,0,-0.03904816433688507,0.5023923383844494,16.313500070571898,18.091647885770897,14.535352255372898,16.859999656677246,16.5600004196167,27.542500019073486,31.979999542236328,13.40999984741211
2021-12-30,15.75,17.549999237060547,15.65999984741211,17.0,6669100,0,0,0.0793650793650793,0.542264746192739,16.4135000705719,18.106965777601292,14.720034363542508,16.859999656677246,16.5600004196167,26.257500171661377,30.69499969482422,13.40999984741211
2021-12-31,16.959999084472656,17.6200008392334,16.84000015258789,16.860000610351562,4484000,0,0,-0.008235258214614016,0.5377990559871597,16.456000089645386,18.149491202154074,14.762508977136697,16.859999656677246,16.5600004196167,26.257500171661377,30.309999465942383,12.9399995803833
2022-01-03,17.059999465942383,19.65999984741211,17.059999465942383,19.31999969482422,11041300,0,0,0.14590741372585048,0.61626792535045,16.659500074386596,18.67564390641844,14.643356242354752,17.369999885559082,16.84000015258789,26.257500171661377,30.239999771118164,13.600000381469728
2022-01-04,18.770000457763672,19.170000076293945,16.719999313354492,17.06999969482422,10152600,0,0,-0.11645962916877117,0.5444975912955287,16.75450005531311,18.655508225794506,14.853491884831712,17.554999828338623,16.84000015258789,26.102500438690186,28.99000072479248,13.140000343322754
2022-01-05,16.700000762939453,17.09000015258789,15.619999885559082,15.8100004196167,6901400,0,0,-0.07381366711972248,0.5043062273441498,16.705000114440917,18.650218436927688,14.759781791954149,17.554999828338623,16.84000015258789,25.517499446868896,28.755000114440918,12.68000030517578
2022-01-06,16.0,16.469999313354492,15.31999969482422,15.90999984741211,5865200,0,0,0.006325074328988212,0.5074960017166731,16.620500087738037,18.549445552039526,14.691554623436549,17.489999771118164,16.84000015258789,23.74250030517578,28.385000228881836,12.449999809265137
2022-01-07,15.90999984741211,16.809999465942383,15.81999969482422,16.1200008392334,4638500,0,0,0.013199308223466044,0.5141945978655081,16.548000144958497,18.436899298249458,14.659100991667534,17.489999771118164,16.84000015258789,22.250000476837158,27.975000381469727,13.0
2022-01-10,16.06999969482422,16.43000030517578,15.210000038146973,16.3799991607666,5299600,0,0,0.016128927295115947,0.5224880051500222,16.483000087738038,18.29889411432574,14.667106061150337,17.43499994277954,16.84000015258789,21.545000076293945,27.975000381469727,12.31999969482422
2022-01-11,16.350000381469727,17.600000381469727,16.219999313354492,17.25,5334300,0,0,0.05311360707009216,0.5502392277543968,16.507500076293944,18.35099562485601,14.664004527731876,17.43499994277954,16.84000015258789,21.077500343322754,27.975000381469727,11.15999984741211
2022-01-12,17.75,18.149999618530277,17.1200008392334,17.649999618530273,5101600,0,0,0.023188383682914315,0.5629983860849562,16.57750005722046,18.4825391167695,14.672460997671417,17.43499994277954,17.28499984741211,20.170000076293945,27.450000762939453,10.710000038146973
2022-01-13,17.639999389648438,17.799999237060547,16.6200008392334,16.690000534057617,4441700,0,0,-0.054390884148506013,0.5323764060916135,16.560000038146974,18.45400231765197,14.665997758641979,17.43499994277954,17.28499984741211,20.15000009536743,27.450000762939453,
2022-01-14,16.329999923706055,16.959999084472656,16.059999465942383,16.6200008392334,3870300,0,0,-0.004194109801337498,0.5301435609888239,16.609000062942506,18.454841424210393,14.763158701674621,17.19000005722046,17.28499984741211,20.070000171661377,27.030000686645508,
2022-01-18,16.219999313354492,16.3700008392334,15.06999969482422,15.109999656677246,5850800,0,0,-0.09085445886330057,0.4819776546353211,16.58250002861023,18.497901513348523,14.667098543871937,16.60999965667725,17.28499984741211,19.857500553131104,27.030000686645508,
2022-01-19,15.31999969482422,15.640000343322754,14.789999961853027,15.229999542236328,5746300,0,0,0.00794175303015665,0.485805402134489,16.59650001525879,18.46705619608197,14.725943834435611,16.46999979019165,17.22499990463257,19.847500324249268,27.030000686645508,
2022-01-20,15.5600004196167,16.43000030517578,15.119999885559082,15.140000343322754,6518500,0,0,-0.00590933694147433,0.48293461432528784,16.544000005722047,18.51462111538132,14.573378896062774,16.46999979019165,17.22499990463257,19.78250026702881,27.030000686645508,
2022-01-21,14.899999618530272,15.449999809265137,14.40999984741211,14.460000038146973,7420300,0,0,-0.044914153880827645,0.4612440147431037,16.470499992370605,18.62999012183163,14.311009862909584,16.27999973297119,17.03499984741211,19.78250026702881,27.030000686645508,
2022-01-24,13.8100004196167,14.710000038146973,13.140000343322754,14.68000030517578,6560700,0,0,0.015214402935575633,0.4682615670350279,16.334000015258788,18.582952044009417,14.085047986508156,15.644999980926515,16.40000009536743,19.78250026702881,27.030000686645508,
2022-01-25,14.229999542236328,14.630000114440918,13.550000190734863,14.260000228881836,5051300,0,0,-0.028610358825800764,0.454864435577824,16.185000038146974,18.566545285473858,13.803454790820089,15.644999980926515,16.40000009536743,19.78250026702881,27.030000686645508,
2022-01-26,14.84000015258789,15.81999969482422,14.460000038146973,14.510000228881836,7566400,0,0,0.017531556520851588,0.4628389171394819,16.091000080108643,18.57993511887878,13.602065041338506,15.46999979019165,16.40000009536743,20.082500219345093,27.030000686645508,
2022-01-27,14.729999542236328,14.84000015258789,13.789999961853027,13.869999885559082,6254800,0,0,-0.04410753502600551,0.44242423339035375,15.997000074386596,18.667753637359056,13.326246511414137,15.049999713897705,16.40000009536743,20.005000114440918,27.030000686645508,
2022-01-28,14.039999961853027,14.720000267028809,13.6899995803833,14.65999984741211,4036900,0,0,0.056957459868153704,0.4676235939083835,15.880000066757201,18.569905736245186,13.190094397269217,14.785000324249268,16.40000009536743,20.005000114440918,27.030000686645508,
2022-01-31,14.579999923706056,15.699999809265137,14.579999923706056,15.579999923706056,4725600,0,0,0.06275580394745717,0.4969696884889033,15.816000032424927,18.469873280213214,13.16212678463664,14.785000324249268,16.40000009536743,19.90999984741211,27.030000686645508,
2022-02-01,15.949999809265137,16.280000686645508,15.479999542236328,16.0,5718900,0,0,0.026957643026357392,0.5103668199461072,15.650000047683715,17.760917569264883,13.539082526102549,14.785000324249268,16.40000009536743,18.59499979019165,27.030000686645508,
2022-02-02,15.59000015258789,15.609999656677246,13.960000038146973,14.010000228881836,7567100,0,0,-0.12437498569488525,0.44688995401616605,15.497000074386596,17.617713582691362,13.37628656608183,14.71000051498413,16.40000009536743,17.232500076293945,27.030000686645508,
2022-02-03,13.640000343322754,13.649999618530272,13.010000228881836,13.100000381469728,7195200,0,0,-0.06495359261566092,0.41786284599896856,15.36150007247925,17.72054093993773,13.00245920502077,14.645000457763672,16.335000038146973,17.007500171661377,27.030000686645508,
2022-02-04,13.260000228881836,13.600000381469728,12.550000190734863,13.40999984741211,7048800,0,0,0.02366408068055348,0.4277511861000938,15.236500072479249,17.728701791901525,12.744298353056974,14.415000438690186,16.105000019073486,16.710000038146973,27.030000686645508,
2022-02-07,13.43000030517578,13.81999969482422,13.279999732971191,13.40999984741211,5628000,0,0,0.0,0.4277511861000938,15.101000022888183,17.680442894564713,12.521557151211654,14.415000438690186,16.105000019073486,16.710000038146973,27.030000686645508,
2022-02-08,13.220000267028809,13.31999969482422,12.760000228881836,12.9399995803833,7284800,0,0,-0.03504849160154988,0.41275915224651166,14.929000043869019,17.602453608181143,12.255546479556893,14.415000438690186,16.105000019073486,16.710000038146973,27.030000686645508,
2022-02-09,13.329999923706056,13.720000267028809,12.960000038146973,13.600000381469728,8017700,0,0,0.051004700346897414,0.4338118091222844,14.746500062942506,17.25260914655246,12.240390979332552,14.415000438690186,15.860000133514404,17.105000019073486,27.030000686645508,
2022-02-10,13.220000267028809,14.34000015258789,13.039999961853027,13.140000343322754,5175900,0,0,-0.03382353126796478,0.4191387618320244,14.521000099182128,16.73284416655543,12.309156031808824,14.415000438690186,15.34999990463257,17.197499990463257,27.030000686645508,
2022-02-11,13.170000076293944,13.670000076293944,12.579999923706056,12.68000030517578,5452400,0,0,-0.03500761233851324,0.4044657145417645,14.320500087738036,16.433260487380547,12.207739688095526,14.415000438690186,15.34999990463257,17.197499990463257,26.30999946594238,
2022-02-14,12.640000343322754,13.170000076293944,12.399999618530272,12.449999809265137,4314100,0,0,-0.018138839934945472,0.39712917568651807,14.112000036239625,16.093479405093692,12.130520667385559,14.00499963760376,15.274999618530273,17.164999961853027,26.17500114440918,
2022-02-15,12.760000228881836,13.06999969482422,12.56999969482422,13.0,3643700,0,0,0.04417672282416896,0.41467304120621207,14.006500053405762,15.98889429813297,12.024105808678556,13.369999885559082,15.274999618530273,17.164999961853027,26.145000457763672,
2022-02-16,12.729999542236328,12.9399995803833,12.119999885559082,12.31999969482422,6846900,0,0,-0.052307715782752284,0.392982441624028,13.861000061035156,15.88996417048394,11.832035951586372,13.230000019073486,15.13499975204468,17.137500047683716,25.18499946594238,
2022-02-17,12.239999771118164,12.25,11.100000381469728,11.15999984741211,9616400,0,0,-0.09415583410277528,0.35598085204517244,13.662000036239624,15.920508560816662,11.403491511662585,12.720000267028809,14.625000000000004,17.137500047683716,24.8700008392334,
2022-02-18,11.09000015258789,11.119999885559082,10.420000076293944,10.710000038146973,9010499,0,0,-0.04032256410554402,0.3416267913182348,13.474500036239624,16.04196605406631,10.907034018412938,12.380000114440918,14.109999656677246,17.359999895095825,24.44499969482422,
