Date,Open,High,Low,Close,Volume,Dividends,Stock Splits,daily_return,cum_return,middle_band,upper_band,lower_band,Conversion,Baseline,SpanA,SpanB,Lagging
2018-09-27,15.119999885559082,15.899999618530272,14.579999923706056,15.199999809265137,2703200,0,0,,,,,,,,,,12.100000381469728
2018-09-28,15.31999969482422,15.449999809265137,14.800000190734863,15.0,213400,0,0,-0.013157882353605488,0.9868421176463945,,,,,,,,11.75
2018-10-01,15.0,15.199999809265137,14.649999618530272,14.649999618530272,133100,0,0,-0.023333358764648593,0.9638157764712857,,,,,,,,12.109999656677246
2018-10-02,14.609999656677246,15.0,14.5,14.800000190734863,71900,0,0,0.010238947174774138,0.9736842352927891,,,,,,,,13.0
2018-10-03,14.989999771118164,15.100000381469728,14.699999809265137,14.770000457763672,151500,0,0,-0.002027008958416898,0.9717105686251813,,,,,,,,14.229999542236328
2018-10-04,14.920000076293944,14.920000076293944,12.0,14.65999984741211,102400,0,0,-0.00744756986745676,0.9644736862743992,,,,,,,,13.40999984741211
2018-10-05,14.68000030517578,14.989999771118164,14.619999885559082,14.850000381469728,47200,0,0,0.012960473126550465,0.9769737215666237,,,,,,,,13.56999969482422
2018-10-08,14.739999771118164,15.06999969482422,14.600000381469728,14.65999984741211,39500,0,0,-0.012794648429417355,0.9644736862743992,,,,,,,,13.300000190734863
2018-10-09,14.210000038146973,14.979999542236328,14.210000038146973,14.850000381469728,36700,0,0,0.012960473126550465,0.9769737215666237,,,,13.949999809265137,,,,11.619999885559082
2018-10-10,14.789999961853027,14.989999771118164,14.510000228881836,14.6899995803833,29300,0,0,-0.01077446444284813,0.966447352942007,,,,13.724999904632568,,,,12.630000114440918
2018-10-11,14.59000015258789,14.789999961853027,14.25,14.43000030517578,117200,0,0,-0.01769906621064299,0.9493421372531857,,,,13.599999904632568,,,,12.489999771118164
2018-10-12,14.75,14.850000381469728,14.300000190734863,14.390000343322754,85700,0,0,-0.0027720000697906144,0.9467105607824647,,,,13.550000190734863,,,,11.5600004196167
2018-10-15,14.34000015258789,14.970000267028809,14.34000015258789,14.420000076293944,8600,0,0,0.0020847624916917606,0.9486842274500725,,,,13.550000190734863,,,,9.93000030517578
2018-10-16,14.420000076293944,14.770000457763672,14.399999618530272,14.40999984741211,10100,0,0,-0.0006934971448629978,0.9480263176469593,,,,13.53499984741211,,,,9.920000076293944
2018-10-17,14.399999618530272,14.880000114440918,14.300000190734863,14.399999618530272,23200,0,0,-0.0006939784169139873,0.9473684078438459,,,,14.639999866485596,,,,10.8100004196167
2018-10-18,14.31999969482422,14.729999542236328,14.31999969482422,14.550000190734863,43600,0,0,0.01041670667904504,0.9572368666653491,,,,14.639999866485596,,,,10.850000381469728
2018-10-19,14.56999969482422,14.75,14.5,14.529999732971191,33800,0,0,-0.0013746018901366064,0.9559210470591225,,,,14.599999904632568,,,,10.079999923706056
2018-10-22,14.470000267028809,14.729999542236328,14.449999809265137,14.479999542236328,80300,0,0,-0.003441169418702983,0.9526315607852881,,,,14.619999885559082,,,,10.289999961853027
2018-10-23,14.390000343322754,14.479999542236328,14.100000381469728,14.119999885559082,85800,0,0,-0.02486185552887432,0.9289473725487982,,,,14.535000324249268,,,,10.579999923706056
2018-10-24,14.079999923706056,14.75,14.0,14.0,83900,0,0,-0.008498575533404162,0.9210526431366349,14.592999982833863,15.148177214784289,14.037822750883437,14.485000133514404,,,,10.489999771118164
2018-10-25,14.100000381469728,14.65999984741211,13.850000381469728,13.850000381469728,128000,0,0,-0.010714258466448023,0.911184247056864,14.525500011444091,15.097268468868975,13.953731554019207,14.410000324249268,,,,11.100000381469728
2018-10-26,13.760000228881836,14.300000190734863,12.890000343322754,13.539999961853027,57900,0,0,-0.022382701160893692,0.8907894823524762,14.452500009536744,15.12793713789896,13.777062881174526,13.885000228881836,,,,10.220000267028809
2018-10-29,13.649999618530272,14.220000267028809,12.010000228881836,12.970000267028809,29700,0,0,-0.04209746650148516,0.8532895019592676,14.36850004196167,15.298106878492423,13.438893205430919,13.445000171661377,,,,10.039999961853027
2018-10-30,12.829999923706056,13.390000343322754,12.119999885559082,12.350000381469728,15800,0,0,-0.04780261162639987,0.8125000352922245,14.246000051498413,15.50680513683468,12.985194966162146,13.380000114440918,,,,10.270000457763672
2018-10-31,12.270000457763672,12.649999618530272,11.760000228881836,11.880000114440918,24700,0,0,-0.038056700608204985,0.7815789647049523,14.101500034332275,15.708212629075128,12.494787439589423,13.255000114440918,,,,11.960000038146973
2018-11-01,11.800000190734863,12.039999961853027,11.65999984741211,11.989999771118164,35400,0,0,0.009259230270842744,0.7888157843140022,13.968000030517578,15.79770953547322,12.138290525561935,13.204999923706055,13.779999732971191,,,10.130000114440918
2018-11-02,12.029999732971191,12.18000030517578,11.420000076293944,12.100000381469728,36700,0,0,0.009174363006789754,0.7960526666647845,13.830500030517578,15.784884932579951,11.876115128455206,13.085000038146973,13.434999942779541,,,10.100000381469728
2018-11-05,12.0,12.479999542236328,11.75,11.75,24300,0,0,-0.028925650449212248,0.7730263254896756,13.685000038146972,15.79925285871288,11.570747217581065,13.085000038146973,13.309999942779541,,,10.199999809265137
2018-11-06,11.949999809265137,12.949999809265137,10.829999923706056,12.109999656677246,80200,0,0,0.030638268653382594,0.7967105137261655,13.548000001907349,15.69772249572829,11.398277508086409,12.744999885559082,12.965000152587892,,,10.220000267028809
2018-11-07,12.0600004196167,13.600000381469728,12.0600004196167,13.0,23000,0,0,0.07349301144133591,0.8552631686268752,13.463500022888184,15.55860465440869,11.368395391367677,12.565000057220459,12.965000152587892,,,10.100000381469728
2018-11-08,13.039999961853027,14.75,12.579999923706056,14.229999542236328,32400,0,0,0.09461534940279437,0.9361841921578481,13.45349998474121,15.53171554240095,11.375284427081471,12.789999961853027,12.949999809265138,,,9.75
2018-11-09,14.130000114440918,14.329999923706056,13.229999542236328,13.40999984741211,48700,0,0,-0.057624716880022575,0.8822368431371994,13.404499959945678,15.437312427038233,11.371687492853123,12.789999961853027,12.949999809265138,,,9.75
2018-11-12,13.359999656677246,14.40999984741211,12.6899995803833,13.56999969482422,11800,0,0,0.011931383238828808,0.8927631490200838,13.361999940872192,15.342417688822099,11.381582192922284,12.789999961853027,12.949999809265138,,,9.109999656677246
2018-11-13,13.619999885559082,14.100000381469728,13.279999732971191,13.300000190734863,24000,0,0,-0.01989679514822229,0.8750000235281493,13.30649995803833,15.226997373696157,11.386002542380503,12.789999961853027,12.90999984741211,,,8.989999771118164
2018-11-14,13.229999542236328,13.970000267028809,11.579999923706056,11.619999885559082,74300,0,0,-0.12631581060774077,0.7644736862743989,13.16749997138977,15.153324212514926,11.181675730264613,12.789999961853027,12.90999984741211,,,9.0
2018-11-15,11.550000190734863,12.869999885559082,11.550000190734863,12.630000114440918,33300,0,0,0.0869191255446593,0.8309210705872719,13.071499967575074,14.963112505613818,11.179887429536329,12.789999961853027,12.900000095367432,,,9.520000457763672
2018-11-16,12.649999618530272,13.300000190734863,12.149999618530272,12.489999771118164,42200,0,0,-0.011084746005875279,0.821710521568882,12.969499969482422,14.751182727702309,11.187817211262535,12.789999961853027,12.900000095367432,,,9.1899995803833
2018-11-19,12.579999923706056,12.579999923706056,11.09000015258789,11.5600004196167,112100,0,0,-0.07445951709718945,0.7605263529391834,12.82350001335144,14.563777684052884,11.083222342649997,12.920000076293945,12.900000095367432,,,8.6899995803833
2018-11-20,11.460000038146973,11.789999961853027,9.5,9.93000030517578,104300,0,0,-0.14100346498905802,0.6532895019592673,12.614000034332275,14.664370710864164,10.563629357800385,12.125,12.190000057220459,,,9.020000457763672
2018-11-21,9.710000038146973,10.699999809265137,9.710000038146973,9.920000076293944,25900,0,0,-0.0010070723639982182,0.652631592156154,12.410000038146972,14.671580454826888,10.148419621467056,11.954999923706055,12.190000057220459,,,10.09000015258789
2018-11-23,9.739999771118164,11.010000228881836,9.649999618530272,10.8100004196167,28000,0,0,0.08971777585462015,0.7111842470568637,12.258000040054322,14.520667223871403,9.99533285623724,11.954999923706055,12.125,,,9.199999809265137
2018-11-26,10.8100004196167,11.859999656677246,10.649999618530272,10.850000381469728,63800,0,0,0.003700273848319391,0.7138158235275849,12.123500061035156,14.38514538941446,9.861854732655852,11.800000190734863,12.125,,,11.210000038146973
2018-11-27,10.789999961853027,11.050000190734863,9.739999771118164,10.079999923706056,32500,0,0,-0.07096778163056328,0.6631578980390386,11.979000043869018,14.372751156898396,9.58524893083964,11.735000133514404,12.125,,,11.539999961853027
2018-11-28,10.020000457763672,10.729999542236328,9.84000015258789,10.289999961853027,21200,0,0,0.020833337275439234,0.6769736901957573,11.876000022888183,14.373219359010722,9.378780686765644,11.400000095367432,12.125,,,11.710000038146973
2018-11-29,10.289999961853027,10.850000381469728,10.010000228881836,10.579999923706056,28700,0,0,0.02818269804937934,0.6960526352939184,11.81100001335144,14.371979687030125,9.250020339672757,11.400000095367432,12.125,,,11.869999885559082
2018-11-30,10.479999542236328,11.350000381469728,10.140000343322754,10.489999771118164,160100,0,0,-0.008506630740727439,0.6901315725493627,11.73600001335144,14.359398818062232,9.112601208640648,11.039999961853027,12.125,,,11.59000015258789
2018-12-03,10.6899995803833,11.75,9.800000190734863,11.100000381469728,129000,0,0,0.05815067909067673,0.7302631921550248,11.68600001335144,14.317939830835233,9.054060195867649,10.679999828338623,12.125,,,10.81999969482422
2018-12-04,11.100000381469728,11.329999923706056,9.859999656677246,10.220000267028809,34600,0,0,-0.0792792868647092,0.6723684470574283,11.60950002670288,14.318217499336653,8.900782554069108,10.75499963760376,12.125,,,9.609999656677246
2018-12-06,9.789999961853027,10.960000038146973,9.770000457763672,10.039999961853027,26300,0,0,-0.01761255386230154,0.6605263215683173,11.50600004196167,14.288309033543257,8.723691050380083,10.75499963760376,12.125,,,10.68000030517578
2018-12-07,9.949999809265137,10.640000343322754,9.75,10.270000457763672,34400,0,0,0.022908416014395527,0.6756579333312627,11.369500064849854,14.112397827639295,8.626602302060412,10.799999713897705,12.125,,,10.520000457763672
2018-12-10,10.4399995803833,12.050000190734863,10.0,11.960000038146973,32500,0,0,0.16455691383204707,0.7868421176463942,11.256000089645386,13.682415103160167,8.829585076130606,10.894999980926514,12.125,,,9.770000457763672
2018-12-11,12.050000190734863,12.050000190734863,9.75,10.130000114440918,56000,0,0,-0.15301002657769114,0.6664473843128726,11.092000102996826,13.349648817609006,8.834351388384645,10.900000095367432,12.125,13.492499828338623,,10.0
2018-12-12,10.31999969482422,10.4399995803833,9.989999771118164,10.100000381469728,50900,0,0,-0.0029614740999285294,0.664473717645265,10.9185001373291,12.901597980726649,8.935402293931553,10.900000095367432,12.125,13.259999990463257,,9.760000228881836
2018-12-13,10.1899995803833,11.739999771118164,9.5,10.199999809265137,57200,0,0,0.009900933071138818,0.6710526274512015,10.763500118255616,12.43478035827373,9.0922198782375,10.775000095367432,12.125,13.197499990463257,,10.5
2018-12-14,10.56999969482422,10.65999984741211,9.649999618530272,10.220000267028809,75600,0,0,0.0019608292291832807,0.672368447057428,10.693500137329101,12.332024993283634,9.054975281374569,10.775000095367432,12.125,12.855000019073486,,10.170000076293944
2018-12-17,10.329999923706056,10.520000457763672,9.529999732971191,10.100000381469728,66400,0,0,-0.011741671470030912,0.6644737176452649,10.567000150680542,11.957344199711379,9.176656101649705,10.775000095367432,12.125,12.765000104904175,,10.550000190734863
2018-12-18,9.899999618530272,10.380000114440918,8.880000114440918,9.75,63200,0,0,-0.034653501806976905,0.641447376470156,10.430000162124633,11.545543069873753,9.314457254375514,10.46500015258789,11.644999980926514,12.869999885559082,,10.369999885559082
2018-12-19,9.779999732971191,10.0,9.420000076293944,9.75,42400,0,0,0.0,0.641447376470156,10.339500141143798,11.362550930469734,9.316449351817862,10.46500015258789,11.644999980926514,12.869999885559082,,10.449999809265137
2018-12-20,9.84000015258789,9.880000114440918,8.899999618530273,9.109999656677246,61600,0,0,-0.06564106085361576,0.5993420901968863,10.298500108718873,11.443739897390682,9.153260320047064,10.46500015258789,11.490000247955322,12.869999885559082,,10.68000030517578
2018-12-21,9.210000038146973,9.5,8.640000343322754,8.989999771118164,607400,0,0,-0.013172326024307512,0.591447360784723,10.252000093460083,11.524811055409588,8.979189131510578,10.345000267028809,11.305000305175781,12.849999904632568,,10.579999923706056
2018-12-24,8.9399995803833,9.220000267028809,8.5,9.0,32900,0,0,0.0011123725402044649,0.5921052705878364,10.161500072479248,11.518300110053437,8.804700034905059,10.119999885559082,10.900000095367432,12.849999904632568,,10.630000114440918
2018-12-26,9.119999885559082,9.890000343322754,8.619999885559082,9.520000457763672,25500,0,0,0.057777828640408035,0.6263158274489428,10.095000076293946,11.440505425981984,8.749494726605908,10.119999885559082,10.900000095367432,12.84500002861023,,10.729999542236328
2018-12-27,9.470000267028809,9.470000267028809,8.550000190734863,9.1899995803833,62700,0,0,-0.03466395604122596,0.6046052431383285,10.050500059127808,11.453329288709181,8.647670829546435,9.579999923706055,10.539999961853027,12.84500002861023,,10.65999984741211
2018-12-28,9.15999984741211,9.15999984741211,8.59000015258789,8.6899995803833,19500,0,0,-0.054406966575633486,0.5717105058834487,9.970500040054322,11.48862285959216,8.452377220516484,9.510000228881836,10.275000095367432,12.910000085830688,,10.539999961853027
2018-12-31,8.579999923706055,9.470000267028809,8.579999923706055,9.020000457763672,32600,0,0,0.03797478634237339,0.5934210901940629,9.892500066757203,11.43770266752976,8.347297465984646,9.440000057220459,10.275000095367432,12.15750002861023,,10.460000038146973
2019-01-02,8.859999656677246,10.5,8.859999656677246,10.09000015258789,36000,0,0,0.11862523730841401,0.6638158078421513,9.872500085830689,11.396224926602299,8.348775245059079,9.5,10.275000095367432,12.072499990463257,,10.420000076293944
2019-01-03,10.0,10.369999885559082,9.130000114440918,9.199999809265137,57400,0,0,-0.08820617738984726,0.6052631529414417,9.77750005722046,11.216955960284306,8.338044154156613,9.5,10.275000095367432,12.039999961853027,,11.270000457763672
2019-01-04,9.800000190734863,11.460000038146973,9.470000267028809,11.210000038146973,85500,0,0,0.21847829027752863,0.7375000117640742,9.827000045776368,11.388230063494404,8.26577002805833,9.980000019073486,10.275000095367432,11.962500095367432,,10.899999618530272
2019-01-07,11.210000038146973,11.899999618530272,10.0600004196167,11.539999961853027,63700,0,0,0.029437994878062756,0.7592105333329563,9.902000045776367,11.63370966086858,8.170290430684153,10.199999809265137,10.275000095367432,11.930000066757202,,10.399999618530272
2019-01-08,11.630000114440918,11.84000015258789,11.350000381469728,11.710000038146973,24400,0,0,0.014731375810736802,0.770394749018954,9.974000024795533,11.874369387872909,8.073630661718157,10.224999904632568,10.275000095367432,11.762500047683716,,9.6899995803833
2019-01-09,11.850000381469728,12.0,11.380000114440918,11.869999885559082,46600,0,0,0.013663522364721459,0.7809210549018385,9.969500017166137,11.85116968884536,8.087830345486914,10.275000095367432,10.275000095367432,11.762500047683716,,9.859999656677246
2019-01-10,11.869999885559082,12.050000190734863,11.43000030517578,11.59000015258789,9400,0,0,-0.02358885725953852,0.7625000196067908,10.042500019073486,12.05368789725794,8.031312140889032,10.315000057220459,10.275000095367432,11.582499980926514,,10.31999969482422
2019-01-11,11.520000457763672,11.520000457763672,10.600000381469728,10.81999969482422,12000,0,0,-0.06643662188319643,0.7118420941182446,10.07849998474121,12.118400016948973,8.038599952533447,10.315000057220459,10.275000095367432,11.402499914169312,,10.029999732971191
2019-01-14,10.829999923706056,10.829999923706056,9.5,9.609999656677246,57000,0,0,-0.11182995122687311,0.6322368274517661,10.048999977111816,12.09816257522662,7.999837378997011,10.454999923706055,10.275000095367432,11.43999981880188,,10.100000381469728
2019-01-15,9.789999961853027,10.6899995803833,9.75,10.68000030517578,19100,0,0,0.11134242317637044,0.7026316078415866,10.071999979019164,12.138765566312566,8.005234391725763,10.59000015258789,10.275000095367432,11.43999981880188,,10.640000343322754
2019-01-16,10.760000228881836,10.899999618530272,10.09000015258789,10.520000457763672,41900,0,0,-0.014981258692901678,0.6921053019587023,10.092999982833863,12.169092100916977,8.016907864750749,10.760000228881836,10.275000095367432,11.462499856948853,,10.029999732971191
2019-01-17,10.359999656677246,11.109999656677246,9.600000381469728,9.770000457763672,17100,0,0,-0.07129277256319,0.6427631960763827,10.094000005722046,12.169442420088467,8.018557591355625,10.775000095367432,10.275000095367432,11.509999990463257,,9.619999885559082
2019-01-18,9.81999969482422,10.800000190734863,9.81999969482422,10.0,13800,0,0,0.023541405471845245,0.6578947450975959,10.106500005722046,12.17644918995314,8.036550821490952,10.775000095367432,10.275000095367432,11.512500047683716,12.699999809265137,9.010000228881836
2019-01-22,9.800000190734863,10.149999618530272,9.729999542236328,9.760000228881836,6700,0,0,-0.02399997711181645,0.6421052862732693,10.139000034332275,12.164812684153018,8.113187384511532,10.775000095367432,10.275000095367432,11.512500047683716,12.474999904632568,8.800000190734863
2019-01-23,9.800000190734863,10.630000114440918,9.779999732971191,10.5,13700,0,0,0.07581964690209264,0.6907894823524757,10.214500045776367,12.174164541546418,8.254835550006316,10.775000095367432,10.275000095367432,11.450000047683716,12.349999904632568,8.859999656677246
2019-01-24,10.670000076293944,10.670000076293944,9.739999771118164,10.170000076293944,3700,0,0,-0.03142856416248152,0.6690789607835935,10.273000049591065,12.151460826982685,8.394539272199445,10.510000228881836,10.275000095367432,11.450000047683716,12.300000190734863,9.050000190734863
2019-01-25,10.170000076293944,10.550000190734863,9.81999969482422,10.550000190734863,5200,0,0,0.037364809399234034,0.6940789686263101,10.324500036239623,12.173489068675362,8.475511003803884,10.304999828338623,10.275000095367432,11.450000047683716,12.300000190734863,8.979999542236328
2019-01-28,10.449999809265137,10.75,10.020000457763672,10.369999885559082,7600,0,0,-0.017061639992562272,0.6822368431371991,10.383500051498412,12.156877133297536,8.610122969699288,10.355000019073486,10.275000095367432,11.055000066757202,11.974999904632568,8.859999656677246
2019-01-29,10.1899995803833,10.449999809265137,10.06999969482422,10.449999809265137,5100,0,0,0.00771455396228693,0.6874999960786413,10.471500062942505,12.063535624604397,8.879464501280614,10.355000019073486,10.275000095367432,11.055000066757202,11.974999904632568,8.899999618530273
2019-01-30,10.4399995803833,10.6899995803833,10.170000076293944,10.68000030517578,5300,0,0,0.022009617235277057,0.7026316078415867,10.55450005531311,12.000019375484513,9.108980735141706,10.355000019073486,10.275000095367432,10.977500200271606,11.974999904632568,9.399999618530272
2019-01-31,10.649999618530272,10.720000267028809,10.300000190734863,10.579999923706056,7800,0,0,-0.00936333133073608,0.6960526352939181,10.57900004386902,12.00854747639969,9.149452611338349,10.264999866485596,10.275000095367432,10.825000286102295,11.815000057220459,10.4399995803833
2019-02-01,10.510000228881836,11.0600004196167,10.350000381469728,10.630000114440918,7700,0,0,0.0047259159825538966,0.6993421215677524,10.650500059127808,11.930721509823192,9.370278608432423,10.394999980926514,10.300000190734863,10.509999990463257,11.744999885559082,10.449999809265137
2019-02-04,10.329999923706056,11.5,10.3100004196167,10.729999542236328,55200,0,0,0.009407283792928656,0.7059210313736891,10.626500034332276,11.881339533245322,9.37166053541923,10.619999885559082,10.300000190734863,10.509999990463257,11.735000133514404,11.18000030517578
2019-02-05,10.800000190734863,10.899999618530272,10.399999618530272,10.65999984741211,22200,0,0,-0.006523736981411843,0.7013157882353602,10.58250002861023,11.76499603030635,9.400004026914111,10.619999885559082,10.315000057220459,10.059999942779541,11.735000133514404,11.09000015258789
2019-02-06,10.960000038146973,10.960000038146973,10.25,10.539999961853027,18200,0,0,-0.011257025072867521,0.6934210588231969,10.524000024795532,11.585973896002772,9.462026153588292,10.65999984741211,10.315000057220459,9.892500162124634,11.735000133514404,11.449999809265137
2019-02-07,10.220000267028809,10.829999923706056,10.210000038146973,10.460000038146973,6400,0,0,-0.007590125616280363,0.6881579058817547,10.453500032424927,11.315015094315534,9.59198497053432,10.760000228881836,10.454999923706055,9.857500076293945,11.690000057220459,11.239999771118164
2019-02-08,10.489999771118164,10.93000030517578,10.270000457763672,10.420000076293944,14800,0,0,-0.0038240881173184915,0.6855263294110335,10.39500002861023,11.078697145783215,9.711302911437246,10.78499984741211,10.59000015258789,9.887500047683716,11.690000057220459,11.390000343322754
2019-02-11,10.5600004196167,11.949999809265137,10.5600004196167,11.270000457763672,19500,0,0,0.08157393236527177,0.7414474078410221,10.417500066757203,11.181486731553193,9.653513401961213,11.059999942779541,10.760000228881836,9.887500047683716,11.625,11.289999961853027
2019-02-12,11.40999984741211,11.43000030517578,10.460000038146973,10.899999618530272,16500,0,0,-0.03283059664638388,0.7171052470596867,10.482000064849853,11.176322966402417,9.787677163297289,11.079999923706055,10.775000095367432,10.127500057220459,11.625,11.06999969482422
2019-02-13,10.960000038146973,10.989999771118164,10.279999732971191,10.399999618530272,27100,0,0,-0.045871561238404746,0.6842105098048069,10.468000030517578,11.157002633160225,9.77899742787493,11.079999923706055,10.775000095367432,10.237499952316284,11.625,10.739999771118164
2019-02-14,10.420000076293944,11.420000076293944,9.6899995803833,9.6899995803833,34300,0,0,-0.06826923694130949,0.6374999803932084,10.42649998664856,11.19435128800011,9.65864868529701,10.819999694824219,10.775000095367432,10.25,11.625,10.81999969482422
2019-02-15,9.90999984741211,10.239999771118164,9.829999923706056,9.859999656677246,16800,0,0,0.017543868282316355,0.6486841960792061,10.430999946594238,11.18416589178756,9.677834001400916,10.819999694824219,10.775000095367432,10.275000095367432,11.625,10.84000015258789
2019-02-19,9.890000343322754,10.399999618530272,9.890000343322754,10.31999969482422,6300,0,0,0.04665314950953969,0.6789473568633649,10.44699993133545,11.175804439527685,9.718195423143214,10.819999694824219,10.724999904632568,10.295000076293945,11.625,10.579999923706056
2019-02-20,10.3100004196167,10.5,10.0,10.029999732971191,8900,0,0,-0.028100772328362833,0.6598684117652038,10.460499906539917,11.146175129244822,9.774824683835012,10.819999694824219,10.724999904632568,10.295000076293945,11.625,10.710000038146973
2019-02-21,10.600000381469728,11.130000114440918,9.890000343322754,10.100000381469728,9500,0,0,0.0069791276532567,0.664473717645265,10.440499925613404,11.143702638933515,9.737297212293292,10.819999694824219,10.775000095367432,10.365000009536743,11.625,11.390000343322754
2019-02-22,9.949999809265137,10.65999984741211,9.890000343322754,10.640000343322754,8000,0,0,0.05346534073837783,0.7000000313708657,10.463999938964843,11.160788183835404,9.767211694094282,10.819999694824219,10.775000095367432,10.432500123977661,11.625,11.59000015258789
2019-02-25,10.279999732971191,10.479999542236328,10.029999732971191,10.029999732971191,7400,0,0,-0.0573308825816321,0.6598684117652038,10.43799991607666,11.158672162140634,9.717327670012684,10.559999942779541,10.775000095367432,10.517500162124634,11.625,12.0
2019-02-26,10.1899995803833,10.279999732971191,9.470000267028809,9.619999885559082,19000,0,0,-0.04087735377143975,0.6328947372548795,10.40049991607666,11.205507258787385,9.595492573365934,10.445000171661377,10.710000038146973,10.525000095367432,11.625,11.6899995803833
2019-02-27,9.649999618530272,9.760000228881836,8.800000190734863,9.010000228881836,24100,0,0,-0.06340952847545644,0.5927631803909498,10.328499937057495,11.337216754067192,9.319783120047799,10.110000133514404,10.375,10.525000095367432,11.625,11.460000038146973
2019-02-28,9.029999732971191,9.460000038146973,8.800000190734863,8.800000190734863,14400,0,0,-0.023307439823787246,0.578947388234231,10.23449993133545,11.429981114561592,9.039018748109307,9.96500015258789,10.375,10.525000095367432,11.625,11.25
2019-03-01,9.0600004196167,9.3100004196167,8.510000228881836,8.859999656677246,106000,0,0,0.00681812098203749,0.5828947215694466,10.148499917984008,11.474063436878678,8.822936399089338,9.820000171661377,10.230000019073486,10.525000095367432,11.625,11.260000228881836
2019-03-04,9.050000190734863,9.300000190734863,8.9399995803833,9.050000190734863,12100,0,0,0.021444756367956064,0.5953947568616709,10.069499921798705,11.458379911524846,8.680619932072565,9.820000171661377,10.230000019073486,10.392500162124634,11.625,11.0
2019-03-05,9.0600004196167,9.949999809265137,8.979999542236328,8.979999542236328,23100,0,0,-0.00773487812411322,0.5907894509816098,9.981999921798707,11.41371964949492,8.550280194102493,9.820000171661377,10.230000019073486,10.289999961853027,11.625,10.989999771118164
2019-03-06,9.109999656677246,9.34000015258789,8.539999961853027,8.859999656677246,34100,0,0,-0.013363016890443835,0.5828947215694466,9.891999912261962,11.368027230792375,8.41597259373155,9.585000038146973,10.230000019073486,10.315000057220459,11.454999923706055,11.4399995803833
2019-03-07,8.819999694824219,9.0,8.779999732971191,8.899999618530273,9700,0,0,0.004514668555645196,0.5855262980401676,9.809999895095824,11.315168826329268,8.304830963862381,9.494999885559082,10.230000019073486,10.315000057220459,11.454999923706055,11.770000457763672
2019-03-08,9.109999656677246,9.579999923706056,8.5,9.399999618530272,174800,0,0,0.056179777688863286,0.6184210352950473,9.75699987411499,11.241162097078893,8.272837651151088,9.389999866485596,10.224999904632568,10.315000057220459,11.300000190734863,11.789999961853027
2019-03-11,9.550000190734863,10.989999771118164,9.550000190734863,10.4399995803833,62100,0,0,0.1106382983040628,0.6868420862755281,9.757999849319457,11.24399320925919,8.272006489379725,9.744999885559082,10.224999904632568,10.269999980926514,11.235000133514404,11.359999656677246
2019-03-12,11.470000267028809,11.470000267028809,10.100000381469728,10.449999809265137,46500,0,0,0.0009578763681779012,0.6874999960786414,9.716999816894532,11.07197777601559,8.362021857773474,9.985000133514404,10.224999904632568,10.347500085830688,10.900000095367432,10.6899995803833
2019-03-13,11.18000030517578,11.5,10.260000228881836,11.18000030517578,40700,0,0,0.06985650806073829,0.7355263450964666,9.730999851226807,11.13988991227017,8.322109790183443,10.0,10.224999904632568,10.460000038146973,10.900000095367432,10.369999885559082
2019-03-14,11.0,11.4399995803833,10.970000267028809,11.09000015258789,17400,0,0,-0.008050102873988552,0.7296052823519112,9.765499877929688,11.269855580253909,8.261144175605468,10.0,10.224999904632568,10.46749997138977,10.539999961853027,9.899999618530272
2019-03-15,11.100000381469728,11.479999542236328,10.289999961853027,11.449999809265137,45600,0,0,0.03246164578214539,0.7532894705884011,9.85349988937378,11.528116009141915,8.178883769605644,10.0,10.224999904632568,10.487499952316284,10.275000095367432,10.0600004196167
2019-03-18,11.4399995803833,11.4399995803833,10.380000114440918,11.239999771118164,45600,0,0,-0.018340614990844273,0.7394736784316823,9.922499895095825,11.704005862209355,8.140993927982295,10.0,10.224999904632568,10.607500076293945,10.275000095367432,10.029999732971191
2019-03-19,10.970000267028809,11.390000343322754,10.640000343322754,11.390000343322754,17700,0,0,0.013345246909170383,0.7493421372531855,9.975999927520752,11.864297749052664,8.08770210598884,10.0,10.224999904632568,10.6875,10.275000095367432,10.199999809265137
2019-03-20,10.90999984741211,11.34000015258789,10.43000030517578,11.289999961853027,14800,0,0,-0.008779664482481797,0.7427631647055167,10.038999938964844,12.013367896322592,8.064631981607096,10.0,10.0,10.910000085830688,10.275000095367432,9.6899995803833
2019-03-21,11.010000228881836,11.380000114440918,10.800000190734863,11.06999969482422,13700,0,0,-0.019486294753954803,0.7282894627456847,10.087499904632569,12.113032897729047,8.061966911536091,10.525000095367432,10.0,10.927500009536743,10.275000095367432,10.100000381469728
2019-03-22,11.239999771118164,11.239999771118164,10.34000015258789,10.739999771118164,17300,0,0,-0.0298102920328307,0.7065789411768025,10.09249987602234,12.124013230859259,8.06098652118542,10.800000190734863,10.0,10.927500009536743,10.275000095367432,9.979999542236328
2019-03-25,10.630000114440918,11.15999984741211,10.479999542236328,10.81999969482422,8600,0,0,0.007448782626717554,0.7118420941182448,10.13199987411499,12.1879564330049,8.076043315225082,10.880000114440918,10.0,10.797499895095825,10.275000095367432,9.949999809265137
2019-03-26,10.550000190734863,11.399999618530272,10.390000343322754,10.84000015258789,11100,0,0,0.0018484711948039134,0.7131579137244713,10.192999887466431,12.257039144328493,8.12896063060437,10.884999752044678,10.0,10.797499895095825,10.275000095367432,10.029999732971191
2019-03-27,10.880000114440918,10.880000114440918,10.489999771118164,10.579999923706056,6800,0,0,-0.02398526062933337,0.6960526352939183,10.271499872207642,12.267159953938986,8.275839790476297,10.884999752044678,10.0,10.772499799728394,10.275000095367432,10.199999809265137
2019-03-28,10.600000381469728,10.710000038146973,10.369999885559082,10.710000038146973,6500,0,0,0.012287345498900315,0.7046052745091946,10.366999864578247,12.250308951918948,8.483690777237546,10.889999866485596,10.0,10.772499799728394,10.275000095367432,10.3100004196167
2019-03-29,10.510000228881836,11.449999809265137,10.4399995803833,11.390000343322754,52500,0,0,0.06349209176038739,0.7493421372531853,10.493499898910523,12.291987699888502,8.695012097932544,10.894999980926514,10.0,10.797499895095825,10.275000095367432,10.34000015258789
2019-04-01,11.5,11.760000228881836,10.869999885559082,11.59000015258789,15300,0,0,0.017559245235877707,0.7625000196067907,10.620499897003175,12.349988438831009,8.89101135517534,11.050000190734863,10.130000114440918,10.797499895095825,10.275000095367432,10.399999618530272
2019-04-02,11.850000381469728,12.0,11.479999542236328,12.0,41100,0,0,0.035375309923577625,0.789473694117115,10.771499919891358,12.426660993543884,9.116338846238833,11.170000076293945,10.25,10.667500019073486,10.275000095367432,10.720000267028809
2019-04-03,12.050000190734863,12.470000267028809,11.619999885559082,11.6899995803833,15800,0,0,-0.0258333683013916,0.7690789294127274,10.91299991607666,12.35882191539072,9.467177916762601,11.40500020980835,10.485000133514404,10.577500104904175,10.275000095367432,11.5
2019-04-04,12.0,12.0,11.039999961853027,11.460000038146973,19400,0,0,-0.019674897390268953,0.7539473803915141,11.040999937057496,12.165872624467223,9.916127249647769,11.420000076293945,10.485000133514404,10.242500066757202,10.275000095367432,10.920000076293944
2019-04-05,11.449999809265137,11.579999923706056,11.0,11.25,11500,0,0,-0.01832461059755186,0.7401315882347953,11.133499956130981,11.967225519606446,10.299774392655516,11.420000076293945,10.485000133514404,10.170000076293945,10.275000095367432,11.0
2019-04-08,11.350000381469728,11.489999771118164,10.6899995803833,11.260000228881836,9000,0,0,0.0008889092339410265,0.7407894980379086,11.174499988555908,11.94540505989703,10.403594917214786,11.420000076293945,10.485000133514404,10.025000095367432,10.275000095367432,10.149999618530272
2019-04-09,11.279999732971191,11.369999885559082,11.0,11.0,4500,0,0,-0.02309060600326962,0.7236842196073554,11.201999998092651,11.902902182788171,10.50109781339713,11.420000076293945,10.485000133514404,10.025000095367432,10.275000095367432,10.15999984741211
2019-04-10,11.010000228881836,11.390000343322754,10.720000267028809,10.989999771118164,15100,0,0,-0.0009091117165305196,0.7230263098042421,11.19249997138977,11.899527753481369,10.485472189298171,11.454999923706055,10.485000133514404,10.025000095367432,10.275000095367432,9.75
2019-04-11,10.970000267028809,11.81999969482422,10.970000267028809,11.4399995803833,62100,0,0,0.04094629832911734,0.7526315607852874,11.209999942779541,11.923379899281592,10.49661998627749,11.579999923706055,10.485000133514404,9.90750002861023,10.275000095367432,10.130000114440918
2019-04-12,11.609999656677246,12.0,11.5,11.770000457763672,10600,0,0,0.028846231598315786,0.7743421450959016,11.225999975204468,11.974088461199257,10.47791148920968,11.579999923706055,10.485000133514404,9.862499952316284,10.275000095367432,10.489999771118164
2019-04-15,11.800000190734863,12.100000381469728,11.5600004196167,11.789999961853027,5000,0,0,0.0016991931445646813,0.7756579019603961,11.253499984741211,12.041443064387188,10.465556905095234,11.579999923706055,11.010000228881836,9.807499885559082,10.275000095367432,10.550000190734863
2019-04-16,12.0,12.0,11.229999542236328,11.359999656677246,5000,0,0,-0.036471612092202066,0.7473684078438452,11.251999950408935,12.039001349794349,10.464998551023522,11.394999980926514,11.285000324249268,9.984999895095825,10.275000095367432,10.210000038146973
2019-04-17,11.300000190734863,11.300000190734863,10.550000190734863,10.6899995803833,10200,0,0,-0.05897888173791699,0.7032894549029677,11.22199993133545,12.04619665659187,10.397803206079029,11.325000286102295,11.365000247955322,10.105000019073486,10.275000095367432,10.369999885559082
2019-04-18,10.579999923706056,11.260000228881836,10.100000381469728,10.369999885559082,24600,0,0,-0.029934490868590347,0.6822368431371989,11.186999940872193,12.09057360464122,10.283426277103166,11.100000381469728,11.285000324249268,10.112499952316284,10.275000095367432,10.710000038146973
2019-04-22,10.199999809265137,10.34000015258789,9.279999732971191,9.899999618530272,31200,0,0,-0.04532307350198883,0.6513157725499268,11.144999933242797,12.195625154478849,10.094374712006745,10.690000057220459,10.875,10.112499952316284,10.275000095367432,10.899999618530272
2019-04-23,10.0,10.65999984741211,9.579999923706056,10.0600004196167,39200,0,0,0.01616169770218434,0.6618421411745433,11.106999969482422,12.2535775420452,9.960422396919643,10.690000057220459,10.875,10.112499952316284,10.275000095367432,11.34000015258789
2019-04-24,11.0,11.0,9.739999771118164,10.029999732971191,19300,0,0,-0.002982175486494709,0.6598684117652034,11.066499948501587,12.30267104052458,9.830328856478594,10.690000057220459,10.875,10.112499952316284,10.275000095367432,11.449999809265137
2019-04-25,9.989999771118164,10.59000015258789,9.989999771118164,10.199999809265137,4600,0,0,0.016949160600185476,0.6710526274512011,11.047499942779542,12.32445448378078,9.770545401778303,10.690000057220459,10.875,10.112499952316284,10.275000095367432,12.229999542236328
2019-04-26,10.539999961853027,10.539999961853027,9.34000015258789,9.6899995803833,23500,0,0,-0.05000002337437093,0.637499980393208,10.996499919891358,12.39994588854338,9.593053951239336,10.690000057220459,10.875,10.0,10.275000095367432,11.649999618530272
2019-04-29,10.0,10.199999809265137,9.789999961853027,10.100000381469728,21600,0,0,0.042311746010437856,0.6644737176452645,10.931999921798706,12.375617551865757,9.488382291731655,10.639999866485596,10.875,10.262500047683716,10.275000095367432,11.630000114440918
2019-04-30,10.100000381469728,10.529999732971191,9.75,9.979999542236328,14400,0,0,-0.011881270762480689,0.656578925491369,10.851499891281128,12.318991467209164,9.38400831535309,10.289999961853027,10.875,10.400000095367432,10.275000095367432,11.8100004196167
2019-05-01,10.039999961853027,10.039999961853027,9.949999809265137,9.949999809265137,2400,0,0,-0.003005985405533318,0.6546052588237612,10.748999881744385,12.166274658829842,9.33172510465893,10.269999980926514,10.875,10.440000057220459,10.275000095367432,11.920000076293944
2019-05-02,10.199999809265137,10.199999809265137,9.829999923706056,10.029999732971191,7900,0,0,0.008040193491417158,0.6598684117652034,10.66599988937378,12.04668791578936,9.2853118629582,10.139999866485596,10.875,10.442499876022339,10.275000095367432,11.989999771118164
2019-05-03,10.0600004196167,10.380000114440918,10.0600004196167,10.199999809265137,8500,0,0,0.016949160600185476,0.6710526274512011,10.602999877929687,11.947131092387266,9.258868663472107,10.170000076293945,10.875,10.442499876022339,10.224999904632568,12.079999923706056
2019-05-06,10.0600004196167,10.479999542236328,10.0600004196167,10.3100004196167,4800,0,0,0.010784373765541089,0.6782895098019832,10.555999898910523,11.871475224914597,9.240524572906448,10.170000076293945,10.875,10.444999933242798,10.224999904632568,12.09000015258789
2019-05-07,10.329999923706056,10.59000015258789,10.039999961853027,10.34000015258789,12600,0,0,0.0029097702958489347,0.680263176469591,10.509999895095826,11.787162207090642,9.23283758310101,9.96500015258789,10.875,10.447499990463257,10.224999904632568,11.489999771118164
2019-05-08,10.220000267028809,10.43000030517578,10.220000267028809,10.399999618530272,3200,0,0,0.005802656195064371,0.6842105098048065,10.479999876022339,11.737539118965351,9.222460633079326,9.96500015258789,10.875,10.59000015258789,10.224999904632568,11.199999809265137
2019-05-09,10.399999618530272,10.989999771118164,10.399999618530272,10.720000267028809,9500,0,0,0.030769294253470303,0.7052631843123075,10.46649990081787,11.70735632312409,9.225643478511651,10.369999885559082,10.875,10.710000038146973,10.25,11.119999885559082
2019-05-10,11.0,11.5,10.779999732971191,11.5,5500,0,0,0.07276116730800974,0.756578956862235,10.469499921798706,11.720114206931923,9.218885636665489,10.625,10.690000057220459,10.945000171661377,10.485000133514404,11.890000343322754
2019-05-13,11.140000343322754,11.470000267028809,10.779999732971191,10.920000076293944,22800,0,0,-0.05043477597443968,0.7184210666659129,10.42699990272522,11.547626081257611,9.306373724192827,10.664999961853027,10.690000057220459,10.952500104904175,10.485000133514404,11.869999885559082
2019-05-14,11.0,11.300000190734863,10.399999618530272,11.0,8200,0,0,0.00732600028819852,0.7236842196073553,10.387499904632568,11.357168420886246,9.41783138837889,10.664999961853027,10.690000057220459,10.952500104904175,10.485000133514404,11.56999969482422
2019-05-15,10.09000015258789,10.539999961853027,10.0600004196167,10.149999618530272,17200,0,0,-0.07727276195179344,0.6677631411773667,10.32699990272522,11.19050361819265,9.463496187257789,10.769999980926514,10.690000057220459,10.952500104904175,10.485000133514404,11.869999885559082
2019-05-16,10.15999984741211,10.960000038146973,10.130000114440918,10.15999984741211,7900,0,0,0.0009852442618403234,0.6684210509804801,10.30049991607666,11.150085419045674,9.450914413107647,10.769999980926514,10.690000057220459,10.952500104904175,10.485000133514404,11.68000030517578
2019-05-17,10.100000381469728,10.399999618530272,9.619999885559082,9.75,16800,0,0,-0.04035431629622932,0.6414473764701558,10.269499921798706,11.15165998302516,9.387339860572252,10.559999942779541,10.690000057220459,10.97000002861023,10.485000133514404,11.670000076293944
2019-05-20,9.75,10.789999961853027,9.75,10.130000114440918,26900,0,0,0.03897437071188903,0.6664473843128723,10.280999946594239,11.149332372738684,9.412667520449794,10.559999942779541,10.690000057220459,11.03250002861023,10.485000133514404,11.520000457763672
2019-05-21,10.640000343322754,10.640000343322754,9.84000015258789,10.489999771118164,16900,0,0,0.03553797162983696,0.6901315725493622,10.302499914169312,11.169153648948162,9.435846179390461,10.559999942779541,10.690000057220459,11.03250002861023,10.485000133514404,11.34000015258789
2019-05-22,10.520000457763672,10.649999618530272,10.420000076293944,10.550000190734863,5100,0,0,0.0057197732055149775,0.6940789686263099,10.328499937057495,11.1920545873629,9.46494528675209,10.559999942779541,10.639999866485596,11.295000076293945,10.485000133514404,11.380000114440918
2019-05-23,10.5,10.579999923706056,9.880000114440918,10.210000038146973,8600,0,0,-0.03222750203232061,0.6717105372543145,10.328999948501586,11.19226479985713,9.465735097146043,10.545000076293945,10.389999866485596,11.34000015258789,10.485000133514404,11.75
2019-05-24,10.380000114440918,10.600000381469728,10.1899995803833,10.369999885559082,6000,0,0,0.01567089586819903,0.6822368431371989,10.362999963760377,11.174377283516659,9.551622644004095,10.460000038146973,10.389999866485596,11.345000267028809,10.485000133514404,11.619999885559082
2019-05-28,10.649999618530272,10.890000343322754,10.630000114440918,10.710000038146973,4600,0,0,0.0327869003220882,0.7046052745091944,10.393499946594238,11.208933369741034,9.578066523447442,10.289999961853027,10.389999866485596,11.192500352859497,10.485000133514404,11.210000038146973
2019-05-29,10.579999923706056,11.239999771118164,10.420000076293944,10.899999618530272,16200,0,0,0.0177403902620501,0.7171052470596865,10.439499950408935,11.26027653645502,9.61872336436285,10.429999828338623,10.420000076293945,10.78250002861023,10.485000133514404,11.760000228881836
2019-05-30,10.550000190734863,11.369999885559082,10.199999809265137,11.34000015258789,38100,0,0,0.040367022885909654,0.7460526509793507,10.508999967575074,11.386297266415099,9.631702668735048,10.494999885559082,10.420000076293945,10.78250002861023,10.485000133514404,11.420000076293944
2019-05-31,11.199999809265137,11.81999969482422,10.899999618530272,11.449999809265137,36600,0,0,0.009700145960945372,0.7532894705884007,10.579999971389771,11.519100648771115,9.640899294008427,10.78499984741211,10.579999923706055,10.78250002861023,10.485000133514404,11.470000267028809
2019-06-03,11.039999961853027,12.229999542236328,10.109999656677246,12.229999542236328,38700,0,0,0.0681222485558497,0.8046052431383282,10.68149995803833,11.848339421702224,9.514660494374436,11.03499984741211,10.78499984741211,10.78250002861023,10.485000133514404,11.479999542236328
2019-06-04,12.260000228881836,12.260000228881836,11.270000457763672,11.649999618530272,29100,0,0,-0.047424361849158325,0.766447352942006,10.74849991798401,11.975328861339294,9.521670974628725,11.070000171661377,10.940000057220459,10.78250002861023,10.485000133514404,11.539999961853027
2019-06-05,11.399999618530272,12.170000076293944,10.75,11.630000114440918,44700,0,0,-0.0017166956861992544,0.7651315960775117,10.81299991607666,12.08251011376401,9.543489718389308,11.070000171661377,10.940000057220459,10.757499933242798,10.485000133514404,11.640000343322754
2019-06-06,11.550000190734863,12.0,10.729999542236328,11.8100004196167,35900,0,0,0.015477240189557318,0.7769737215666227,10.883499956130981,12.209414179635111,9.557585732626851,11.184999942779541,10.940000057220459,10.582499980926514,10.485000133514404,11.420000076293944
2019-06-07,11.789999961853027,12.050000190734863,11.050000190734863,11.920000076293944,42100,0,0,0.009314111157399552,0.7842105411756727,10.943499946594239,12.341822031868183,9.545177861320294,11.184999942779541,10.940000057220459,10.572499990463257,10.485000133514404,11.369999885559082
2019-06-10,12.0,12.050000190734863,11.600000381469728,11.989999771118164,111100,0,0,0.005872457581894919,0.7888157843140017,10.967999935150146,12.421165807106597,9.514834063193696,11.184999942779541,10.940000057220459,10.507499933242798,10.485000133514404,11.029999732971191
2019-06-11,11.970000267028809,12.380000114440918,11.779999732971191,12.079999923706056,297900,0,0,0.007506268082230205,0.7947368470585573,11.025999927520752,12.558200332429275,9.49379952261223,11.244999885559082,11.0,10.522500038146973,10.485000133514404,11.170000076293944
2019-06-12,12.390000343322754,12.390000343322754,11.859999656677246,12.09000015258789,41800,0,0,0.0008278335219364941,0.7953947568616705,11.080499935150147,12.681870699111396,9.479129171188898,11.25,11.005000114440918,10.522500038146973,10.485000133514404,11.15999984741211
2019-06-13,12.130000114440918,12.300000190734863,11.350000381469728,11.489999771118164,53800,0,0,-0.04962782248942277,0.7559210470591219,11.147499942779541,12.698331669025764,9.596668216533319,11.25,11.005000114440918,10.420000076293945,10.485000133514404,11.140000343322754
2019-06-14,11.470000267028809,12.029999732971191,11.18000030517578,11.199999809265137,99900,0,0,-0.025239335738020285,0.7368421019609609,11.199499940872192,12.681908640276507,9.717091241467877,11.559999942779541,11.005000114440918,10.420000076293945,10.485000133514404,11.029999732971191
2019-06-17,12.489999771118164,12.489999771118164,11.0,11.119999885559082,45400,0,0,-0.007142850452539706,0.7315789490195187,11.267999935150147,12.592774921442912,9.943224948857383,11.609999656677246,11.054999828338623,10.622499942779541,10.485000133514404,11.0600004196167
2019-06-18,10.989999771118164,12.0,10.899999618530272,11.890000343322754,53200,0,0,0.06924464619497228,0.7822368745080649,11.355999946594238,12.59700495997195,10.114994933216527,11.609999656677246,11.054999828338623,10.65750002861023,10.485000133514404,11.119999885559082
2019-06-19,11.979999542236328,12.170000076293944,11.56999969482422,11.869999885559082,40200,0,0,-0.0016821242376922063,0.7809210549018383,11.424999952316284,12.61773853452022,10.232261370112349,11.694999694824219,11.054999828338623,10.677500009536743,10.485000133514404,11.039999961853027
2019-06-20,11.720000267028809,11.9399995803833,11.5600004196167,11.56999969482422,27900,0,0,-0.025273815806842514,0.7611842000005641,11.475999927520752,12.599190573155255,10.352809281886248,11.694999694824219,11.054999828338623,10.677500009536743,10.485000133514404,11.369999885559082
2019-06-21,11.550000190734863,11.899999618530272,11.5,11.869999885559082,54500,0,0,0.025929144221936706,0.7809210549018383,11.558999919891358,12.52906502537629,10.588934814406425,11.694999694824219,11.054999828338623,10.730000019073486,10.485000133514404,11.40999984741211
2019-06-24,11.779999732971191,11.9399995803833,11.529999732971191,11.68000030517578,61700,0,0,-0.016006704483161327,0.768421082351346,11.624499940872193,12.424998650101857,10.824001231642528,11.694999694824219,11.054999828338623,10.730000019073486,10.485000133514404,11.270000457763672
2019-06-25,11.729999542236328,11.920000076293944,11.550000190734863,11.670000076293944,39700,0,0,-0.0008561839572388541,0.7677631725482327,11.672499942779542,12.35279898270871,10.992200902850373,11.694999694824219,11.119999885559082,10.625,10.485000133514404,11.300000190734863
2019-06-26,11.5600004196167,11.920000076293944,11.5,11.520000457763672,23600,0,0,-0.012853437664921308,0.7578947764684617,11.70349998474121,12.289132032462511,11.11786793701991,11.694999694824219,11.164999961853027,10.625,10.485000133514404,11.0
2019-06-27,11.5,11.579999923706056,11.300000190734863,11.34000015258789,32500,0,0,-0.01562502587007053,0.7460526509793507,11.70349998474121,12.289132032462511,11.11786793701991,11.694999694824219,11.184999942779541,10.625,10.485000133514404,10.079999923706056
2019-06-28,11.81999969482422,11.81999969482422,11.050000190734863,11.380000114440918,682400,0,0,0.003527333449276915,0.7486842274500719,11.7,12.292521524686048,11.10747847531395,11.534999847412108,11.184999942779541,10.599999904632568,10.875,10.0
2019-07-01,11.5,12.0,11.5,11.75,31500,0,0,0.03251317063604975,0.7730263254896752,11.676000022888184,12.21679858756513,11.135201458211238,11.610000133514404,11.299999713897705,10.46749997138977,10.875,10.020000457763672
2019-07-02,11.760000228881836,11.890000343322754,11.5,11.619999885559082,11100,0,0,-0.01106383952688661,0.7644736862743986,11.674500036239625,12.215749862249778,11.133250210229471,11.525000095367432,11.299999713897705,10.424999952316284,10.875,10.25
2019-07-03,11.779999732971191,11.8100004196167,11.109999656677246,11.210000038146973,12100,0,0,-0.035283980331328735,0.7375000117640743,11.653500032424926,12.231766518643354,11.075233546206498,11.525000095367432,11.299999713897705,10.339999914169312,10.875,10.0600004196167
2019-07-05,11.0,11.84000015258789,11.0,11.760000228881836,11500,0,0,0.04906335315461585,0.7736842352927884,11.651000022888184,12.226941033395804,11.075059012380564,11.5,11.299999713897705,10.424999952316284,10.875,9.670000076293944
2019-07-08,11.68000030517578,11.880000114440918,11.229999542236328,11.420000076293944,11500,0,0,-0.028911577038312708,0.7513158039207929,11.626000022888183,12.196385040543278,11.055615005233088,11.5,11.299999713897705,10.457499980926514,10.875,9.199999809265137
2019-07-09,11.479999542236328,11.5,11.149999618530272,11.470000267028809,13000,0,0,0.004378300385361467,0.7546052901946274,11.600000047683716,12.148394686679492,11.05160540868794,11.5,11.299999713897705,10.682499885559082,10.875,8.5600004196167
2019-07-10,11.5,11.5,11.380000114440918,11.479999542236328,10800,0,0,0.0008717763709442661,0.7552631372560086,11.57000002861023,12.073412769014038,11.06658728820642,11.5,11.609999656677246,10.90999984741211,10.875,8.5600004196167
2019-07-11,11.609999656677246,11.960000038146973,11.369999885559082,11.539999961853027,17300,0,0,0.005226517596621072,0.7592105333329563,11.542500019073486,11.985079029954763,11.09992100819221,11.5,11.609999656677246,11.005000114440918,10.875,8.699999809265137
2019-07-12,11.489999771118164,11.800000190734863,11.489999771118164,11.640000343322754,13400,0,0,0.008665544350111798,0.7657895058806251,11.550000047683715,11.993862078552334,11.106138016815096,11.5,11.609999656677246,11.005000114440918,10.875,8.850000381469727
2019-07-15,11.579999923706056,11.770000457763672,11.34000015258789,11.420000076293944,9600,0,0,-0.018900366025763282,0.7513158039207929,11.561000061035156,11.979536748869828,11.142463373200483,11.480000019073486,11.694999694824219,11.0625,10.875,8.489999771118164
2019-07-16,11.609999656677246,11.609999656677246,11.279999732971191,11.369999885559082,6600,0,0,-0.0043783003853611335,0.7480263176469586,11.573500061035157,11.951117807409107,11.195882314661207,11.480000019073486,11.694999694824219,11.0625,10.875,8.430000305175781
2019-07-17,11.34000015258789,11.479999542236328,11.029999732971191,11.029999732971191,46300,0,0,-0.029903267898860886,0.7256578862749632,11.530500030517578,11.948339293934028,11.112660767101127,11.480000019073486,11.694999694824219,11.0625,10.875,8.300000190734863
2019-07-18,11.779999732971191,11.779999732971191,10.960000038146973,11.170000076293944,57900,0,0,0.012692687825209825,0.7348684352933529,11.49550004005432,11.910961481270549,11.080038598838092,11.460000038146973,11.694999694824219,11.122499942779541,10.875,8.119999885559082
2019-07-19,11.18000030517578,11.550000190734863,11.0,11.15999984741211,36400,0,0,-0.0008952756323661326,0.7342105254902397,11.475000047683716,11.913799705832037,11.036200389535395,11.460000038146973,11.694999694824219,11.127500057220459,10.875,8.130000114440918
2019-07-22,11.199999809265137,11.31999969482422,11.079999923706056,11.140000343322754,11600,0,0,-0.0017920702834053337,0.7328947686257452,11.4385000705719,11.860758161223487,11.016241979920313,11.460000038146973,11.694999694824219,11.127500057220459,10.875,8.649999618530273
2019-07-23,11.170000076293944,11.1899995803833,11.029999732971191,11.029999732971191,4100,0,0,-0.009874381235319807,0.7256578862749631,11.40600004196167,11.848694445805343,10.963305638117998,11.460000038146973,11.694999694824219,11.28250002861023,10.875,8.15999984741211
2019-07-24,10.989999771118164,11.479999542236328,10.760000228881836,11.0600004196167,58200,0,0,0.002719917259456306,0.7276316156843029,11.375500059127807,11.825311203098128,10.925688915157487,11.28000020980835,11.46500015258789,11.332499742507935,10.884999752044678,7.909999847412109
2019-07-25,11.279999732971191,11.350000381469728,11.0600004196167,11.119999885559082,9600,0,0,0.005424906298915122,0.7315789490195185,11.355500030517579,11.813418966677395,10.897581094357763,11.269999980926514,11.46500015258789,11.332499742507935,10.884999752044678,8.069999694824219
2019-07-26,11.109999656677246,11.199999809265137,11.0,11.039999961853027,40900,0,0,-0.007194237817389371,0.7263157960780763,11.340500020980835,11.818890366376218,10.862109675585453,11.269999980926514,11.380000114440918,11.374999761581421,10.884999752044678,7.909999847412109
2019-07-29,11.050000190734863,11.789999961853027,10.949999809265137,11.369999885559082,41900,0,0,0.029891297540427297,0.7480263176469584,11.340000009536743,11.818243459809427,10.861756559264059,11.275000095367432,11.380000114440918,11.374999761581421,10.884999752044678,8.010000228881836
2019-07-30,11.579999923706056,11.65999984741211,11.3100004196167,11.40999984741211,30100,0,0,0.003518026583609002,0.7506578941176795,11.32300000190735,11.764079151730343,10.881920852084356,11.275000095367432,11.380000114440918,11.374999761581421,10.884999752044678,8.630000114440918
2019-07-31,11.640000343322754,11.800000190734863,11.149999618530272,11.270000457763672,42800,0,0,-0.012269885321706697,0.7414474078410217,11.305500030517578,11.725077714722165,10.885922346312991,11.28000020980835,11.380000114440918,11.374999761581421,10.884999752044678,9.5
2019-08-01,11.270000457763672,11.699999809265137,11.220000267028809,11.300000190734863,6600,0,0,0.002661910537059997,0.7434210745086295,11.310000038146972,11.72728368710831,10.892716389185635,11.28000020980835,11.380000114440918,11.40749979019165,10.884999752044678,9.449999809265137
2019-08-02,11.25,11.25,11.0,11.0,7600,0,0,-0.02654868899744267,0.7236842196073552,11.27200002670288,11.655110217440841,10.88888983596492,11.28000020980835,11.380000114440918,11.429999828338623,10.884999752044678,8.779999732971191
2019-08-05,10.859999656677246,10.859999656677246,10.0600004196167,10.079999923706056,10400,0,0,-0.08363637057217665,0.6631578980390379,11.205000019073486,11.846463873043154,10.563536165103818,10.930000305175781,11.03000020980835,11.43999981880188,10.884999752044678,9.770000457763672
2019-08-06,10.210000038146973,10.68000030517578,9.869999885559082,10.0,12600,0,0,-0.007936500427734416,0.6578947450975956,11.131500005722046,11.949433807315252,10.31356620412884,10.835000038146973,10.934999942779541,11.359999895095825,10.884999752044678,10.630000114440918
2019-08-07,9.9399995803833,10.15999984741211,9.890000343322754,10.020000457763672,6400,0,0,0.002000045776367143,0.6592105647038222,11.058500051498413,11.992684866587789,10.124315236409037,10.835000038146973,10.914999961853027,11.454999923706055,10.884999752044678,11.0
2019-08-08,10.5,10.579999923706056,10.25,10.25,8600,0,0,0.02295404508271459,0.6743421137250355,10.994000053405761,11.964138040785123,10.0238620660264,10.835000038146973,10.914999961853027,11.412499904632568,10.884999752044678,10.65999984741211
2019-08-09,10.390000343322754,10.449999809265137,10.050000190734863,10.0600004196167,9200,0,0,-0.01853654442763908,0.6618421411745433,10.915000057220459,11.918959474201504,9.911040640239413,10.835000038146973,10.914999961853027,11.412499904632568,10.884999752044678,11.010000228881836
2019-08-12,9.979999542236328,10.109999656677246,9.670000076293944,9.670000076293944,7400,0,0,-0.0387674281367093,0.6361842235287134,10.827500057220458,11.940518297282352,9.714481817158564,10.735000133514404,10.815000057220459,11.399999856948853,10.914999961853027,10.880000114440918
2019-08-13,9.510000228881836,9.59000015258789,9.170000076293944,9.199999809265137,14700,0,0,-0.048603956910095114,0.6052631529414415,10.719000053405761,12.01022052485579,9.427779581955733,10.434999942779541,10.565000057220459,11.399999856948853,10.914999961853027,10.699999809265137
2019-08-14,9.470000267028809,9.470000267028809,8.34000015258789,8.5600004196167,36900,0,0,-0.0695651524909715,0.563157929409904,10.595500087738037,12.185619314953321,9.005380860522752,9.795000076293945,10.150000095367432,11.399999856948853,10.914999961853027,10.600000381469728
2019-08-15,9.050000190734863,9.4399995803833,8.520000457763672,8.5600004196167,64800,0,0,0.0,0.563157929409904,10.465000104904174,12.262387954430658,8.66761225537769,9.599999904632568,10.150000095367432,11.554999828338623,10.914999961853027,10.729999542236328
2019-08-16,8.819999694824219,9.010000228881836,8.520000457763672,8.699999809265137,26200,0,0,0.01635506808242737,0.5723684156865617,10.342000102996826,12.265961642317409,8.418038563676243,9.510000228881836,10.070000171661377,11.554999828338623,11.054999828338623,9.960000038146973
2019-08-19,8.850000381469727,9.199999809265137,8.550000190734863,8.850000381469727,24200,0,0,0.017241445458981097,0.5822368745080649,10.227500104904175,12.21997201511703,8.23502819469132,9.460000038146973,10.070000171661377,11.554999828338623,11.054999828338623,9.84000015258789
2019-08-20,9.0,9.0,8.34000015258789,8.489999771118164,338100,0,0,-0.0406780333145903,0.5585526235298429,10.100500106811523,12.194515906846537,8.00648430677651,9.460000038146973,10.070000171661377,11.587499856948853,11.054999828338623,9.739999771118164
2019-08-21,8.720000267028809,8.720000267028809,8.369999885559082,8.430000305175781,42200,0,0,-0.007067075095395503,0.5546052901946273,9.969000101089478,12.135346299956092,7.802653902222863,9.394999980926514,10.070000171661377,11.587499856948853,11.054999828338623,9.329999923706056
2019-08-22,8.399999618530273,8.520000457763672,8.140000343322754,8.300000190734863,16300,0,0,-0.01542112808241558,0.5460526509793507,9.828000116348267,12.043403381582582,7.612596851113952,9.125,9.970000267028809,11.587499856948853,11.054999828338623,9.09000015258789
2019-08-23,8.25,8.300000190734863,7.690000057220459,8.119999885559082,30000,0,0,-0.02168678325775364,0.5342105254902397,9.682000112533569,11.943559198724406,7.420441026342731,8.640000104904175,9.745000123977661,11.577499866485596,11.054999828338623,8.6899995803833
2019-08-26,7.960000038146973,8.140000343322754,7.760000228881836,8.130000114440918,11200,0,0,0.0012315552983714895,0.534868435293353,9.520000123977661,11.737979314238135,7.302020933717187,8.580000162124634,9.745000123977661,11.577499866485596,11.054999828338623,8.149999618530273
2019-08-27,8.3100004196167,8.859999656677246,8.100000381469727,8.649999618530273,32800,0,0,0.06396057770844377,0.5690789294127273,9.38200011253357,11.449176527791128,7.314823697276012,8.56499981880188,9.745000123977661,11.577499866485596,11.054999828338623,8.229999542236328
2019-08-28,8.529999732971191,8.640000343322754,8.010000228881836,8.15999984741211,12200,0,0,-0.05664737488178295,0.5368421019609608,9.226500082015992,11.164708365759383,7.288291798272601,8.444999933242798,9.745000123977661,11.577499866485596,11.054999828338623,8.430000305175781
2019-08-29,8.239999771118164,8.430000305175781,7.900000095367432,7.909999847412109,74500,0,0,-0.03063725547486207,0.5203947333335209,9.057000064849854,10.823807237632655,7.2901928920670525,8.444999933242798,9.745000123977661,11.37250018119812,11.054999828338623,8.930000305175781
2019-08-30,8.100000381469727,8.140000343322754,7.710000038146973,8.069999694824219,160900,0,0,0.020227541150263928,0.5309210392164053,8.910500049591064,10.481636598328064,7.3393635008540645,8.34500002861023,9.745000123977661,11.367500066757202,11.054999828338623,9.270000457763672
2019-09-03,8.0,8.079999923706055,7.710000038146973,7.909999847412109,42000,0,0,-0.019826499809501463,0.5203947333335209,8.802000045776367,10.333899763919007,7.270100327633727,8.274999856948853,9.745000123977661,11.325000047683716,11.054999828338623,9.119999885559082
2019-09-04,7.849999904632568,8.010000228881836,7.800000190734863,8.010000228881836,12900,0,0,0.012642273501742629,0.5269737058811897,8.702500057220458,10.16651003979667,7.238490074644246,8.274999856948853,9.745000123977661,11.327500104904175,11.054999828338623,9.270000457763672
2019-09-05,8.130000114440918,8.65999984741211,8.050000190734863,8.630000114440918,20400,0,0,0.07740322944355671,0.5677631725482328,8.633000040054322,9.964875971426972,7.301124108681671,8.274999856948853,9.745000123977661,11.327500104904175,11.054999828338623,9.479999542236328
2019-09-06,8.800000190734863,9.729999542236328,8.800000190734863,9.5,154800,0,0,0.10081110938843185,0.6250000078427158,8.595500040054322,9.775130465355636,7.415869614753008,8.71999979019165,9.694999933242798,11.330000162124634,11.054999828338623,9.34000015258789
2019-09-09,9.550000190734863,9.960000038146973,9.050000190734863,9.449999809265137,96700,0,0,-0.00526317797209086,0.6217105215688814,8.565000009536742,9.614643132461298,7.515356886612188,8.835000038146973,9.47000002861023,11.330000162124634,11.119999885559082,9.420000076293944
2019-09-10,9.380000114440918,9.5,8.59000015258789,8.779999732971191,139800,0,0,-0.07089948040390981,0.5776315686280039,8.520499992370606,9.4458165423472,7.595183442394012,8.835000038146973,9.274999856948853,11.330000162124634,11.164999961853027,9.460000038146973
2019-09-11,8.789999961853027,9.800000190734863,8.680000305175781,9.770000457763672,85600,0,0,0.11275635021659158,0.6427631960763823,8.549000024795532,9.585937737317142,7.5120623122739225,8.835000038146973,9.18500018119812,10.980000257492065,11.184999942779541,9.949999809265137
2019-09-12,9.699999809265137,10.75,9.449999809265137,10.630000114440918,50400,0,0,0.08802452573007336,0.699342121567752,8.652500009536743,10.03361955785078,7.271380461222705,9.230000019073486,9.22000002861023,10.884999990463257,11.179999828338623,9.979999542236328
2019-09-13,10.739999771118164,11.56999969482422,9.920000076293944,11.0,54400,0,0,0.03480713843609795,0.7236842196073552,8.774499988555908,10.494904125176594,7.054095851935221,9.639999866485596,9.629999876022339,10.875,11.179999828338623,10.960000038146973
2019-09-16,10.6899995803833,10.90999984741211,9.770000457763672,10.65999984741211,121600,0,0,-0.03090910478071729,0.7013157882353598,8.872499990463258,10.780021259775275,6.9649787211512395,9.684999942779541,9.629999876022339,10.875,11.179999828338623,10.369999885559082
2019-09-17,10.59000015258789,11.1899995803833,10.239999771118164,11.010000228881836,127500,0,0,0.032833056893025736,0.7243421294104685,8.980499982833862,11.105388977660798,6.8556109880069265,9.809999942779541,9.629999876022339,10.875,11.179999828338623,10.079999923706056
2019-09-18,11.010000228881836,11.09000015258789,10.5600004196167,10.880000114440918,77700,0,0,-0.01180745792356086,0.7157894901951919,9.1,11.366777896649168,6.83322210335083,10.079999923706055,9.629999876022339,10.775000095367432,11.079999923706055,9.65999984741211
2019-09-19,10.869999885559082,11.100000381469728,10.369999885559082,10.699999809265137,105300,0,0,-0.016544145522284337,0.7039473647060809,9.213499975204467,11.561484452521384,6.865515497887549,10.079999923706055,9.629999876022339,10.5,10.829999923706055,9.510000228881836
2019-09-20,10.640000343322754,11.0,10.539999961853027,10.600000381469728,145200,0,0,-0.009345741082052994,0.6973684549001443,9.32849998474121,11.711673125090275,6.945326844392145,10.079999923706055,9.629999876022339,9.972500085830688,10.414999961853027,9.9399995803833
2019-09-23,10.600000381469728,11.0,10.25,10.729999542236328,78000,0,0,0.01226407132907803,0.7059210313736887,9.458999967575073,11.849082830916885,7.068917104233262,10.125,9.629999876022339,9.875,10.414999961853027,10.100000381469728
2019-09-24,10.779999732971191,10.84000015258789,9.779999732971191,9.960000038146973,168900,0,0,-0.07176137343328104,0.6552631686268745,9.550499963760377,11.868316823471861,7.232683104048892,10.509999752044678,9.629999876022339,9.790000200271606,10.414999961853027,9.880000114440918
2019-09-25,9.989999771118164,10.300000190734863,9.449999809265137,9.84000015258789,53700,0,0,-0.0120481812348876,0.6473684392147112,9.609999990463256,11.89275028530503,7.327249695621483,10.509999752044678,9.629999876022339,9.765000104904175,10.414999961853027,10.029999732971191
2019-09-26,9.789999961853027,10.010000228881836,9.520000457763672,9.739999771118164,115200,0,0,-0.010162640235673814,0.6407894666670424,9.68899998664856,11.871664678993138,7.506335294303979,10.319999694824219,9.629999876022339,9.765000104904175,10.414999961853027,10.43000030517578
2019-09-27,9.720000267028809,9.850000381469728,9.029999732971191,9.329999923706056,98700,0,0,-0.04209444117523209,0.6138157921567182,9.759999990463257,11.792191213927769,7.727808766998745,10.109999656677246,9.629999876022339,9.732500076293945,10.414999961853027,10.359999656677246
2019-09-30,9.31999969482422,9.399999618530272,8.779999732971191,9.09000015258789,61000,0,0,-0.02572344834734286,0.5980263333323915,9.81100001335144,11.716930892435721,7.905069134267161,9.940000057220459,9.629999876022339,9.547500133514404,10.315000057220459,10.449999809265137
2019-10-01,9.109999656677246,9.130000114440918,8.600000381469727,8.6899995803833,28200,0,0,-0.04400446265016955,0.5717105058834484,9.85,11.62477577321361,8.07522422678639,9.850000381469727,9.639999866485596,9.192500114440918,10.089999914169312,10.380000114440918
2019-10-02,8.619999885559082,8.680000305175781,8.029999732971191,8.149999618530273,39200,0,0,-0.062140389865152246,0.5361841921578475,9.856999969482422,11.603260611715395,8.110739327249448,9.514999866485596,9.639999866485596,9.162500143051147,10.089999914169312,10.93000030517578
2019-10-03,8.140000343322754,8.4399995803833,8.0,8.229999542236328,36300,0,0,0.009815942018471135,0.5414473450992897,9.836999940872193,11.647698305142953,8.026301576601433,9.5,9.639999866485596,9.15499997138977,10.089999914169312,10.979999542236328
2019-10-04,8.229999542236328,8.699999809265137,8.229999542236328,8.430000305175781,13400,0,0,0.024301430627432064,0.5546052901946273,9.783499956130981,11.692519539684213,7.87448037257775,9.420000076293945,9.639999866485596,9.09500002861023,10.089999914169312,10.8100004196167
2019-10-07,10.119999885559082,10.510000228881836,8.819999694824219,8.930000305175781,128500,0,0,0.05931197887300366,0.5875000274495071,9.757499980926514,11.69822702623235,7.816772935620677,9.255000114440918,9.639999866485596,9.09500002861023,9.930000066757202,10.770000457763672
2019-10-08,8.899999618530273,9.359999656677246,8.819999694824219,9.270000457763672,25700,0,0,0.03807392396065512,0.6098684588215024,9.782000017166137,11.684328134729451,7.8796718996028225,9.255000114440918,9.639999866485596,9.045000076293945,9.930000066757202,10.800000190734863
2019-10-09,9.359999656677246,9.359999656677246,8.989999771118164,9.119999885559082,26700,0,0,-0.01618129070090424,0.5999999999999992,9.749499988555907,11.673859687913179,7.825140289198636,9.255000114440918,9.684999942779541,9.009999990463257,9.84500002861023,10.829999923706056
2019-10-10,9.140000343322754,9.4399995803833,8.899999618530273,9.270000457763672,34100,0,0,0.01644743136917204,0.6098684588215024,9.681500005722047,11.572054313922424,7.7909456975216695,9.255000114440918,9.78499984741211,9.009999990463257,9.84500002861023,10.779999732971191
2019-10-11,9.40999984741211,9.640000343322754,9.109999656677246,9.479999542236328,68200,0,0,0.02265362180179631,0.6236841882364891,9.605499982833862,11.396464336193093,7.814535629474632,9.255000114440918,9.78499984741211,9.009999990463257,9.84500002861023,11.390000343322754
2019-10-14,9.390000343322754,9.710000038146973,9.199999809265137,9.34000015258789,31100,0,0,-0.014767868819475893,0.6144737019598313,9.539499998092651,11.26558294009436,7.813417056090943,9.255000114440918,9.78499984741211,9.207499861717224,9.84500002861023,11.220000267028809
2019-10-15,9.350000381469728,9.609999656677246,9.3100004196167,9.420000076293944,19200,0,0,0.008565302184056822,0.6197368549012733,9.459999990463256,11.047288001443379,7.8727119794831335,9.255000114440918,9.78499984741211,9.152500033378601,9.84500002861023,10.579999923706056
2019-10-16,9.550000190734863,9.710000038146973,9.149999618530272,9.460000038146973,14900,0,0,0.0042462804170979584,0.6223684313719945,9.38899998664856,10.8351685656693,7.942831407627821,9.369999885559082,9.78499984741211,9.054999947547913,9.84500002861023,10.510000228881836
2019-10-17,9.15999984741211,10.600000381469728,9.15999984741211,9.949999809265137,68300,0,0,0.05179701576556717,0.654605258823761,9.351499986648559,10.693827447719238,8.00917252557788,9.710000038146973,9.78499984741211,9.010000109672546,9.84500002861023,10.460000038146973
2019-10-18,9.960000038146973,10.300000190734863,9.75,9.979999542236328,75500,0,0,0.003015048597614811,0.6565789254913689,9.32049994468689,10.570564195097248,8.070435694276533,9.710000038146973,9.78499984741211,9.225000023841858,9.84500002861023,10.579999923706056
2019-10-21,10.18000030517578,11.0,10.149999618530272,10.960000038146973,89500,0,0,0.09819644698010133,0.721052643136634,9.331999969482421,10.63734112804908,8.026658810915762,9.949999809265137,9.59499979019165,9.634999871253967,9.825000047683716,10.59000015258789
2019-10-22,10.979999542236328,10.979999542236328,10.369999885559082,10.369999885559082,64200,0,0,-0.05383213052320779,0.6822368431371987,9.352499961853027,10.709085244176883,7.9959146795291725,9.949999809265137,9.59499979019165,9.65749990940094,9.825000047683716,10.779999732971191
2019-10-23,10.140000343322754,10.5,10.079999923706056,10.079999923706056,13300,0,0,-0.02796528110447427,0.6631578980390378,9.364499950408936,10.742433085705308,7.986566815112564,10.054999828338623,9.550000190734863,9.71999990940094,9.825000047683716,11.079999923706056
2019-10-24,10.119999885559082,10.119999885559082,9.619999885559082,9.65999984741211,35800,0,0,-0.041666674550879135,0.6355263137256001,9.360499954223632,10.734465568352649,7.986534340094616,10.074999809265137,9.550000190734863,9.854999899864197,9.825000047683716,11.25
2019-10-25,9.65999984741211,9.899999618530272,9.470000267028809,9.510000228881836,14300,0,0,-0.01552791106621576,0.625657917645829,9.369499969482423,10.744921677725099,7.994078261239745,10.074999809265137,9.5,9.854999899864197,9.825000047683716,11.18000030517578
2019-10-28,9.59000015258789,10.43000030517578,9.59000015258789,9.9399995803833,32000,0,0,0.04521549328627339,0.6539473490206478,9.411999940872192,10.802860209860048,8.021139671884336,10.074999809265137,9.5,9.854999899864197,9.825000047683716,10.989999771118164
2019-10-29,10.0,11.0,10.0,10.100000381469728,31400,0,0,0.016096660748577074,0.6644737176452644,9.482499980926514,10.862608916605852,8.102391045247176,10.079999923706055,9.5,9.87749993801117,9.825000047683716,10.0
2019-10-30,10.079999923706056,10.770000457763672,9.65999984741211,9.880000114440918,16300,0,0,-0.02178220383361973,0.6500000156854322,9.569000005722046,10.812942229556274,8.325057781887818,10.235000133514404,9.5,10.069999814033508,9.745000123977661,10.109999656677246
2019-10-31,9.850000381469728,10.31999969482422,9.789999961853027,10.029999732971191,36200,0,0,0.015182147448665528,0.6598684117652034,9.659000015258789,10.752204940486536,8.565795090031042,10.235000133514404,9.5,10.069999814033508,9.745000123977661,10.199999809265137
2019-11-01,10.140000343322754,10.56999969482422,10.100000381469728,10.43000030517578,14100,0,0,0.039880417034277915,0.6861842392141463,9.759000015258788,10.743608460471036,8.774391570046541,10.235000133514404,9.5,9.974999785423279,9.745000123977661,10.390000343322754
2019-11-04,10.539999961853027,11.079999923706056,10.239999771118164,10.359999656677246,30000,0,0,-0.006711471375872913,0.6815789333340854,9.830499982833862,10.77010580467553,8.890894160992193,10.275000095367432,9.539999961853027,9.869999766349792,9.745000123977661,11.09000015258789
2019-11-05,10.31999969482422,10.529999732971191,10.210000038146973,10.449999809265137,5300,0,0,0.008687273703709364,0.6874999960786409,9.889499950408936,10.829105814627852,8.949894086190021,10.275000095367432,9.539999961853027,9.784999966621399,9.745000123977661,11.199999809265137
2019-11-06,10.520000457763672,10.520000457763672,10.359999656677246,10.380000114440918,2700,0,0,-0.006698535512139947,0.682894752940312,9.952499961853027,10.844537908691448,9.060462015014606,10.275000095367432,9.539999961853027,9.745000123977661,9.745000123977661,11.130000114440918
2019-11-07,10.510000228881836,11.300000190734863,10.510000228881836,10.93000030517578,44500,0,0,0.052986530315128455,0.719078976469026,10.035499954223633,10.966567350213023,9.104432558234244,10.445000171661377,9.650000095367432,9.577499866485596,9.745000123977661,10.739999771118164
2019-11-08,10.949999809265137,11.600000381469728,10.75,10.979999542236328,20700,0,0,0.004574495486232788,0.7223684000011285,10.110499954223632,11.091375832243495,9.12962407620377,10.630000114440918,9.914999961853027,9.569999933242798,9.745000123977661,10.75
2019-11-11,10.970000267028809,11.130000114440918,10.710000038146973,10.8100004196167,10900,0,0,-0.015482616548907813,0.7111842470568629,10.183999967575073,11.142733296785913,9.225266638364232,10.630000114440918,10.210000038146973,9.52999997138977,9.745000123977661,10.579999923706056
2019-11-12,10.789999961853027,10.949999809265137,10.699999809265137,10.770000457763672,13300,0,0,-0.003700273848319169,0.7085526705861418,10.25149998664856,11.174624620464485,9.328375352832634,10.695000171661377,10.210000038146973,9.447499990463257,9.745000123977661,10.489999771118164
2019-11-13,10.75,11.0,10.75,10.800000190734863,25000,0,0,0.0027854904081796583,0.7105263372537496,10.318499994277953,11.194952867971033,9.442047120584874,10.850000381469728,10.25,9.447499990463257,9.745000123977661,10.720000267028809
2019-11-14,10.75,11.329999923706056,10.6899995803833,10.829999923706056,15800,0,0,0.002777753003831318,0.7125000039213575,10.3625,11.248944776931703,9.476055223068299,10.90500020980835,10.25,9.47000002861023,9.745000123977661,11.039999961853027
2019-11-15,10.9399995803833,11.06999969482422,10.529999732971191,10.779999732971191,15200,0,0,-0.00461682281506004,0.709210517647523,10.402500009536743,11.288488421245944,9.516511597827542,10.90500020980835,10.355000019073486,9.519999980926514,9.745000123977661,11.029999732971191
2019-11-18,10.789999961853027,11.5,10.789999961853027,11.390000343322754,34500,0,0,0.05658632889255499,0.7493421372531849,10.424000024795532,11.381826170307637,9.466173879283428,10.980000019073486,10.375,9.519999980926514,9.745000123977661,10.920000076293944
2019-11-19,11.1899995803833,11.449999809265137,11.010000228881836,11.220000267028809,45100,0,0,-0.014925379382767612,0.7381579215671872,10.466500043869019,11.485150032686263,9.447850055051774,11.055000305175781,10.375,9.519999980926514,9.694999933242798,10.979999542236328
2019-11-20,11.25,11.390000343322754,10.5600004196167,10.579999923706056,46000,0,0,-0.057041027459104665,0.6960526352939176,10.491500043869019,11.495253770558358,9.48774631717968,11.065000057220459,10.375,9.519999980926514,9.629999876022339,11.039999961853027
2019-11-21,10.760000228881836,11.029999732971191,10.1899995803833,10.510000228881836,80100,0,0,-0.006616228291965842,0.6914473921555886,10.534000062942505,11.461628405592533,9.606371720292477,10.84499979019165,10.380000114440918,9.577499866485596,9.629999876022339,11.0
2019-11-22,10.579999923706056,10.800000190734863,10.06999969482422,10.460000038146973,54800,0,0,-0.0047573919739279935,0.6881579058817542,10.581500053405762,11.38179173473581,9.781208372075714,10.78499984741211,10.535000324249268,9.747499942779541,9.629999876022339,11.989999771118164
2019-11-25,10.5,10.829999923706056,10.350000381469728,10.579999923706056,62700,0,0,0.011472264351955141,0.6960526352939176,10.613500070571899,11.35722098294707,9.869779158196728,10.78499984741211,10.535000324249268,9.747499942779541,9.629999876022339,11.710000038146973
2019-11-26,10.760000228881836,10.979999542236328,10.4399995803833,10.59000015258789,30300,0,0,0.0009452012243806873,0.6967105450970308,10.638000059127808,11.343330804741337,9.93266931351428,10.78499984741211,10.535000324249268,9.772499799728394,9.629999876022339,11.899999618530272
2019-11-27,10.59000015258789,11.029999732971191,10.289999961853027,10.779999732971191,59400,0,0,0.01794141431970342,0.7092105176475231,10.68300004005432,11.297173425981024,10.068826654127617,10.78499984741211,10.535000324249268,9.772499799728394,9.629999876022339,12.020000457763672
2019-11-29,10.84000015258789,11.5,10.8100004196167,11.079999923706056,51100,0,0,0.027829331926354284,0.7289473725487975,10.735500049591064,11.293814135837902,10.177185963344225,10.78499984741211,10.535000324249268,9.802500009536743,9.629999876022339,11.600000381469728
2019-12-02,11.09000015258789,11.5,11.010000228881836,11.25,36100,0,0,0.015342967280191244,0.7401315882347951,10.776500034332276,11.35922489832285,10.193775170341702,10.78499984741211,10.535000324249268,9.8125,9.629999876022339,11.949999809265137
2019-12-03,11.149999618530272,11.449999809265137,11.119999885559082,11.18000030517578,29000,0,0,-0.0062221950954862715,0.7355263450964661,10.817500066757201,11.39249162065418,10.242508512860223,10.78499984741211,10.595000267028809,9.787499904632568,9.629999876022339,12.0
2019-12-04,11.289999961853027,11.40999984741211,10.960000038146973,10.989999771118164,103400,0,0,-0.016994680578823806,0.7230263098042419,10.844500064849854,11.39801316720244,10.290986962497268,10.78499984741211,10.630000114440918,9.787499904632568,9.629999876022339,12.010000228881836
2019-12-05,10.920000076293944,11.010000228881836,9.829999923706056,10.0,38200,0,0,-0.09008187367936926,0.6578947450975956,10.825500059127808,11.462281077263318,10.188719040992298,10.664999961853027,10.630000114440918,9.789999961853027,9.629999876022339,11.770000457763672
2019-12-06,9.960000038146973,10.34000015258789,9.960000038146973,10.109999656677246,62500,0,0,0.010999965667724654,0.6651315647066456,10.784500026702881,11.491602226070691,10.077397827335071,10.664999961853027,10.695000171661377,9.867500066757202,9.629999876022339,11.800000190734863
2019-12-09,10.1899995803833,11.010000228881836,10.109999656677246,10.199999809265137,22000,0,0,0.008902092546407614,0.6710526274512011,10.74550004005432,11.490611669658437,10.000388410450205,10.664999961853027,10.715000152587892,9.867500066757202,9.629999876022339,11.93000030517578
2019-12-10,10.260000228881836,10.6899995803833,10.15999984741211,10.390000343322754,60100,0,0,0.018627503687306923,0.6835526627434253,10.724500036239624,11.484841783575918,9.964158288903329,10.664999961853027,10.715000152587892,9.867500066757202,9.629999876022339,11.949999809265137
2019-12-11,10.4399995803833,11.100000381469728,10.420000076293944,11.09000015258789,142800,0,0,0.0673724529484736,0.7296052823519106,10.740500020980836,11.517466129399455,9.963533912562216,10.664999961853027,10.715000152587892,9.90750002861023,9.629999876022339,12.130000114440918
2019-12-12,11.1899995803833,11.390000343322754,11.06999969482422,11.199999809265137,125600,0,0,0.00991881471269207,0.7368421019609606,10.76050000190735,11.563016862938937,9.957983140875761,10.664999961853027,10.715000152587892,9.90750002861023,9.629999876022339,11.949999809265137
2019-12-13,11.229999542236328,11.350000381469728,11.079999923706056,11.130000114440918,34900,0,0,-0.00624997285859874,0.7322368588226317,10.775500011444091,11.593883681337392,9.95711634155079,10.639999866485596,10.715000152587892,9.90750002861023,9.639999866485596,11.710000038146973
2019-12-16,11.300000190734863,11.489999771118164,10.729999542236328,10.739999771118164,92600,0,0,-0.03504046175316189,0.7065789411768019,10.773500013351441,11.592026967657207,9.954973059045676,10.65999984741211,10.715000152587892,10.047500133514404,9.639999866485596,11.109999656677246
2019-12-17,10.699999809265137,11.0,10.609999656677246,10.75,70300,0,0,0.0009311200274628728,0.7072368509799151,10.741499996185302,11.50903533665757,9.973964655713035,10.65999984741211,10.664999961853027,10.272500038146973,9.65500020980835,10.329999923706056
2019-12-18,10.75,10.9399995803833,10.470000267028809,10.579999923706056,139500,0,0,-0.015813960585483122,0.6960526352939175,10.709499979019165,11.447029236686673,9.971970721351658,10.724999904632568,10.664999961853027,10.420000076293945,9.65500020980835,10.359999656677246
2019-12-19,10.640000343322754,10.8100004196167,10.300000190734863,10.489999771118164,126700,0,0,-0.008506630740727439,0.6901315725493619,10.704999971389771,11.446766987255574,9.963232955523969,10.799999713897705,10.664999961853027,10.452500104904175,9.65500020980835,10.09000015258789
2019-12-20,10.600000381469728,11.0,10.220000267028809,10.720000267028809,143100,0,0,0.021925691222977717,0.7052631843123072,10.715499973297119,11.45179457321434,9.979205373379898,10.824999809265137,10.664999961853027,10.550000190734863,9.65500020980835,9.899999618530272
2019-12-23,10.779999732971191,11.170000076293944,10.579999923706056,11.039999961853027,48000,0,0,0.029850717057203102,0.726315796078076,10.744499969482423,11.483973119603464,10.005026819361381,10.855000019073486,10.664999961853027,10.577500104904175,9.700000286102295,10.239999771118164
2019-12-24,11.029999732971191,11.079999923706056,10.890000343322754,11.029999732971191,14800,0,0,-0.0009058178366295744,0.7256578862749626,10.766999959945679,11.512508215806122,10.021491704085236,10.855000019073486,10.664999961853027,10.630000114440918,9.800000190734863,11.829999923706056
2019-12-26,11.0,11.65999984741211,10.739999771118164,10.920000076293944,96000,0,0,-0.009972770565753852,0.7184210666659125,10.783499956130981,11.527193655671446,10.039806256590516,10.940000057220459,10.744999885559082,10.677500009536743,9.800000190734863,11.949999809265137
2019-12-27,10.989999771118164,11.350000381469728,10.899999618530272,10.979999542236328,66200,0,0,0.005494456549742788,0.7223684000011282,10.793499946594238,11.54215234994324,10.044847543245236,10.940000057220459,10.744999885559082,10.71500015258789,9.800000190734863,12.130000114440918
2019-12-30,11.039999961853027,11.25,10.93000030517578,11.039999961853027,58000,0,0,0.005464519318593597,0.726315796078076,10.791499948501587,11.537256993729411,10.045742903273762,10.940000057220459,10.744999885559082,10.72000002861023,9.800000190734863,12.15999984741211
2019-12-31,11.079999923706056,11.239999771118164,10.899999618530272,11.0,97700,0,0,-0.003623184962974757,0.7236842196073549,10.778999948501587,11.501361788896421,10.056638108106753,10.940000057220459,10.744999885559082,10.612499952316284,9.800000190734863,11.75
2020-01-02,11.140000343322754,12.0,11.020000457763672,11.989999771118164,53200,0,0,0.08999997919256031,0.788815784314001,10.819499921798705,11.702209673867724,9.936790169729687,11.110000133514404,10.914999961853027,10.660000085830688,9.800000190734863,11.630000114440918
2020-01-03,11.989999771118164,12.140000343322754,11.520000457763672,11.710000038146973,32000,0,0,-0.02335277216982623,0.7703947490189533,10.855499935150146,11.819031141897101,9.89196872840319,11.180000305175781,10.985000133514404,10.660000085830688,9.800000190734863,11.800000190734863
2020-01-06,11.630000114440918,12.75,11.56999969482422,11.899999618530272,211200,0,0,0.01622541244785225,0.7828947215694455,10.95049991607666,11.93259122024976,9.96840861190356,11.664999961853027,11.289999961853027,10.660000085830688,9.800000190734863,11.75
2020-01-07,11.880000114440918,12.09000015258789,11.75,12.020000457763672,37400,0,0,0.010084104460519328,0.7907895137233409,11.04599995613098,12.05399734097337,10.038002571288592,11.744999885559082,11.289999961853027,10.660000085830688,9.800000190734863,11.25
2020-01-08,11.850000381469728,12.130000114440918,11.479999542236328,11.600000381469728,71500,0,0,-0.0349417687436665,0.7631579294099035,11.115999984741212,12.071818550909642,10.160181418572781,11.744999885559082,11.289999961853027,10.660000085830688,9.800000190734863,11.06999969482422
2020-01-09,11.739999771118164,12.170000076293944,11.619999885559082,11.949999809265137,111300,0,0,0.03017236347289365,0.78618420784328,11.19399995803833,12.154755734361359,10.2332441817153,11.824999809265137,11.289999961853027,10.660000085830688,9.800000190734863,11.210000038146973
2020-01-10,12.039999961853027,12.449999809265137,11.93000030517578,12.0,175400,0,0,0.004184116446269481,0.7894736941171144,11.239499950408936,12.261186159978694,10.217813740839178,11.824999809265137,11.289999961853027,10.690000057220459,9.800000190734863,11.399999618530272
2020-01-13,12.329999923706056,12.510000228881836,11.899999618530272,12.010000228881836,281100,0,0,0.0008333524068195874,0.7901316039202276,11.27999997138977,12.35560602010937,10.204393922670171,11.824999809265137,11.289999961853027,10.707499980926514,9.800000190734863,11.43000030517578
2020-01-14,12.010000228881836,12.149999618530272,11.56999969482422,11.770000457763672,45400,0,0,-0.01998332777221845,0.774342145095901,11.311999988555907,12.405976250502274,10.218023726609541,11.885000228881836,11.355000019073486,10.647500038146973,9.800000190734863,11.5
2020-01-15,11.800000190734863,11.979999542236328,11.5600004196167,11.800000190734863,40800,0,0,0.002548830229773147,0.7763158117635088,11.365000009536743,12.445473094321112,10.284526924752374,12.114999771118164,11.429999828338623,10.680000066757202,9.800000190734863,10.970000267028809
2020-01-16,11.899999618530272,12.079999923706056,11.829999923706056,11.93000030517578,21800,0,0,0.011016958672847244,0.7848684509787853,11.424000024795532,12.492370997225686,10.355629052365378,12.114999771118164,11.454999923706055,10.690000057220459,9.800000190734863,10.170000076293944
2020-01-17,12.0600004196167,12.510000228881836,11.859999656677246,11.949999809265137,148300,0,0,0.0016764043233661319,0.7861842078432798,11.492500019073486,12.50953301769878,10.47546702044819,11.994999885559082,11.485000133514404,10.690000057220459,9.800000190734863,10.0600004196167
2020-01-21,11.989999771118164,12.329999923706056,11.949999809265137,12.130000114440918,59700,0,0,0.015062787284416679,0.7980263333323907,11.574500036239623,12.515847460736234,10.633152611743013,11.994999885559082,11.485000133514404,10.690000057220459,9.800000190734863,9.229999542236328
2020-01-22,12.25,12.399999618530272,11.93000030517578,11.949999809265137,64800,0,0,-0.014839266568636655,0.7861842078432797,11.63600001335144,12.503015835194287,10.768984191508594,12.035000324249268,11.485000133514404,10.690000057220459,9.800000190734863,9.729999542236328
2020-01-23,11.9399995803833,12.0,11.579999923706056,11.710000038146973,65100,0,0,-0.02008366317563337,0.7703947490189531,11.669500017166138,12.491974657115295,10.847025377216982,12.035000324249268,11.485000133514404,10.677500009536743,9.800000190734863,9.65999984741211
2020-01-24,11.710000038146973,11.710000038146973,11.050000190734863,11.109999656677246,43600,0,0,-0.05123829030872251,0.7309210392164046,11.67350001335144,12.484058972714207,10.862941053988672,11.78000020980835,11.485000133514404,10.6875,9.800000190734863,9.68000030517578
2020-01-27,10.8100004196167,10.859999656677246,10.260000228881836,10.329999923706056,31400,0,0,-0.07020699883662018,0.6796052666664772,11.644000005722045,12.594600693393383,10.693399318050707,11.385000228881836,11.485000133514404,10.662499904632568,9.914999961853027,10.279999732971191
2020-01-28,10.420000076293944,10.880000114440918,10.15999984741211,10.359999656677246,97900,0,0,0.0029041368047200145,0.6815789333340849,11.613000011444091,12.682556930299244,10.543443092588939,11.335000038146973,11.454999923706055,10.694999933242798,10.210000038146973,9.630000114440918
2020-01-29,10.479999542236328,10.479999542236328,10.020000457763672,10.09000015258789,28700,0,0,-0.02606172905761972,0.6638158078421506,11.565500020980835,12.805430578680642,10.325569463281028,11.265000343322754,11.385000228881836,10.732499837875366,10.210000038146973,9.529999732971191
2020-01-30,10.010000228881836,10.239999771118164,9.640000343322754,9.899999618530272,153500,0,0,-0.01883057791717546,0.6513157725499261,11.51050000190735,12.932255525861443,10.088744477953256,11.075000286102295,11.195000171661377,10.744999885559082,10.25,8.630000114440918
2020-01-31,9.920000076293944,10.329999923706056,9.920000076293944,10.239999771118164,34300,0,0,0.03434345107968473,0.6736842039219215,11.423000001907349,12.929754609998678,9.91624539381602,11.019999980926514,11.195000171661377,10.759999990463257,10.25,9.050000190734863
2020-02-03,10.31999969482422,12.479999542236328,10.220000267028809,11.829999923706056,60700,0,0,0.15527345587179364,0.7782894784311164,11.428999996185302,12.941283764250374,9.916716228120231,11.059999942779541,11.195000171661377,10.759999990463257,10.355000019073486,8.109999656677246
2020-02-04,12.109999656677246,12.470000267028809,11.670000076293944,11.949999809265137,288800,0,0,0.010143692843024743,0.7861842078432796,11.431500005722047,12.947087532630103,9.91591247881399,11.059999942779541,11.195000171661377,10.84249997138977,10.404999732971191,7.789999961853027
2020-02-05,12.119999885559082,12.470000267028809,11.899999618530272,12.130000114440918,105600,0,0,0.015062787284416679,0.7980263333323905,11.436999988555907,12.961961337172255,9.91203863993956,11.059999942779541,11.195000171661377,10.84249997138977,10.404999732971191,10.199999809265137
2020-02-06,12.1899995803833,12.380000114440918,11.8100004196167,12.15999984741211,79100,0,0,0.002473184887729518,0.7999999999999984,11.464999961853028,13.021488012553194,9.908511911152862,11.059999942779541,11.195000171661377,10.84249997138977,10.404999732971191,6.190000057220459
2020-02-07,12.119999885559082,12.119999885559082,11.489999771118164,11.75,69200,0,0,-0.033717093137905385,0.7730263254896741,11.454999971389771,13.001322553896872,9.908677388882671,11.059999942779541,11.195000171661377,10.84249997138977,10.40999984741211,7.199999809265137
2020-02-10,11.93000030517578,11.949999809265137,11.420000076293944,11.630000114440918,20000,0,0,-0.010212756217794161,0.7651315960775108,11.436499977111817,12.964854082386054,9.90814587183758,11.059999942779541,11.195000171661377,11.012500047683716,10.735000133514404,6.550000190734863
2020-02-11,11.68000030517578,12.15999984741211,11.539999961853027,11.800000190734863,29900,0,0,0.014617375289864176,0.7763158117635085,11.425999975204467,12.941135478528455,9.91086447188048,11.059999942779541,11.195000171661377,11.082500219345093,10.805000305175781,7.650000095367432
2020-02-12,11.859999656677246,12.079999923706056,11.600000381469728,11.75,36600,0,0,-0.004237304231073047,0.7730263254896741,11.424999952316284,12.939242414477283,9.910757490155286,11.199999809265137,11.075000286102295,11.477499961853027,11.110000133514404,8.170000076293945
2020-02-13,11.65999984741211,11.699999809265137,11.1899995803833,11.25,12000,0,0,-0.04255319148936165,0.7401315882347944,11.397499942779541,12.903365552542548,9.891634333016535,11.349999904632568,11.075000286102295,11.517499923706055,11.110000133514404,8.670000076293945
2020-02-14,10.859999656677246,11.510000228881836,10.699999809265137,11.06999969482422,27700,0,0,-0.016000027126735983,0.7282894627456835,11.354499912261963,12.845978443085944,9.863021381437981,11.585000038146973,11.075000286102295,11.517499923706055,11.110000133514404,10.199999809265137
2020-02-18,11.010000228881836,11.279999732971191,10.720000267028809,11.210000038146973,32100,0,0,0.01264682449704213,0.7375000117640733,11.317499923706055,12.784296966941135,9.850702880470976,11.585000038146973,11.075000286102295,11.557499885559082,11.110000133514404,10.0600004196167
2020-02-19,11.279999732971191,11.729999542236328,11.15999984741211,11.399999618530272,18800,0,0,0.01694911505234087,0.7499999843145654,11.280999898910522,12.700156569161287,9.861843228659758,11.539999961853027,11.075000286102295,11.557499885559082,11.170000076293945,10.619999885559082
2020-02-20,11.399999618530272,11.619999885559082,11.079999923706056,11.43000030517578,21500,0,0,0.0026316392674909928,0.7519737137239052,11.254999923706055,12.642540478951513,9.867459368460597,11.429999828338623,11.075000286102295,11.557499885559082,11.204999923706055,9.789999961853027
2020-02-21,11.520000457763672,11.699999809265137,11.390000343322754,11.5,20400,0,0,0.006124207607634435,0.7565789568622343,11.244499921798706,12.62112663168423,9.867873211913182,11.429999828338623,11.075000286102295,11.620000123977661,11.204999923706055,10.25
2020-02-24,11.220000267028809,11.5600004196167,10.539999961853027,10.970000267028809,36700,0,0,-0.04608693330184277,0.7217105529397467,11.237499952316284,12.6182534679504,9.856746436682169,11.349999904632568,11.075000286102295,11.772499799728394,11.269999980926514,10.199999809265137
2020-02-25,11.050000190734863,11.239999771118164,10.0600004196167,10.170000076293944,24900,0,0,-0.07292617787251365,0.6690789607835925,11.229499959945679,12.633107197947211,9.825892721944147,11.070000171661377,11.075000286102295,11.78499984741211,11.289999961853027,9.31999969482422
2020-02-26,10.279999732971191,11.529999732971191,10.020000457763672,10.0600004196167,42700,0,0,-0.010816092020849766,0.6618421411745427,11.214499998092652,12.661179785605942,9.767820210579362,10.875,11.059999942779541,11.740000009536743,11.289999961853027,10.1899995803833
2020-02-27,9.859999656677246,10.529999732971191,9.229999542236328,9.229999542236328,19900,0,0,-0.08250505395227359,0.6072368196090487,11.171499967575073,12.791996172350327,9.55100376279982,10.479999542236328,10.854999542236328,11.740000009536743,11.289999961853027,9.399999618530272
2020-02-28,9.649999618530272,9.739999771118164,8.6899995803833,9.729999542236328,34800,0,0,0.05417118361837492,0.6401315568639285,11.162999963760376,12.811929210655085,9.514070716865666,10.209999561309814,10.584999561309814,11.760000228881836,11.289999961853027,9.899999618530272
2020-03-02,9.770000457763672,9.979999542236328,9.300000190734863,9.65999984741211,26600,0,0,-0.007194213578362585,0.6355263137255996,11.133999967575074,12.866069134397193,9.401930800752954,10.209999561309814,10.584999561309814,11.760000228881836,11.289999961853027,9.619999885559082
2020-03-03,9.300000190734863,9.800000190734863,9.100000381469728,9.68000030517578,20900,0,0,0.0020704407949889703,0.636842133331826,11.02649998664856,12.83836106637993,9.21463890691719,10.194999694824219,10.584999561309814,11.632500171661377,11.289999961853027,10.0
2020-03-04,9.880000114440918,10.43000030517578,9.640000343322754,10.279999732971191,27600,0,0,0.06198341000822061,0.6763157803926425,10.942999982833863,12.730423048256563,9.155576917411162,10.194999694824219,10.584999561309814,11.43500018119812,11.289999961853027,10.050000190734863
2020-03-05,10.0,10.350000381469728,9.5,9.630000114440918,25900,0,0,-0.06322953651890872,0.6335526470579916,10.817999982833863,12.605564402775558,9.030435562892167,10.125,10.584999561309814,11.394999980926514,11.289999961853027,9.9399995803833
2020-03-06,9.210000038146973,9.640000343322754,9.100000381469728,9.529999732971191,24500,0,0,-0.010384255480928695,0.6269736745103228,10.686499977111817,12.44625722895247,8.926742725271163,10.109999656677246,10.584999561309814,11.325000286102295,11.289999961853027,10.029999732971191
2020-03-09,9.0,9.31999969482422,8.5,8.630000114440918,22400,0,0,-0.09443857751816309,0.5677631725482322,10.530499982833863,12.434377906372063,8.626622059295663,10.014999866485596,10.489999771118164,11.135000228881836,11.195000171661377,9.850000381469728
2020-03-10,8.930000305175781,9.25,8.699999809265137,9.050000190734863,31900,0,0,0.048667447360880356,0.5953947568616696,10.40149998664856,12.339593502696044,8.463406470601075,9.514999866485596,10.489999771118164,11.107500076293945,11.195000171661377,10.390000343322754
2020-03-11,8.949999809265137,9.0,8.039999961853027,8.109999656677246,23200,0,0,-0.10386746013773163,0.5335526156871258,10.216999959945678,12.286976701557975,8.14702321833338,9.235000133514404,10.255000114440918,11.127500057220459,11.195000171661377,10.100000381469728
2020-03-12,8.010000228881836,8.710000038146973,7.449999809265137,7.789999961853027,38600,0,0,-0.03945742396681262,0.512500003921357,10.01899995803833,12.219470412475044,7.818529503601618,8.940000057220459,9.960000038146973,11.127500057220459,11.195000171661377,10.0600004196167
2020-03-13,8.329999923706055,10.199999809265137,7.78000020980835,10.199999809265137,35200,0,0,0.3093709703740277,0.6710526274512002,9.966499948501587,12.095151722888692,7.837848174114482,8.940000057220459,9.914999961853027,11.127500057220459,11.195000171661377,10.800000190734863
2020-03-16,10.0,10.0,6.010000228881836,6.190000057220459,186300,0,0,-0.39313723794408384,0.4072368509799151,9.722499966621399,12.35457430630751,7.090425626935287,8.220000267028809,9.085000038146973,11.127500057220459,11.195000171661377,10.670000076293944
2020-03-17,6.599999904632568,8.470000267028809,6.050000190734863,7.199999809265137,59800,0,0,0.1631663558494707,0.4736842039219218,9.521999955177307,12.27960963801489,6.764390272339725,8.180000305175781,9.085000038146973,11.127500057220459,11.195000171661377,10.829999923706056
2020-03-18,6.739999771118164,7.119999885559082,6.300000190734863,6.550000190734863,25800,0,0,-0.09027772718741434,0.43092107058727097,9.279499983787536,12.18456594263194,6.374434024943133,8.105000019073486,9.085000038146973,11.127500057220459,11.195000171661377,11.050000190734863
2020-03-19,6.03000020980835,7.690000057220459,6.0,7.650000095367432,77400,0,0,0.1679389118474448,0.5032894862738332,9.090499973297119,11.90061949864103,6.280380447953208,8.099999904632568,9.039999961853027,11.127500057220459,11.195000171661377,9.229999542236328
2020-03-20,7.690000057220459,8.289999961853027,6.909999847412109,8.170000076293945,69100,0,0,0.06797385286849966,0.5375000117640735,8.923999977111816,11.528253905616273,6.3197460486073584,8.099999904632568,8.864999771118164,11.137500047683716,11.195000171661377,9.4399995803833
2020-03-23,8.420000076293945,9.59000015258789,8.279999732971191,8.670000076293945,51000,0,0,0.061199509832417176,0.5703947490189533,8.808999967575073,11.237026947384392,6.3809729877657535,8.099999904632568,8.864999771118164,11.212500095367432,11.195000171661377,9.869999885559082
2020-03-24,9.010000228881836,10.199999809265137,8.649999618530273,10.199999809265137,60500,0,0,0.17647055588322447,0.6710526274512002,8.810499954223634,11.24196011848349,6.379039789963778,8.099999904632568,8.864999771118164,11.330000162124634,11.195000171661377,9.850000381469728
2020-03-25,10.0,10.949999809265137,9.649999618530272,10.0600004196167,46400,0,0,-0.01372543061434861,0.6618421411745424,8.810499954223634,11.24196011848349,6.379039789963778,8.474999904632568,8.864999771118164,11.330000162124634,11.195000171661377,9.479999542236328
2020-03-26,9.34000015258789,10.619999885559082,9.34000015258789,10.619999885559082,33300,0,0,0.055665948567000134,0.6986842117646378,8.87999997138977,11.433215922789834,6.326784019989706,8.474999904632568,8.849999904632568,11.307500123977661,11.195000171661377,9.65999984741211
2020-03-27,10.079999923706056,10.390000343322754,9.529999732971191,9.789999961853027,29800,0,0,-0.0781544192702559,0.644078952940876,8.882999992370605,11.440386676525073,6.325613308216138,8.474999904632568,8.849999904632568,11.252500057220459,11.195000171661377,9.520000457763672
2020-03-30,10.0,10.350000381469728,9.829999923706056,10.25,28600,0,0,0.046986725223633785,0.6743421137250347,8.9125,11.518736594992129,6.30626340500787,8.474999904632568,8.78000020980835,11.252500057220459,11.195000171661377,9.5600004196167
2020-03-31,10.300000190734863,10.300000190734863,9.75,10.199999809265137,41200,0,0,-0.004878067388767171,0.6710526274512003,8.938499975204468,11.585346225020732,6.291653725388206,8.474999904632568,8.764999866485596,11.212500095367432,11.195000171661377,9.619999885559082
2020-04-01,10.260000228881836,10.260000228881836,9.140000343322754,9.31999969482422,31700,0,0,-0.08627452263690938,0.6131578823536042,8.89049997329712,11.471592901108504,6.309407045485734,8.929999828338623,8.764999866485596,11.072500228881836,11.195000171661377,9.81999969482422
2020-04-02,9.670000076293944,10.279999732971191,9.029999732971191,10.1899995803833,38900,0,0,0.09334763026250181,0.6703947176480871,8.918499946594238,11.543331018691882,6.2936688744965945,9.614999771118164,8.474999904632568,10.96749997138977,11.195000171661377,10.109999656677246
2020-04-03,9.899999618530272,10.279999732971191,9.380000114440918,9.399999618530272,32300,0,0,-0.07752698669132951,0.6184210352950462,8.911999940872192,11.531320118566171,6.2926797631782145,9.799999713897705,8.474999904632568,10.667499542236328,10.989999771118164,8.859999656677246
2020-04-06,9.890000343322754,10.239999771118164,9.68000030517578,9.899999618530272,32700,0,0,0.053191491520313106,0.6513157725499259,8.97549991607666,11.626126191658924,6.324873640494397,9.989999771118164,8.474999904632568,10.397499561309814,10.71999979019165,8.800000190734863
2020-04-07,10.15999984741211,10.300000190734863,9.4399995803833,9.619999885559082,28800,0,0,-0.028282802400022455,0.6328947372548783,9.00399990081787,11.669595215957848,6.3384045856778926,9.824999809265137,8.474999904632568,10.397499561309814,10.71999979019165,8.149999618530273
2020-04-08,9.9399995803833,10.199999809265137,9.789999961853027,10.0,24300,0,0,0.03950105186709507,0.6578947450975948,9.09849991798401,11.764632765096524,6.432367070871495,9.710000038146973,8.474999904632568,10.389999628067017,10.71999979019165,9.020000457763672
2020-04-09,10.270000457763672,10.300000190734863,10.0,10.050000190734863,24500,0,0,0.005000019073486239,0.6611842313714291,9.2114999294281,11.837047266118876,6.585952592737324,9.690000057220459,8.474999904632568,10.389999628067017,10.71999979019165,9.670000076293944
2020-04-13,10.18000030517578,10.300000190734863,9.9399995803833,9.9399995803833,20600,0,0,-0.010945334155612496,0.653947349020647,9.198499917984009,11.806670528957364,6.590329307010654,9.664999961853027,8.474999904632568,10.354999780654907,10.71999979019165,10.0600004196167
2020-04-14,10.289999961853027,10.350000381469728,9.829999923706056,10.029999732971191,34900,0,0,0.009054341688857548,0.6598684117652025,9.390499901771545,11.618333942667839,7.162665860875252,9.690000057220459,8.474999904632568,10.34749960899353,10.71999979019165,10.09000015258789
2020-04-15,9.699999809265137,10.149999618530272,9.5,9.850000381469728,38000,0,0,-0.017946097337346756,0.6480263490178237,9.522999930381776,11.514174776333759,7.5318250844297925,9.690000057220459,8.474999904632568,10.25249981880188,10.625,9.510000228881836
2020-04-16,9.960000038146973,10.390000343322754,9.859999656677246,10.390000343322754,87900,0,0,0.05482232902943829,0.6835526627434245,9.71499993801117,11.191683078248385,8.238316797773955,9.885000228881836,8.474999904632568,10.00249981880188,10.625,9.84000015258789
2020-04-17,10.449999809265137,10.5,9.979999542236328,10.100000381469728,51900,0,0,-0.02791144872669782,0.6644737176452636,9.837499952316284,10.972268339897695,8.702731564734872,9.96999979019165,8.474999904632568,9.745000123977661,10.394999980926514,9.729999542236328
2020-04-20,9.93000030517578,10.399999618530272,9.829999923706056,10.0600004196167,35200,0,0,-0.003960392113094957,0.6618421411745424,9.931999969482423,10.768300031018509,9.095699907946337,9.96999979019165,8.474999904632568,9.450000047683716,10.099999904632568,9.68000030517578
2020-04-21,10.229999542236328,10.850000381469728,10.010000228881836,10.800000190734863,42000,0,0,0.07355862229142529,0.7105263372537488,10.038499975204468,10.734093821426592,9.342906128982344,10.175000190734863,8.474999904632568,9.427500009536743,10.099999904632568,9.600000381469728
2020-04-22,10.899999618530272,10.899999618530272,10.510000228881836,10.670000076293944,22400,0,0,-0.012037047420836555,0.7019736980384721,10.061999988555907,10.808308027515901,9.315691949595914,10.199999809265137,8.474999904632568,8.65250015258789,9.380000114440918,10.010000228881836
2020-04-23,10.600000381469728,10.989999771118164,10.229999542236328,10.829999923706056,20600,0,0,0.014995299556519459,0.7125000039213567,10.100499963760376,10.919180099934824,9.281819827585927,10.244999885559082,8.494999885559082,8.632500171661377,9.380000114440918,9.979999542236328
2020-04-24,10.649999618530272,11.149999618530272,10.649999618530272,11.050000190734863,44200,0,0,0.020313967551121026,0.7269737058811887,10.121999979019165,11.014235962068508,9.229763995969822,10.324999809265137,8.574999809265137,8.59500002861023,9.380000114440918,10.109999656677246
2020-04-27,11.1899995803833,11.1899995803833,8.8100004196167,9.229999542236328,161200,0,0,-0.16470593819759005,0.6072368196090486,10.09399995803833,11.059144310887799,9.12885560518886,10.0,9.049999713897705,8.569999933242798,9.375,10.18000030517578
2020-04-28,9.239999771118164,9.68000030517578,9.229999542236328,9.4399995803833,51200,0,0,0.022751901252650697,0.6210526117657673,10.053499937057495,11.056709823574066,9.050290050540925,10.0,9.734999656677246,8.482499837875366,9.255000114440918,9.960000038146973
2020-04-29,9.890000343322754,10.210000038146973,9.5,9.869999885559082,55800,0,0,0.04555088181034872,0.6493421058823182,10.036999940872192,11.040891319505901,9.033108562238484,10.0,9.919999599456787,8.482499837875366,9.255000114440918,9.829999923706056
2020-04-30,9.8100004196167,10.140000343322754,9.25,9.850000381469728,48400,0,0,-0.0020262922311291565,0.6480263490178239,10.063499975204468,11.016434923818988,9.11056502658995,10.0,10.0,8.482499837875366,9.255000114440918,9.9399995803833
2020-05-01,9.550000190734863,10.06999969482422,9.3100004196167,9.479999542236328,39300,0,0,-0.037563535523253644,0.6236841882364884,10.027999973297119,11.012171386691733,9.043828559902504,10.0,10.0,8.669999837875366,9.255000114440918,9.880000114440918
2020-05-04,9.31999969482422,10.020000457763672,9.3100004196167,9.65999984741211,137100,0,0,0.018987374880539143,0.6355263137255993,10.04099998474121,10.997844231133328,9.084155738349093,10.0,10.0,8.662499904632568,9.255000114440918,9.859999656677246
2020-05-05,9.65999984741211,10.18000030517578,9.420000076293944,9.520000457763672,36000,0,0,-0.014492690668721164,0.6263158274489415,10.02200002670288,11.00432063310603,9.03967942029973,10.0,10.0,8.662499904632568,9.255000114440918,8.539999961853027
2020-05-06,9.710000038146973,9.779999732971191,9.420000076293944,9.5600004196167,16100,0,0,0.004201676463198689,0.6289474039196625,10.019000053405762,11.006622848947124,9.0313772578644,10.0,10.0,8.627500057220459,9.255000114440918,8.880000114440918
2020-05-07,9.739999771118164,9.979999542236328,9.420000076293944,9.619999885559082,26200,0,0,0.006276094488371298,0.6328947372548781,10.000000047683717,11.003022868991852,8.99697722637558,10.0,10.0,8.619999885559082,9.255000114440918,9.600000381469728
2020-05-08,9.859999656677246,9.93000030517578,9.579999923706056,9.81999969482422,29500,0,0,0.02079000121043295,0.6460526196084837,9.988500022888184,10.99426613618477,8.982733909591598,9.71999979019165,10.0,8.84749984741211,9.255000114440918,9.59000015258789
2020-05-11,9.65999984741211,10.5,9.40999984741211,10.109999656677246,49400,0,0,0.02953156526123668,0.6651315647066446,9.997000026702882,11.003867672076964,8.990132381328799,9.875,10.0,9.044999837875366,9.239999771118164,9.869999885559082
2020-05-12,8.800000190734863,9.399999618530272,8.5,8.859999656677246,1161400,0,0,-0.12363996463386873,0.5828947215694453,9.938500022888183,11.061490614294947,8.81550943148142,9.5,9.84499979019165,9.137499809265137,9.239999771118164,9.949999809265137
2020-05-13,9.010000228881836,9.050000190734863,8.65999984741211,8.800000190734863,50500,0,0,-0.00677194901437328,0.5789473882342298,9.88600001335144,11.115004860201772,8.656995166501108,9.5,9.84499979019165,9.232499837875366,9.239999771118164,9.260000228881836
2020-05-14,8.65999984741211,8.65999984741211,7.809999942779541,8.149999618530273,120000,0,0,-0.07386369978593266,0.5361841921578469,9.773999977111817,11.194459776701061,8.353540177522573,9.15499997138977,9.499999761581421,9.149999856948853,9.239999771118164,9.239999771118164
2020-05-15,8.779999732971191,9.06999969482422,8.520000457763672,9.020000457763672,105200,0,0,0.10674857422757644,0.5934210901940619,9.719999980926513,11.16892172355741,8.271078238295615,9.15499997138977,9.499999761581421,9.09249997138977,9.239999771118164,8.979999542236328
2020-05-18,9.09000015258789,9.699999809265137,8.899999618530273,9.670000076293944,84500,0,0,0.0720620383085242,0.6361842235287125,9.700499963760375,11.140975187739254,8.260024739781496,9.15499997138977,9.499999761581421,9.082499980926514,9.239999771118164,8.25
2020-05-19,9.609999656677246,10.130000114440918,9.609999656677246,10.0600004196167,322400,0,0,0.04033095555798849,0.6618421411745424,9.663499975204468,11.02406493312738,8.302935017281555,9.15499997138977,9.499999761581421,9.069999933242798,9.239999771118164,8.380000114440918
2020-05-20,10.149999618530272,10.149999618530272,9.859999656677246,10.09000015258789,86000,0,0,0.002982080687858879,0.6638158078421502,9.634499979019164,10.930527914275944,8.338472043762385,9.15499997138977,9.499999761581421,9.082499980926514,9.239999771118164,7.239999771118164
2020-05-21,9.760000228881836,9.970000267028809,9.289999961853027,9.510000228881836,89500,0,0,-0.05748264766450928,0.6256579176458283,9.568499994277953,10.741630158235688,8.395369830320218,9.15499997138977,9.499999761581421,9.082499980926514,9.239999771118164,7.869999885559082
2020-05-22,9.5,9.880000114440918,9.029999732971191,9.84000015258789,71900,0,0,0.03470030659976708,0.6473684392147104,9.507999992370605,10.473692925762585,8.542307058978626,8.979999780654907,9.499999761581421,9.180000066757202,9.239999771118164,7.760000228881836
2020-05-26,10.0600004196167,10.149999618530272,9.68000030517578,9.729999542236328,76100,0,0,-0.011178923642865213,0.6401315568639283,9.532999992370605,10.49444373846633,8.57155624627488,8.979999780654907,9.499999761581421,9.22249984741211,9.235000133514404,7.769999980926514
2020-05-27,9.710000038146973,9.789999961853027,9.130000114440918,9.68000030517578,44500,0,0,-0.005138667976654077,0.6368421333318259,9.545000028610229,10.507503091662395,8.582496965558063,8.979999780654907,9.499999761581421,9.22249984741211,9.235000133514404,7.440000057220459
2020-05-28,9.760000228881836,9.869999885559082,9.380000114440918,9.600000381469728,72300,0,0,-0.008264454667762378,0.631578980390384,9.531500053405761,10.48277843280298,8.580221674008541,9.335000038146973,9.499999761581421,9.325000047683716,9.190000057220459,8.350000381469727
2020-05-29,9.640000343322754,10.100000381469728,9.390000343322754,10.010000228881836,43400,0,0,0.04270831574168521,0.6585526549007081,9.539500045776368,10.504100971787228,8.574899119765508,9.524999618530273,9.499999761581421,9.337499856948853,9.079999923706055,8.399999618530273
2020-06-01,10.010000228881836,10.140000343322754,9.68000030517578,9.979999542236328,69800,0,0,-0.0029970715244288515,0.6565789254913682,9.564500045776366,10.547579173296782,8.58142091825595,9.589999675750732,9.499999761581421,9.369999885559082,9.079999923706055,8.470000267028809
2020-06-02,10.050000190734863,10.300000190734863,9.720000267028809,10.109999656677246,58200,0,0,0.013026064168715212,0.6651315647066448,9.587000036239624,10.598295680348944,8.575704392130305,9.664999961853027,9.499999761581421,9.449999809265137,9.079999923706055,8.729999542236328
2020-06-03,10.270000457763672,10.390000343322754,10.100000381469728,10.18000030517578,75400,0,0,0.006923902163765261,0.6697368705867057,9.62000002861023,10.663315593858137,8.576684463362323,9.710000038146973,9.15499997138977,9.524999856948853,9.039999961853027,9.020000457763672
2020-06-04,10.050000190734863,10.199999809265137,9.800000190734863,9.960000038146973,54600,0,0,-0.02161102754750932,0.6552631686268737,9.640000009536744,10.693344724164835,8.586655294908653,9.710000038146973,9.15499997138977,9.867499828338623,8.864999771118164,8.5
2020-06-05,10.18000030517578,10.18000030517578,9.710000038146973,9.829999923706056,91000,0,0,-0.013052220275402981,0.6467105294115972,9.650500011444091,10.707054513822834,8.593945509065348,9.760000228881836,9.15499997138977,9.959999799728394,8.864999771118164,8.739999771118164
2020-06-08,9.890000343322754,10.229999542236328,9.75,9.9399995803833,104500,0,0,0.01119019913845265,0.6539473490206471,9.656500005722046,10.71824310449994,8.594756906944152,9.760000228881836,9.15499997138977,10.0,8.864999771118164,8.899999618530273
2020-06-09,10.0,10.109999656677246,9.770000457763672,9.880000114440918,121000,0,0,-0.006036163830508867,0.6500000156854315,9.64500002861023,10.691556653768043,8.598443403452418,9.885000228881836,9.15499997138977,10.0,8.864999771118164,9.079999923706056
2020-06-10,9.920000076293944,9.989999771118164,9.75,9.859999656677246,122000,0,0,-0.0020243378068830475,0.6486841960792049,9.69500002861023,10.67984679109444,8.710153266126019,9.890000343322754,9.15499997138977,10.0,8.849999904632568,9.09000015258789
2020-06-11,9.720000267028809,9.90999984741211,8.489999771118164,8.539999961853027,155700,0,0,-0.13387421306148906,0.5618421098036767,9.682000017166137,10.719789409711906,8.644210624620369,9.440000057220459,9.15499997138977,10.0,8.849999904632568,8.739999771118164
2020-06-12,8.9399995803833,9.149999618530272,8.609999656677246,8.880000114440918,150000,0,0,0.03981266441529541,0.584210541175672,9.71850004196167,10.57121613180417,8.86578395211917,9.440000057220459,9.15499997138977,10.0,8.78000020980835,8.279999732971191
2020-06-15,8.8100004196167,9.869999885559082,8.779999732971191,9.600000381469728,228300,0,0,0.08108111010696106,0.631578980390384,9.747500038146972,10.539910601555636,8.955089474738308,9.440000057220459,9.15499997138977,10.0,8.764999866485596,8.319999694824219
2020-06-16,9.880000114440918,9.880000114440918,9.449999809265137,9.59000015258789,194900,0,0,-0.0010416904671316507,0.6309210705872705,9.74350004196167,10.538264759664669,8.948735324258672,9.359999656677246,9.15499997138977,9.859999895095825,8.764999866485596,8.220000267028809
2020-06-17,9.609999656677246,9.989999771118164,9.5,9.869999885559082,295900,0,0,0.029197051982906563,0.6493421058823181,9.73400001525879,10.517752309111078,8.950247721406502,9.359999656677246,9.100000143051147,9.9375,8.59499979019165,8.039999961853027
2020-06-18,9.770000457763672,10.289999961853027,9.770000457763672,9.949999809265137,540800,0,0,0.008105362171594743,0.6546052588237603,9.726999998092651,10.500225799943326,8.953774196241977,9.389999866485596,9.100000143051147,9.672499895095825,8.59499979019165,8.3100004196167
2020-06-19,10.0,10.210000038146973,9.130000114440918,9.260000228881836,555500,0,0,-0.06934669282513894,0.6092105490183884,9.714499998092652,10.509371481548175,8.919628514637129,9.389999866485596,9.100000143051147,9.672499895095825,8.59499979019165,8.140000343322754
2020-06-22,9.34000015258789,9.710000038146973,9.18000030517578,9.239999771118164,162800,0,0,-0.002159876594958421,0.6078947294121618,9.684499979019165,10.503352695664228,8.865647262374102,9.389999866485596,9.440000057220459,9.327499866485596,8.59499979019165,8.029999732971191
2020-06-23,9.369999885559082,9.56999969482422,8.960000038146973,8.979999542236328,83700,0,0,-0.02813855360630302,0.5907894509816086,9.646999979019165,10.521508682490659,8.772491275547672,9.389999866485596,9.440000057220459,9.327499866485596,8.59499979019165,7.96999979019165
2020-06-24,8.920000076293945,9.170000076293944,8.210000038146973,8.25,125900,0,0,-0.08129171263348789,0.5427631647055157,9.575499963760375,10.6424897466977,8.50851018082305,9.25,9.300000190734863,9.327499866485596,8.59499979019165,7.769999980926514
2020-06-25,8.279999732971191,8.609999656677246,8.1899995803833,8.380000114440918,111500,0,0,0.01575758962920215,0.5513158039207923,9.514499950408936,10.702890500096336,8.326109400721537,9.239999771118164,9.289999961853027,9.327499866485596,8.59499979019165,8.430000305175781
2020-06-26,8.380000114440918,8.390000343322754,7.059999942779541,7.239999771118164,990500,0,0,-0.1360382252690232,0.4763157803926429,9.375999927520752,10.90278038178691,7.849219473254594,8.674999952316284,8.725000143051147,9.327499866485596,8.59499979019165,8.489999771118164
2020-06-29,7.400000095367432,7.940000057220459,7.099999904632568,7.869999885559082,498200,0,0,0.08701659314329224,0.5177631568627993,9.27049994468689,10.904776956747558,7.636222932626221,8.674999952316284,8.725000143051147,9.327499866485596,8.59499979019165,8.420000076293945
2020-06-30,7.869999885559082,7.869999885559082,7.269999980926514,7.760000228881836,279100,0,0,-0.013977084914459481,0.5105263372537493,9.152999973297119,10.865849705958423,7.440150240635814,8.674999952316284,8.725000143051147,9.239999771118164,8.59499979019165,8.550000190734863
2020-07-01,7.78000020980835,8.0600004196167,7.440000057220459,7.769999980926514,102200,0,0,0.0012886278028008125,0.5111842156859966,9.032499957084656,10.77852621562711,7.286473698542204,8.634999990463257,8.725000143051147,9.239999771118164,8.59499979019165,8.5600004196167
2020-07-02,7.929999828338623,7.929999828338623,7.329999923706055,7.440000057220459,302000,0,0,-0.042471032756258076,0.48947369411711456,8.90649995803833,10.72947486733336,7.083525048743299,8.384999990463257,8.725000143051147,9.239999771118164,8.59499979019165,8.399999618530273
2020-07-06,7.599999904632568,8.460000038146973,7.440000057220459,8.350000381469727,154500,0,0,0.12231187059818893,0.5493421372531846,8.832499980926514,10.618913266106258,7.046086695746769,8.31499981880188,8.725000143051147,9.417499899864197,8.59499979019165,8.5
2020-07-07,8.260000228881836,8.779999732971191,8.260000228881836,8.399999618530273,110400,0,0,0.005987932308542776,0.5526315607852869,8.755499982833863,10.475128164661058,7.035871801006667,8.115000009536743,8.725000143051147,9.512499690055847,8.59499979019165,8.920000076293945
2020-07-08,8.350000381469727,8.649999618530273,8.039999961853027,8.470000267028809,243600,0,0,0.00833341091398565,0.5572368666653479,8.684999990463258,10.327508506521507,7.042491474405007,7.919999837875366,8.725000143051147,9.544999718666077,8.59499979019165,8.75
2020-07-09,8.430000305175781,8.9399995803833,8.270000457763672,8.729999542236328,107200,0,0,0.030696489611649724,0.574342082354169,8.628499984741211,10.179688940923285,7.077311028559138,7.999999761581421,8.725000143051147,9.582499861717224,8.59499979019165,8.539999961853027
2020-07-10,8.760000228881836,9.260000228881836,8.760000228881836,9.020000457763672,181300,0,0,0.03321889240936371,0.593421090194062,8.652500009536743,10.212392461390824,7.092607557682662,8.180000066757202,8.674999952316284,9.432500004768372,9.049999713897705,9.0
2020-07-13,9.09000015258789,9.09000015258789,8.4399995803833,8.5,107500,0,0,-0.05764971522990314,0.5592105333329557,8.633500003814698,10.19107576229625,7.075924245333145,8.265000104904175,8.674999952316284,9.432500004768372,9.499999761581421,9.229999542236328
2020-07-14,8.460000038146973,8.789999961853027,8.350000381469727,8.739999771118164,49900,0,0,0.028235267190372282,0.5749999921572823,8.590499973297119,10.084484145205268,7.09651580138897,8.295000076293945,8.674999952316284,9.457500100135803,9.499999761581421,9.239999771118164
2020-07-15,8.819999694824219,9.199999809265137,8.800000190734863,8.899999618530273,87300,0,0,0.018306619176448713,0.5855262980401666,8.555999946594238,9.985879629171741,7.126120264016735,8.295000076293945,8.674999952316284,9.457500100135803,9.499999761581421,8.890000343322754
2020-07-16,9.869999885559082,9.869999885559082,8.550000190734863,9.079999923706056,273400,0,0,0.020224754257406108,0.5973684235292778,8.516499948501586,9.837357038702258,7.195642858300913,8.65499997138977,8.674999952316284,9.520000100135803,9.499999761581421,8.8100004196167
2020-07-17,9.06999969482422,9.289999961853027,8.770000457763672,9.09000015258789,232100,0,0,0.0011013468024074768,0.598026333332391,8.473499965667724,9.65172046482739,7.295279466508058,8.954999923706055,8.674999952316284,9.522500157356262,9.499999761581421,8.869999885559082
2020-07-20,9.170000076293944,9.210000038146973,8.600000381469727,8.739999771118164,79400,0,0,-0.03850389170456536,0.5749999921572823,8.44749994277954,9.576552184818299,7.318447700740782,8.954999923706055,8.674999952316284,9.297500014305115,9.499999761581421,8.949999809265137
2020-07-21,8.859999656677246,9.079999923706056,8.260000228881836,8.279999732971191,68700,0,0,-0.05263158469031881,0.5447368313731236,8.399499940872193,9.469139346736544,7.329860535007842,9.065000057220459,8.674999952316284,9.297500014305115,9.499999761581421,9.34000015258789
2020-07-22,8.270000457763672,8.449999809265137,8.029999732971191,8.319999694824219,85700,0,0,0.004830913423070182,0.5473684078438447,8.366499948501588,9.402293800576084,7.330706096427091,8.949999809265137,8.674999952316284,9.297500014305115,9.499999761581421,9.170000076293944
2020-07-23,8.300000190734863,8.449999809265137,8.069999694824219,8.220000267028809,84500,0,0,-0.01201916243550094,0.540789498037908,8.364999961853027,9.401559204797891,7.328440718908162,8.949999809265137,8.674999952316284,9.257499814033508,9.499999761581421,9.65999984741211
2020-07-24,8.149999618530273,8.430000305175781,7.920000076293945,8.039999961853027,57900,0,0,-0.02189784663362837,0.528947372548797,8.347999954223633,9.394229937319292,7.301769971127975,8.894999980926514,8.674999952316284,9.229999899864197,9.499999761581421,10.010000228881836
2020-07-27,8.109999656677246,8.329999923706055,7.949999809265137,8.3100004196167,112900,0,0,0.03358214664735426,0.5467105607824634,8.40149998664856,9.315334742752915,7.487665230544205,8.894999980926514,8.634999990463257,9.245000004768372,9.499999761581421,10.100000381469728
2020-07-28,8.25,8.399999618530273,8.100000381469727,8.140000343322754,20400,0,0,-0.020457288533059614,0.5355263450964657,8.415000009536744,9.304418994425076,7.525581024648412,8.894999980926514,8.464999914169312,9.245000004768372,9.499999761581421,11.270000457763672
2020-07-29,8.260000228881836,8.260000228881836,7.769999980926514,8.029999732971191,47300,0,0,-0.013513587925312098,0.5282894627456836,8.428499984741212,9.284977917731792,7.57202205175063,8.52999997138977,8.464999914169312,9.414999961853027,9.499999761581421,13.0
2020-07-30,7.849999904632568,8.069999694824219,7.849999904632568,7.96999979019165,66000,0,0,-0.007471973197356596,0.5243420980396019,8.438499975204468,9.2679461628248,7.609053787584138,8.490000009536743,8.464999914169312,9.414999961853027,9.499999761581421,12.539999961853027
2020-07-31,8.109999656677246,8.109999656677246,7.269999980926514,7.769999980926514,158500,0,0,-0.025094079614816134,0.5111842156859964,8.454999971389771,9.213718388975167,7.6962815538043765,8.174999952316284,8.464999914169312,9.275000095367432,9.499999761581421,12.75
2020-08-03,7.840000152587891,8.5,7.769999980926514,8.430000305175781,51500,0,0,0.08494212688152003,0.5546052901946266,8.458999967575073,9.216288670901811,7.701711264248334,7.884999990463257,8.464999914169312,9.264999866485596,9.499999761581421,13.149999618530272
2020-08-04,8.390000343322754,8.5,8.25,8.489999771118164,55700,0,0,0.007117374112732167,0.5585526235298421,8.463499975204467,9.220398095764768,7.706601854644167,7.884999990463257,8.484999895095825,8.700000047683716,9.124999761581421,11.0
2020-08-05,8.539999961853027,8.539999961853027,8.359999656677246,8.420000076293945,68900,0,0,-0.008244958387672585,0.5539473803915133,8.460999965667725,9.218128448167041,7.703871483168407,7.9049999713897705,8.569999933242798,8.700000047683716,9.124999761581421,10.199999809265137
2020-08-06,9.06999969482422,9.06999969482422,8.239999771118164,8.550000190734863,85700,0,0,0.015439443380401707,0.5625000196067899,8.451999998092651,9.200255942873822,7.703744053311481,8.169999837875366,8.569999933242798,8.700000047683716,9.124999761581421,10.899999618530272
2020-08-07,8.569999694824219,8.770000457763672,8.4399995803833,8.5600004196167,141200,0,0,0.0011696173869881754,0.5631579294099032,8.428999996185302,9.132473427102036,7.725526565268568,8.169999837875366,8.569999933242798,8.680000066757202,9.124999761581421,11.149999618530272
2020-08-10,8.619999885559082,8.670000076293945,8.25,8.399999618530273,72800,0,0,-0.018691681453631315,0.5526315607852866,8.423999977111816,9.126797658544684,7.721202295678948,8.169999837875366,8.569999933242798,8.555000066757202,9.124999761581421,11.010000228881836
2020-08-11,8.460000038146973,9.109999656677246,8.380000114440918,8.5,148400,0,0,0.011904807858458266,0.5592105333329553,8.411999988555909,9.100709156344246,7.723290820767572,8.18999981880188,8.569999933242798,8.519999980926514,9.124999761581421,11.09000015258789
2020-08-12,8.649999618530273,9.100000381469728,8.619999885559082,8.920000076293945,376400,0,0,0.049411773681640625,0.5868421176463928,8.413000011444092,9.104624171794311,7.721375851093873,8.18999981880188,8.569999933242798,8.420000076293945,9.124999761581421,11.859999656677246
2020-08-13,8.920000076293945,9.630000114440918,8.600000381469727,8.75,2228500,0,0,-0.019058304354250266,0.5756579019603951,8.39650001525879,9.03701048643717,7.755989544080408,8.700000047683716,8.569999933242798,8.322499990463257,9.124999761581421,10.989999771118164
2020-08-14,8.75,9.0,8.460000038146973,8.539999961853027,90500,0,0,-0.024000004359653992,0.5618421098036763,8.369000005722047,8.92946194016266,7.808538071281433,8.934999942779541,8.569999933242798,8.362499952316284,9.124999761581421,11.0
2020-08-17,8.609999656677246,9.300000190734863,8.449999809265137,9.0,147900,0,0,0.05386417332572924,0.5921052705878349,8.382000017166138,8.987069115495528,7.776930918836748,8.934999942779541,8.569999933242798,8.427500009536743,8.77999997138977,10.350000381469728
2020-08-18,9.0,9.359999656677246,8.930000305175781,9.229999542236328,133800,0,0,0.025555504692925446,0.6072368196090482,8.429500007629395,9.136802151578458,7.722197863680332,8.934999942779541,8.569999933242798,8.47000002861023,8.77999997138977,10.31999969482422
2020-08-19,9.279999732971191,9.479999542236328,9.029999732971191,9.239999771118164,101800,0,0,0.0010834484699673297,0.6078947294121614,8.475500011444092,9.264243066494753,7.686756956393431,8.940000057220459,8.569999933242798,8.485000014305115,8.77999997138977,10.300000190734863
2020-08-20,9.140000343322754,9.220000267028809,8.75,8.890000343322754,66300,0,0,-0.037878726890169134,0.5848684509787848,8.509000015258788,9.308447818299388,7.709552212218188,8.940000057220459,8.569999933242798,8.485000014305115,8.77999997138977,10.3100004196167
2020-08-21,8.9399995803833,9.0,8.75,8.8100004196167,46800,0,0,-0.008998866211084255,0.5796052980373426,8.547500038146973,9.326581346153805,7.768418730140142,9.005000114440918,8.450000047683716,8.664999961853027,8.77999997138977,10.289999961853027
2020-08-24,8.949999809265137,8.989999771118164,8.539999961853027,8.869999885559082,95000,0,0,0.006810381734918547,0.5835526313725582,8.575500011444092,9.358712367877237,7.792287655010946,9.039999961853027,8.450000047683716,8.81499993801117,8.77999997138977,10.050000190734863
2020-08-25,9.0,9.170000076293944,8.84000015258789,8.949999809265137,95900,0,0,0.009019157242188935,0.5888157843140004,8.615999984741212,9.388527410963247,7.843472558519176,9.039999961853027,8.450000047683716,8.81499993801117,8.77999997138977,10.170000076293944
2020-08-26,8.930000305175781,9.399999618530272,8.800000190734863,9.34000015258789,62000,0,0,0.04357545828314113,0.6144737019598301,8.681500005722047,9.46635766663494,7.896642344809154,8.964999675750732,8.450000047683716,8.870000004768372,8.77999997138977,10.15999984741211
2020-08-27,9.34000015258789,9.470000267028809,9.039999961853027,9.170000076293944,69400,0,0,-0.018201292667735625,0.6032894862738323,8.74150002002716,9.481322936418719,8.001677103635602,8.964999675750732,8.450000047683716,8.81249988079071,8.77999997138977,10.84000015258789
2020-08-28,9.270000457763672,9.6899995803833,9.149999618530272,9.65999984741211,89500,0,0,0.05343508909938843,0.6355263137255988,8.836000013351441,9.536694313827761,8.135305712875121,9.114999771118164,8.479999780654907,8.81249988079071,8.77999997138977,10.670000076293944
2020-08-31,9.579999923706056,10.199999809265137,9.43000030517578,10.010000228881836,204200,0,0,0.036231924119904724,0.6585526549007075,8.915000009536744,9.758255700434562,8.071744318638926,9.369999885559082,8.734999895095825,8.784999966621399,8.725000143051147,11.25
2020-09-01,10.06999969482422,10.25,9.760000228881836,10.100000381469728,679900,0,0,0.008991024028972117,0.6644737176452631,8.99550004005432,9.96104369565856,8.029956384450081,9.394999980926514,8.759999990463257,8.764999985694885,8.725000143051147,11.739999771118164
2020-09-02,10.25,11.3100004196167,9.979999542236328,11.270000457763672,1093500,0,0,0.11584158733701821,0.74144740784102,9.138000059127808,10.49047648462358,7.785523633632037,9.925000190734863,9.290000200271606,8.679999947547913,8.725000143051147,11.859999656677246
2020-09-03,12.220000267028809,13.90999984741211,12.0,13.0,2503500,0,0,0.15350483336001708,0.8552631686268725,9.360500049591064,11.499368601875448,7.22163149730668,11.224999904632568,10.589999914169312,8.497499942779541,8.725000143051147,12.039999961853027
2020-09-04,12.789999961853027,13.0,12.399999618530272,12.539999961853027,454300,0,0,-0.03538461831899786,0.8250000078427139,9.559500026702882,12.075257462791289,7.0437425906144755,11.355000019073486,10.589999914169312,8.477499961853027,8.725000143051147,11.9399995803833
2020-09-08,12.359999656677246,12.899999618530272,12.25,12.75,317900,0,0,0.016746414576219948,0.8388157999994327,9.777000045776367,12.591969383733383,6.96203070781935,11.355000019073486,10.839999914169312,8.319999933242798,8.725000143051147,12.229999542236328
2020-09-09,12.890000343322754,13.31999969482422,12.75,13.149999618530272,503400,0,0,0.0313725191004135,0.8651315647066435,10.00950002670288,13.120139702829436,6.898860350576326,11.474999904632568,11.074999809265137,8.174999952316284,8.725000143051147,11.899999618530272
2020-09-10,10.899999618530272,11.25,10.34000015258789,11.0,1936800,0,0,-0.16349807459314358,0.7236842196073537,10.113500022888184,13.210386641039669,7.0166134047367,11.529999732971191,11.074999809265137,8.184999942779541,8.725000143051147,11.81999969482422
2020-09-11,10.989999771118164,11.06999969482422,10.130000114440918,10.199999809265137,479600,0,0,-0.07272729006680578,0.6710526274511998,10.18600001335144,13.218336967553107,7.153663059149774,11.670000076293945,11.074999809265137,8.237499952316284,8.725000143051147,11.9399995803833
2020-09-14,10.90999984741211,11.5,10.550000190734863,10.899999618530272,1240700,0,0,0.0686274335641941,0.7171052470596848,10.303999996185302,13.252566047020306,7.3554339453503,11.835000038146973,11.079999923706055,8.369999885559082,8.725000143051147,12.06999969482422
2020-09-15,11.0,11.40999984741211,10.9399995803833,11.149999618530272,421400,0,0,0.022935780619202317,0.7335526156871246,10.411499977111816,13.318081238437813,7.50491871578582,11.944999694824219,11.079999923706055,8.369999885559082,8.725000143051147,12.050000190734863
2020-09-16,10.859999656677246,11.210000038146973,10.770000457763672,11.010000228881836,321500,0,0,-0.012555999501181137,0.7243421294104669,10.500500011444093,13.365175123267175,7.63582489962101,12.019999980926514,11.144999980926514,8.369999885559082,8.725000143051147,12.640000343322754
2020-09-17,10.979999542236328,11.329999923706056,10.779999732971191,11.09000015258789,218900,0,0,0.007266114626973019,0.7296052823519091,10.593000030517578,13.407387320201565,7.778612740833591,11.724999904632568,11.179999828338623,8.379999876022339,8.725000143051147,12.300000190734863
2020-09-18,11.15999984741211,12.600000381469728,11.029999732971191,11.859999656677246,1899700,0,0,0.06943187497699665,0.7802631450987232,10.741499996185302,13.492823683388064,7.990176308982541,11.724999904632568,11.179999828338623,8.379999876022339,8.725000143051147,12.239999771118164
2020-09-21,11.649999618530272,11.899999618530272,10.800000190734863,10.989999771118164,390900,0,0,-0.07335581034939298,0.7230263098042403,10.850499963760376,13.454327350155086,8.246672577365665,11.724999904632568,11.179999828338623,8.634999990463257,8.725000143051147,12.670000076293944
2020-09-22,11.149999618530272,11.470000267028809,10.880000114440918,11.0,245100,0,0,0.0009099389526938673,0.7236842196073537,10.956999969482421,13.395340862089855,8.518659076874988,11.365000247955322,11.179999828338623,8.75249993801117,8.725000143051147,12.829999923706056
2020-09-23,11.0,11.0,10.300000190734863,10.350000381469728,300900,0,0,-0.05909087441184291,0.6809210862727031,11.026999998092652,13.30422613857423,8.749773857611075,11.365000247955322,11.224999904632568,8.75249993801117,8.674999952316284,13.210000038146973
2020-09-24,10.3100004196167,10.550000190734863,10.109999656677246,10.31999969482422,149800,0,0,-0.0028986169603645306,0.6789473568633632,11.075999975204468,13.244337861589935,8.907662088819,11.355000019073486,11.224999904632568,8.75249993801117,8.674999952316284,12.859999656677246
2020-09-25,10.229999542236328,10.539999961853027,9.850000381469728,10.300000190734863,162800,0,0,-0.0019379365000744553,0.6776315999988686,11.132499980926514,13.151413763121802,9.113586198731227,11.225000381469728,11.224999904632568,8.754999995231628,8.674999952316284,13.119999885559082
2020-09-28,10.40999984741211,10.800000190734863,10.09000015258789,10.3100004196167,229000,0,0,0.0009708959899661362,0.6782895098019818,11.165000009536744,13.106681040758925,9.223318978314563,11.225000381469728,11.224999904632568,8.754999995231628,8.674999952316284,13.649999618530272
2020-09-29,10.3100004196167,10.449999809265137,10.029999732971191,10.289999961853027,214900,0,0,-0.0019399085305192854,0.6769736901957552,11.178999996185302,13.090650662039193,9.267349330331411,11.225000381469728,11.224999904632568,8.727500081062317,8.674999952316284,13.920000076293944
2020-09-30,10.239999771118164,10.34000015258789,9.75,10.050000190734863,238400,0,0,-0.02332359300368203,0.6611842313714287,11.17649998664856,13.093973530551079,9.259026442746041,11.175000190734863,11.355000019073486,8.745000004768372,8.674999952316284,14.40999984741211
2020-10-01,10.100000381469728,10.350000381469728,9.729999542236328,10.170000076293944,255300,0,0,0.011940286893696639,0.6690789607835919,11.121499967575073,13.088103932293457,9.154896002856688,10.8149995803833,11.355000019073486,8.745000004768372,8.674999952316284,16.399999618530273
2020-10-02,10.0,10.220000267028809,9.829999923706056,10.15999984741211,105300,0,0,-0.000983306667336703,0.6684210509804787,10.979499959945679,12.7848902761655,9.174109643725858,10.599999904632568,11.474999904632568,8.707499861717224,8.674999952316284,17.049999237060547
2020-10-05,10.300000190734863,10.869999885559082,10.289999961853027,10.84000015258789,647800,0,0,0.06692916490042933,0.7131579137244694,10.894499969482421,12.55033471300584,9.238665225959002,10.364999771118164,11.529999732971191,8.707499861717224,8.674999952316284,15.640000343322754
2020-10-06,10.890000343322754,11.130000114440918,10.5600004196167,10.670000076293944,217000,0,0,-0.015682663644000283,0.7019736980384715,10.79049997329712,12.208994702170472,9.372005244423768,10.429999828338623,11.670000076293945,8.797499775886536,8.674999952316284,16.510000228881836
2020-10-07,10.84000015258789,11.329999923706056,10.640000343322754,11.25,183900,0,0,0.05435800558189974,0.7401315882347935,10.695499992370605,11.640320300128735,9.750679684612475,10.529999732971191,11.819999694824219,9.052499890327454,8.674999952316284,16.600000381469727
2020-10-08,11.43000030517578,11.880000114440918,11.18000030517578,11.739999771118164,239500,0,0,0.04355553521050348,0.7723684156865599,10.732499980926514,11.776045398815244,9.688954563037784,10.804999828338623,11.819999694824219,9.077499985694885,8.65499997138977,17.229999542236328
2020-10-09,11.81999969482422,11.989999771118164,11.350000381469728,11.859999656677246,149200,0,0,0.010221455527988699,0.7802631450987232,10.815499973297118,11.93836761331092,9.692632333283317,10.859999656677246,11.819999694824219,9.607500195503235,9.18500018119812,17.31999969482422
2020-10-12,11.970000267028809,12.300000190734863,11.899999618530272,12.039999961853027,298900,0,0,0.01517709193814687,0.7921052705878341,10.872499990463258,12.117254073618799,9.627745907307716,11.014999866485596,11.524999618530273,10.90749990940094,10.484999895095825,18.34000015258789
2020-10-13,11.9399995803833,12.170000076293944,11.539999961853027,11.9399995803833,99600,0,0,-0.008305679550378975,0.7855262980401653,10.911999988555909,12.237873170875396,9.586126806236422,11.014999866485596,11.524999618530273,10.972499966621399,10.484999895095825,18.0
2020-10-14,11.979999542236328,12.399999618530272,11.5,12.229999542236328,87100,0,0,0.02428810486136701,0.8046052431383263,10.972999954223633,12.419436570214618,9.526563338232648,11.114999771118164,11.524999618530273,11.097499966621399,10.484999895095825,17.829999923706055
2020-10-15,12.010000228881836,12.31999969482422,11.81999969482422,11.899999618530272,147000,0,0,-0.026982823880442597,0.7828947215694441,11.013499927520751,12.51567349886501,9.511326356176493,11.34499979019165,11.164999961853027,11.274999856948853,10.484999895095825,17.959999084472656
2020-10-16,11.90999984741211,12.210000038146973,11.600000381469728,11.81999969482422,138600,0,0,-0.006722682879878206,0.7776315686280022,11.011499929428101,12.509211688125344,9.513788170730859,11.480000019073486,11.164999961853027,11.302499771118164,10.504999876022339,16.049999237060547
2020-10-19,11.720000267028809,12.1899995803833,11.68000030517578,11.9399995803833,106200,0,0,0.010152274844103859,0.7855262980401653,11.058999919891358,12.610848218976313,9.507151620806402,11.519999980926514,11.164999961853027,11.372499942779541,10.589999914169312,17.030000686645508
2020-10-20,11.529999732971191,12.25,11.529999732971191,12.06999969482422,90300,0,0,0.01088778216160935,0.794078937255442,11.112499904632568,12.725762750211512,9.499237059053623,11.789999961853026,11.164999961853027,11.457499980926514,10.589999914169312,16.5
2020-10-21,11.779999732971191,12.260000228881836,11.779999732971191,12.050000190734863,213000,0,0,-0.0016569597841773476,0.7927631803909474,11.197499895095826,12.820322208365353,9.574677581826299,11.875,11.164999961853027,11.512499809265137,10.589999914169312,17.100000381469727
2020-10-22,12.039999961853027,12.789999961853027,12.039999961853027,12.640000343322754,75800,0,0,0.04896266748954381,0.8315789803903826,11.313499927520752,12.999966396611212,9.627033458430292,12.144999980926514,11.259999752044678,11.582499980926514,10.589999914169312,17.100000381469727
2020-10-23,12.75,12.890000343322754,12.18000030517578,12.300000190734863,138900,0,0,-0.026898745518428746,0.8092105490183872,11.413499927520752,13.084671144938985,9.742328710102518,12.195000171661377,11.309999942779541,11.452499866485596,10.589999914169312,16.799999237060547
2020-10-26,12.119999885559082,12.43000030517578,11.989999771118164,12.239999771118164,108200,0,0,-0.004878082820022667,0.8052631529414395,11.509999895095826,13.136979961813557,9.883019828378094,12.195000171661377,11.309999942779541,11.452499866485596,10.589999914169312,16.350000381469727
2020-10-27,12.25,12.789999961853027,12.25,12.670000076293944,36600,0,0,0.035130744543837356,0.8335526470579903,11.62899990081787,13.229289715301906,10.028710086333835,12.210000038146973,11.309999942779541,11.452499866485596,10.589999914169312,17.0
2020-10-28,12.140000343322754,12.949999809265137,12.029999732971191,12.829999923706056,723200,0,0,0.012628243602893052,0.8440789529408749,11.76799988746643,13.27476093641723,10.26123883851563,12.239999771118164,11.339999675750732,11.272500038146973,10.589999914169312,22.649999618530277
2020-10-29,12.850000381469728,13.300000190734863,12.550000190734863,13.210000038146973,460300,0,0,0.029618091714777695,0.8690789607835913,11.919999885559083,13.362572248688195,10.47742752242997,12.414999961853027,11.514999866485596,11.295000076293945,10.589999914169312,21.899999618530277
2020-10-30,13.210000038146973,13.4399995803833,12.300000190734863,12.859999656677246,112200,0,0,-0.0264951082860726,0.8460526196084825,12.05499987602234,13.303867107248484,10.806132644796195,12.484999656677246,11.584999561309814,11.289999961853027,10.589999914169312,22.21999931335449
2020-11-02,12.93000030517578,13.170000076293944,12.609999656677246,13.119999885559082,106600,0,0,0.020217747731185787,0.8631578980390358,12.168999862670898,13.368152740968608,10.969846984373188,12.609999656677246,11.584999561309814,11.225000143051147,10.589999914169312,22.040000915527344
2020-11-03,12.880000114440918,13.699999809265137,12.880000114440918,13.649999618530272,158900,0,0,0.04039632146297123,0.8980263019615232,12.317999839782715,13.474436618390078,11.161563061175352,12.84499979019165,11.714999675750732,11.225000143051147,10.589999914169312,21.34000015258789
2020-11-04,13.670000076293944,13.970000267028809,13.170000076293944,13.920000076293944,188900,0,0,0.019780253868808773,0.9157894901951896,12.451499843597412,13.697916516323206,11.20508317087162,12.980000019073486,11.849999904632568,11.225000143051147,10.589999914169312,21.1299991607666
2020-11-05,14.0,15.100000381469728,13.75,14.40999984741211,264200,0,0,0.0352011327896935,0.9480263176469562,12.58499984741211,14.05288025939646,11.11711943542776,13.545000076293945,12.414999961853027,11.265000104904175,10.589999914169312,21.729999542236328
2020-11-06,14.5600004196167,17.149999618530273,14.5600004196167,16.399999618530273,853500,0,0,0.1380985282574827,1.0789473568633616,12.811999845504761,14.998946420323152,10.62505327068637,14.589999675750732,13.489999771118164,11.084999799728394,10.589999914169312,22.149999618530277
2020-11-09,16.920000076293945,17.850000381469727,16.68000030517578,17.049999237060547,548000,0,0,0.0396341240030178,1.1217104901980124,13.062499809265137,15.897978085290003,10.227021533240272,14.940000057220459,14.070000171661377,11.037499904632568,10.589999914169312,23.21999931335449
2020-11-10,16.3700008392334,16.600000381469727,14.6899995803833,15.640000343322754,495000,0,0,-0.08269788603115968,1.0289474039196609,13.24749984741211,16.245837017632244,10.249162677191975,15.075000286102295,14.205000400543213,10.947499752044678,10.589999914169312,23.979999542236328
2020-11-11,15.8100004196167,16.530000686645508,15.710000038146973,16.510000228881836,151600,0,0,0.055626589927187275,1.0861842392141439,13.461499881744384,16.739852287863982,10.183147475624786,15.075000286102295,14.24500036239624,11.049999952316284,10.589999914169312,22.93000030517578
2020-11-12,16.6200008392334,16.940000534057617,16.200000762939453,16.600000381469727,181000,0,0,0.005451250838291788,1.0921053019586993,13.696499919891357,17.163903095258235,10.22909674452448,15.230000019073486,14.515000343322754,11.174999713897705,10.589999914169312,22.280000686645508
2020-11-13,16.809999465942383,17.360000610351562,16.700000762939453,17.229999542236328,187900,0,0,0.037951755800551545,1.1335526156871234,13.966999912261963,17.646605903710352,10.287393920813575,15.365000247955322,14.600000381469727,11.312499761581421,10.589999914169312,22.1299991607666
2020-11-16,17.559999465942383,17.84000015258789,17.110000610351562,17.31999969482422,193900,0,0,0.005223456470052179,1.1394736784316788,14.235999917984008,18.068659890564696,10.40333994540332,15.510000228881836,14.675000190734863,11.339999675750732,10.589999914169312,21.68000030517578
2020-11-17,17.299999237060547,19.0,17.229999542236328,18.34000015258789,682900,0,0,0.05889148243279019,1.2065789725476648,14.549499940872192,18.64201832656941,10.456981555174973,16.375,15.25,11.269999742507935,10.589999914169312,22.07999992370605
2020-11-18,18.350000381469727,19.18000030517578,17.889999389648438,18.0,255600,0,0,-0.018538721360910948,1.1842105411756694,14.84699993133545,19.034467600527407,10.659532262143493,16.87000036239624,15.34000015258789,11.269999742507935,10.589999914169312,21.90999984741211
2020-11-19,18.450000762939453,18.450000762939453,17.309999465942383,17.829999923706055,266800,0,0,-0.009444448682996986,1.1730263254896718,15.106499910354614,19.358191581070084,10.854808239639144,16.93499994277954,15.355000019073486,11.319999694824219,10.839999914169312,21.36000061035156
2020-11-20,17.68000030517578,18.40999984741211,17.520000457763672,17.959999084472656,271600,0,0,0.007291035407900326,1.1815789019632161,15.389499855041503,19.609310863046726,11.16968884703628,16.93499994277954,15.355000019073486,11.254999876022339,11.074999809265137,21.82999992370605
2020-11-23,17.6200008392334,17.770000457763672,15.970000267028809,16.049999237060547,254300,0,0,-0.10634743567795624,1.0559210156882528,15.579999828338623,19.547703648627312,11.612296008049936,17.445000171661377,15.355000019073486,11.322499990463257,11.074999809265137,21.709999084472656
2020-11-24,16.309999465942383,17.40999984741211,16.100000381469727,17.030000686645508,323800,0,0,0.06105928325043597,1.1203947960752498,15.797999858856201,19.574696826067644,12.02130289164476,17.575000286102295,15.355000019073486,11.34249997138977,11.074999809265137,20.729999542236328
2020-11-25,17.06999969482422,17.34000015258789,16.100000381469727,16.5,337900,0,0,-0.031121589270464378,1.0855263294110302,15.981499862670898,19.509363870740806,12.453635854600988,17.575000286102295,15.480000019073486,11.477499961853027,11.079999923706055,21.989999771118164
2020-11-27,16.610000610351562,17.389999389648438,16.540000915527344,17.100000381469727,586200,0,0,0.03636365948301368,1.1250000392135786,16.175999879837036,19.49152919037093,12.860470569303143,17.575000286102295,15.585000038146973,11.519999980926514,11.079999923706055,22.799999237060547
2020-11-30,17.25,17.6200008392334,16.780000686645508,17.100000381469727,641800,0,0,0.0,1.1250000392135786,16.38799991607666,19.347791892499878,13.428207939653438,17.575000286102295,15.585000038146973,11.702499866485596,11.144999980926514,24.399999618530277
2020-12-01,17.31999969482422,17.450000762939453,16.639999389648438,16.799999237060547,336500,0,0,-0.017543926182263303,1.1052631215705722,16.571999883651735,19.121202574395483,14.022797192907985,17.575000286102295,15.585000038146973,11.752500057220459,11.179999828338623,26.0
2020-12-02,16.860000610351562,16.940000534057617,16.149999618530273,16.350000381469727,518600,0,0,-0.026785647382538524,1.075657933331259,16.706999921798705,18.876882382099396,14.537117461498013,17.21000051498413,15.605000019073486,11.752500057220459,11.179999828338623,25.71999931335449
2020-12-03,16.899999618530273,17.59000015258789,16.229999542236328,17.0,1201700,0,0,0.03975532742292476,1.1184210666659098,16.86099991798401,18.61010399796364,15.11189583800438,17.19000005722046,15.605000019073486,11.759999990463257,11.179999828338623,25.18000030517578
2020-12-04,23.3700008392334,25.489999771118164,21.799999237060547,22.649999618530277,4622600,0,0,0.33235291873707506,1.4901315725493578,17.272999906539916,20.089771300491115,14.456228512588714,20.730000019073486,18.894999980926514,11.789999723434448,11.179999828338623,25.3700008392334
2020-12-07,22.799999237060547,23.799999237060547,21.3799991607666,21.899999618530277,772400,0,0,-0.0331125833391368,1.4407894666670382,17.547999906539918,20.98354861517943,14.112451197900407,20.795000076293945,18.894999980926514,11.964999914169312,11.224999904632568,25.93000030517578
2020-12-08,21.11000061035156,22.36000061035156,19.61000061035156,22.21999931335449,1158900,0,0,0.014611858465670924,1.4618420784328066,17.806499910354614,21.793471502594397,13.81952831811483,20.795000076293945,19.049999713897705,12.03499960899353,11.224999904632568,27.030000686645508
2020-12-09,23.0,23.38999938964844,21.350000381469727,22.040000915527344,2905800,0,0,-0.008100738226349269,1.45000007842716,18.126499938964844,22.38755433556236,13.865445542367329,20.81999969482422,19.18499994277954,12.09749960899353,11.224999904632568,27.0
2020-12-10,21.81999969482422,22.790000915527344,20.399999618530277,21.34000015258789,1120900,0,0,-0.03176046886850614,1.4039473960769429,18.367999935150145,22.781652920133176,13.954346950167114,20.81999969482422,19.329999923706055,12.279999732971191,11.224999904632568,26.32999992370605
2020-12-11,21.350000381469727,21.739999771118164,19.959999084472656,21.1299991607666,599800,0,0,-0.009840721195862878,1.390131541178492,18.59449987411499,23.08708259958731,14.101917148642674,20.81999969482422,19.619999885559082,12.414999961853027,11.255000114440918,26.170000076293945
2020-12-14,21.729999542236328,22.3700008392334,21.26000022888184,21.729999542236328,614800,0,0,0.028395665182220364,1.4296052509810404,18.81949987411499,23.4659965231735,14.173003225056476,20.81999969482422,20.02500009536743,12.980000019073486,11.950000286102295,27.540000915527344
2020-12-15,21.96999931335449,22.989999771118164,21.75,22.149999618530277,689900,0,0,0.019328121727641978,1.4572368352944782,19.060999870300293,23.871633599623596,14.25036614097699,20.859999656677246,20.089999675750732,14.039999723434448,12.974999904632568,26.049999237060547
2020-12-16,22.40999984741211,23.61000061035156,21.93000030517578,23.21999931335449,518600,0,0,0.04830698479692397,1.5276315529425661,19.304999828338623,24.43273488578815,14.177264770889096,22.550000190734863,20.089999675750732,14.505000114440918,13.445000171661377,24.670000076293945
2020-12-17,23.100000381469727,24.3700008392334,22.549999237060547,23.979999542236328,833300,0,0,0.03273041564840784,1.5776315686279991,19.60399980545044,25.081845293331263,14.126154317569613,21.99000072479248,20.59999990463257,14.640000343322754,13.5,21.82999992370605
2020-12-18,24.280000686645508,24.420000076293945,22.790000915527344,22.93000030517578,1428700,0,0,-0.04378645776081724,1.5085526705861374,19.858999824523927,25.457590238037408,14.260409411010446,22.015000343322754,20.730000019073486,14.660000324249268,13.640000343322754,22.299999237060547
2020-12-21,22.200000762939453,22.6200008392334,21.239999771118164,22.280000686645508,578800,0,0,-0.028347126466612194,1.4657895372514866,20.07499990463257,25.697409802809315,14.452590006455825,22.1899995803833,20.730000019073486,14.87250018119812,13.789999961853027,22.149999618530277
2020-12-22,22.3799991607666,22.6200008392334,21.76000022888184,22.1299991607666,605400,0,0,-0.006732563790665225,1.4559210156882514,20.37899990081787,25.747056893788976,15.010942907846765,22.1899995803833,20.730000019073486,14.982500314712524,13.789999961853027,24.13999938964844
2020-12-23,22.32999992370605,22.450000762939453,21.559999465942383,21.68000030517578,380900,0,0,-0.02033433676710683,1.4263158274489383,20.611499881744386,25.775989624407746,15.447010139081026,22.1899995803833,20.730000019073486,15.09250020980835,13.789999961853027,24.709999084472656
2020-12-24,21.799999237060547,22.549999237060547,21.600000381469727,22.07999992370605,165400,0,0,0.01845016664666632,1.452631592156149,20.890499877929688,25.72530118607728,16.055698569782095,22.829999923706055,20.730000019073486,15.8125,14.364999771118164,24.40999984741211
2020-12-28,22.299999237060547,22.93000030517578,21.799999237060547,21.90999984741211,299000,0,0,-0.007699278844264024,1.4414473764701516,21.130999851226807,25.652783380371964,16.60921632208165,22.829999923706055,20.730000019073486,16.105000257492065,14.454999923706055,25.43000030517578
2020-12-29,22.190000534057617,22.43000030517578,21.030000686645508,21.36000061035156,444200,0,0,-0.025102658187627247,1.4052632156831695,21.3439998626709,25.46568624816983,17.222313477171966,22.725000381469727,20.730000019073486,16.144999980926514,14.454999923706055,26.36000061035156
2020-12-30,21.57999992370605,22.350000381469727,21.40999984741211,21.82999992370605,236400,0,0,0.022003712543281484,1.4361842235287092,21.595499897003172,25.145919548635362,18.045080245370983,22.725000381469727,20.730000019073486,16.144999980926514,14.454999923706055,27.46999931335449
2020-12-31,21.84000015258789,21.979999542236328,21.100000381469727,21.709999084472656,410500,0,0,-0.00549706090942681,1.428289431374814,21.86349983215332,24.462421231990945,19.264578432315695,22.725000381469727,20.795000076293945,16.40000009536743,14.454999923706055,25.96999931335449
2021-01-04,21.959999084472656,21.959999084472656,20.5,20.729999542236328,453400,0,0,-0.04514046907248559,1.3638157764712813,22.049999809265138,23.496029865240725,20.60396975328955,21.71500015258789,20.795000076293945,16.46500015258789,14.454999923706055,24.549999237060547
2021-01-05,20.75,22.270000457763672,20.57999992370605,21.989999771118164,1074900,0,0,0.060781488504842995,1.446710529411594,22.016999816894533,23.436344368744475,20.59765526504459,21.71500015258789,20.81999969482422,16.52750015258789,14.454999923706055,24.020000457763672
2021-01-06,22.0,23.0,21.3700008392334,22.799999237060547,789500,0,0,0.036834901062902325,1.4999999686291292,22.061999797821045,23.520609570060603,20.603390025581486,21.75,20.81999969482422,16.580000162124634,14.454999923706055,24.1299991607666
2021-01-07,23.84000015258789,24.81999969482422,23.100000381469727,24.399999618530277,656000,0,0,0.07017545767584887,1.6052631529414374,22.170999813079835,23.954162058165267,20.387837567994403,22.65999984741211,20.81999969482422,16.580000162124634,14.454999923706055,23.690000534057617
2021-01-08,24.299999237060547,26.850000381469727,24.15999984741211,26.0,796900,0,0,0.06557378715098916,1.710526337253745,22.368999767303468,24.814815401950987,19.923184132655948,23.675000190734863,21.5,16.580000162124634,14.454999923706055,23.770000457763672
2021-01-11,25.299999237060547,26.170000076293945,24.940000534057617,25.71999931335449,581900,0,0,-0.010769257178673497,1.6921052392169649,22.587999725341795,25.38878698731373,19.787212463369862,23.675000190734863,21.539999961853027,16.40750026702881,14.454999923706055,23.63999938964844
2021-01-12,25.899999618530277,26.200000762939453,24.6200008392334,25.18000030517578,470900,0,0,-0.020995296368391703,1.6565789882330964,22.790499782562257,25.724300120295695,19.85669944482882,23.675000190734863,23.230000495910645,16.397500038146973,14.454999923706055,24.440000534057617
2021-01-13,24.959999084472656,26.40999984741211,24.729999542236328,25.3700008392334,238600,0,0,0.007545692285736871,1.6690790235253206,22.97249984741211,26.069462358190382,19.875537336633837,23.675000190734863,23.230000495910645,19.8125,17.609999656677246,22.88999938964844
2021-01-14,25.57999992370605,26.190000534057617,25.3799991607666,25.93000030517578,308600,0,0,0.022073293157971463,1.7059210941154157,23.161499881744383,26.48993175241681,19.83306801107196,23.675000190734863,23.230000495910645,19.84500002861023,17.609999656677246,21.790000915527344
2021-01-15,25.75,27.81999969482422,25.729999542236328,27.030000686645508,964300,0,0,0.04242191934144168,1.7782895411728439,23.351999950408935,27.0878857053788,19.61611419543907,24.199999809265137,23.889999389648438,19.922499895095825,17.609999656677246,23.020000457763672
2021-01-19,27.25,28.09000015258789,26.690000534057617,27.0,584100,0,0,-0.0011099032883240545,1.7763158117635038,23.50299997329712,27.562016835970525,19.443983110623712,24.730000495910645,24.024999618530273,20.00249981880188,17.609999656677246,21.729999542236328
2021-01-20,27.34000015258789,27.86000061035156,25.739999771118164,26.32999992370605,447800,0,0,-0.02481481764051663,1.7322368588226262,23.672999954223634,27.904814183680738,19.44118572476653,25.59500026702881,24.024999618530273,20.074999809265137,17.609999656677246,22.200000762939453
2021-01-21,27.0,27.0,25.440000534057617,26.170000076293945,641700,0,0,-0.0060767127943684995,1.721710552939742,23.867499923706056,28.183005631713037,19.551994215699075,26.125,24.295000076293945,20.21999979019165,17.609999656677246,23.0
2021-01-22,25.6200008392334,27.700000762939453,24.780000686645508,27.540000915527344,552700,0,0,0.05235005102175805,1.8118421882308369,24.138000011444092,28.65953684651361,19.616463176374573,26.355000495910645,24.295000076293945,20.422499895095825,17.609999656677246,22.3799991607666
2021-01-25,27.700000762939453,28.020000457763672,25.21999931335449,26.049999237060547,664500,0,0,-0.05410318187849872,1.7138157607858469,24.35649995803833,28.802712661282776,19.910287254793886,26.355000495910645,24.295000076293945,20.47499966621399,17.65999984741211,21.25
2021-01-26,26.049999237060547,26.229999542236328,24.440000534057617,24.670000076293945,522700,0,0,-0.05297501731989762,1.6230263411751031,24.485999965667723,28.807229693539867,20.16477023779558,26.265000343322754,24.295000076293945,21.319999933242798,17.889999866485596,20.290000915527344
2021-01-27,24.01000022888184,24.1299991607666,21.21999931335449,21.82999992370605,1139600,0,0,-0.11511958426448998,1.436184223528709,24.481999969482423,28.81300331842209,20.150996620542756,24.65499973297119,24.295000076293945,21.295000314712524,18.02500009536743,21.11000061035156
2021-01-28,22.799999237060547,23.290000915527344,21.940000534057617,22.299999237060547,532800,0,0,0.02152997320188277,1.467105231374249,24.528999900817873,28.740957945326237,20.31704185630951,24.65499973297119,24.295000076293945,21.37250018119812,18.06500005722046,20.700000762939453
2021-01-29,22.459999084472656,22.850000381469727,21.420000076293945,22.149999618530277,524500,0,0,-0.006726440522965782,1.4572368352944782,24.544999885559083,28.717649625227665,20.3723501458905,24.65499973297119,24.295000076293945,21.459999799728394,18.335000038146973,21.209999084472656
2021-02-01,22.399999618530277,24.3799991607666,22.09000015258789,24.13999938964844,487700,0,0,0.08984197766998459,1.5881578745108837,24.666499900817872,28.63631493459891,20.696684867036833,24.619999885559082,24.295000076293945,21.459999799728394,18.420000076293945,21.950000762939453
2021-02-02,24.350000381469727,25.36000061035156,24.09000015258789,24.709999084472656,487200,0,0,0.023612249761225668,1.625657854904092,24.865499877929686,28.396298758547296,21.334700997312076,24.619999885559082,24.295000076293945,21.459999799728394,18.494999885559082,22.88999938964844
2021-02-03,25.049999237060547,25.520000457763672,24.059999465942383,24.40999984741211,386000,0,0,-0.012140803244669485,1.6059210627445502,24.986499881744386,28.269407449772615,21.703592313716157,24.619999885559082,24.295000076293945,21.77999997138977,18.494999885559082,23.40999984741211
2021-02-04,24.51000022888184,25.649999618530277,24.059999465942383,25.43000030517578,442700,0,0,0.04178617223022263,1.6730263568605361,25.117999935150145,28.245411098780167,21.990588771520123,24.619999885559082,24.295000076293945,21.77999997138977,18.494999885559082,23.649999618530277
2021-02-05,25.530000686645508,26.440000534057617,25.07999992370605,26.36000061035156,496600,0,0,0.036570990720220076,1.7342105882319665,25.21599998474121,28.37028610321931,22.06171386626311,23.829999923706055,24.295000076293945,21.727500200271606,18.509999752044678,23.649999618530277
2021-02-08,26.90999984741211,28.299999237060547,26.649999618530277,27.46999931335449,482600,0,0,0.042109206270922295,1.8072368196090438,25.289499950408935,28.580491387971293,21.998508512846577,24.75999927520752,24.399999618530273,21.727500200271606,18.509999752044678,23.959999084472656
2021-02-09,27.21999931335449,27.229999542236328,25.56999969482422,25.96999931335449,454900,0,0,-0.054605025027094856,1.7085526078444047,25.301999950408934,28.601416696125735,22.002583204692133,24.859999656677246,24.399999618530273,21.760000228881836,18.509999752044678,23.93000030517578
2021-02-10,25.940000534057617,26.76000022888184,24.34000015258789,24.549999237060547,304200,0,0,-0.0546784795471188,1.615131549021208,25.270499897003173,28.58613983533062,21.954859958675726,24.859999656677246,24.4399995803833,21.255000114440918,18.509999752044678,24.959999084472656
2021-02-11,24.790000915527344,25.280000686645508,23.84000015258789,24.020000457763672,343600,0,0,-0.021588545652449165,1.5802632078404526,25.202999877929688,28.56294265521621,21.843057100643165,25.19499969482422,24.75999927520752,21.267499923706055,18.634999752044678,24.940000534057617
2021-02-12,23.93000030517578,24.51000022888184,23.549999237060547,24.1299991607666,219700,0,0,0.0045794629852879964,1.5874999647077703,25.112999820709227,28.486778787985628,21.739220853432826,25.924999237060547,24.75999927520752,21.28499984741211,18.739999771118164,23.07999992370605
2021-02-16,24.46999931335449,24.46999931335449,23.56999969482422,23.690000534057617,188200,0,0,-0.01823450650692049,1.5585526862715704,24.945999813079833,28.25296241331416,21.639037212845505,25.924999237060547,24.75999927520752,21.739999771118164,18.739999771118164,22.5
2021-02-17,23.540000915527344,23.920000076293945,22.809999465942383,23.770000457763672,256600,0,0,0.0033769490039075034,1.5638158392130126,24.784499835968017,27.987175727064386,21.581823944871648,25.554999351501465,24.75999927520752,22.58750009536743,19.420000076293945,23.149999618530277
2021-02-18,23.520000457763672,24.15999984741211,23.18000030517578,23.63999938964844,301600,0,0,-0.005469123500701056,1.5552631372560042,24.649999809265136,27.80687802360868,21.493121594921593,25.554999351501465,24.75999927520752,22.607500076293945,19.44000005722046,22.739999771118164
2021-02-19,23.780000686645508,24.6299991607666,23.76000022888184,24.440000534057617,355000,0,0,0.03384099683012187,1.60789479215389,24.56349983215332,27.642038641804586,21.484961022502052,25.554999351501465,24.75999927520752,23.452500343322754,19.44000005722046,21.309999465942383
2021-02-22,24.459999084472656,25.780000686645508,22.68000030517578,22.88999938964844,534400,0,0,-0.06342066737065821,1.5059210313736846,24.330999755859374,27.16538717613603,21.496612335582718,24.954999923706055,24.75999927520752,23.452500343322754,19.575000286102295,21.040000915527344
2021-02-23,22.309999465942383,22.549999237060547,21.09000015258789,21.790000915527344,737500,0,0,-0.04805585423556413,1.4335527097997205,24.117999839782716,27.043457000807773,21.192542678757658,23.925000190734863,24.69499969482422,23.452500343322754,19.575000286102295,22.76000022888184
2021-02-24,21.71999931335449,23.07999992370605,21.690000534057617,23.020000457763672,445700,0,0,0.05644788850650495,1.5144737333306932,24.035499858856202,26.987266912889105,21.0837328048233,23.4350004196167,24.69499969482422,24.044999599456787,20.214999675750732,23.46999931335449
2021-02-25,22.979999542236328,23.899999618530277,21.479999542236328,21.729999542236328,299700,0,0,-0.056038266284755056,1.4296052509810406,24.030499839782713,26.997659368754,21.063340310811427,23.4350004196167,24.69499969482422,24.37750005722046,20.485000133514404,23.81999969482422
2021-02-26,21.979999542236328,22.5,21.01000022888184,22.200000762939453,340300,0,0,0.021629140846947115,1.4605263843100447,24.02549991607666,27.00475034952226,21.04624948263106,23.395000457763672,24.65499973297119,24.80999994277954,20.630000114440918,22.809999465942383
2021-03-01,22.709999084472656,23.399999618530277,22.21999931335449,23.0,329700,0,0,0.03603600043095767,1.5131579137244664,24.067999935150148,26.961105510434873,21.174894359865423,23.395000457763672,24.65499973297119,25.210000038146973,20.920000076293945,21.309999465942383
2021-03-02,22.799999237060547,23.5,22.11000061035156,22.3799991607666,311500,0,0,-0.026956558227539062,1.4723683843156914,23.979999923706053,26.965599447061194,20.994400400350912,23.395000457763672,24.65499973297119,25.325000286102295,21.325000286102295,21.270000457763672
2021-03-03,22.209999084472656,23.01000022888184,21.13999938964844,21.25,421600,0,0,-0.05049147467116777,1.3980263333323875,23.806999969482423,26.999480090666736,20.61451984829811,23.395000457763672,24.65499973297119,25.325000286102295,21.389999866485596,20.100000381469727
2021-03-04,21.030000686645508,21.780000686645508,19.690000534057617,20.290000915527344,696100,0,0,-0.045176427504595607,1.3348684980350813,23.601000022888183,27.129136636987624,20.07286340878874,22.735000610351562,23.994999885559082,25.28000020980835,21.389999866485596,19.299999237060547
2021-03-05,20.399999618530277,21.239999771118164,19.040000915527344,21.11000061035156,606100,0,0,0.04041398017861564,1.3888158470557295,23.385000038146973,26.96791919668276,19.802080879611186,21.47000026702881,23.670000076293945,24.47499990463257,21.90000009536743,19.149999618530277
2021-03-08,20.780000686645508,21.63999938964844,20.15999984741211,20.700000762939453,371500,0,0,-0.019422067056267922,1.3618421725454055,23.102000045776368,26.592210839048757,19.61178925250398,21.47000026702881,23.670000076293945,24.47499990463257,22.03000020980835,19.920000076293945
2021-03-09,21.200000762939453,22.0,20.93000030517578,21.209999084472656,414700,0,0,0.02463759916600039,1.3953946941199344,22.789000034332275,25.73034650391083,19.84765356475372,21.47000026702881,23.670000076293945,24.47499990463257,22.03000020980835,21.350000381469727
2021-03-10,21.6200008392334,22.979999542236328,21.020000457763672,21.950000762939453,826100,0,0,0.0348892838476611,1.444079015682605,22.588000106811524,25.15404086432004,20.021959349303007,21.270000457763672,23.670000076293945,24.457499980926514,22.03000020980835,20.01000022888184
2021-03-11,22.739999771118164,23.59000015258789,22.18000030517578,22.88999938964844,370600,0,0,0.042824537313733924,1.505921031373685,22.505000114440918,24.912661125365084,20.097339103516752,21.315000534057617,23.670000076293945,24.457499980926514,22.03000020980835,18.68000030517578
2021-03-12,22.81999969482422,23.43000030517578,21.8700008392334,23.40999984741211,235500,0,0,0.022717364422422337,1.5401315882347912,22.47450008392334,24.818555840882233,20.130444326964444,21.315000534057617,23.670000076293945,24.457499980926514,22.03000020980835,18.729999542236328
2021-03-15,23.43000030517578,24.030000686645508,23.15999984741211,23.649999618530277,318900,0,0,0.01025201933714226,1.555921047059118,22.450500106811525,24.734688658183998,20.16631155543905,21.535000801086426,23.670000076293945,24.457499980926514,22.03000020980835,20.26000022888184
2021-03-16,23.649999618530277,24.399999618530277,22.63999938964844,23.649999618530277,270900,0,0,0.0,1.555921047059118,22.448500061035155,24.72836301882022,20.168637103250088,21.72000026702881,23.670000076293945,24.0625,22.03000020980835,20.6200008392334
2021-03-17,23.229999542236328,23.979999542236328,22.31999969482422,23.959999084472656,671600,0,0,0.013107800039856565,1.5763157490217732,22.457999992370606,24.761528129523796,20.154471855217416,21.72000026702881,23.135000228881836,24.579999446868896,22.134999752044678,20.280000686645508
2021-03-18,23.700000762939453,24.82999992370605,23.5,23.93000030517578,719900,0,0,-0.001252035911650573,1.5743421450958976,22.472500038146972,24.809380285645716,20.135619790648228,22.494999885559082,22.90000057220459,24.62999963760376,22.199999809265137,21.0
2021-03-19,25.06999969482422,25.88999938964844,23.65999984741211,24.959999084472656,4191300,0,0,0.04304215487511298,1.6421052235315328,22.498499965667726,24.932974546680033,20.06402538465542,23.40999984741211,22.46500015258789,24.649999618530273,22.199999809265137,20.57999992370605
2021-03-22,25.0,25.780000686645508,24.63999938964844,24.940000534057617,453800,0,0,-0.0008012240043502317,1.6407895294087704,22.601000022888183,25.257770190630076,19.94422985514629,23.454999923706055,22.46500015258789,24.97749948501587,22.22499942779541,20.979999542236328
2021-03-23,24.84000015258789,25.209999084472656,22.63999938964844,23.07999992370605,562000,0,0,-0.07457901245076493,1.518421066665909,22.66549997329712,25.302735484330547,20.028264462263692,23.880000114440918,22.46500015258789,25.342499256134033,22.22499942779541,20.90999984741211
2021-03-24,23.290000915527344,23.700000762939453,22.13999938964844,22.5,647300,0,0,-0.025129979446417483,1.4802631764695875,22.639499950408936,25.272446262328046,20.006553638489827,23.880000114440918,22.46500015258789,25.342499256134033,22.22499942779541,20.51000022888184
2021-03-25,22.030000686645508,23.479999542236328,21.670000076293945,23.149999618530277,539000,0,0,0.028888871934678928,1.5230263098042385,22.710499954223632,25.317694769708428,20.103305138738836,23.77999973297119,22.46500015258789,25.157499313354492,22.22499942779541,20.26000022888184
2021-03-26,23.209999084472656,23.93000030517578,21.57999992370605,22.739999771118164,320800,0,0,-0.017710576853916304,1.4960526352939139,22.737499904632568,25.334036129117383,20.140963680147753,23.734999656677246,22.46500015258789,25.157499313354492,22.264999389648438,19.40999984741211
2021-03-29,22.450000762939453,23.149999618530277,21.040000915527344,21.309999465942383,582500,0,0,-0.06288479857383333,1.4019736666676035,22.652999877929688,25.319684648838678,19.986315107020697,23.46500015258789,22.46500015258789,25.157499313354492,23.954999923706055,19.399999618530277
2021-03-30,21.1200008392334,22.06999969482422,20.26000022888184,21.040000915527344,1900800,0,0,-0.012670040224381562,1.3842106039174011,22.585999965667725,25.343541572517637,19.828458358817812,23.07499980926514,22.46500015258789,24.857499599456787,23.954999923706055,18.520000457763672
2021-03-31,21.34000015258789,22.979999542236328,20.81999969482422,22.76000022888184,524600,0,0,0.08174901323721673,1.4973684549001405,22.661499977111816,25.349662814129996,19.973337140093637,23.07499980926514,22.46500015258789,24.30999994277954,23.954999923706055,19.290000915527344
2021-04-01,23.01000022888184,24.1299991607666,22.799999237060547,23.46999931335449,229800,0,0,0.031195038547129572,1.5440789215700061,22.820499897003174,25.294168984399562,20.346830809606786,23.020000457763672,22.46500015258789,24.06500005722046,24.1299991607666,20.049999237060547
2021-04-05,22.950000762939453,23.84000015258789,22.200000762939453,23.81999969482422,294100,0,0,0.014912671142285783,1.567105262745115,22.955999851226807,25.334069137503292,20.57793056495032,22.734999656677246,22.46500015258789,24.06500005722046,24.1299991607666,20.290000915527344
2021-04-06,23.8799991607666,24.170000076293945,22.71999931335449,22.809999465942383,210600,0,0,-0.042401353560944655,1.5006578784322422,23.061499786376952,25.202869749284286,20.92012982346962,22.21500015258789,22.46500015258789,24.02500009536743,24.1299991607666,20.31999969482422
2021-04-07,22.93000030517578,23.3799991607666,21.229999542236328,21.309999465942383,430200,0,0,-0.06576063284173461,1.401973666667603,23.06649980545044,25.19076792802775,20.942231682873132,22.21500015258789,22.46500015258789,24.02500009536743,24.399999618530273,18.82999992370605
2021-04-08,21.6200008392334,21.8799991607666,20.86000061035156,21.270000457763672,309800,0,0,-0.0018770065312595507,1.399342152938614,23.03249979019165,25.24797838120426,20.81702119917904,22.21500015258789,22.46500015258789,24.02500009536743,24.399999618530273,19.68000030517578
2021-04-09,21.350000381469727,21.38999938964844,19.81999969482422,20.100000381469727,427100,0,0,-0.055007054589267246,1.322368462742857,22.892999839782714,25.45508602235774,20.330913657207688,21.994999885559082,22.46500015258789,24.02500009536743,24.399999618530273,19.790000915527344
2021-04-12,19.739999771118164,19.809999465942383,18.770000457763672,19.299999237060547,456400,0,0,-0.03980105120528776,1.269736807844971,22.687499809265137,25.679099432284115,19.69590018624616,21.47000026702881,22.329999923706055,23.365000247955322,23.994999885559082,20.229999542236328
2021-04-13,19.5,19.65999984741211,18.200000762939453,19.149999618530277,507000,0,0,-0.007772001267349005,1.2598684117652001,22.462499809265136,25.792337993882974,19.132661624647298,21.1850004196167,22.045000076293945,22.570000171661377,23.670000076293945,20.229999542236328
2021-04-14,18.989999771118164,20.530000686645508,18.989999771118164,19.920000076293945,274500,0,0,0.04020890198966831,1.3105263372537461,22.27599983215332,25.735633630593792,18.81636603371285,21.1850004196167,22.045000076293945,22.570000171661377,23.670000076293945,18.36000061035156
2021-04-15,20.280000686645508,21.96999931335449,20.209999084472656,21.350000381469727,495000,0,0,0.07178716363950066,1.4046053058800563,22.145499897003173,25.53669320240194,18.754306591604408,21.1850004196167,22.045000076293945,22.570000171661377,23.670000076293945,18.270000457763672
2021-04-16,21.170000076293945,21.170000076293945,19.15999984741211,20.01000022888184,439700,0,0,-0.06276347206770594,1.3164473999983017,21.949499893188477,25.35875813679625,18.540241649580704,21.1850004196167,22.045000076293945,22.47000026702881,23.670000076293945,18.21999931335449
2021-04-19,19.549999237060547,20.06999969482422,18.56999969482422,18.68000030517578,323500,0,0,-0.06646676204362933,1.2289474039196602,21.635499954223633,25.034500707712372,18.236499200734894,20.789999961853027,22.045000076293945,22.49250030517578,23.670000076293945,18.25
2021-04-20,18.56999969482422,18.84000015258789,17.81999969482422,18.729999542236328,327700,0,0,0.0026766186425968286,1.2322368274517626,21.32499990463257,24.590326824990992,18.059672984274147,19.894999504089355,21.854999542236328,22.49250030517578,23.670000076293945,18.649999618530277
2021-04-21,18.739999771118164,20.31999969482422,18.3700008392334,20.26000022888184,323800,0,0,0.08168717159844796,1.3328947686257417,21.183999919891356,24.37594993588757,17.992049903895143,19.894999504089355,21.854999542236328,22.602500438690186,23.670000076293945,19.020000457763672
2021-04-22,20.25,21.170000076293945,19.780000686645508,20.6200008392334,321800,0,0,0.017769032886700398,1.3565790196039635,21.089999961853028,24.231172731712846,17.94882719199321,19.894999504089355,21.854999542236328,22.695000171661377,23.670000076293945,18.61000061035156
2021-04-23,20.799999237060547,21.100000381469727,20.11000061035156,20.280000686645508,206800,0,0,-0.01648885250969423,1.3342105882319681,20.94650001525879,23.95620781171506,17.936792218802516,19.894999504089355,21.854999542236328,22.427500247955322,23.670000076293945,18.07999992370605
2021-04-26,20.40999984741211,21.34000015258789,20.40999984741211,21.0,253300,0,0,0.03550292351955475,1.381578964704948,20.859500026702882,23.753967382810483,17.96503267059528,19.894999504089355,21.854999542236328,22.697500228881836,23.670000076293945,18.030000686645508
2021-04-27,21.040000915527344,21.25,20.399999618530277,20.57999992370605,154400,0,0,-0.020000003633045216,1.35394738039151,20.823000049591066,23.712172032287672,17.93382806689446,19.894999504089355,21.800000190734863,22.9375,23.670000076293945,18.209999084472656
2021-04-28,20.40999984741211,21.229999542236328,20.200000762939453,20.979999542236328,291700,0,0,0.019436327503068673,1.3802631450987213,20.819999980926514,23.708380341931864,17.931619619921165,19.579999923706055,21.514999389648438,22.960000038146973,23.670000076293945,18.43000030517578
2021-04-29,21.13999938964844,21.200000762939453,20.38999938964844,20.90999984741211,410600,0,0,-0.0033364964895874483,1.3756579019603925,20.727499961853027,23.475011318351548,17.979988605354507,19.579999923706055,20.994999885559082,23.172500133514404,23.670000076293945,18.989999771118164
2021-04-30,20.520000457763672,21.170000076293945,20.270000457763672,20.51000022888184,278900,0,0,-0.019129584956920742,1.3493421372531818,20.579500007629395,23.01857362555045,18.14042638970834,19.579999923706055,20.994999885559082,23.172500133514404,23.670000076293945,18.649999618530277
2021-05-03,20.739999771118164,20.799999237060547,19.979999542236328,20.26000022888184,215100,0,0,-0.01218917587567625,1.3328947686257417,20.401500034332276,22.329825031924273,18.47317503674028,19.855000495910645,20.994999885559082,23.12249994277954,23.670000076293945,18.459999084472656
2021-05-04,20.07999992370605,20.100000381469727,19.100000381469727,19.40999984741211,369400,0,0,-0.04195460868050749,1.2769736901957531,20.23150005340576,21.852445453159344,18.610554653652176,20.22000026702881,20.994999885559082,23.09999990463257,23.670000076293945,18.809999465942383
2021-05-05,19.649999618530277,20.049999237060547,19.18000030517578,19.399999618530277,252700,0,0,-0.0005152101473697712,1.2763157803926402,20.136000061035155,21.715619350090808,18.5563807719795,20.22000026702881,20.994999885559082,22.96500015258789,23.670000076293945,18.56999969482422
2021-05-06,19.09000015258789,19.56999969482422,17.65999984741211,18.520000457763672,411200,0,0,-0.04536078237476138,1.2184210980367758,19.998500061035156,21.637629680622773,18.35937044144754,19.5,20.914999961853027,22.769999980926514,23.670000076293945,19.209999084472656
2021-05-07,18.799999237060547,19.920000076293945,18.61000061035156,19.290000915527344,254700,0,0,0.04157669755568949,1.269079023525322,19.958000087738036,21.625190338858744,18.290809836617328,19.454999923706055,20.914999961853027,22.769999980926514,23.670000076293945,18.290000915527344
2021-05-10,19.56999969482422,20.479999542236328,18.450000762939453,20.049999237060547,698100,0,0,0.03939856326919333,1.3190789137272905,19.995500087738037,21.635014364866652,18.355985810609422,19.44499969482422,20.914999961853027,22.74250030517578,23.670000076293945,18.299999237060547
2021-05-11,19.290000915527344,20.989999771118164,19.15999984741211,20.290000915527344,465300,0,0,0.011970158982508972,1.3348684980350813,20.05250015258789,21.648703587357787,18.45629671781799,19.43000030517578,20.914999961853027,22.59999990463257,23.670000076293945,18.729999542236328
2021-05-12,19.899999618530277,21.38999938964844,19.899999618530277,20.31999969482422,404800,0,0,0.00147850063791366,1.336842101960957,20.072500133514403,21.67161428530005,18.473385981728757,19.524999618530273,20.519999504089355,22.34000015258789,23.670000076293945,19.920000076293945
2021-05-13,20.420000076293945,20.920000076293945,17.829999923706055,18.82999992370605,554800,0,0,-0.07332676149093109,1.238815799999431,19.94650011062622,21.519755878509542,18.3732443427429,19.524999618530273,19.8149995803833,22.34000015258789,23.670000076293945,19.920000076293945
2021-05-14,19.020000457763672,20.09000015258789,18.93000030517578,19.68000030517578,466200,0,0,0.04514075331458822,1.2947368784294195,19.93000011444092,21.50720569357209,18.352794535309748,19.524999618530273,19.8149995803833,22.34000015258789,23.670000076293945,18.440000534057617
2021-05-17,19.56999969482422,20.25,19.26000022888184,19.790000915527344,214100,0,0,0.005589461821432717,1.3019737607802018,19.985500144958497,21.456269826020183,18.51473046389681,19.524999618530273,19.8149995803833,22.230000019073486,23.670000076293945,18.56999969482422
2021-05-18,19.81999969482422,20.3700008392334,19.38999938964844,20.229999542236328,662700,0,0,0.022233380816256476,1.3309210392164017,20.060500144958496,21.414677547113204,18.70632274280379,19.524999618530273,19.8149995803833,21.90000009536743,23.53499984741211,19.18000030517578
2021-05-19,19.940000534057617,20.649999618530277,19.440000534057617,20.229999542236328,396800,0,0,0.0,1.3309210392164017,20.059000110626222,21.4123474614596,18.705652759792844,19.609999656677246,19.8149995803833,21.615000247955322,23.25,19.5
2021-05-20,20.549999237060547,21.049999237060547,17.860000610351562,18.36000061035156,1103100,0,0,-0.09243692408299731,1.2078947921538914,19.94600009918213,21.462548960484618,18.42945123787964,19.609999656677246,19.8149995803833,21.615000247955322,23.25,19.26000022888184
2021-05-21,18.65999984741211,19.1200008392334,18.18000030517578,18.270000457763672,368300,0,0,-0.004901968932241929,1.2019737294093362,19.84550008773804,21.520154309516577,18.1708458659595,19.609999656677246,19.524999618530273,21.615000247955322,23.25,18.15999984741211
2021-05-24,18.3700008392334,18.59000015258789,17.790000915527344,18.21999931335449,352100,0,0,-0.002736789444793719,1.1986841803937693,19.70650005340576,21.435973982244864,17.97702612456666,19.59000015258789,19.524999618530273,21.615000247955322,23.25,18.59000015258789
2021-05-25,18.32999992370605,18.700000762939453,17.940000534057617,18.25,344600,0,0,0.001646580009666776,1.2006579098031096,19.590000057220458,21.381884257962813,17.798115856478102,19.420000076293945,19.524999618530273,21.417500019073486,23.25,18.780000686645508
2021-05-26,18.31999969482422,19.030000686645508,18.1299991607666,18.649999618530277,292400,0,0,0.021917787316727555,1.2269736745103208,19.473500061035157,21.18930030111008,17.757699820960234,19.420000076293945,19.524999618530273,20.874999523162842,23.059999465942383,18.82999992370605
2021-05-27,18.65999984741211,19.09000015258789,18.31999969482422,19.020000457763672,533600,0,0,0.019839187496055954,1.2513158352916558,19.379000091552733,20.97029413417376,17.787706048931707,19.420000076293945,19.524999618530273,20.874999523162842,23.059999465942383,18.229999542236328
2021-05-28,19.040000915527344,19.479999542236328,18.51000022888184,18.61000061035156,289900,0,0,-0.021556248030727976,1.2243421607813314,19.28400011062622,20.819140299859246,17.748859921393194,19.420000076293945,19.524999618530273,20.874999523162842,23.059999465942383,18.170000076293945
2021-06-01,18.739999771118164,19.729999542236328,18.0,18.07999992370605,695200,0,0,-0.02847934816029518,1.1894736941171118,19.17500009536743,20.727130059237755,17.622870131497105,19.420000076293945,19.524999618530273,20.874999523162842,22.524999618530273,18.56999969482422
2021-06-02,18.09000015258789,18.3799991607666,17.520000457763672,18.030000686645508,323500,0,0,-0.002765444539354567,1.1861842705850096,19.1060001373291,20.73196577574892,17.48003449890928,19.28499984741211,19.454999923706055,20.874999523162842,22.289999961853027,18.26000022888184
2021-06-03,17.860000610351562,18.38999938964844,17.559999465942383,18.209999084472656,245700,0,0,0.009983271823193585,1.1980262705906564,19.04650011062622,20.712121063033887,17.38087915821855,18.625,19.454999923706055,20.84749984741211,21.854999542236328,18.1200008392334
2021-06-04,18.299999237060547,18.690000534057617,18.0,18.43000030517578,220600,0,0,0.012081341667431245,1.2125000352922206,19.042000102996827,20.71382860097416,17.370171605019493,18.625,19.454999923706055,20.547499656677246,21.854999542236328,17.8799991607666
2021-06-07,18.34000015258789,19.6200008392334,18.0,18.989999771118164,440400,0,0,0.030385211973388504,1.2493421058823158,19.02700004577637,20.69499640414062,17.359003687412116,18.625,19.454999923706055,20.28749990463257,21.854999542236328,17.209999084472656
2021-06-08,19.059999465942383,19.21999931335449,18.010000228881836,18.649999618530277,275500,0,0,-0.017904168335219905,1.2269736745103206,18.957000064849854,20.56309393930946,17.350906190390248,18.625,19.454999923706055,20.28749990463257,21.854999542236328,17.420000076293945
2021-06-09,18.8799991607666,19.1200008392334,18.25,18.459999084472656,337500,0,0,-0.01018769640449968,1.214473639218096,18.86549997329712,20.36094504279691,17.370054903797328,18.625,19.454999923706055,20.425000190734863,21.854999542236328,17.469999313354492
2021-06-10,18.43000030517578,18.90999984741211,18.06999969482422,18.809999465942383,262100,0,0,0.01895993493109782,1.2374999803932045,18.789999961853027,20.126481264329275,17.45351865937678,18.625,19.454999923706055,20.607500076293945,21.854999542236328,16.969999313354492
2021-06-11,18.96999931335449,19.670000076293945,18.450000762939453,18.56999969482422,316700,0,0,-0.012759158848074992,1.221710521568878,18.776999950408936,20.116761631449855,17.437238269368017,18.625,19.454999923706055,20.607500076293945,21.854999542236328,17.809999465942383
2021-06-14,18.559999465942383,19.51000022888184,18.399999618530277,19.209999084472656,450100,0,0,0.034464157251807404,1.2638157451004153,18.753499889373778,20.04414665443624,17.462853124311316,18.59500026702881,19.454999923706055,20.207499980926514,21.774999618530273,18.229999542236328
2021-06-15,19.25,19.57999992370605,18.1299991607666,18.290000915527344,389100,0,0,-0.047891630025580945,1.2032895490155622,18.67849988937378,19.890622111475494,17.466377667272063,18.614999771118164,19.454999923706055,20.18499994277954,21.774999618530273,17.6299991607666
2021-06-16,18.32999992370605,19.06999969482422,18.200000762939453,18.299999237060547,694700,0,0,0.0005466550591977093,1.2039473333352113,18.58199987411499,19.56883779441,17.595161953819982,18.835000038146973,19.454999923706055,20.179999828338623,21.774999618530273,17.059999465942383
2021-06-17,18.32999992370605,18.989999771118164,18.049999237060547,18.729999542236328,272700,0,0,0.02349728541545293,1.2322368274517623,18.50699987411499,19.144498520658306,17.86950122757167,18.835000038146973,19.454999923706055,20.172500133514404,21.774999618530273,17.079999923706055
2021-06-18,19.479999542236328,20.31999969482422,19.459999084472656,19.920000076293945,1406900,0,0,0.06353446679879271,1.310526337253746,18.58499984741211,19.46880888123451,17.70119081358971,19.164999961853027,19.28499984741211,20.022499561309814,21.774999618530273,16.8799991607666
2021-06-21,20.190000534057617,20.190000534057617,19.15999984741211,19.920000076293945,392600,0,0,0.0,1.310526337253746,18.667499828338624,19.71338723356191,17.621612423115337,19.184999465942383,19.28499984741211,19.669999599456787,21.774999618530273,17.979999542236328
2021-06-22,19.84000015258789,19.90999984741211,18.290000915527344,18.440000534057617,349800,0,0,-0.07429716549035659,1.2131579450953334,18.67849988937378,19.709696216700266,17.64730356204729,19.184999465942383,19.28499984741211,19.669999599456787,21.774999618530273,17.56999969482422
2021-06-23,18.40999984741211,18.93000030517578,17.920000076293945,18.56999969482422,384800,0,0,0.007049845824380618,1.221710521568878,18.69449987411499,19.708199260475553,17.680800487754425,19.119999885559082,19.28499984741211,19.669999599456787,21.774999618530273,17.030000686645508
2021-06-24,18.799999237060547,19.399999618530277,18.59000015258789,19.18000030517578,296600,0,0,0.032848714075185415,1.2618421411745397,18.720999908447265,19.756376416344374,17.685623400550156,19.119999885559082,19.28499984741211,19.669999599456787,21.774999618530273,17.700000762939453
2021-06-25,19.1299991607666,19.71999931335449,18.65999984741211,19.5,2765100,0,0,0.0166840297045181,1.2828947529403085,18.744999885559082,19.82864935771176,17.661350413406403,19.119999885559082,19.28499984741211,19.712499618530273,21.774999618530273,17.899999618530273
2021-06-28,19.700000762939453,19.989999771118164,19.18000030517578,19.26000022888184,243500,0,0,-0.012307680570162072,1.2671052941159822,18.777499866485595,19.882020505470898,17.672979227500292,19.119999885559082,18.920000076293945,19.712499618530273,21.774999618530273,17.260000228881836
2021-06-29,19.32999992370605,19.32999992370605,18.09000015258789,18.15999984741211,235100,0,0,-0.05711320708190837,1.1947368470585538,18.7814998626709,19.876319861440905,17.686679863900892,19.119999885559082,18.920000076293945,19.56749963760376,21.774999618530273,18.540000915527344
2021-06-30,18.049999237060547,18.989999771118164,17.75,18.59000015258789,263300,0,0,0.02367843110070611,1.2230263411751046,18.80949983596802,19.85290221064931,17.766097461286726,19.03499984741211,18.920000076293945,19.557499885559082,21.774999618530273,18.459999084472656
2021-07-01,18.530000686645508,18.8799991607666,18.21999931335449,18.780000686645508,161500,0,0,0.010220577326416347,1.2355263764673288,18.83799991607666,19.844435579542818,17.831564252610505,18.97000026702881,18.920000076293945,19.47249984741211,21.774999618530273,18.3700008392334
2021-07-02,18.959999084472656,19.100000381469727,18.190000534057617,18.82999992370605,276100,0,0,0.0026623660933142723,1.238815799999431,18.857999897003175,19.846762238388926,17.869237555617424,18.869999885559082,18.920000076293945,19.47249984741211,21.774999618530273,18.420000076293945
2021-07-06,19.11000061035156,19.11000061035156,18.200000762939453,18.229999542236328,258100,0,0,-0.03186406712165468,1.1993420901968828,18.81999988555908,19.84373284538703,17.796266925731132,18.869999885559082,18.920000076293945,19.47249984741211,21.774999618530273,18.59000015258789
2021-07-07,18.270000457763672,18.540000915527344,17.770000457763672,18.170000076293945,269300,0,0,-0.003291248900109567,1.1953947568616672,18.795999908447264,19.856792849173818,17.73520696772071,18.869999885559082,18.920000076293945,19.47249984741211,21.774999618530273,18.559999465942383
2021-07-08,18.010000228881836,18.989999771118164,17.81999969482422,18.56999969482422,302100,0,0,0.02201428821412854,1.221710521568878,18.801499938964845,19.856326887526247,17.746672990403443,18.869999885559082,18.920000076293945,19.47249984741211,21.774999618530273,18.88999938964844
2021-07-09,18.559999465942383,19.049999237060547,18.11000061035156,18.26000022888184,233900,0,0,-0.01669356332993266,1.2013158196062228,18.773999977111817,19.85514454027578,17.692855413947854,18.869999885559082,18.9399995803833,19.369999885559082,21.704999923706055,18.420000076293945
2021-07-12,18.18000030517578,18.489999771118164,17.920000076293945,18.1200008392334,200500,0,0,-0.007666998241708911,1.1921053333295648,18.751500034332274,19.86724709928614,17.63575296937841,18.539999961853027,19.03499984741211,19.039999961853027,21.65000057220459,18.82999992370605
2021-07-13,18.07999992370605,18.15999984741211,17.799999237060547,17.8799991607666,258600,0,0,-0.013245125129748625,1.176315749021774,18.685000038146974,19.84174979802369,17.528250278270257,18.43000030517578,19.03499984741211,19.039999961853027,21.364999771118164,18.559999465942383
2021-07-14,18.0,18.0,17.170000076293945,17.209999084472656,306000,0,0,-0.03747204182000752,1.1322367960808966,18.630999946594237,19.94805000141741,17.313949891771063,18.140000343322754,18.744999885559082,19.039999961853027,20.84500026702881,18.440000534057617
2021-07-15,17.139999389648438,17.850000381469727,16.8700008392334,17.420000076293945,324900,0,0,0.012202266298245057,1.1460526509793474,18.58699998855591,20.001621830302422,17.172378146809397,17.99000072479248,18.59500026702881,19.039999961853027,20.84500026702881,19.149999618530277
2021-07-16,17.520000457763672,17.799999237060547,17.299999237060547,17.469999313354492,324600,0,0,0.0028702202549693023,1.1493420745114495,18.523999977111817,20.01840303163563,17.029596922588006,17.99000072479248,18.59500026702881,19.039999961853027,20.84500026702881,20.190000534057617
2021-07-19,17.299999237060547,17.43000030517578,16.639999389648438,16.969999313354492,215500,0,0,-0.02862049339737449,1.11644733725657,18.376499938964844,19.872997056880575,16.880002821049114,17.844999313354492,18.479999542236328,19.039999961853027,20.84500026702881,20.399999618530277
2021-07-20,16.920000076293945,17.84000015258789,16.450000762939453,17.809999465942383,353400,0,0,0.04949912708168802,1.1717105058834452,18.270999908447266,19.604299461597712,16.93770035529682,17.75,18.385000228881836,19.039999961853027,20.84500026702881,20.290000915527344
2021-07-21,17.969999313354492,18.38999938964844,17.389999389648438,18.229999542236328,260600,0,0,0.023582262149816513,1.1993420901968828,18.2604998588562,19.59159225861481,16.92940745909759,17.75,18.385000228881836,19.02500009536743,20.84500026702881,20.61000061035156
2021-07-22,18.25,18.34000015258789,17.59000015258789,17.6299991607666,279100,0,0,-0.03291280288184373,1.1598683803943344,18.21349983215332,19.56401198904128,16.862987675265362,17.47000026702881,18.385000228881836,19.03499984741211,20.84500026702881,21.770000457763672
2021-07-23,17.690000534057617,17.8700008392334,16.979999542236328,17.059999465942383,193800,0,0,-0.032331237774116506,1.1223684000011258,18.10749979019165,19.470805703146343,16.744193877236956,17.420000076293945,18.385000228881836,19.144999980926514,20.84500026702881,21.670000076293945
2021-07-26,17.110000610351562,17.649999618530273,16.959999084472656,17.079999923706055,268300,0,0,0.0011723598118276168,1.1236842196073524,17.986499786376953,19.259607696633175,16.71339187612073,17.420000076293945,18.385000228881836,19.144999980926514,20.84500026702881,21.71999931335449
2021-07-27,16.899999618530273,17.5,16.559999465942383,16.8799991607666,304300,0,0,-0.011709646594427858,1.1105262745120148,17.86749973297119,19.085357450792742,16.649642015149638,17.420000076293945,18.320000648498535,19.22499990463257,20.449999809265137,22.3799991607666
2021-07-28,17.200000762939453,18.13999938964844,16.899999618530273,17.979999542236328,572400,0,0,0.06516590261606203,1.182894721569443,17.8584997177124,19.07015570765126,16.646843727773543,17.420000076293945,18.22000026702881,19.234999656677246,19.744999885559082,22.299999237060547
2021-07-29,18.15999984741211,18.299999237060547,17.5,17.56999969482422,179200,0,0,-0.0228031066657699,1.1559210470591188,17.80749969482422,18.97635848464732,16.638640905001118,17.420000076293945,18.22000026702881,19.234999656677246,19.744999885559082,21.729999542236328
2021-07-30,17.459999084472656,17.790000915527344,16.959999084472656,17.030000686645508,369300,0,0,-0.030734150117133097,1.1203947960752503,17.719999694824217,18.845287545828892,16.594711843819542,17.420000076293945,18.22000026702881,19.202499866485596,19.744999885559082,21.07999992370605
2021-08-02,17.15999984741211,18.030000686645508,17.15999984741211,17.700000762939453,180400,0,0,0.03934233994596026,1.1644737490161277,17.663499736785887,18.665660948235686,16.661338525336088,17.47499942779541,18.22000026702881,19.202499866485596,19.744999885559082,20.75
2021-08-03,17.3700008392334,18.030000686645508,17.309999465942383,17.899999618530273,343400,0,0,0.011299369885315658,1.1776315686280012,17.646999740600585,18.62149859497953,16.672500886221638,17.449999809265137,18.22000026702881,19.202499866485596,19.744999885559082,20.309999465942383
2021-08-04,17.709999084472656,18.18000030517578,17.040000915527344,17.260000228881836,180000,0,0,-0.03575415660824388,1.1355263450964637,17.60149974822998,18.55871093086582,16.644288565594138,17.429999351501465,17.890000343322754,19.019999980926514,19.744999885559082,19.8799991607666
2021-08-05,17.399999618530273,18.56999969482422,17.270000457763672,18.540000915527344,267400,0,0,0.0741599460991682,1.2197369176430028,17.599999809265135,18.551145094962596,16.648854523567675,17.5649995803833,17.780000686645508,19.019999980926514,19.454999923706055,19.940000534057617
2021-08-06,18.559999465942383,18.75,17.8700008392334,18.459999084472656,254600,0,0,-0.004315093155561001,1.2144736392180964,17.60999975204468,18.592719557551465,16.627279946537893,17.65499973297119,17.780000686645508,18.977499961853027,19.454999923706055,20.0
2021-08-09,18.420000076293945,18.950000762939453,18.290000915527344,18.3700008392334,384600,0,0,-0.0048753114681873155,1.2085527019570053,17.62249975204468,18.63704479384116,16.607954710248197,17.925000190734863,17.780000686645508,18.945000171661377,19.454999923706055,19.989999771118164
2021-08-10,18.549999237060547,18.82999992370605,18.15999984741211,18.420000076293945,295600,0,0,0.0027217874129739084,1.2118421254891074,17.649499797821044,18.717929120989226,16.58107047465286,17.954999923706055,17.780000686645508,18.894999980926514,19.454999923706055,19.979999542236328
2021-08-11,18.38999938964844,18.82999992370605,17.540000915527344,18.59000015258789,535200,0,0,0.00922910290932788,1.223026341175105,17.718499851226806,18.841922511483943,16.59507719096967,17.954999923706055,17.75,18.894999980926514,19.454999923706055,19.68000030517578
2021-08-12,18.59000015258789,18.729999542236328,18.09000015258789,18.559999465942383,300100,0,0,-0.0016138077675772466,1.221052611765765,17.77549982070923,18.947719697570363,16.603279943848094,17.9950008392334,17.75,18.894999980926514,19.454999923706055,19.15999984741211
2021-08-13,18.709999084472656,19.0,18.34000015258789,18.88999938964844,223100,0,0,0.01778016881474631,1.2427631333346472,17.846499824523924,19.105859051040273,16.587140598007576,18.020000457763672,17.75,18.894999980926514,19.454999923706055,19.440000534057617
2021-08-16,18.670000076293945,18.8799991607666,18.21999931335449,18.420000076293945,302100,0,0,-0.024880853813687875,1.2118421254891072,17.918999862670898,19.133865453001984,16.70413427233981,18.020000457763672,17.725000381469727,18.90499973297119,19.454999923706055,19.76000022888184
2021-08-17,18.170000076293945,18.88999938964844,17.84000015258789,18.82999992370605,165700,0,0,0.022258406390549546,1.2388157999994311,17.969999885559083,19.24701968914844,16.692980081969726,18.135000228881836,17.725000381469727,18.78749990463257,19.454999923706055,19.71999931335449
2021-08-18,19.07999992370605,19.479999542236328,18.5,18.559999465942383,272500,0,0,-0.014338845398706113,1.221052611765765,17.986499881744386,19.28511173327488,16.68788803021389,18.510000228881836,17.96500015258789,18.732500076293945,19.454999923706055,19.229999542236328
2021-08-19,18.350000381469727,18.770000457763672,18.299999237060547,18.440000534057617,215700,0,0,-0.006465459878108537,1.2131579450953338,18.026999950408936,19.329169653403053,16.72483024741482,18.510000228881836,17.96500015258789,18.442500114440918,19.27999973297119,19.299999237060547
2021-08-20,18.309999465942383,19.200000762939453,18.06999969482422,19.149999618530277,264500,0,0,0.03850320303198118,1.2598684117652006,18.13149995803833,19.441999196036093,16.821000720040566,18.510000228881836,17.96500015258789,18.292500495910645,19.130000114440918,18.780000686645508
2021-08-23,19.43000030517578,20.239999771118164,18.979999542236328,20.190000534057617,190100,0,0,0.054308142884817334,1.328289525487413,18.28699998855591,19.78794627902754,16.786053698084277,18.890000343322754,18.34500026702881,18.292500495910645,19.130000114440918,18.649999618530277
2021-08-24,20.15999984741211,20.43000030517578,19.950000762939453,20.399999618530277,216900,0,0,0.01040114308657003,1.3421052549023997,18.46300001144409,20.084740936887158,16.841259086001024,19.135000228881836,18.440000534057617,18.16249942779541,19.014999389648438,18.88999938964844
2021-08-25,20.489999771118164,20.729999542236328,20.1299991607666,20.290000915527344,197500,0,0,-0.0053920933852869,1.3348684980350818,18.578500080108643,20.368423124952393,16.788577035264893,19.28499984741211,18.644999504089355,18.067500114440918,18.920000076293945,19.31999969482422
2021-08-26,20.13999938964844,20.93000030517578,20.13999938964844,20.61000061035156,167500,0,0,0.015771300166838698,1.3559211098008501,18.73050012588501,20.664198681672957,16.79680157009706,19.385000228881836,18.744999885559082,18.067500114440918,18.920000076293945,19.209999084472656
2021-08-27,20.71999931335449,21.82999992370605,20.71999931335449,21.770000457763672,279900,0,0,0.05628334852302208,1.4322368901934943,18.967500114440917,21.15732284519154,16.777677383690293,19.835000038146973,19.19499969482422,17.927500247955322,18.920000076293945,18.670000076293945
2021-08-30,22.0,22.399999618530277,21.530000686645508,21.670000076293945,254900,0,0,-0.004593494688424071,1.4256579176458255,19.166000080108642,21.571795760594437,16.760204399622847,20.234999656677246,19.479999542236328,17.90250015258789,18.920000076293945,18.36000061035156
2021-08-31,21.670000076293945,22.34000015258789,21.270000457763672,21.71999931335449,272100,0,0,0.0023073021174209174,1.4289473411779277,19.357000064849853,21.932875630298234,16.78112449940147,20.234999656677246,19.479999542236328,17.90250015258789,18.920000076293945,19.190000534057617
2021-09-01,21.90999984741211,22.459999084472656,21.350000381469727,22.3799991607666,282400,0,0,0.030386734266898197,1.472368384315692,19.613000011444093,22.32016178047153,16.905838242416657,20.264999389648438,19.679999351501465,17.87000036239624,18.75,18.600000381469727
2021-09-02,22.549999237060547,22.549999237060547,21.899999618530277,22.299999237060547,174200,0,0,-0.0035746169216260837,1.4671052313742499,19.800999927520753,22.70148539629467,16.900514458746834,20.764999389648438,19.7549991607666,17.820000171661377,18.75,18.61000061035156
2021-09-03,22.280000686645508,22.280000686645508,21.65999984741211,21.729999542236328,226700,0,0,-0.02556052530606956,1.4296052509810413,19.964499950408936,22.91297030092371,17.01602959989416,21.25,19.7549991607666,17.820000171661377,18.75,19.21999931335449
2021-09-07,21.600000381469727,21.950000762939453,20.690000534057617,21.07999992370605,368000,0,0,-0.029912546351732794,1.3868421176463903,20.09999990463257,22.990808251704948,17.20919155756019,21.339999198913574,19.795000076293945,17.820000171661377,18.75,18.88999938964844
2021-09-08,21.190000534057617,21.290000915527344,20.559999465942383,20.75,183900,0,0,-0.015654645393757383,1.3651315960775086,20.216499900817873,23.012328079587963,17.420671722047782,21.344999313354492,19.795000076293945,17.84749984741211,18.75,19.229999542236328
2021-09-09,20.649999618530277,20.780000686645508,20.280000686645508,20.309999465942383,247000,0,0,-0.02120484501482489,1.3361841921578446,20.302499866485597,22.995754847852474,17.60924488511872,21.414999961853027,19.795000076293945,17.835000038146973,18.75,18.989999771118164
2021-09-10,20.459999084472656,20.459999084472656,19.81999969482422,19.8799991607666,250600,0,0,-0.02117185211633532,1.3078946980412938,20.368499851226808,22.9488468078002,17.788152894653415,21.184999465942383,19.90999984741211,17.65999984741211,18.385000228881836,18.799999237060547
2021-09-13,19.920000076293945,20.90999984741211,19.540000915527344,19.940000534057617,262500,0,0,0.0030181778583486807,1.3118421568599736,20.420999908447264,22.919437462269492,17.922562354625036,21.045000076293945,20.045000076293945,17.672500133514404,18.385000228881836,18.86000061035156
2021-09-14,20.059999465942383,20.34000015258789,19.940000534057617,20.0,187100,0,0,0.003009000217422342,1.315789490195189,20.499999904632567,22.83307136787461,18.166928441390525,21.045000076293945,20.045000076293945,17.71750020980835,18.385000228881836,18.51000022888184
2021-09-15,19.950000762939453,20.270000457763672,19.459999084472656,19.989999771118164,435700,0,0,-0.0005000114440918413,1.3151315803920756,20.557999897003175,22.7757290165637,18.340270777442647,21.0049991607666,20.045000076293945,17.852500438690186,18.385000228881836,18.75
2021-09-16,20.09000015258789,20.190000534057617,19.43000030517578,19.979999542236328,174900,0,0,-0.0005002615806071198,1.3144736705889624,20.62899990081787,22.668201832428682,18.58979796920706,20.855000495910645,20.045000076293945,17.86750030517578,18.385000228881836,19.01000022888184
2021-09-17,20.13999938964844,20.36000061035156,19.559999465942383,19.68000030517578,1063200,0,0,-0.015014977173866795,1.2947368784294202,20.690999889373778,22.522954336789077,18.85904544195848,20.690000534057617,20.19499969482422,17.852499961853027,18.385000228881836,19.07999992370605
2021-09-20,19.520000457763672,19.88999938964844,18.780000686645508,19.15999984741211,204200,0,0,-0.02642278707825596,1.2605263215683138,20.69149990081787,22.52175799272254,18.8612418089132,20.035000801086426,20.19499969482422,17.8725004196167,18.385000228881836,19.01000022888184
2021-09-21,19.32999992370605,19.6299991607666,19.11000061035156,19.440000534057617,113900,0,0,0.01461381465946765,1.2789474196050936,20.653999900817873,22.55399635410663,18.754003447529115,19.84500026702881,20.19499969482422,17.885000228881836,18.385000228881836,19.5
2021-09-22,19.559999465942383,20.1200008392334,19.11000061035156,19.76000022888184,143200,0,0,0.016460889199236606,1.3000000313708626,20.62199993133545,22.55962688007913,18.684372982591768,19.84500026702881,20.19499969482422,17.8725004196167,18.385000228881836,20.5
2021-09-23,19.93000030517578,19.93000030517578,19.229999542236328,19.71999931335449,161600,0,0,-0.0020243378068833806,1.297368392158409,20.593499851226806,22.56665215035955,18.620347552094064,19.84500026702881,20.309999465942383,17.93000030517578,18.385000228881836,20.15999984741211
2021-09-24,19.459999084472656,19.6299991607666,19.149999618530277,19.229999542236328,96700,0,0,-0.024847859441167963,1.2651315647066428,20.524499797821044,22.586033104474534,18.462966491167553,19.570000648498535,20.309999465942383,18.237500190734863,18.385000228881836,21.670000076293945
2021-09-27,19.15999984741211,19.770000457763672,19.01000022888184,19.299999237060547,190600,0,0,0.0036401298227008994,1.2697368078449718,20.400999736785888,22.444955461052764,18.35704401251901,19.570000648498535,20.309999465942383,18.237500190734863,18.385000228881836,22.3799991607666
2021-09-28,19.07999992370605,19.149999618530277,18.450000762939453,18.780000686645508,192600,0,0,-0.02694293113838675,1.2355263764673297,20.256499767303467,22.329903301159668,18.183096233447266,19.405000686645508,20.5,18.237500190734863,18.385000228881836,23.51000022888184
2021-09-29,19.07999992370605,19.07999992370605,18.26000022888184,18.649999618530277,158800,0,0,-0.006922314343027369,1.2269736745103212,20.102999782562257,22.17483110310098,18.031168462023533,19.3100004196167,20.40499973297119,18.61750030517578,18.385000228881836,23.530000686645508
2021-09-30,18.770000457763672,19.559999465942383,18.770000457763672,18.88999938964844,165100,0,0,0.012868620698506916,1.2427631333346478,19.92849979400635,21.77743167424292,18.07956791376978,19.190000534057617,20.40499973297119,18.787500381469727,18.440000534057617,23.399999618530277
2021-10-01,19.0,19.61000061035156,18.61000061035156,19.31999969482422,603100,0,0,0.02276338375169118,1.2710526274511986,19.779499816894532,21.284997272310928,18.274002361478136,19.190000534057617,20.40499973297119,18.964999675750732,18.59000015258789,21.96999931335449
2021-10-04,19.200000762939453,19.600000381469727,18.71999931335449,19.209999084472656,155300,0,0,-0.005693613462169567,1.2638157451004164,19.653499794006347,20.87770570699886,18.429293881013834,19.190000534057617,20.40499973297119,19.06500005722046,18.690000534057617,21.59000015258789
2021-10-05,19.200000762939453,19.489999771118164,18.59000015258789,18.670000076293945,259100,0,0,-0.028110308897161262,1.2282894941165476,19.532999801635743,20.63939012871832,18.426609474553167,19.09500026702881,20.40499973297119,19.514999866485596,19.140000343322754,21.57999992370605
2021-10-06,18.520000457763672,18.649999618530277,18.1299991607666,18.36000061035156,119700,0,0,-0.01660414915241515,1.2078947921538918,19.41349983215332,20.483588863237994,18.343410801068647,18.949999809265137,20.339999198913574,19.857499599456787,19.425000190734863,20.440000534057617
2021-10-07,18.5,19.239999771118164,18.5,19.190000534057617,128300,0,0,0.04520696601927643,1.2625000509776538,19.357499885559083,20.347452897820535,18.36754687329763,18.949999809265137,20.339999198913574,19.857499599456787,19.425000190734863,19.5
2021-10-08,19.270000457763672,19.530000686645508,18.530000686645508,18.600000381469727,113100,0,0,-0.030745186876924957,1.2236842509782186,19.29349994659424,20.30555835958809,18.281441533600386,18.869999885559082,20.339999198913574,19.97249937057495,19.454999923706055,19.149999618530277
2021-10-11,18.51000022888184,19.01000022888184,18.399999618530277,18.61000061035156,80900,0,0,0.0005376467030504539,1.2243421607813318,19.226999950408935,20.235131386445072,18.218868514372797,18.869999885559082,20.204999923706055,20.25999927520752,19.5,19.030000686645508
2021-10-12,18.65999984741211,19.440000534057617,18.65999984741211,19.21999931335449,96600,0,0,0.032778005534488175,1.2644736549035296,19.18799991607666,20.131066296174573,18.244933535978745,18.869999885559082,20.039999961853027,20.5024995803833,19.5,18.489999771118164
2021-10-13,19.38999938964844,19.700000762939453,18.63999938964844,18.88999938964844,114600,0,0,-0.017169611628277015,1.242763133334648,19.132999897003174,20.00767011592421,18.258329678082138,18.914999961853027,19.710000038146973,20.56749963760376,19.5,18.09000015258789
2021-10-14,19.059999465942383,19.790000915527344,19.059999465942383,19.229999542236328,156000,0,0,0.017998949898018646,1.265131564706643,19.095499897003172,19.88049121743084,18.310508576575504,18.960000038146973,19.519999504089355,20.56999969482422,19.5,17.559999465942383
2021-10-15,19.649999618530277,19.81999969482422,18.8799991607666,18.989999771118164,151400,0,0,-0.012480487614731084,1.2493421058823164,19.060999870300293,19.798951434579877,18.32304830602071,18.97499942779541,19.519999504089355,20.605000019073486,19.5,17.010000228881836
2021-10-18,18.84000015258789,19.030000686645508,18.549999237060547,18.799999237060547,160400,0,0,-0.010005294173125234,1.236842070590092,19.042999839782716,19.788019354188997,18.297980325376436,18.97499942779541,19.519999504089355,20.547499656677246,19.5,16.790000915527344
2021-10-19,18.799999237060547,19.1200008392334,18.61000061035156,18.86000061035156,140000,0,0,0.0031915625386160773,1.2407895294087716,19.01399984359741,19.739642541375662,18.28835714581916,19.109999656677246,19.244999885559082,20.545000076293945,19.5,16.93000030517578
2021-10-20,18.8700008392334,18.96999931335449,18.459999084472656,18.51000022888184,100500,0,0,-0.018557813899413023,1.2177631882336635,18.95149984359741,19.622021104756758,18.280978582438063,19.109999656677246,19.244999885559082,20.545000076293945,19.5,16.18000030517578
2021-10-21,18.57999992370605,18.790000915527344,18.229999542236328,18.75,129300,0,0,0.012965951817962784,1.2335526470579898,18.902999877929688,19.47648460723761,18.329515148621766,19.024999618530273,19.244999885559082,20.524999618530273,19.5,16.229999542236328
2021-10-22,18.61000061035156,19.149999618530277,18.270000457763672,19.01000022888184,163700,0,0,0.01386667887369808,1.2506579254885433,18.891999912261962,19.447958946638213,18.33604087788571,19.024999618530273,19.244999885559082,20.450000286102295,19.5,17.079999923706055
2021-10-25,19.06999969482422,19.13999938964844,18.57999992370605,19.07999992370605,96200,0,0,0.0036822563903951,1.2552631686268718,18.880999946594237,19.412121571942155,18.34987832124632,19.024999618530273,19.125,20.442500114440918,19.5,15.800000190734863
2021-10-26,19.06999969482422,19.270000457763672,18.75,19.01000022888184,97800,0,0,-0.003668747122857141,1.2506579254885435,18.892499923706055,19.42434345054867,18.36065639686344,19.024999618530273,19.125,20.115000247955322,19.5,16.239999771118164
2021-10-27,18.950000762939453,19.68000030517578,18.8799991607666,19.5,153400,0,0,0.025775895066729504,1.2828947529403099,18.93499994277954,19.51662070305065,18.353379182508434,19.024999618530273,19.125,20.019999980926514,19.5,15.5600004196167
2021-10-28,19.520000457763672,20.56999969482422,19.270000457763672,20.5,195200,0,0,0.05128205128205132,1.3486842274500694,19.015499973297118,19.913762756851984,18.11723718974225,19.399999618530273,19.34999942779541,20.019999980926514,19.5,15.550000190734863
2021-10-29,20.350000381469727,20.6200008392334,20.11000061035156,20.15999984741211,162100,0,0,-0.016585373296970296,1.326315796078074,19.057499980926515,20.08016302265352,18.03483693919951,19.425000190734863,19.375,20.077499866485596,19.5,15.5
2021-11-01,20.31999969482422,21.899999618530277,20.25,21.670000076293945,233400,0,0,0.0749008055709719,1.4256579176458266,19.180500030517578,20.716707664179083,17.644292396856073,20.0649995803833,20.014999389648438,19.94000005722046,19.5,15.56999969482422
2021-11-02,21.670000076293945,22.459999084472656,21.25,22.3799991607666,129600,0,0,0.03276414776063463,1.4723683843156932,19.36599998474121,21.424607680561277,17.307392288921147,20.344999313354492,20.29499912261963,19.94000005722046,19.5,14.789999961853027
2021-11-03,22.239999771118164,23.6200008392334,21.920000076293945,23.51000022888184,284000,0,0,0.05049155989675791,1.5467105607824616,19.623499965667726,22.313715804631073,16.93328412670438,20.945000648498535,20.875,19.952500343322754,19.5,14.640000343322754
2021-11-04,23.530000686645508,23.600000381469727,22.93000030517578,23.530000686645508,164300,0,0,0.000850721291746126,1.5480263803886878,19.84049997329712,23.017670101823626,16.663329844770615,21.100000381469727,20.875,19.857500076293945,19.5,14.920000076293944
2021-11-05,23.700000762939453,23.700000762939453,22.790000915527344,23.399999618530277,146100,0,0,-0.005524907110989297,1.5394736784316794,20.080499935150147,23.560744034281743,16.60025583601855,21.225000381469727,20.914999961853027,19.797500133514404,19.5,14.529999732971191
2021-11-08,23.06999969482422,23.5,21.770000457763672,21.96999931335449,124700,0,0,-0.0611111251490527,1.4453947098053685,20.248499870300293,23.753156418178023,16.743843322422563,21.289999961853027,20.914999961853027,19.797500133514404,19.554999351501465,15.449999809265137
2021-11-09,21.90999984741211,21.940000534057617,21.31999969482422,21.59000015258789,103800,0,0,-0.017296275495812807,1.4203947647043844,20.366999912261964,23.884928233106745,16.849071591417182,21.485000610351562,20.914999961853027,19.797500133514404,19.554999351501465,15.029999732971191
2021-11-10,21.75,22.030000686645508,21.170000076293945,21.57999992370605,221300,0,0,-0.0004631879949589246,1.4197368549012708,20.501499938964844,23.98848707628988,17.01451280163981,21.905000686645508,20.914999961853027,19.75,19.554999351501465,15.8100004196167
2021-11-11,22.0,22.0,20.36000061035156,20.440000534057617,216900,0,0,-0.05282666328446661,1.3447368941148536,20.561999988555907,23.999755114304442,17.124244862807373,21.975000381469727,20.96500015258789,19.644999504089355,19.554999351501465,15.6899995803833
2021-11-12,20.459999084472656,20.459999084472656,18.6299991607666,19.5,355500,0,0,-0.045988283243504124,1.2828947529403096,20.5875,23.985134688637025,17.189865311362972,21.164999961853027,20.96500015258789,19.644999504089355,19.554999351501465,14.989999771118164
2021-11-15,19.709999084472656,19.989999771118164,18.93000030517578,19.149999618530277,236800,0,0,-0.017948737511267798,1.2598684117652013,20.605000019073486,23.968697592586224,17.24130244556075,21.164999961853027,20.96500015258789,19.604999542236328,19.72499942779541,14.699999809265137
2021-11-16,19.1299991607666,19.950000762939453,18.84000015258789,19.030000686645508,215200,0,0,-0.006266262886431284,1.2519737450947699,20.613500022888182,23.960148115399868,17.266851930376497,21.164999961853027,20.96500015258789,19.53749990463257,19.7549991607666,14.25
2021-11-17,19.36000061035156,19.36000061035156,18.020000457763672,18.489999771118164,255900,0,0,-0.028376295115233208,1.2164473686274369,20.6125,23.9617003374922,17.2632996625078,20.860000610351562,20.860000610351562,19.454999923706055,19.7549991607666,14.56999969482422
2021-11-18,18.600000381469727,18.739999771118164,18.09000015258789,18.09000015258789,258200,0,0,-0.0216332949422251,1.1901316039202259,20.579500007629395,24.01430649651637,17.14469351874242,20.760000228881836,20.860000610351562,19.3125,19.795000076293945,15.470000267028809
2021-11-19,18.0,18.350000381469727,17.489999771118164,17.559999465942383,202000,0,0,-0.029297992381149163,1.1552631372560063,20.506999969482422,24.129432866654547,16.884567072310297,19.760000228881836,20.59500026702881,19.239999771118164,19.795000076293945,14.979999542236328
2021-11-22,18.049999237060547,18.049999237060547,17.010000228881836,17.010000228881836,215100,0,0,-0.031321142015252934,1.1190789764690243,20.40349998474121,24.294457994652678,16.51254197482974,19.520000457763672,20.355000495910645,19.247499465942383,19.795000076293945,15.0600004196167
2021-11-23,16.90999984741211,17.479999542236328,15.890000343322754,16.790000915527344,297100,0,0,-0.012933527947927237,1.1046053372509244,20.292500019073486,24.456293325112235,16.128706713034738,18.945000171661377,19.795000553131104,19.247499465942383,19.90999984741211,14.880000114440918
2021-11-24,16.6299991607666,16.950000762939453,16.34000015258789,16.93000030517578,185800,0,0,0.008338259798364112,1.1138158235275821,20.164000034332275,24.571885266472187,15.756114802192364,18.174999713897705,19.795000553131104,19.177499771118164,20.045000076293945,15.3100004196167
2021-11-26,16.510000228881836,16.68000030517578,15.800000190734863,16.18000030517578,145700,0,0,-0.044300058268204046,1.0644737176452626,19.948000049591066,24.683732461479675,15.212267637702457,17.894999980926514,19.750000476837158,19.177499771118164,20.045000076293945,15.100000381469728
2021-11-29,16.5,16.75,16.190000534057617,16.229999542236328,291400,0,0,0.0030901876463222955,1.0677631411773647,19.751500034332274,24.757187425800517,14.745812642864031,17.875000476837158,19.750000476837158,19.134999752044678,20.045000076293945,14.56999969482422
2021-11-30,16.270000457763672,17.700000762939453,15.0,17.079999923706055,1026600,0,0,0.05237217532001259,1.123684219607353,19.52200002670288,24.575982648713257,14.468017404692501,17.18000030517578,19.350000381469727,19.134999752044678,20.045000076293945,10.510000228881836
2021-12-01,17.270000457763672,17.530000686645508,15.779999732971191,15.800000190734863,321600,0,0,-0.07494143669137998,1.039473709802546,19.193000078201294,24.316915459890602,14.069084696511986,16.869999885559082,19.350000381469727,19.074999809265137,20.19499969482422,10.470000267028809
2021-12-02,15.34000015258789,16.469999313354492,15.34000015258789,16.239999771118164,401600,0,0,0.02784807437162673,1.068421050980478,18.82950005531311,23.699328228800272,13.959671881825951,16.675000190734863,19.350000381469727,19.074999809265137,20.19499969482422,10.720000267028809
2021-12-03,16.239999771118164,16.239999771118164,15.420000076293944,15.5600004196167,277000,0,0,-0.04187188184022028,1.0236842509782194,18.43100004196167,22.9880908625403,13.873909221383041,16.524999618530273,19.350000381469727,19.074999809265137,20.19499969482422,11.109999656677246
2021-12-06,15.65999984741211,16.1299991607666,15.010000228881836,15.550000190734863,191700,0,0,-0.0006426882141487011,1.023026341175106,18.0385000705719,22.140945590984785,13.936054550159012,16.350000381469727,19.350000381469727,19.374999523162842,20.19499969482422,10.8100004196167
2021-12-07,15.420000076293944,16.530000686645508,15.18000030517578,15.5,368200,0,0,-0.003215446310068537,1.0197368549012715,17.715000104904174,21.533978221592452,13.896021988215896,16.350000381469727,19.350000381469727,19.40000009536743,20.309999465942383,10.5
2021-12-08,15.520000457763672,15.989999771118164,15.15999984741211,15.56999969482422,401700,0,0,0.004516109343497998,1.0243420980396005,17.414000082015992,20.894301824432965,13.933698339599017,16.350000381469727,19.350000381469727,20.03999948501587,20.309999465942383,10.699999809265137
2021-12-09,15.399999618530272,15.600000381469728,14.710000038146973,14.789999961853027,280800,0,0,-0.05009632294536781,0.973026325489673,17.07450008392334,20.161481173668474,13.987518994178204,16.205000400543213,19.205000400543213,20.31999921798706,20.309999465942383,10.390000343322754
2021-12-10,14.880000114440918,14.920000076293944,14.489999771118164,14.640000343322754,225200,0,0,-0.010141962063364374,0.963157929409902,16.784500074386596,19.63012583041404,13.93887431835915,16.09500026702881,19.09500026702881,20.910000324249268,20.875,10.369999885559082
2021-12-13,14.6899995803833,15.039999961853027,14.390000343322754,14.920000076293944,282400,0,0,0.019125664371920426,0.9815789647049495,16.555500078201295,19.21960893822287,13.891391218179722,15.96000051498413,19.045000553131104,20.987500190734863,20.875,9.989999771118164
2021-12-14,14.6899995803833,14.949999809265137,14.3100004196167,14.529999732971191,206000,0,0,-0.026139433064910955,0.95592104705912,16.32450008392334,18.844457325432646,13.804542842414035,15.420000553131104,18.90500020980835,21.070000171661377,20.914999961853027,10.06999969482422
2021-12-15,14.550000190734863,15.539999961853027,14.260000228881836,15.449999809265137,310800,0,0,0.06331728101868439,1.0164473686274373,16.145500040054323,18.35802548815901,13.932974591949636,15.395000457763672,18.145000457763672,21.102499961853027,20.914999961853027,10.40999984741211
2021-12-16,15.5,15.920000076293944,14.859999656677246,15.029999732971191,242200,0,0,-0.02718447129313728,0.9888157843139999,15.972500038146972,17.95100055309456,13.993999523199385,15.395000457763672,18.145000457763672,21.200000286102295,20.914999961853027,10.390000343322754
2021-12-17,14.300000190734863,16.600000381469727,14.300000190734863,15.8100004196167,885600,0,0,0.05189625419183641,1.0401316196056594,15.858500051498414,17.579160311078482,14.137839791918344,15.430000305175781,18.130000114440918,21.410000324249268,20.914999961853027,10.489999771118164
2021-12-20,15.510000228881836,15.890000343322754,15.170000076293944,15.6899995803833,224800,0,0,-0.007590185708313046,1.032236827451764,15.765000057220458,17.296568457125133,14.233431657315782,15.430000305175781,17.359999656677246,21.47000026702881,20.914999961853027,10.0600004196167
2021-12-21,15.949999809265137,15.949999809265137,14.399999618530272,14.989999771118164,325100,0,0,-0.044614393115747664,0.9861842078432788,15.664000034332275,17.11744159332014,14.21055847534441,15.430000305175781,17.125,21.06500005722046,20.914999961853027,10.390000343322754
2021-12-22,15.0,15.0600004196167,14.640000343322754,14.699999809265137,220600,0,0,-0.019346228571115898,0.9671052627451178,15.559499979019165,16.973669523715188,14.145330434323142,15.430000305175781,17.105000495910645,21.06500005722046,20.914999961853027,10.68000030517578
2021-12-23,14.770000457763672,14.84000015258789,14.029999732971191,14.25,297800,0,0,-0.0306122323199971,0.9375000117640724,15.425499963760377,16.801803372822274,14.04919655469848,15.315000057220459,16.695000171661377,21.06500005722046,20.914999961853027,10.630000114440918
2021-12-27,14.970000267028809,15.270000457763672,14.329999923706056,14.56999969482422,828500,0,0,0.022456118935032965,0.9585526235298412,15.344999933242798,16.72372554277362,13.966274323711975,15.315000057220459,16.384999752044678,20.860000610351562,20.860000610351562,9.770000457763672
2021-12-28,14.699999809265137,16.110000610351562,14.699999809265137,15.470000267028809,323400,0,0,0.061770802406008185,1.0177631882336637,15.306999969482423,16.626031660654842,13.987968278310001,15.315000057220459,16.19000005722046,20.8100004196167,20.860000610351562,9.65999984741211
2021-12-29,15.34000015258789,15.739999771118164,14.90999984741211,14.979999542236328,270100,0,0,-0.03167425444955019,0.9855262980401652,15.201999950408936,16.241852507600985,14.16214739321689,15.315000057220459,16.03999948501587,20.177500247955322,20.59500026702881,9.75
2021-12-30,14.920000076293944,15.4399995803833,14.84000015258789,15.0600004196167,295700,0,0,0.005340512671900166,0.9907895137233396,15.164999961853027,16.16875814751126,14.161241776194798,15.315000057220459,15.865000247955322,19.937500476837158,20.355000495910645,9.619999885559082
2021-12-31,15.0600004196167,15.479999542236328,14.859999656677246,14.880000114440918,175600,0,0,-0.011952211166031512,0.9789473882342286,15.096999979019165,15.975407468167733,14.218592489870597,15.070000171661377,15.865000247955322,19.37000036239624,19.795000553131104,9.619999885559082
2022-01-03,14.989999771118164,15.539999961853027,14.90999984741211,15.3100004196167,402200,0,0,0.02889786974923947,1.0072368823507794,15.084499979019165,15.94286925228814,14.22613070575019,15.070000171661377,15.865000247955322,18.985000133514404,19.795000553131104,9.979999542236328
2022-01-04,15.270000457763672,15.670000076293944,15.020000457763672,15.100000381469728,1036600,0,0,-0.013716527262657596,0.9934210901940607,15.061999988555907,15.89325608248679,14.230743894625025,15.070000171661377,15.865000247955322,18.822500228881836,19.750000476837158,9.380000114440918
2022-01-05,15.0,15.31999969482422,14.470000267028809,14.56999969482422,418700,0,0,-0.035099382334844775,0.958552623529841,15.01549997329712,15.847603942732468,14.183396003861771,15.070000171661377,15.865000247955322,18.812500476837158,19.750000476837158,8.84000015258789
2022-01-06,11.630000114440918,11.630000114440918,9.899999618530272,10.510000228881836,5117800,0,0,-0.2786547392574511,0.6914473921555875,14.7625,16.87809491307166,12.64690508692834,13.005000114440918,13.71500015258789,18.265000343322754,19.350000381469727,8.729999542236328
2022-01-07,10.109999656677246,10.529999732971191,10.09000015258789,10.470000267028809,1008300,0,0,-0.003805895431201467,0.6888158156848664,14.54650001525879,17.377113901474942,11.715886129042635,13.005000114440918,13.25,18.110000133514404,19.350000381469727,9.0600004196167
2022-01-10,10.40999984741211,10.75,9.619999885559082,10.720000267028809,922600,0,0,0.02387774533180087,0.7052631843123063,14.350500011444092,17.639229204464034,11.061770818424153,12.679999828338623,13.110000133514404,18.012500286102295,19.350000381469727,8.979999542236328
2022-01-11,10.649999618530272,11.25,10.43000030517578,11.109999656677246,398200,0,0,0.03638053917292772,0.7309210392164038,14.159999990463257,17.727432287303657,10.59256769362286,12.644999980926514,13.110000133514404,17.9375,19.350000381469727,8.699999809265137
2022-01-12,11.130000114440918,11.239999771118164,10.699999809265137,10.8100004196167,695200,0,0,-0.027002632433048124,0.7111842470568617,13.974000024795533,17.82472273491019,10.123277314680877,12.644999980926514,13.110000133514404,17.850000381469727,19.350000381469727,8.470000267028809
2022-01-13,10.9399995803833,10.9399995803833,10.100000381469728,10.5,806800,0,0,-0.028677188490589423,0.6907894823524742,13.726500034332275,17.798358615802705,9.654641452861846,12.644999980926514,13.110000133514404,17.850000381469727,19.350000381469727,
2022-01-14,10.300000190734863,10.75,9.81999969482422,10.699999809265137,563500,0,0,0.019047600882393878,0.7039473647060795,13.510000038146973,17.740714398959874,9.279285677334073,12.644999980926514,13.110000133514404,17.850000381469727,19.350000381469727,
2022-01-18,10.510000228881836,10.600000381469728,10.130000114440918,10.390000343322754,485300,0,0,-0.02897191322133985,0.6835526627434242,13.239000034332275,17.540229417742335,8.937770650922214,12.46999979019165,13.110000133514404,17.705000400543213,19.205000400543213,
2022-01-19,10.420000076293944,10.670000076293944,10.270000457763672,10.369999885559082,471600,0,0,-0.0019249718097001933,0.6822368431371976,12.973000049591064,17.29319372118279,8.65280637799934,10.625,13.110000133514404,17.59500026702881,19.09500026702881,
2022-01-20,10.34000015258789,10.720000267028809,9.970000267028809,9.989999771118164,292300,0,0,-0.03664417730323155,0.6572368352944812,12.723000049591064,17.126170752492964,8.319829346689165,10.434999942779541,13.110000133514404,17.502500534057617,19.045000553131104,
2022-01-21,10.06999969482422,10.34000015258789,9.75,10.06999969482422,462200,0,0,0.008008000554448724,0.6624999882359235,12.491500043869019,16.941671480385196,8.041328607352844,10.434999942779541,13.110000133514404,17.162500381469727,19.005000591278076,
2022-01-24,9.84000015258789,10.489999771118164,9.65999984741211,10.40999984741211,533400,0,0,0.03376367059500929,0.6848684196079188,12.299500036239625,16.761084440006464,7.837915632472784,10.454999923706055,13.110000133514404,16.770000457763672,18.980000495910645,
2022-01-25,10.220000267028809,10.640000343322754,9.93000030517578,10.390000343322754,323600,0,0,-0.0019211819771858263,0.6835526627434243,12.09050006866455,16.497766668621228,7.683233468707872,10.449999809265137,13.110000133514404,16.770000457763672,18.980000495910645,
2022-01-26,10.390000343322754,10.979999542236328,10.149999618530272,10.489999771118164,489600,0,0,0.009624583685377441,0.690131572549361,11.841500043869019,16.010672419358585,7.672327668379454,10.319999694824219,12.865000247955322,16.78000020980835,18.980000495910645,
2022-01-27,10.520000457763672,10.760000228881836,10.0,10.0600004196167,443500,0,0,-0.040991359474131794,0.6618421411745422,11.595500087738037,15.568833561825725,7.622166613650348,10.319999694824219,12.865000247955322,16.394999980926514,18.980000495910645,
2022-01-28,10.210000038146973,10.390000343322754,9.90999984741211,10.390000343322754,342400,0,0,0.03280317196235538,0.6835526627434242,11.36200008392334,15.027228300639194,7.6967718672074845,10.319999694824219,12.865000247955322,16.27750015258789,18.980000495910645,
2022-01-31,10.3100004196167,10.710000038146973,9.890000343322754,10.68000030517578,623900,0,0,0.02791144872669782,0.7026316078415851,11.152000093460083,14.445516059359983,7.8584841275601836,10.319999694824219,12.865000247955322,16.267500400543213,18.980000495910645,
2022-02-01,10.579999923706056,10.779999732971191,10.3100004196167,10.630000114440918,2092400,0,0,-0.0046816656653679845,0.6993421215677508,10.918000078201294,13.598535838893639,8.237464317508948,10.319999694824219,12.865000247955322,16.005000114440918,18.865000247955322,
2022-02-02,10.56999969482422,10.56999969482422,9.739999771118164,9.770000457763672,472700,0,0,-0.08090307125292795,0.6427631960763812,10.65150008201599,12.556341754158153,8.74665840987383,10.319999694824219,12.865000247955322,15.849999904632568,18.865000247955322,
2022-02-03,9.869999885559082,10.31999969482422,9.619999885559082,9.65999984741211,331700,0,0,-0.011259017932199855,0.6355263137255992,10.406000089645385,11.09804209836025,9.71395808093052,10.299999713897705,12.679999828338623,15.752500057220459,18.865000247955322,
2022-02-04,9.640000343322754,9.90999984741211,9.470000267028809,9.75,596800,0,0,0.009316786129349941,0.6414473764701548,10.368000078201295,11.114930765905207,9.621069390497382,10.224999904632568,12.570000171661377,15.677499771118164,18.865000247955322,
2022-02-07,9.59000015258789,9.989999771118164,9.5600004196167,9.619999885559082,1943300,0,0,-0.013333345070863367,0.6328947372548782,10.325500059127808,11.138902567989234,9.512097550266382,10.224999904632568,12.570000171661377,15.59000015258789,18.865000247955322,
2022-02-08,9.56999969482422,9.630000114440918,9.300000190734863,9.619999885559082,522700,0,0,0.0,0.6328947372548782,10.270500040054321,11.118179345616703,9.422820734491939,10.039999961853027,12.485000133514404,15.46750020980835,18.865000247955322,
2022-02-09,9.760000228881836,10.09000015258789,9.510000228881836,9.979999542236328,662300,0,0,0.037422002178779,0.656578925491368,10.214000034332276,10.975721322176009,9.452278746488544,10.039999961853027,12.485000133514404,15.46750020980835,18.865000247955322,
2022-02-10,9.84000015258789,10.149999618530272,9.279999732971191,9.380000114440918,461800,0,0,-0.0601201859034316,0.6171052784305515,10.142500019073486,10.935191317368997,9.349808720777975,10.029999732971191,12.299999713897705,15.46750020980835,18.865000247955322,
2022-02-11,9.369999885559082,9.489999771118164,8.720000267028809,8.84000015258789,346600,0,0,-0.05756929160604951,0.5815789647049507,10.059500026702882,11.01745430203855,9.101545751367214,9.75,10.175000190734863,15.46750020980835,18.865000247955322,
2022-02-14,8.880000114440918,8.960000038146973,8.630000114440918,8.729999542236328,240500,0,0,-0.0124435077435332,0.5743420823541686,9.961000013351441,11.034722827521726,8.887277199181156,9.599999904632568,9.940000057220459,13.360000133514404,16.800000190734863,
2022-02-15,8.84000015258789,9.260000228881836,8.84000015258789,9.0600004196167,203700,0,0,0.03780078976909507,0.5960526666647828,9.894500017166138,11.017854055062285,8.77114597926999,9.474999904632568,9.940000057220459,13.127500057220459,16.800000190734863,
2022-02-16,8.960000038146973,9.020000457763672,8.729999542236328,8.979999542236328,149200,0,0,-0.008830118507186069,0.5907894509816085,9.825,10.99366163211481,8.656338367885189,9.389999866485596,9.940000057220459,12.894999980926514,16.660000324249268,
2022-02-17,8.84000015258789,9.0600004196167,8.640000343322754,8.699999809265137,352400,0,0,-0.03118037274436891,0.5723684156865609,9.76050000190735,11.025149511639885,8.495850492174814,9.389999866485596,9.934999942779541,12.877500057220459,16.660000324249268,
2022-02-18,8.789999961853027,8.96500015258789,8.399999618530273,8.470000267028809,292913,0,0,-0.02643672957226828,0.5572368666653477,9.680500030517578,11.055568991086496,8.30543106994866,9.274999618530273,9.6899995803833,12.877500057220459,16.660000324249268,
