Date,Open,High,Low,Close,Volume,Dividends,Stock Splits,daily_return,cum_return,middle_band,upper_band,lower_band,Conversion,Baseline,SpanA,SpanB,Lagging
2017-04-13,14.0,14.25,13.1899995803833,13.40999984741211,11337600,0,0,,,,,,,,,,13.289999961853027
2017-04-17,13.359999656677246,14.100000381469728,13.300000190734863,13.550000190734863,2259700,0,0,0.010439995892302045,1.010439995892302,,,,,,,,13.300000190734863
2017-04-18,13.479999542236328,14.079999923706056,13.21500015258789,14.010000228881836,998200,0,0,0.03394834182079998,1.0447427582622617,,,,,,,,13.210000038146973
2017-04-19,14.0,14.25,13.800000190734863,14.039999961853027,844200,0,0,0.002141308528271546,1.0469798748403787,,,,,,,,13.149999618530272
2017-04-20,14.149999618530272,14.159000396728516,13.739999771118164,13.8100004196167,1156200,0,0,-0.01638173382202579,1.0298285292137257,,,,,,,,13.75
2017-04-21,13.800000190734863,13.920000076293944,13.40999984741211,13.4399995803833,463400,0,0,-0.0267922395359107,1.002237116578117,,,,,,,,14.06999969482422
2017-04-24,13.539999961853027,13.8100004196167,13.539999961853027,13.739999771118164,511000,0,0,0.022321443459919266,1.0246084957092478,,,,,,,,14.739999771118164
2017-04-25,13.800000190734863,13.836999893188477,13.65999984741211,13.720000267028809,185900,0,0,-0.0014555680074606059,1.023117108362721,,,,,,,,14.789999961853027
2017-04-26,13.829999923706056,13.909000396728516,13.649999618530272,13.8100004196167,120300,0,0,0.0065597777577435235,1.0298285292137257,,,,13.71999979019165,,,,13.029999732971191
2017-04-27,13.869999885559082,14.84000015258789,13.859999656677246,14.630000114440918,826900,0,0,0.05937723895065439,1.09097690387105,,,,14.02750015258789,,,,12.600000381469728
2017-04-28,14.720000267028809,15.100000381469728,14.5,14.84000015258789,398200,0,0,0.01435406948081197,1.1066368621511762,,,,14.157500267028809,,,,12.920000076293944
2017-05-01,15.029999732971191,15.109999656677246,14.579999923706056,14.630000114440918,323300,0,0,-0.014150945821274186,1.09097690387105,,,,14.259999752044678,,,,12.640000343322754
2017-05-02,14.649999618530272,14.725000381469728,14.119999885559082,14.229999542236328,243700,0,0,-0.027341118870515824,1.0611483746573243,,,,14.259999752044678,,,,12.579999923706056
2017-05-03,14.079999923706056,14.18000030517578,13.670000076293944,13.920000076293944,1095900,0,0,-0.021784924519657856,1.0380313374112569,,,,14.259999752044678,,,,12.210000038146973
2017-05-04,13.93000030517578,14.128999710083008,13.552000045776367,13.829999923706056,126600,0,0,-0.00646552816771595,1.0313199165602525,,,,14.324999809265137,,,,12.3100004196167
2017-05-05,13.8100004196167,13.90999984741211,13.550000190734863,13.90999984741211,171400,0,0,0.005784520907258006,1.0372856081796669,,,,14.329999923706055,,,,12.56999969482422
2017-05-08,13.850000381469728,14.13700008392334,13.649999618530272,13.899999618530272,420100,0,0,-0.0007189237233311552,1.0365398789480764,,,,14.329999923706055,,,,12.970000267028809
2017-05-09,13.880000114440918,13.949999809265137,13.710000038146973,13.899999618530272,139600,0,0,0.0,1.0365398789480764,,,,14.329999923706055,,,,13.010000228881836
2017-05-10,13.869999885559082,14.15999984741211,13.850000381469728,14.029999732971191,128700,0,0,0.009352526475440603,1.0462341456087882,,,,14.329999923706055,,,,13.369999885559082
2017-05-11,14.029999732971191,14.149999618530272,13.746999740600586,13.920000076293944,196000,0,0,-0.00784031780262573,1.0380313374112566,13.963499975204467,14.699679237193228,13.227320713215706,14.329999923706055,,,,13.510000228881836
2017-05-12,13.890000343322754,14.0,13.5600004196167,13.729999542236328,388400,0,0,-0.013649463578753185,1.0238627664776572,13.979499959945679,14.679503754848197,13.279496165043161,14.137500286102295,,,,13.119999885559082
2017-05-15,13.770000457763672,14.170000076293944,13.539999961853027,13.630000114440918,110000,0,0,-0.007283279761793993,1.016405687511716,13.98349995613098,14.674398054708844,13.292601857553118,13.860000133514404,,,,13.079999923706056
2017-05-16,13.699999809265137,13.84000015258789,12.90999984741211,13.18000030517578,463800,0,0,-0.03301539291906286,0.9828486543733465,13.94199995994568,14.717093286337782,13.166906633553577,13.539999961853027,,,,13.239999771118164
2017-05-17,12.850000381469728,13.369999885559082,12.81999969482422,13.270000457763672,152600,0,0,0.006828539491956498,0.9895600752243512,13.903499984741211,14.730627141601547,13.076372827880876,13.494999885559082,,,,13.229999542236328
2017-05-18,13.229999542236328,13.260000228881836,13.0,13.220000267028809,46200,0,0,-0.0037679117565976306,0.9858315001830538,13.873999977111817,14.753380374236546,12.994619579987088,13.494999885559082,,,,13.199999809265137
2017-05-19,13.289999961853027,13.350000381469728,13.010000228881836,13.270000457763672,115800,0,0,0.0037821626115670526,0.9895600752243512,13.865500020980836,14.764775223339408,12.966224818622264,13.494999885559082,13.964999675750732,,,13.010000228881836
2017-05-22,13.31999969482422,13.479999542236328,13.149999618530272,13.289999961853027,144900,0,0,0.001507121582475568,0.991051462570878,13.843000030517578,14.77596808647924,12.910031974555915,13.494999885559082,13.964999675750732,,,13.239999771118164
2017-05-23,13.31999969482422,13.470000267028809,13.199999809265137,13.300000190734863,52700,0,0,0.0007524626719743743,0.9917971918024682,13.82200002670288,14.783874497619763,12.860125555785999,13.494999885559082,13.964999675750732,,,13.09000015258789
2017-05-24,13.34000015258789,13.40999984741211,13.170000076293944,13.210000038146973,143500,0,0,-0.006766928668962557,0.9850857709514635,13.792000007629394,14.790630480161328,12.79336953509746,13.494999885559082,13.964999675750732,,,13.329999923706056
2017-05-25,13.15999984741211,13.300000190734863,13.09000015258789,13.149999618530272,282700,0,0,-0.004542045378004178,0.9806114666785758,13.717999982833863,14.67532331220846,12.760676653459265,13.494999885559082,13.964999675750732,,,13.020000457763672
2017-05-26,13.130000114440918,13.800000190734863,13.0,13.75,516100,0,0,0.045627406758570466,1.0253542249408376,13.663499975204468,14.469806839711952,12.857193110696985,13.329999923706055,13.964999675750732,,,13.199999809265137
2017-05-30,14.0,14.31999969482422,13.510000228881836,14.06999969482422,448200,0,0,0.023272705078125178,1.0492169914184954,13.635499954223633,14.336571192415619,12.934428716031647,13.56999969482422,13.964999675750732,,,13.0
2017-05-31,14.109999656677246,14.970000267028809,13.75,14.739999771118164,152300,0,0,0.04761905407435152,1.0991797120685811,13.660999965667724,14.475902768993826,12.846097162341621,13.985000133514404,13.964999675750732,,,13.18000030517578
2017-06-01,14.829999923706056,14.9399995803833,14.399999618530272,14.789999961853027,455900,0,0,0.003392143250424917,1.1029082871098785,13.704499959945679,14.653483957579157,12.7555159623122,13.985000133514404,13.964999675750732,,,12.989999771118164
2017-06-02,13.899999618530272,14.428000450134276,12.5,13.029999732971191,1114400,0,0,-0.11899933964985132,0.9716629292494544,13.664499950408935,14.65591421402971,12.67308568678816,13.735000133514404,13.804999828338623,,,13.050000190734863
2017-06-05,13.0,13.3100004196167,12.460000038146973,12.600000381469728,760100,0,0,-0.033000718366354986,0.9395973545742656,13.598999977111816,14.686419067232,12.511580886991633,13.71500015258789,13.78499984741211,,,13.31999969482422
2017-06-06,12.789999961853027,13.06999969482422,12.550000190734863,12.920000076293944,404500,0,0,0.025396800407627262,0.9634601210519228,13.55,14.66699159940732,12.433008400592682,13.71500015258789,13.78499984741211,,,13.529999732971191
2017-06-07,12.970000267028809,13.0600004196167,12.56999969482422,12.640000343322754,765000,0,0,-0.021671805829548196,0.9425802003839725,13.487000036239625,14.659299175314034,12.314700897165215,13.71500015258789,13.71500015258789,,,13.779999732971191
2017-06-08,12.6899995803833,12.868000030517578,12.31999969482422,12.579999923706056,229400,0,0,-0.004746868511628866,0.938105896111085,13.414500045776368,14.622699458423575,12.20630063312916,13.644999980926514,13.644999980926514,,,13.850000381469728
2017-06-09,12.59000015258789,12.949999809265137,12.170000076293944,12.210000038146973,292100,0,0,-0.029411755787203675,0.9105145545921298,13.32900004386902,14.62200420506883,12.035995882669209,13.570000171661377,13.570000171661377,,,14.119999885559082
2017-06-12,12.1899995803833,12.329999923706056,12.050000190734863,12.3100004196167,162400,0,0,0.008190039406822391,0.9179717046747247,13.258000087738036,14.61037147325726,11.905628702218813,13.510000228881836,13.510000228881836,,,14.460000038146973
2017-06-13,12.329999923706056,12.600000381469728,12.300000190734863,12.56999969482422,140700,0,0,0.021120980206726703,0.9373601668794947,13.205000066757203,14.578053176490533,11.831946957023872,13.494999885559082,13.510000228881836,,,13.880000114440918
2017-06-14,12.649999618530272,13.0,12.470000267028809,12.970000267028809,240500,0,0,0.03182184422560419,0.9671886960932203,13.194500064849853,14.571405487469267,11.81759464223044,13.23900032043457,13.510000228881836,,,13.710000038146973
2017-06-15,12.890000343322754,13.5,12.43000030517578,13.010000228881836,546400,0,0,0.0030840370878566503,0.9701715419029275,13.181500053405761,14.560236854490247,11.802763252321276,12.775000095367432,13.510000228881836,,,13.800000190734863
2017-06-16,12.739999771118164,13.390000343322754,12.710000038146973,13.369999885559082,773900,0,0,0.02767099541459328,0.9970171541902924,13.189000034332276,14.570148918458338,11.807851150206213,12.775000095367432,13.510000228881836,,,13.630000114440918
2017-06-19,13.289999961853027,13.550000190734863,13.149999618530272,13.510000228881836,247600,0,0,0.010471229956700912,1.0074571500825944,13.201000022888184,14.588983159440788,11.81301688633558,12.800000190734863,13.510000228881836,,,13.609999656677246
2017-06-20,13.520000457763672,13.539999961853027,12.729999542236328,13.119999885559082,269200,0,0,-0.02886753047487045,0.9783743501004589,13.192500019073487,14.580278838739394,11.80472119940758,12.800000190734863,13.510000228881836,,,13.109999656677246
2017-06-21,13.270000457763672,13.270000457763672,12.850000381469728,13.079999923706056,325400,0,0,-0.0030487776068544026,0.9753915042907519,13.181500005722047,14.569182663211327,11.793817348232766,12.800000190734863,13.510000228881836,,,13.119999885559082
2017-06-22,13.100000381469728,13.40999984741211,12.989999771118164,13.239999771118164,676700,0,0,0.012232404307749745,0.9873228875295806,13.182999992370606,14.570869499253357,11.795130485487855,12.800000190734863,13.510000228881836,,,13.0
2017-06-23,13.239999771118164,13.470000267028809,13.100000381469728,13.229999542236328,1666800,0,0,-0.0007553043092681788,0.9865771582979904,13.186999988555907,14.574927762719051,11.799072214392764,12.925000190734863,13.510000228881836,,,12.81999969482422
2017-06-26,13.300000190734863,13.449999809265137,13.170000076293944,13.199999809265137,144600,0,0,-0.002267553591020044,0.9843400417198734,13.159499979019165,14.523036469022948,11.795963489015381,12.990000247955322,13.510000228881836,,,12.789999961853027
2017-06-27,13.15999984741211,13.20699977874756,12.989999771118164,13.010000228881836,124700,0,0,-0.014393907812781825,0.9701715419029278,13.106500005722046,14.404488717181298,11.808511294262793,12.990000247955322,13.510000228881836,13.729999780654907,,12.779999732971191
2017-06-28,13.0,13.380000114440918,12.970000267028809,13.239999771118164,92500,0,0,0.017678673189085448,0.9873228875295808,13.031500005722046,14.092690526594469,11.970309484849624,13.130000114440918,13.510000228881836,13.729999780654907,,12.789999961853027
2017-06-29,13.15999984741211,13.220000267028809,13.0,13.09000015258789,105900,0,0,-0.011329276519889686,0.9761372335223422,12.946500015258788,13.633788832718015,12.259211197799562,13.139999866485596,13.510000228881836,13.729999780654907,,13.859999656677246
2017-06-30,13.130000114440918,13.359999656677246,13.039999961853027,13.329999923706056,122800,0,0,0.01833458887093431,0.9940343083805855,12.961500024795532,13.668453209534672,12.254546840056392,13.134999752044678,13.510000228881836,13.729999780654907,,13.670000076293944
2017-07-03,13.420000076293944,13.420000076293944,12.880000114440918,13.020000457763672,101700,0,0,-0.023255774022254982,0.9709172711345181,12.982500028610229,13.66971827892672,12.295281778293738,13.160000324249268,13.510000228881836,13.729999780654907,,13.59000015258789
2017-07-05,13.0,13.40999984741211,13.0,13.199999809265137,106000,0,0,0.013824834498691096,0.9843400417198735,12.996500015258789,13.68950170891766,12.303498321599918,13.175000190734863,13.510000228881836,13.647499799728394,,13.329999923706056
2017-07-06,13.100000381469728,13.100000381469728,12.899999618530272,13.0,93900,0,0,-0.015151500920837613,0.9694258126713375,13.014499998092651,13.687736190732519,12.341263805452783,13.175000190734863,13.510000228881836,13.767499685287476,,13.510000228881836
2017-07-07,12.989999771118164,13.234999656677246,12.970000267028809,13.18000030517578,65200,0,0,0.013846177321213737,0.9828486543733466,13.044500017166138,13.690235398227973,12.398764636104303,13.164999961853027,13.494999885559082,13.974999904632568,,13.989999771118164
2017-07-10,13.199999809265137,13.220000267028809,12.93000030517578,12.989999771118164,83700,0,0,-0.01441582167361577,0.9686800834397472,13.083500003814697,13.603712816457172,12.563287191172222,13.150000095367432,13.23900032043457,13.974999904632568,,13.100000381469728
2017-07-11,12.970000267028809,13.125,12.949999809265137,13.050000190734863,86700,0,0,0.004618970028783531,0.973154387712635,13.120499992370606,13.500423726431864,12.740576258309348,13.150000095367432,12.800000190734863,13.769999980926514,,13.3100004196167
2017-07-12,13.0600004196167,13.390000343322754,13.0600004196167,13.31999969482422,210800,0,0,0.020689616869205008,0.9932885791489952,13.157999992370605,13.450282382478514,12.865717602262697,13.150000095367432,12.800000190734863,13.75,,13.050000190734863
2017-07-13,13.270000457763672,13.75,13.270000457763672,13.529999732971191,172700,0,0,0.01576576899086346,1.0089485374291212,13.185999965667724,13.507079793583442,12.864920137752007,13.315000057220459,12.900000095367432,13.75,,13.079999923706056
2017-07-14,13.529999732971191,13.90999984741211,13.489999771118164,13.779999732971191,147000,0,0,0.018477457866519886,1.0275913415189546,13.224499940872192,13.627209542827263,12.821790338917122,13.394999980926514,12.980000019073486,13.71500015258789,,12.729999542236328
2017-07-17,13.770000457763672,13.970000267028809,13.539999961853027,13.850000381469728,140300,0,0,0.0050798729938323905,1.0328113750234327,13.248499965667724,13.732929724329367,12.764070207006082,13.434999942779541,13.010000228881836,13.644999980926514,,12.8100004196167
2017-07-18,13.779999732971191,14.130000114440918,13.710000038146973,14.119999885559082,191700,0,0,0.019494548494785047,1.0529455664597926,13.278999948501587,13.887809947627455,12.67018994937572,13.514999866485596,13.09000015258789,13.570000171661377,,12.789999961853027
2017-07-19,14.119999885559082,14.529999732971191,14.0,14.460000038146973,123300,0,0,0.024079331114982283,1.0782997914006305,13.345999956130981,14.139341949939652,12.55265796232231,13.730000019073486,13.414999961853027,13.510000228881836,,12.850000381469728
2017-07-20,14.300000190734863,14.460000038146973,13.710000038146973,13.880000114440918,198800,0,0,-0.04011064468713377,1.0350484916015494,13.385999965667725,14.202254158154698,12.569745773180752,13.730000019073486,13.480000019073486,13.502500057220459,,12.760000228881836
2017-07-21,13.960000038146973,14.0600004196167,13.619999885559082,13.710000038146973,204800,0,0,-0.012247844012412856,1.0223713791311304,13.409499979019165,14.234698676822699,12.58430128121563,13.739999771118164,13.480000019073486,13.374500274658203,,12.829999923706056
2017-07-24,13.729999542236328,13.942999839782717,13.619999885559082,13.800000190734863,146700,0,0,0.006564562533732499,1.029082799982135,13.438000011444093,14.275845847568194,12.600154175319991,13.795000076293945,13.619999885559082,13.142500162124634,,13.210000038146973
2017-07-25,13.720000267028809,13.920000076293944,13.520000457763672,13.630000114440918,108300,0,0,-0.012318845937993594,1.016405687511716,13.45950002670288,14.293836338703121,12.625163714702639,13.900000095367432,13.62999963760376,13.142500162124634,,13.210000038146973
2017-07-26,13.579999923706056,13.81999969482422,13.56999969482422,13.609999656677246,192800,0,0,-0.001467385003356081,1.0149142290485356,13.48949999809265,14.299564748954502,12.6794352472308,14.009999752044678,13.62999963760376,13.15500020980835,,13.010000228881836
2017-07-27,13.529999732971191,13.670000076293944,12.859999656677246,13.109999656677246,224000,0,0,-0.036737693799624216,0.9776286208688688,13.482999992370605,14.303101884174403,12.662898100566807,13.694999694824219,13.690000057220459,13.15500020980835,,13.25
2017-07-28,13.140000343322754,13.279999732971191,12.979999542236328,13.119999885559082,211600,0,0,0.0007627939850283205,0.9783743501004591,13.484499979019166,14.301795762963607,12.667204195074724,13.694999694824219,13.694999694824219,13.15500020980835,,13.380000114440918
2017-07-31,13.06999969482422,13.06999969482422,12.899999618530272,13.0,141500,0,0,-0.009146332820563763,0.9694258126713375,13.467999982833863,14.310322465038642,12.625677500629084,13.694999694824219,13.694999694824219,13.15500020980835,,13.979999542236328
2017-08-01,12.949999809265137,13.0,12.68000030517578,12.81999969482422,221600,0,0,-0.013846177321213848,0.9560029709693284,13.45799994468689,14.325999297299031,12.590000592074748,13.570000171661377,13.605000019073486,13.21750020980835,,12.890000343322754
2017-08-02,12.6899995803833,12.920000076293944,12.59000015258789,12.789999961853027,82600,0,0,-0.0023400728303687446,0.9537658543912113,13.437499952316283,14.347712406464828,12.52728749816774,13.325000286102295,13.559999942779541,13.250000238418579,,12.289999961853027
2017-08-03,12.859999656677246,12.949999809265137,12.614999771118164,12.779999732971191,77300,0,0,-0.0007818787264787241,0.953020125159621,13.426499938964843,14.362825161811497,12.49017471611819,13.266499996185303,13.559999942779541,13.250000238418579,13.579999923706055,12.84000015258789
2017-08-04,12.920000076293944,13.079999923706056,12.699999809265137,12.789999961853027,76900,0,0,0.000782490539184888,0.9537658543912112,13.406999921798706,14.379005728854096,12.434994114743315,13.255000114440918,13.559999942779541,13.320000171661377,13.579999923706055,13.350000381469728
2017-08-07,12.8100004196167,13.880000114440918,12.800000190734863,13.859999656677246,317600,0,0,0.08365908506767461,1.033557033138369,13.45049991607666,14.421826807844882,12.479173024308439,13.235000133514404,13.559999942779541,13.325000047683716,13.579999923706055,14.470000267028809
2017-08-08,13.920000076293944,14.154999732971191,13.640000343322754,13.670000076293944,294900,0,0,-0.01370848377270828,1.0193885333214232,13.481499910354614,14.439048972485981,12.523950848223247,13.372499942779541,13.559999942779541,13.322499990463257,13.579999923706055,13.800000190734863
2017-08-09,13.550000190734863,13.720000267028809,13.460000038146973,13.59000015258789,72300,0,0,-0.005852225549346279,1.013422841702009,13.494999933242799,14.450651485034559,12.539348381451038,13.372499942779541,13.559999942779541,13.335000276565552,13.579999923706055,13.399999618530272
2017-08-10,13.5600004196167,13.630000114440918,13.100000381469728,13.329999923706056,84500,0,0,-0.019131731123073092,0.9940343083805855,13.484999942779542,14.443187001788646,12.526812883770438,13.372499942779541,13.559999942779541,13.34250020980835,13.579999923706055,13.260000228881836
2017-08-11,13.5,13.520000457763672,13.260000228881836,13.510000228881836,39200,0,0,0.013503398815154277,1.0074571500825946,13.471499967575074,14.420139161116337,12.522860774033811,13.372499942779541,13.559999942779541,13.34250020980835,13.579999923706055,12.989999771118164
2017-08-14,13.56999969482422,14.020000457763672,13.505999565124512,13.989999771118164,69200,0,0,0.035529203116531294,1.0432512997990808,13.478499937057496,14.440325817937431,12.51667405617756,13.372499942779541,13.559999942779541,13.329999923706055,13.579999923706055,12.81999969482422
2017-08-15,14.039999961853027,14.039999961853027,13.029999732971191,13.100000381469728,307600,0,0,-0.06361682660537327,0.9768829627539324,13.427499961853027,14.355051435392264,12.49994848831379,13.384999752044678,13.559999942779541,13.194500207901001,13.579999923706055,12.960000038146973
2017-08-16,13.100000381469728,13.479999542236328,13.050000190734863,13.3100004196167,112200,0,0,0.01603053679632116,0.9925429210340585,13.369999980926513,14.166384334551292,12.573615627301734,13.427499771118164,13.559999942779541,12.975000143051147,13.579999923706055,12.899999618530272
2017-08-17,13.289999961853027,13.510000228881836,13.039999961853027,13.050000190734863,107900,0,0,-0.019534201403828666,0.9731543877126347,13.32849998474121,14.100107585062172,12.556892384420248,13.477499961853027,13.559999942779541,12.975000143051147,13.579999923706055,13.029999732971191
2017-08-18,13.0,13.204999923706056,12.789999961853027,13.079999923706056,134700,0,0,0.002298830079136005,0.9753915042907517,13.296999979019166,14.05490787527335,12.53909208276498,13.47249984741211,13.559999942779541,13.107500076293945,13.579999923706055,12.949999809265137
2017-08-21,13.079999923706056,13.079999923706056,12.710000038146973,12.729999542236328,74900,0,0,-0.026758439106363552,0.9492915501183233,13.243499946594238,14.002904990687842,12.484094902500633,13.375,13.559999942779541,13.1875,13.510000228881836,13.260000228881836
2017-08-22,12.84000015258789,12.970000267028809,12.710000038146973,12.8100004196167,61600,0,0,0.006284436783751568,0.9552573128543914,13.202499961853027,13.962559623400628,12.442440300305426,13.375,13.559999942779541,13.222500085830688,13.510000228881836,13.199999809265137
2017-08-23,12.710000038146973,12.890000343322754,12.710000038146973,12.789999961853027,88900,0,0,-0.0015613159335298166,0.953765854391211,13.161499977111816,13.917623056508658,12.405376897714975,13.375,13.559999942779541,13.302500009536743,13.510000228881836,13.279999732971191
2017-08-24,12.800000190734863,12.920000076293944,12.729999542236328,12.850000381469728,54800,0,0,0.0046911977948127515,0.9582401586640987,13.148500013351441,13.916693543332164,12.380306483370719,13.375,13.525000095367432,13.572499990463257,13.510000228881836,13.449999809265137
2017-08-25,12.829999923706056,12.869999885559082,12.6899995803833,12.760000228881836,111300,0,0,-0.007003902717207411,0.951528737813094,13.130500030517577,13.917369627509583,12.343630433525572,13.364999771118164,13.372499942779541,13.605000019073486,13.510000228881836,13.68000030517578
2017-08-28,12.760000228881836,12.880000114440918,12.65999984741211,12.829999923706056,164500,0,0,0.0054858694019281895,0.9567487002009182,13.122000026702882,13.91804401589213,12.325956037513633,13.085000038146973,13.372499942779541,13.609999895095825,13.510000228881836,13.84000015258789
2017-08-29,12.699999809265137,13.298999786376951,12.699999809265137,13.210000038146973,178400,0,0,0.029618091714777695,0.9850857709514633,13.14150004386902,13.92589382601765,12.35710626172039,13.085000038146973,13.372499942779541,13.707499980926514,13.510000228881836,13.550000190734863
2017-08-30,13.210000038146973,13.31999969482422,13.145000457763672,13.210000038146973,73900,0,0,0.0,0.9850857709514633,13.162500047683716,13.930261756164516,12.394738339202917,12.989999771118164,13.372499942779541,13.764999866485596,13.510000228881836,13.149999618530272
2017-08-31,13.15999984741211,13.414999961853027,12.970000267028809,13.010000228881836,88800,0,0,-0.01514003093774341,0.9701715419029273,13.174000072479249,13.925028549273712,12.422971595684785,13.037499904632568,13.372499942779541,13.819999694824219,13.510000228881836,12.399999618530272
2017-09-01,13.199999809265137,13.5,12.9399995803833,13.25,91500,0,0,0.018447330276395446,0.9880686167611704,13.197000074386597,13.927245501577046,12.466754647196149,13.079999923706055,13.372499942779541,13.692499876022339,13.510000228881836,12.06999969482422
2017-09-05,13.119999885559082,13.43000030517578,12.970000267028809,13.380000114440918,66700,0,0,0.009811329391767432,0.9977628834218822,13.17300009727478,13.842943512137515,12.503056682412046,13.079999923706055,13.372499942779541,13.694999694824219,13.510000228881836,12.130000114440918
2017-09-06,13.4399995803833,14.43000030517578,13.4399995803833,13.979999542236328,429900,0,0,0.04484300617814174,1.0425055705674902,13.1885000705719,13.916226363882302,12.460773777261497,13.545000076293945,13.510000228881836,13.694999694824219,13.510000228881836,12.25
2017-09-07,14.43000030517578,14.43000030517578,12.81999969482422,12.890000343322754,259700,0,0,-0.077968471717075,0.9612230044738057,13.153500080108643,13.867680737420226,12.439319422797059,13.545000076293945,13.510000228881836,13.587500095367432,13.510000228881836,12.449999809265137
2017-09-08,12.859999656677246,12.989999771118164,12.100000381469728,12.289999961853027,576000,0,0,-0.0465477397586368,0.916480246211544,13.101500082015992,13.903734457343267,12.299265706688717,13.265000343322754,13.265000343322754,13.442500114440918,13.510000228881836,12.43000030517578
2017-09-11,12.420000076293944,13.029999732971191,12.3100004196167,12.84000015258789,254300,0,0,0.04475184641513508,0.9574944294325082,13.068000078201294,13.854847062182287,12.2811530942203,13.265000343322754,13.265000343322754,13.413249969482422,13.510000228881836,12.130000114440918
2017-09-12,12.75,13.479999542236328,12.75,13.350000381469728,427300,0,0,0.0397196435218925,0.9955257668437653,13.036000108718872,13.713634502702897,12.358365714734846,13.265000343322754,13.265000343322754,13.40750002861023,13.510000228881836,12.079999923706056
2017-09-13,13.350000381469728,14.630000114440918,13.329999923706056,14.470000267028809,519400,0,0,0.08389512011652678,1.0790455206322205,13.104500102996827,14.029248370325384,12.17975183566827,13.365000247955322,13.365000247955322,13.397500038146973,13.510000228881836,12.0600004196167
2017-09-14,14.34000015258789,14.425000190734863,13.6899995803833,13.800000190734863,187300,0,0,-0.04630269964960543,1.0290827999821346,13.129000091552735,14.099565238601025,12.158434944504444,13.365000247955322,13.365000247955322,13.466249942779541,13.510000228881836,11.890000343322754
2017-09-15,13.84000015258789,13.899999618530272,13.350000381469728,13.399999618530272,266300,0,0,-0.028985548309857778,0.9992542707684087,13.146500062942504,14.12340608818288,12.169594037702128,13.365000247955322,13.365000247955322,13.466249942779541,13.510000228881836,11.729999542236328
2017-09-18,13.40999984741211,13.489999771118164,13.25,13.260000228881836,157400,0,0,-0.010447715942830116,0.9888143459927605,13.155500078201294,14.13311368331948,12.177886473083108,13.365000247955322,13.365000247955322,13.466249942779541,13.510000228881836,11.960000038146973
2017-09-19,13.279999732971191,13.390000343322754,12.9399995803833,12.989999771118164,122600,0,0,-0.020362025120903016,0.9686800834397467,13.168500089645386,14.129737028746842,12.20726315054393,13.365000247955322,13.365000247955322,13.466249942779541,13.510000228881836,11.710000038146973
2017-09-20,12.960000038146973,12.984999656677246,12.359999656677246,12.81999969482422,283000,0,0,-0.013086996096175474,0.9560029709693277,13.169000053405762,14.129492669821866,12.208507436989658,13.365000247955322,13.365000247955322,13.466249942779541,13.494999885559082,11.649999618530272
2017-09-21,12.850000381469728,13.0,12.56999969482422,12.960000038146973,171500,0,0,0.010920463857676532,0.9664429668616297,13.17750005722046,14.127259516034599,12.22774059840632,13.470000267028809,13.365000247955322,13.47249984741211,13.289999961853027,11.779999732971191
2017-09-22,12.989999771118164,13.130000114440918,12.670000076293944,12.899999618530272,88700,0,0,-0.004629661993834411,0.9619686625887418,13.180000019073486,14.126520815086137,12.233479223060835,13.494999885559082,13.365000247955322,13.493749856948853,13.289999961853027,11.399999618530272
2017-09-25,12.890000343322754,13.0649995803833,12.635000228881836,13.029999732971191,89100,0,0,0.0100775285492396,0.9716629292494537,13.193499994277953,14.123041672928146,12.263958315627761,13.494999885559082,13.365000247955322,13.518749952316284,13.289999961853027,11.479999542236328
2017-09-26,13.050000190734863,13.25,12.90999984741211,12.949999809265137,300000,0,0,-0.006139671937492208,0.9656972376300395,13.199499988555909,14.121006734480925,12.277993242630892,13.392499923706055,13.365000247955322,13.516249895095825,13.289999961853027,11.649999618530272
2017-09-27,12.90999984741211,13.56999969482422,12.90999984741211,13.260000228881836,316100,0,0,0.02393825669363392,0.9888143459927605,13.201999998092651,14.123882413159162,12.28011758302614,13.12999963760376,13.365000247955322,13.46749997138977,13.289999961853027,11.850000381469728
2017-09-28,13.149999618530272,13.3100004196167,13.020000457763672,13.199999809265137,130200,0,0,-0.004524918445024673,0.9843400417198729,13.20149998664856,14.12337527369662,12.2796246996005,12.964999675750732,13.365000247955322,13.46749997138977,13.289999961853027,12.010000228881836
2017-09-29,13.1899995803833,13.300000190734863,13.149999618530272,13.279999732971191,67300,0,0,0.006060600368335001,0.9903057333392873,13.214999961853028,14.133122108851463,12.296877814854593,12.964999675750732,13.365000247955322,13.46749997138977,13.289999961853027,12.0
2017-10-02,13.239999771118164,13.5,13.229999542236328,13.449999809265137,74300,0,0,0.0128012108217046,1.0029828458097063,13.224999952316285,14.148830085604708,12.301169819027862,12.964999675750732,13.365000247955322,13.450000047683716,13.414999961853027,12.010000228881836
2017-10-03,13.550000190734863,13.699999809265137,13.229999542236328,13.68000030517578,122100,0,0,0.01710040886039299,1.0201342625530128,13.239999961853027,14.18316113038634,12.296838793319713,13.134999752044678,13.365000247955322,13.368749856948853,13.480000019073486,12.359999656677246
2017-10-04,13.68000030517578,13.84000015258789,13.510000228881836,13.84000015258789,99100,0,0,0.011695895017749036,1.0320656457918416,13.232999992370605,14.155726534989377,12.310273449751833,13.237500190734863,13.365000247955322,13.228749990463257,13.480000019073486,12.3100004196167
2017-10-05,13.890000343322754,13.890000343322754,13.5,13.550000190734863,56600,0,0,-0.020953754238131395,1.010439995892301,13.26599998474121,14.184450359279662,12.347549610202758,13.262500286102295,13.365000247955322,13.228749990463257,13.559999942779541,12.4399995803833
2017-10-06,13.649999618530272,13.649999618530272,13.06999969482422,13.149999618530272,486100,0,0,-0.029520337016533893,0.9806114666785751,13.308999967575073,14.112861870728421,12.505138064421724,13.400000095367432,13.365000247955322,13.181249856948853,13.559999942779541,12.529999732971191
2017-10-09,13.149999618530272,13.18000030517578,12.310999870300291,12.399999618530272,388300,0,0,-0.057034222186831074,0.924683054409075,13.286999940872192,14.162687354028023,12.411312527716362,13.100500106811523,13.365000247955322,13.204999923706055,13.559999942779541,12.739999771118164
2017-10-10,12.210000038146973,12.329999923706056,11.920000076293944,12.06999969482422,1452100,0,0,-0.026612897891779563,0.9000745586998273,13.222999906539917,14.247169468348874,12.19883034473096,12.90500020980835,13.275000095367432,13.226249933242798,13.559999942779541,12.710000038146973
2017-10-11,12.18000030517578,12.199999809265137,11.960000038146973,12.130000114440918,574200,0,0,0.0049710373764488835,0.9045488629727149,13.105999898910522,14.065534461917425,12.146465335903619,12.90500020980835,13.275000095367432,13.226249933242798,13.559999942779541,12.949999809265137
2017-10-12,12.06999969482422,12.4399995803833,12.020000457763672,12.25,396900,0,0,0.00989281817204768,0.9134974004018364,13.02849988937378,14.001735842806385,12.055263935941175,12.90500020980835,13.275000095367432,13.52750015258789,13.559999942779541,12.920000076293944
2017-10-13,12.3100004196167,12.479999542236328,12.130000114440918,12.449999809265137,575000,0,0,0.01632651504205196,0.9284116294503723,12.980999898910522,13.96985026380175,11.992149534019294,12.90500020980835,13.275000095367432,13.52750015258789,13.559999942779541,12.979999542236328
2017-10-16,13.100000381469728,13.100000381469728,12.104999542236328,12.43000030517578,343500,0,0,-0.0016063858952410914,0.9269202421038454,12.93949990272522,13.947719520087794,11.931280285362647,12.90500020980835,13.275000095367432,13.265000343322754,13.315000057220459,12.949999809265137
2017-10-17,12.380000114440918,12.380000114440918,12.050000190734863,12.130000114440918,259100,0,0,-0.024135171630683128,0.9045488629727148,12.896499919891358,13.964679177555478,11.828320662227238,12.90500020980835,13.275000095367432,13.265000343322754,13.315000057220459,13.050000190734863
2017-10-18,12.130000114440918,12.199999809265137,11.763999938964844,12.079999923706056,430400,0,0,-0.004122027226968861,0.9008202879314174,12.85949993133545,13.9860352489873,11.732964613683599,12.706999778747559,13.19700002670288,13.265000343322754,13.315000057220459,13.75
2017-10-19,12.039999961853027,12.130000114440918,11.850000381469728,12.0600004196167,299500,0,0,-0.0016555880973235793,0.8993289005848906,12.814499950408935,13.992672429660816,11.636327471157054,12.472000122070312,13.094500064849854,13.365000247955322,13.365000247955322,13.920000076293944
2017-10-20,12.079999923706056,12.119999885559082,11.850000381469728,11.890000343322754,235400,0,0,-0.014096191573710448,0.8866517881144715,12.76399998664856,14.008632837834782,11.519367135462339,12.432000160217285,12.831999778747559,13.365000247955322,13.365000247955322,14.619999885559082
2017-10-23,11.8100004196167,12.0,11.460000038146973,11.729999542236328,341900,0,0,-0.013456753277242717,0.874720333758989,12.698999977111816,14.01577334498742,11.382226609236213,12.28000020980835,12.675000190734863,13.365000247955322,13.365000247955322,14.039999961853027
2017-10-24,11.65999984741211,12.020000457763672,11.65999984741211,11.960000038146973,730100,0,0,0.01960788617957565,0.8918717505022957,12.649499988555908,13.999190912098456,11.29980906501336,12.28000020980835,12.675000190734863,13.365000247955322,13.365000247955322,14.3100004196167
2017-10-25,11.800000190734863,11.899999618530272,11.68000030517578,11.710000038146973,251100,0,0,-0.020903009966773745,0.8732289464124623,12.571999979019164,13.950580414294581,11.193419543743747,12.28000020980835,12.675000190734863,13.365000247955322,13.365000247955322,13.489999771118164
2017-10-26,11.729999542236328,11.890000343322754,11.579999923706056,11.649999618530272,350500,0,0,-0.005123861607279401,0.8687546421395744,12.494499969482423,13.897473212524151,11.091526726440694,12.28000020980835,12.675000190734863,13.365000247955322,13.365000247955322,12.800000190734863
2017-10-27,11.6899995803833,11.902000427246094,11.529999732971191,11.779999732971191,318800,0,0,0.01115880847190276,0.8784489088002864,12.419499969482422,13.806602910656734,11.03239702830811,11.920000076293945,12.675000190734863,13.417500257492065,13.365000247955322,12.710000038146973
2017-10-30,11.75,11.760000228881836,11.119999885559082,11.399999618530272,697700,0,0,-0.03225807496220334,0.850111838049741,12.31699995994568,13.687040228393597,10.946959691497762,11.65999984741211,12.505000114440918,13.430000066757202,13.365000247955322,12.670000076293944
2017-10-31,11.31999969482422,11.5,11.270000457763672,11.479999542236328,149000,0,0,0.007017537402020491,0.8560775296691554,12.206999921798706,13.469579322372464,10.944420521224949,11.625,12.505000114440918,13.430000066757202,13.365000247955322,12.729999542236328
2017-11-01,11.470000267028809,11.699999809265137,11.229999542236328,11.649999618530272,192000,0,0,0.014808369605633809,0.8687546421395742,12.097499895095826,13.1315082243206,11.063491565871052,11.619999885559082,12.505000114440918,13.378750085830688,13.365000247955322,12.6899995803833
2017-11-02,11.6899995803833,11.979999542236328,11.609999656677246,11.850000381469728,299200,0,0,0.017167448024748344,0.8836689423047642,12.012499904632568,12.80355710442784,11.221442704837296,11.570000171661377,12.505000114440918,13.247499942779541,13.365000247955322,12.109999656677246
2017-11-03,11.949999809265137,12.109999656677246,11.805999755859377,12.010000228881836,591800,0,0,0.013502096393372742,0.8956003255435929,11.955499935150147,12.547969686859158,11.363030183441136,11.614999771118164,12.505000114440918,13.164999961853027,13.365000247955322,12.170000076293944
2017-11-06,11.920000076293944,12.060999870300291,11.630000114440918,12.0,256400,0,0,-0.0008326585088472838,0.8948545963120027,11.935499954223634,12.49214588388758,11.378854024559686,11.614999771118164,12.505000114440918,13.164999961853027,13.365000247955322,12.149999618530272
2017-11-07,11.989999771118164,12.020000457763672,11.829999923706056,12.010000228881836,259300,0,0,0.0008333524068195874,0.8956003255435929,11.932499980926513,12.486830986677539,11.378168975175488,11.614999771118164,12.505000114440918,13.164999961853027,13.365000247955322,12.119999885559082
2017-11-08,12.100000381469728,12.380000114440918,11.880000114440918,12.359999656677246,268400,0,0,0.02914233314948045,0.9217002085993674,11.94399995803833,12.523493482620967,11.364506433455691,11.75,12.505000114440918,13.25,13.365000247955322,12.300000190734863
2017-11-09,12.229999542236328,12.380000114440918,11.93000030517578,12.3100004196167,201700,0,0,-0.004045245829237154,0.9179717046747238,11.946999979019164,12.53345431920294,11.360545638835388,11.75,12.505000114440918,13.301250219345093,13.365000247955322,12.529999732971191
2017-11-10,12.390000343322754,12.890000343322754,12.390000343322754,12.4399995803833,546600,0,0,0.010560451367608525,0.9276659002187819,11.946499967575074,12.531233949848815,11.361765985301332,12.059999942779541,12.384999752044678,13.313750267028809,13.365000247955322,12.4399995803833
2017-11-13,12.600000381469728,12.600000381469728,12.199999809265137,12.529999732971191,292500,0,0,0.00723473919804718,0.9343773210697864,11.951499938964844,12.554315194184182,11.348684683745505,12.059999942779541,12.150000095367432,13.382500171661377,13.365000247955322,12.369999885559082
2017-11-14,12.520000457763672,12.859999656677246,12.489999771118164,12.739999771118164,286100,0,0,0.016759779937934205,0.9500372793499126,11.981999921798707,12.674018664073234,11.28998117952418,12.25,12.110000133514404,13.232750177383423,13.365000247955322,12.470000267028809
2017-11-15,12.619999885559082,12.850000381469728,12.399999618530272,12.710000038146973,235200,0,0,-0.002354767151503512,0.9478001627717956,12.013499927520751,12.775138214759474,11.251861640282028,12.260000228881836,12.110000133514404,13.09000015258789,13.275000095367432,12.369999885559082
2017-11-16,12.59000015258789,13.0,12.43000030517578,12.949999809265137,353700,0,0,0.018882751408170195,0.9656972376300387,12.057999897003175,12.923433099665994,11.192566694340355,12.315000057220459,12.110000133514404,13.09000015258789,13.275000095367432,11.989999771118164
2017-11-17,12.960000038146973,13.0,12.789999961853027,12.920000076293944,160400,0,0,-0.0023165817307371217,0.9634601210519216,12.109499883651733,13.049062902079344,11.169936865224122,12.414999961853027,12.110000133514404,13.09000015258789,13.275000095367432,12.0
2017-11-20,12.949999809265137,13.0,12.779999732971191,12.979999542236328,322400,0,0,0.004643921485145697,0.9679343542081557,12.171999883651733,13.167527999709938,11.176471767593528,12.440000057220459,12.110000133514404,13.09000015258789,13.275000095367432,12.029999732971191
2017-11-21,13.0,13.010000228881836,12.789999961853027,12.949999809265137,249100,0,0,-0.0023112275831422835,0.9656972376300388,12.221499872207641,13.267665623325632,11.17533412108965,12.470000267028809,12.065000057220459,13.09000015258789,13.275000095367432,12.029999732971191
2017-11-22,13.199999809265137,13.229999542236328,12.970000267028809,13.050000190734863,407800,0,0,0.007722037292863915,0.9731543877126336,12.288499879837037,13.366552007241252,11.210447752432822,12.714999675750732,12.174999713897705,13.09000015258789,13.275000095367432,11.850000381469728
2017-11-24,13.15999984741211,13.75,13.119999885559082,13.75,421900,0,0,0.053639831343613054,1.0253542249408363,12.393499898910523,13.604721457987392,11.182278339833655,12.974999904632568,12.434999942779541,12.95199990272522,13.19700002670288,11.75
2017-11-27,13.75,13.989999771118164,13.65999984741211,13.920000076293944,596000,0,0,0.012363641912286782,1.038031337411255,12.50049991607666,13.848016969933758,11.152982862219561,13.194999694824219,12.554999828338623,12.783250093460083,13.19700002670288,11.699999809265137
2017-11-28,13.979999542236328,14.729999542236328,13.859999656677246,14.619999885559082,1046400,0,0,0.050287342344002894,1.090231174639458,12.6614999294281,14.202409733666075,11.120590125190125,13.5649995803833,12.924999713897705,12.631999969482422,13.19700002670288,11.59000015258789
2017-11-29,14.640000343322754,14.779999732971191,13.949999809265137,14.039999961853027,492900,0,0,-0.039671677718612686,1.046979874840377,12.789499950408935,14.341955291084941,11.237044609732928,13.605000019073486,12.949999809265137,12.477500200271606,13.045000076293945,11.449999809265137
2017-11-30,14.149999618530272,14.59000015258789,13.779999732971191,14.3100004196167,823000,0,0,0.019230801887269777,1.0671141373933908,12.922499990463256,14.517334787324373,11.32766519360214,13.779999732971191,12.949999809265137,12.477500200271606,13.045000076293945,11.40999984741211
2017-12-01,13.465999603271484,14.390000343322754,12.90999984741211,13.489999771118164,948000,0,0,-0.057302629242026226,1.0059656916194126,13.00449995994568,14.53709723458539,11.471902685305968,13.779999732971191,12.949999809265137,12.477500200271606,13.045000076293945,12.109999656677246
2017-12-04,12.970000267028809,13.420000076293944,12.760000228881836,12.800000190734863,1423500,0,0,-0.051148969020783586,0.9545115836228002,13.04399995803833,14.51063872815741,11.577361187919252,13.769999980926514,12.949999809265137,12.477500200271606,13.045000076293945,12.0600004196167
2017-12-05,12.81999969482422,13.119000434875488,12.640000343322754,12.710000038146973,999100,0,0,-0.007031261816154988,0.9478001627717956,13.079499959945679,14.475248850476051,11.683751069415306,13.710000038146973,12.949999809265137,12.297500133514404,13.045000076293945,12.0600004196167
2017-12-06,12.649999618530272,12.75,12.43000030517578,12.670000076293944,452400,0,0,-0.0031471252346951806,0.9448173169620883,13.112499952316284,14.433993858816773,11.791006045815795,13.605000019073486,13.00499963760376,12.082499980926514,12.875,12.56999969482422
2017-12-07,12.729999542236328,12.75,12.609999656677246,12.729999542236328,481500,0,0,0.004735553715950358,0.9492915501183223,13.130999946594239,14.419430256242606,11.842569636945871,13.605000019073486,13.00499963760376,12.065000057220459,12.875,12.800000190734863
2017-12-08,12.729999542236328,12.75,12.5600004196167,12.6899995803833,508900,0,0,-0.003142180934124439,0.9463087043086151,13.149999904632569,14.39965229614651,11.900347513118628,13.605000019073486,13.194999694824219,12.0625,12.875,12.869999885559082
2017-12-11,12.649999618530272,12.699999809265137,12.029999732971191,12.109999656677246,726300,0,0,-0.04570527524702528,0.903057404509534,13.133499908447266,14.428604001050523,11.83839581584401,13.404999732971191,13.204999923706055,12.037500143051147,12.875,12.789999961853027
2017-12-12,12.15999984741211,12.300000190734863,12.109999656677246,12.170000076293944,716100,0,0,0.004954617780159376,0.9075317087824215,13.115499925613403,14.453424976975409,11.777574874251396,13.309999942779541,13.204999923706055,12.059999942779541,12.875,12.68000030517578
2017-12-13,12.1899995803833,12.239999771118164,12.0600004196167,12.149999618530272,898200,0,0,-0.0016434229776737252,0.906040250319241,13.085999917984008,14.481168266095134,11.690831569872882,13.210000038146973,13.304999828338623,12.059999942779541,12.875,12.520000457763672
2017-12-14,12.1899995803833,12.265000343322754,12.020000457763672,12.119999885559082,838800,0,0,-0.002469113902311304,0.9038031337411241,13.056499910354614,14.506694801523244,11.606305019185983,12.720000267028809,13.329999923706055,12.059999942779541,12.875,12.239999771118164
2017-12-15,12.109999656677246,12.329999923706056,11.850000381469728,12.300000190734863,2733100,0,0,0.014851510468267382,0.9172259754431332,13.0239999294281,14.511350617696054,11.536649241160147,12.484500408172607,13.315000057220459,12.127500057220459,12.875,12.149999618530272
2017-12-18,12.3100004196167,12.949999809265137,12.300000190734863,12.529999732971191,1448700,0,0,0.018699149485345457,0.9343773210697862,13.004499912261963,14.507107342933912,11.501892481590014,12.400000095367432,13.315000057220459,12.127500057220459,12.875,12.149999618530272
2017-12-19,12.359999656677246,12.449999809265137,12.079999923706056,12.4399995803833,1379400,0,0,-0.007182773703583223,0.9276659002187816,12.97749991416931,14.500388493380989,11.454611334957633,12.400000095367432,13.315000057220459,12.22249984741211,12.875,12.0
2017-12-20,12.4399995803833,12.449999809265137,12.100000381469728,12.369999885559082,521100,0,0,-0.005626985304292287,0.9224459378309574,12.948499917984009,14.494544932742766,11.402454903225252,12.400000095367432,13.315000057220459,12.105000019073486,12.875,11.729999542236328
2017-12-21,12.359999656677246,12.470000267028809,12.300000190734863,12.470000267028809,362400,0,0,0.008084105286570553,0.9299030879135521,12.919499921798707,14.478687220743284,11.36031262285413,12.400000095367432,13.315000057220459,12.180000066757202,12.875,12.050000190734863
2017-12-22,12.43000030517578,12.75,12.109999656677246,12.369999885559082,475400,0,0,-0.008019276610132242,0.9224459378309573,12.85049991607666,14.378049422965809,11.322950409187513,12.400000095367432,13.315000057220459,12.18500018119812,12.875,11.949999809265137
2017-12-26,12.220000267028809,12.33899974822998,11.899999618530272,11.989999771118164,508200,0,0,-0.030719492154930084,0.894108867080412,12.75399990081787,14.242016540076941,11.2659832615588,12.400000095367432,13.315000057220459,12.212500095367432,12.875,11.640000343322754
2017-12-27,11.920000076293944,12.149999618530272,11.920000076293944,12.0,194000,0,0,0.0008340474622796634,0.8948545963120021,12.622999906539917,13.870289421720273,11.375710391359561,12.400000095367432,13.315000057220459,12.262500047683716,12.875,11.100000381469728
2017-12-28,12.010000228881836,12.142999649047852,11.890000343322754,12.029999732971191,1396800,0,0,0.002499977747599358,0.8970917128901191,12.522499895095825,13.608784184210464,11.436215605981186,12.400000095367432,13.315000057220459,12.275000095367432,12.875,11.260000228881836
2017-12-29,12.050000190734863,12.17300033569336,11.93000030517578,12.029999732971191,287700,0,0,0.0,0.8970917128901191,12.40849986076355,13.136837317080055,11.680162404447046,12.420000076293945,13.315000057220459,12.267500162124634,12.875,11.25
2018-01-02,11.729999542236328,11.920000076293944,11.595999717712402,11.850000381469728,484100,0,0,-0.014962539941553832,0.8836689423047638,12.326499891281127,12.900836897165993,11.752162885396261,12.172999858856201,13.187999725341797,12.444999694824219,12.875,10.84000015258789
2018-01-03,11.699999809265137,11.949999809265137,11.40999984741211,11.75,499000,0,0,-0.008438850485279481,0.8762117922221688,12.273999881744384,12.857595637759747,11.690404125729021,12.079999923706055,13.09499979019165,12.704999923706055,12.875,10.869999885559082
2018-01-04,11.869999885559082,11.869999885559082,11.3100004196167,11.699999809265137,444800,0,0,-0.004255335381690539,0.8724832171808714,12.223499870300293,12.82220888622552,11.624790854375066,12.03000020980835,13.045000076293945,12.874999761581421,12.772500038146973,10.869999885559082
2018-01-05,11.800000190734863,11.824999809265137,11.56999969482422,11.59000015258789,268900,0,0,-0.00940168021115162,0.8642804089833401,12.16949987411499,12.79199073662477,11.54700901160521,12.03000020980835,13.045000076293945,13.244999647140503,12.924999713897705,10.9399995803833
2018-01-08,11.630000114440918,11.645000457763672,11.350000381469728,11.449999809265137,351200,0,0,-0.012079408238100275,0.8538404130910381,12.105499887466431,12.747435409858513,11.46356436507435,11.82450008392334,12.950000286102295,13.277499914169312,12.949999809265137,11.5600004196167
2018-01-09,11.489999771118164,11.586999893188477,11.029999732971191,11.40999984741211,498900,0,0,-0.003493446508240128,0.8508575672813309,12.041499900817872,12.692840844106032,11.390158957529712,11.601500034332275,12.710000038146973,13.364999771118164,12.949999809265137,11.630000114440918
2018-01-10,11.300000190734863,12.119999885559082,11.170000076293944,12.109999656677246,834900,0,0,0.06134967735550867,0.9030574045095335,12.041499900817872,12.692840844106032,11.390158957529712,11.601500034332275,12.224999904632568,13.364999771118164,12.949999809265137,12.119999885559082
2018-01-11,12.229999542236328,12.5649995803833,11.901000022888184,12.0600004196167,817700,0,0,-0.004128756273992007,0.8993289005848899,12.03599991798401,12.684731982482916,11.387267853485103,11.797499656677246,12.07450008392334,13.359999895095825,12.949999809265137,12.149999618530272
2018-01-12,12.039999961853027,12.06999969482422,11.75,12.0600004196167,271600,0,0,0.0,0.8993289005848899,12.03149995803833,12.678230374548757,11.384769541527902,11.797499656677246,11.989999771118164,13.329999923706055,12.949999809265137,12.140000343322754
2018-01-16,12.079999923706056,12.640000343322754,12.06999969482422,12.56999969482422,687800,0,0,0.042288495643661994,0.9373601668794933,12.053999948501588,12.741939459091707,11.366060437911468,11.835000038146973,11.989999771118164,13.304999828338623,12.949999809265137,12.149999618530272
2018-01-17,12.619999885559082,13.300000190734863,12.470000267028809,12.800000190734863,1874600,0,0,0.0182975737068114,0.9545115836227999,12.078999948501586,12.834658224268024,11.323341672735149,12.164999961853027,12.164999961853027,13.304999828338623,12.949999809265137,12.34000015258789
2018-01-18,12.829999923706056,12.949999809265137,12.25,12.869999885559082,842900,0,0,0.00546872607665172,0.959731546010624,12.095999956130981,12.905463583262629,11.286536328999334,12.164999961853027,12.164999961853027,13.399999856948853,12.949999809265137,12.729999542236328
2018-01-19,12.84000015258789,13.039999961853027,12.710000038146973,12.789999961853027,397200,0,0,-0.006216000343233885,0.9537658543912096,12.113499975204467,12.966405855174497,11.260594095234438,12.164999961853027,12.164999961853027,13.304999828338623,12.949999809265137,12.770000457763672
2018-01-22,12.760000228881836,12.899999618530272,12.59000015258789,12.68000030517578,256800,0,0,-0.008600442299087518,0.9455630461936781,12.128999996185303,13.01107799860103,11.246921993769577,12.164999961853027,12.164999961853027,13.257499933242798,12.949999809265137,12.699999809265137
2018-01-23,12.630000114440918,12.649999618530272,12.25,12.520000457763672,467100,0,0,-0.012618284192532525,0.9336316629548496,12.131500005722046,13.01774855936782,11.245251452076271,12.235000133514404,12.164999961853027,13.257499933242798,12.949999809265137,12.5
2018-01-24,12.470000267028809,12.56999969482422,12.199999809265137,12.239999771118164,318200,0,0,-0.022364271278590753,0.9127516711702455,12.125,13.00599085271701,11.24400914728299,12.525000095367432,12.164999961853027,13.025000095367432,12.949999809265137,12.75
2018-01-25,12.350000381469728,12.420000076293944,12.029999732971191,12.149999618530272,341200,0,0,-0.00735295378029821,0.9060402503192407,12.132999992370605,13.011821663388194,11.254178321353017,12.525000095367432,12.164999961853027,12.899750232696533,12.949999809265137,13.0
2018-01-26,12.15999984741211,12.199999809265137,12.06999969482422,12.149999618530272,214200,0,0,0.0,0.9060402503192407,12.14049997329712,13.017188041225214,11.263811905369025,12.664999961853027,12.164999961853027,12.857500076293945,12.949999809265137,12.9399995803833
2018-01-29,12.1899995803833,12.220000267028809,11.960000038146973,12.0,359000,0,0,-0.012345648003272647,0.8948545963120024,12.13899998664856,13.016550751313577,11.261449221983543,12.630000114440918,12.164999961853027,12.857500076293945,12.949999809265137,13.0
2018-01-30,11.90999984741211,11.970000267028809,11.609999656677246,11.729999542236328,234600,0,0,-0.022500038146972656,0.8747203337589885,12.123999977111817,13.018765755014927,11.229234199208706,12.324999809265137,12.164999961853027,12.857500076293945,12.949999809265137,13.529999732971191
2018-01-31,11.720000267028809,12.109999656677246,11.60200023651123,12.050000190734863,416900,0,0,0.02728053375844608,0.8985831713532998,12.133999967575074,13.020639167121518,11.24736076802863,12.321000099182129,12.164999961853027,12.857500076293945,12.949999809265137,12.5
2018-02-01,11.970000267028809,12.0,11.8100004196167,11.949999809265137,186100,0,0,-0.008298786712602424,0.8911260212707048,12.14399995803833,13.017358981922504,11.270640934154157,12.250999927520752,12.164999961853027,12.857500076293945,12.949999809265137,12.460000038146973
2018-02-02,11.869999885559082,11.869999885559082,11.574999809265137,11.640000343322754,186600,0,0,-0.025941378317180575,0.8680089840246376,12.14099998474121,13.020897719236924,11.261102250245496,12.112499713897705,12.164999961853027,12.857500076293945,12.949999809265137,12.199999809265137
2018-02-05,11.550000190734863,11.609999656677246,11.0,11.100000381469728,379800,0,0,-0.04639174793175971,0.8277405300352637,12.116499996185302,13.080614395948352,11.152385596422253,11.78499984741211,12.150000095367432,12.857500076293945,12.949999809265137,12.369999885559082
2018-02-06,10.9399995803833,11.380000114440918,10.579999923706056,11.260000228881836,608900,0,0,0.014414400172382935,0.8396719132740924,12.107000017166138,13.100810392675188,11.113189641657089,11.5,11.940000057220459,12.857500076293945,12.949999809265137,12.34000015258789
2018-02-07,11.210000038146973,11.390000343322754,11.0600004196167,11.25,590000,0,0,-0.0008881197760711723,0.8389261840425022,12.099000024795533,13.11766219120647,11.080337858384596,11.400000095367432,11.940000057220459,12.867500066757202,12.949999809265137,12.25
2018-02-08,11.289999961853027,11.31999969482422,10.84000015258789,10.84000015258789,497400,0,0,-0.036444430881076406,0.8083519967138401,12.035500049591064,13.193873571687018,10.877126527495111,11.400000095367432,11.940000057220459,12.680499792098999,12.949999809265137,12.0
2018-02-09,10.869999885559082,11.020000457763672,10.760000228881836,10.869999885559082,348500,0,0,0.0027675030026663716,0.8105891132919569,11.976000022888183,13.241718829446592,10.710281216329774,11.34499979019165,11.940000057220459,12.587499856948853,12.949999809265137,11.93000030517578
2018-02-12,10.949999809265137,10.99899959564209,10.670000076293944,10.869999885559082,202500,0,0,0.0,0.8105891132919569,11.916499996185303,13.270614799586566,10.56238519278404,11.34499979019165,11.940000057220459,12.537500143051147,12.949999809265137,12.09000015258789
2018-02-13,10.890000343322754,10.989999771118164,10.640000343322754,10.9399995803833,392100,0,0,0.006439714403053021,0.8158090756797811,11.834999990463256,13.218191234006857,10.451808746919655,11.289999961853027,11.940000057220459,12.537500143051147,12.949999809265137,12.579999923706056
2018-02-14,10.859999656677246,11.579999923706056,10.859999656677246,11.5600004196167,368600,0,0,0.0566728393980136,0.8620432924052233,11.773000001907349,13.086270825331937,10.45972917848276,11.224999904632568,11.940000057220459,12.387250185012817,12.949999809265137,12.640000343322754
2018-02-15,11.600000381469728,11.729999542236328,11.4399995803833,11.630000114440918,286500,0,0,0.0060553367027074145,0.8672632547930473,11.711000013351441,12.923416575418923,10.49858345128396,11.154999732971191,11.940000057220459,12.155750036239624,12.904999732971191,12.9399995803833
2018-02-16,11.649999618530272,12.199999809265137,11.649999618530272,12.119999885559082,804600,0,0,0.0421323960702058,0.9038031337411239,11.677500009536743,12.801706823185944,10.553293195887543,11.389999866485596,11.940000057220459,11.913249969482422,12.904999732971191,12.81999969482422
2018-02-20,12.130000114440918,12.220000267028809,11.93000030517578,12.149999618530272,429800,0,0,0.002475225516044288,0.9060402503192407,11.650999975204467,12.701209185661288,10.600790764747646,11.430000305175781,11.940000057220459,11.935999870300293,12.904999732971191,12.600000381469728
2018-02-21,12.140000343322754,12.270000457763672,12.06999969482422,12.140000343322754,299900,0,0,-0.0008229856396264612,0.9052945922043044,11.631999969482422,12.63056975876476,10.633430180200083,11.455000400543213,11.940000057220459,11.893749713897705,12.904999732971191,12.649999618530272
2018-02-22,12.239999771118164,12.260000228881836,11.960000038146973,12.149999618530272,319700,0,0,0.0008236635028613382,0.9060402503192408,11.627499961853028,12.615715439897512,10.639284483808543,11.455000400543213,11.940000057220459,11.912499904632568,12.904999732971191,12.399999618530272
2018-02-23,12.199999809265137,12.34000015258789,12.071000099182127,12.34000015258789,276300,0,0,0.015637904528642554,0.9202088212528405,11.636999988555909,12.648755277392858,10.625244699718959,11.490000247955322,11.809999942779541,12.164999961853027,12.904999732971191,12.5
2018-02-26,12.399999618530272,12.75,12.170000076293944,12.729999542236328,420700,0,0,0.03160448823549222,0.9492915501183221,11.66599998474121,12.765355827440764,10.566644142041657,11.695000171661377,11.809999942779541,12.164999961853027,12.904999732971191,12.380000114440918
2018-02-27,12.68000030517578,12.880000114440918,12.649999618530272,12.770000457763672,531800,0,0,0.00314225584962724,0.9522744670446831,11.704500007629395,12.898847478237403,10.510152537021387,11.869999885559082,11.739999771118164,12.164999961853027,12.904999732971191,12.449999809265137
2018-02-28,12.789999961853027,12.960000038146973,12.640000343322754,12.699999809265137,568800,0,0,-0.005481648080597923,0.9470544335402052,11.753000020980835,13.024690307772161,10.481309734189509,12.199999809265137,11.769999980926514,12.164999961853027,12.904999732971191,12.390000343322754
2018-03-01,12.699999809265137,12.699999809265137,12.31999969482422,12.5,934300,0,0,-0.015748016714081325,0.9321402044916692,11.775500011444091,13.08322230874017,10.467777714148012,12.304999828338623,11.769999980926514,12.200000047683716,12.904999732971191,12.449999809265137
2018-03-02,12.359999656677246,12.760000228881836,12.329999923706056,12.75,351200,0,0,0.020000000000000018,0.9507830085815027,11.815500020980835,13.19009818574377,10.4409018562179,12.445000171661377,11.769999980926514,12.34500002861023,12.904999732971191,12.5
2018-03-05,12.670000076293944,13.279999732971191,12.609999656677246,13.0,1270200,0,0,0.019607843137254832,0.969425812671336,11.883500003814698,13.349199201357935,10.41780080627146,12.619999885559082,11.929999828338623,12.34500002861023,12.904999732971191,12.390000343322754
2018-03-06,13.010000228881836,13.10200023651123,12.75,12.9399995803833,464000,0,0,-0.004615416893592239,0.9649515083984483,11.975499963760376,13.463992922611412,10.487007004909339,12.619999885559082,11.929999828338623,12.414999961853027,12.904999732971191,12.390000343322754
2018-03-07,12.779999732971191,13.149999618530272,12.729999542236328,13.0,550300,0,0,0.004636817740524268,0.9694258126713359,12.062499952316283,13.577000905837975,10.547998998794592,12.67549991607666,11.929999828338623,12.397500038146973,12.904999732971191,12.5600004196167
2018-03-08,13.170000076293944,13.850000381469728,13.109999656677246,13.529999732971191,1852000,0,0,0.04076921022855329,1.0089485374291196,12.176499938964843,13.771212987770078,10.58178689015961,13.010000228881836,12.215000152587892,12.244999885559082,12.904999732971191,12.920000076293944
2018-03-09,13.210000038146973,13.210000038146973,12.0600004196167,12.5,1971000,0,0,-0.07612710667400757,0.9321402044916691,12.25949993133545,13.734374297424457,10.784625565246442,12.955000400543213,12.215000152587892,12.243000030517578,12.904999732971191,13.479999542236328
2018-03-12,12.25,12.5600004196167,12.15999984741211,12.460000038146973,778500,0,0,-0.003199996948242134,0.929157358681962,12.338999938964843,13.668456742123288,11.009543135806398,12.955000400543213,12.215000152587892,12.20799994468689,12.904999732971191,13.68000030517578
2018-03-13,12.460000038146973,12.510000228881836,12.050000190734863,12.199999809265137,520700,0,0,-0.020866791981206334,0.9097688253605384,12.405499935150146,13.553176816977686,11.257823053322607,12.950000286102295,12.215000152587892,12.138749837875366,12.904999732971191,13.59000015258789
2018-03-14,12.15999984741211,12.4399995803833,12.130000114440918,12.369999885559082,448600,0,0,0.013934432700961175,0.9224459378309573,12.476999950408935,13.40571066532066,11.54828923549721,12.950000286102295,12.215000152587892,11.96749997138977,12.889999866485596,13.600000381469728
2018-03-15,12.350000381469728,12.4399995803833,12.149999618530272,12.34000015258789,598200,0,0,-0.002425200747674494,0.9202088212528403,12.515999937057495,13.346740055925686,11.685259818189305,12.950000286102295,12.24500036239624,11.72000002861023,12.679999828338623,13.510000228881836
2018-03-16,12.289999961853027,12.380000114440918,12.119999885559082,12.25,473400,0,0,-0.007293367218396352,0.9134974004018357,12.54699993133545,13.2830918494719,11.810908013198999,12.950000286102295,12.24500036239624,11.670000076293945,12.679999828338623,13.100000381469728
2018-03-19,12.15999984741211,12.300000190734863,11.989999771118164,12.0,2553900,0,0,-0.020408163265306145,0.8948545963120023,12.540999937057496,13.292876002904888,11.789123871210103,12.920000076293945,12.24500036239624,11.670000076293945,12.679999828338623,13.130000114440918
2018-03-20,11.9399995803833,12.06999969482422,11.880000114440918,11.93000030517578,780900,0,0,-0.005833307902018414,0.889634633924178,12.52999997138977,13.310639983933996,11.749359958845545,12.865000247955322,12.24500036239624,11.642499923706055,12.679999828338623,13.289999961853027
2018-03-21,11.850000381469728,12.220000267028809,11.699999809265137,12.09000015258789,447200,0,0,0.013411554343606857,0.9015660171630069,12.527499961853028,13.313479888366821,11.741520035339235,12.454999923706055,12.24500036239624,11.642499923706055,12.679999828338623,13.239999771118164
2018-03-22,12.1899995803833,12.779999732971191,12.100000381469728,12.579999923706056,1175300,0,0,0.04052934366698757,0.9381058961110836,12.548999977111816,13.315576241014277,11.782423713209354,12.239999771118164,12.355000019073486,11.615000009536743,12.679999828338623,13.34000015258789
2018-03-23,12.579999923706056,12.899999618530272,12.529999732971191,12.640000343322754,846900,0,0,0.004769508742494599,0.9425802003839712,12.56399998664856,13.325296141589684,11.802703831707435,12.299999713897705,12.644999980926514,11.582499980926514,12.585000038146973,13.09000015258789
2018-03-26,12.600000381469728,12.970000267028809,12.59000015258789,12.9399995803833,669300,0,0,0.023734116211399092,0.9649515083984482,12.574499988555909,13.350476264953736,11.798523712158081,12.335000038146973,12.75,11.547499895095825,12.485000133514404,13.109999656677246
2018-03-27,12.9399995803833,13.0,12.729999542236328,12.81999969482422,1144700,0,0,-0.009273561781330875,0.9560029709693268,12.576999950408936,13.355827351223823,11.79817254959405,12.349999904632568,12.775000095367432,11.664999961853027,12.0,13.3100004196167
2018-03-28,12.779999732971191,12.779999732971191,12.289999961853027,12.600000381469728,1678300,0,0,-0.01716063327546813,0.9395973545742642,12.571999979019164,13.348864878080692,11.795135079957637,12.349999904632568,12.775000095367432,11.68500018119812,11.940000057220459,13.670000076293944
2018-03-29,12.550000190734863,12.720000267028809,12.32800006866455,12.649999618530272,981800,0,0,0.003968193297364975,0.9433258584989076,12.579499959945679,13.356335572646167,11.80266434724519,12.349999904632568,12.775000095367432,11.697500228881836,11.940000057220459,13.720000267028809
2018-04-02,12.640000343322754,12.664999961853027,12.210000038146973,12.399999618530272,442900,0,0,-0.01976284644576498,0.9246830544090743,12.561999940872193,13.33844831313941,11.785551568604976,12.349999904632568,12.775000095367432,11.697500228881836,11.940000057220459,14.18000030517578
2018-04-03,12.40999984741211,12.510000228881836,12.300000190734863,12.5,308900,0,0,0.00806454714081517,0.9321402044916692,12.536999940872192,13.286888648193292,11.787111233551093,12.349999904632568,12.775000095367432,11.650000095367432,11.940000057220459,14.289999961853027
2018-04-04,12.279999732971191,12.380000114440918,12.204999923706056,12.380000114440918,517900,0,0,-0.009599990844726514,0.9231916670625477,12.508999967575074,13.237909546535343,11.780090388614804,12.550000190734863,12.775000095367432,11.752500057220459,11.940000057220459,14.579999923706056
2018-04-05,12.479999542236328,12.550000190734863,12.260000228881836,12.449999809265137,312700,0,0,0.005654256395568602,0.9284116294503718,12.48149995803833,13.174472421258331,11.78852749481833,12.602499961853027,12.775000095367432,11.804999828338623,11.940000057220459,14.729999542236328
2018-04-06,12.3100004196167,12.539999961853027,12.289999961853027,12.390000343322754,368300,0,0,-0.004819234286070562,0.923937396294138,12.424499988555908,12.920975552929733,11.928024424182084,12.602499961853027,12.775000095367432,11.984999895095825,11.940000057220459,14.779999732971191
2018-04-09,12.350000381469728,12.529999732971191,12.34000015258789,12.449999809265137,988700,0,0,0.004842571773996607,0.9284116294503719,12.421999979019166,12.917420661977593,11.926579296060739,12.602499961853027,12.775000095367432,12.037499904632568,11.940000057220459,15.100000381469728
2018-04-10,12.539999961853027,12.539999961853027,12.300000190734863,12.5,2037500,0,0,0.004016079638624159,0.9321402044916695,12.423999977111816,12.92035029381065,11.927649660412982,12.492499828338623,12.775000095367432,12.107500076293945,11.940000057220459,15.25
2018-04-11,12.359999656677246,12.484999656677246,12.229999542236328,12.390000343322754,366000,0,0,-0.008799972534179634,0.9239373962941382,12.433500003814697,12.919388195271045,11.947611812358348,12.462500095367432,12.775000095367432,12.274999856948853,11.940000057220459,15.15999984741211
2018-04-12,12.449999809265137,12.449999809265137,12.199999809265137,12.390000343322754,290200,0,0,0.0,0.9239373962941382,12.434500026702882,12.91993858732594,11.949061466079824,12.432499885559082,12.775000095367432,12.274999856948853,11.940000057220459,15.350000381469728
2018-04-13,12.43000030517578,12.609999656677246,12.399999618530272,12.5600004196167,498400,0,0,0.013720748311808029,0.9366145087645573,12.445500040054322,12.931854081249604,11.95914599885904,12.404999732971191,12.775000095367432,12.302749872207642,11.940000057220459,15.0
2018-04-16,12.59000015258789,12.989999771118164,12.520000457763672,12.920000076293944,779900,0,0,0.028662392089970234,0.9634601210519219,12.479000043869018,12.99842028964255,11.959579798095486,12.59499979019165,12.454999923706055,12.612500190734863,12.215000152587892,14.760000228881836
2018-04-17,12.989999771118164,13.619999885559082,12.90999984741211,13.479999542236328,973700,0,0,0.043343611659096615,1.0052199623878226,12.553000020980836,13.188497387221897,11.917502654739774,12.90999984741211,12.65999984741211,12.585000276565552,12.215000152587892,14.699999809265137
2018-04-18,13.539999961853027,13.800000190734863,13.270000457763672,13.68000030517578,600300,0,0,0.014836852353948382,1.0201342625530123,12.640500020980834,13.38294729604162,11.89805274592005,13.0,12.75,12.585000276565552,12.215000152587892,14.649999618530272
2018-04-19,13.649999618530272,13.788999557495115,13.520000457763672,13.59000015258789,381100,0,0,-0.006578958375741961,1.013422841702008,12.715500020980835,13.521410760631564,11.909589281330106,13.0,12.75,12.582500219345093,12.215000152587892,14.84000015258789
2018-04-20,13.600000381469728,13.760000228881836,13.574999809265137,13.600000381469728,422700,0,0,0.0007358520065898766,1.0141685709335984,12.76650004386902,13.657254247976528,11.87574583976151,13.0,12.75,12.582500219345093,12.215000152587892,14.699999809265137
2018-04-23,13.699999809265137,13.850000381469728,13.480999946594238,13.510000228881836,988000,0,0,-0.0066176580929011575,1.0074571500825937,12.810000038146972,13.75568738184944,11.864312694444505,13.025000095367432,12.775000095367432,12.597500324249268,12.215000152587892,15.140000343322754
2018-04-24,13.520000457763672,13.59000015258789,12.81999969482422,13.100000381469728,578500,0,0,-0.030347878642933312,0.9768829627539317,12.818000078201294,13.770708293699851,11.865291862702737,13.025000095367432,12.775000095367432,12.597500324249268,12.215000152587892,15.390000343322754
2018-04-25,13.119999885559082,13.220000267028809,12.880000114440918,13.130000114440918,267500,0,0,0.002290055885313169,0.9791200793320485,12.833500099182128,13.79597739713671,11.871022801227546,13.125,12.775000095367432,12.582500219345093,12.215000152587892,16.979999542236328
2018-04-26,13.229999542236328,13.350000381469728,13.109999656677246,13.289999961853027,347800,0,0,0.012185822240483812,0.9910514625708772,12.868000078201295,13.844043279156178,11.891956877246411,13.1850004196167,12.775000095367432,12.555000305175781,12.215000152587892,17.530000686645508
2018-04-27,13.359999656677246,13.359999656677246,13.050000190734863,13.239999771118164,238200,0,0,-0.0037622416010820725,0.9873228875295798,12.89750008583069,13.881121999669098,11.91387817199228,13.335000038146974,12.975000381469728,12.350000143051147,12.215000152587892,17.260000228881836
2018-04-30,13.260000228881836,13.40999984741211,13.220000267028809,13.34000015258789,523500,0,0,0.007552899033115512,0.9947800376121747,12.94450011253357,13.918217756633034,11.970782468434106,13.335000038146974,13.025000095367432,12.297499895095825,12.215000152587892,17.8799991607666
2018-05-01,13.279999732971191,13.380000114440918,12.979999542236328,13.09000015258789,5291300,0,0,-0.018740629470795134,0.9761372335223413,12.974000120162964,13.927382875354931,12.020617364970997,13.335000038146974,13.025000095367432,12.47249984741211,12.215000152587892,17.030000686645508
2018-05-02,13.170000076293944,13.270000457763672,12.93000030517578,13.109999656677246,965000,0,0,0.0015278459783212295,0.977628620868868,13.01050009727478,13.924803816304728,12.096196378244834,13.335000038146974,13.025000095367432,12.542500019073486,12.215000152587892,17.719999313354492
2018-05-03,12.920000076293944,13.345000267028809,12.90999984741211,13.3100004196167,453800,0,0,0.015255588724412128,0.9925429210340577,13.053500127792358,13.938424326681547,12.168575928903168,13.335000038146974,13.025000095367432,12.5625,12.215000152587892,18.440000534057617
2018-05-04,13.279999732971191,13.760000228881836,13.201000213623049,13.670000076293944,873700,0,0,0.027047306185405073,1.0193885333214223,13.117500114440919,13.986041310504074,12.248958918377763,13.289999961853027,13.025000095367432,12.5625,12.215000152587892,18.6200008392334
2018-05-07,13.6899995803833,13.890000343322754,13.550000190734863,13.720000267028809,467100,0,0,0.003657658409349507,1.02311710836272,13.181000137329102,14.03033366495457,12.331666609703634,13.385000228881836,13.045000076293945,12.5625,12.215000152587892,18.68000030517578
2018-05-08,13.670000076293944,14.300000190734863,13.460000038146973,14.18000030517578,878900,0,0,0.0335276989208535,1.0574198707326794,13.265000152587891,14.159903603617726,12.370096701558056,13.605000019073486,13.25,12.5625,12.215000152587892,19.61000061035156
2018-05-09,14.18000030517578,14.324999809265137,14.050000190734863,14.289999961853027,911900,0,0,0.007757380416775872,1.0656226789302108,13.360000133514404,14.26663180610822,12.453368460920588,13.617499828338623,13.262499809265137,12.5625,12.215000152587892,19.76000022888184
2018-05-10,14.390000343322754,14.710000038146973,14.3100004196167,14.579999923706056,488700,0,0,0.020293909211139383,1.0872483288297516,13.46950011253357,14.409815845266682,12.529184379800459,13.809999942779541,13.454999923706055,12.662500143051147,12.215000152587892,19.6299991607666
2018-05-11,14.529999732971191,14.800000190734863,14.300000190734863,14.729999542236328,329500,0,0,0.010288039733551857,1.09843398283699,13.57800006866455,14.573284296289104,12.582715841039997,13.855000019073486,13.5,12.68875002861023,12.215000152587892,19.36000061035156
2018-05-14,14.729999542236328,15.04800033569336,14.720000267028809,14.779999732971191,926700,0,0,0.0033944461838912865,1.1021625578782874,13.671000051498414,14.748125488681161,12.593874614315666,13.979000091552734,13.624000072479248,12.68875002861023,12.215000152587892,19.65999984741211
2018-05-15,14.75,15.18000030517578,14.710000038146973,15.100000381469728,853600,0,0,0.021650923834909186,1.126025395472599,13.752000093460083,14.9926334596829,12.511366727237267,14.045000076293945,13.690000057220459,12.68875002861023,12.215000152587892,19.26000022888184
2018-05-16,15.119999885559082,15.300000190734863,14.90999984741211,15.25,1291400,0,0,0.009933749320585994,1.1372110494798375,13.830500078201293,15.232968653397204,12.428031503005382,14.250500202178955,13.75,12.633749961853027,12.215000152587892,19.030000686645508
2018-05-17,15.029999732971191,15.300000190734863,14.90999984741211,15.15999984741211,1203600,0,0,-0.005901649350025573,1.130499628628833,13.909000062942505,15.421510745355821,12.39648938052919,14.380000114440918,13.75,12.618750095367432,12.215000152587892,18.76000022888184
2018-05-18,15.18000030517578,15.399999618530272,15.020000457763672,15.350000381469728,3399300,0,0,0.012533016884564985,1.1446681995624326,13.996500062942506,15.626612290378057,12.366387835506954,14.429999828338623,13.899999618530272,12.603749990463257,12.215000152587892,19.18000030517578
2018-05-21,15.4399995803833,15.470000267028809,14.829999923706056,15.0,1105400,0,0,-0.02280132721639816,1.1185682453900043,14.071000051498412,15.741501312428996,12.400498790567829,14.760000228881836,13.99500036239624,12.589999914169312,12.215000152587892,18.6299991607666
2018-05-22,15.039999961853027,15.14900016784668,14.65999984741211,14.760000228881836,576500,0,0,-0.015999984741210893,1.1006711705317611,14.154000043869019,15.787422232028803,12.520577855709234,14.885000228881836,14.144999980926514,12.524999856948853,12.215000152587892,19.030000686645508
2018-05-23,14.640000343322754,14.71500015258789,14.449999809265137,14.699999809265137,571800,0,0,-0.004065069016685574,1.0961968662588735,14.232500028610229,15.81092141650991,12.654078640710548,14.885000228881836,14.144999980926514,12.78499984741211,12.215000152587892,19.34000015258789
2018-05-24,14.68000030517578,14.75,14.5,14.649999618530272,432500,0,0,-0.003401373563511889,1.092468291217576,14.300500011444091,15.826393921847728,12.774606101040455,14.960000038146973,14.144999980926514,12.875,12.215000152587892,19.549999237060547
2018-05-25,14.59000015258789,14.970000267028809,14.59000015258789,14.84000015258789,435800,0,0,0.012969320068602075,1.1066368621511755,14.380500030517577,15.84129664308945,12.919703417945705,14.960000038146973,14.144999980926514,12.875,12.215000152587892,19.3799991607666
2018-05-29,14.770000457763672,14.90999984741211,14.5600004196167,14.699999809265137,536300,0,0,-0.009433985302105263,1.0961968662588735,14.44850001335144,15.833046647696492,13.063953379006389,14.960000038146973,14.144999980926514,12.875,12.215000152587892,19.059999465942383
2018-05-30,14.779999732971191,15.279999732971191,14.779999732971191,15.140000343322754,1257300,0,0,0.029932009507938506,1.1290082412823064,14.551000022888184,15.815128459214607,13.28687158656176,14.960000038146973,14.144999980926514,12.900000095367432,12.24500036239624,19.489999771118164
2018-05-31,15.18000030517578,15.5,14.970000267028809,15.390000343322754,1561800,0,0,0.016512549163201218,1.1476510453721398,14.665000057220459,15.791033047498969,13.538967066941948,14.974999904632568,14.190000057220459,12.900000095367432,12.24500036239624,19.450000762939453
2018-06-01,15.68000030517578,17.139999389648438,15.59000015258789,16.979999542236328,3888800,0,0,0.10331378579880446,1.2662192196454911,14.84850001335144,16.20649137575123,13.49050865095165,15.794999599456787,15.024999618530273,12.950000047683716,12.24500036239624,19.34000015258789
2018-06-04,16.989999771118164,17.540000915527344,16.90999984741211,17.530000686645508,2058100,0,0,0.032391116562818345,1.307233473983109,15.041500043869018,16.734583782325615,13.34841630541242,15.99500036239624,15.225000381469727,12.980000257492065,12.24500036239624,18.3700008392334
2018-06-05,17.200000762939453,17.389999389648438,16.75,17.260000228881836,2083300,0,0,-0.015402193222351701,1.2870992114300952,15.21850004196167,17.057487090288603,13.379512993634737,15.99500036239624,15.225000381469727,13.155000209808351,12.24500036239624,18.15999984741211
2018-06-06,17.219999313354492,17.905000686645508,17.200000762939453,17.8799991607666,1615700,0,0,0.035921142738300604,1.3333332859222298,15.403499984741211,17.51481282876926,13.292187140713164,16.202500343322754,15.407500267028809,13.180000066757202,12.355000019073486,18.459999084472656
2018-06-07,17.899999618530273,17.93000030517578,16.969999313354492,17.030000686645508,1356000,0,0,-0.04753906677950037,1.2699478658034422,15.540500020980835,17.70058011670067,13.380419925260998,16.24500036239624,15.420000076293945,13.180000066757202,12.644999980926514,18.729999542236328
2018-06-08,17.040000915527344,17.950000762939453,17.040000915527344,17.719999313354492,1416600,0,0,0.04051665290008266,1.321401902683401,15.697499990463257,18.00838349928316,13.386616481643355,16.255000591278076,15.430000305175781,13.180000066757202,12.75,18.549999237060547
2018-06-11,17.799999237060547,18.459999084472656,17.799999237060547,18.440000534057617,1544600,0,0,0.040632124638994904,1.375093269491438,15.883000040054322,18.438876283002614,13.32712379710603,16.619999408721924,15.830499649047852,13.180000066757202,12.775000095367432,18.649999618530277
2018-06-12,18.440000534057617,18.86000061035156,18.149999618530277,18.6200008392334,1319500,0,0,0.009761404553287889,1.3885161111934472,16.075000095367432,18.841240099374662,13.308760091360204,16.915000438690186,16.160000324249268,13.15750002861023,12.775000095367432,19.040000915527344
2018-06-13,18.709999084472656,19.145000457763672,18.34000015258789,18.68000030517578,1392200,0,0,0.0032223127410371255,1.3929903443496812,16.254000091552733,19.203978650003265,13.304021533102201,17.36750030517578,16.302500247955322,13.21500015258789,12.795000076293945,18.8700008392334
2018-06-14,18.729999542236328,19.71999931335449,18.51000022888184,19.61000061035156,2205300,0,0,0.04978588276136686,1.4623415983211905,16.472000122070312,19.725243656918845,13.218756587221778,18.234999656677246,16.884999752044678,13.427500009536743,13.0,19.15999984741211
2018-06-15,19.479999542236328,19.795000076293945,19.290000915527344,19.76000022888184,1239400,0,0,0.007649138901663299,1.4735272523284295,16.7020001411438,20.19592321337854,13.20807706890906,18.272500038146973,17.047500133514404,13.43999981880188,13.012499809265137,18.940000534057617
2018-06-18,19.6200008392334,19.790000915527344,19.540000915527344,19.6299991607666,1665300,0,0,-0.006579001346630808,1.4638329145510636,16.916000080108642,20.57470651015323,13.257293650064053,18.38249969482422,17.047500133514404,13.632499933242798,13.204999923706055,22.65999984741211
2018-06-19,19.51000022888184,19.559999465942383,19.149999618530277,19.36000061035156,1366700,0,0,-0.013754384205714731,1.443698794231357,17.13400011062622,20.829864345422834,13.438135875829607,18.38249969482422,17.12249994277954,13.677500009536743,13.25,23.36000061035156
2018-06-20,19.350000381469727,19.76000022888184,19.309999465942383,19.65999984741211,1081400,0,0,0.015495827872037626,1.4660701022458345,17.379000091552733,21.062378239577455,13.695621943528012,18.417500495910645,17.12249994277954,13.801500082015991,13.374000072479248,22.040000915527344
2018-06-21,19.6299991607666,19.63999938964844,19.020000457763672,19.26000022888184,1028200,0,0,-0.020345860713876007,1.4362416441487627,17.60700011253357,21.159649652989906,14.054350572077233,18.797499656677246,17.12249994277954,13.867500066757202,13.440000057220459,21.8700008392334
2018-06-22,19.420000076293945,19.46999931335449,18.700000762939453,19.030000686645508,7417400,0,0,-0.011941824480948382,1.4190902985221094,17.82600016593933,21.152992699279004,14.499007632599655,18.97249984741211,17.12249994277954,14.000250101089478,13.5,21.13999938964844
2018-06-25,18.81999969482422,18.940000534057617,18.399999618530277,18.76000022888184,1237800,0,0,-0.014188147557616437,1.3989560359690958,18.02200016975403,21.06948328309218,14.97451705641588,19.067500114440918,17.12249994277954,14.065000057220459,13.5,21.799999237060547
2018-06-26,18.90999984741211,19.26000022888184,18.709999084472656,19.18000030517578,834500,0,0,0.022388063495187627,1.4302759525293478,18.24600019454956,20.915097672231145,15.576902716867975,19.09749984741211,17.12249994277954,14.164999723434448,13.549999713897705,22.68000030517578
2018-06-27,19.11000061035156,19.3700008392334,18.559999465942383,18.6299991607666,738200,0,0,-0.028675763068718996,1.3892616981917298,18.420500135421754,20.67442815920767,16.166572111635837,19.09749984741211,17.12249994277954,14.377500295639038,13.585000038146973,21.489999771118164
2018-06-28,18.5,19.1200008392334,17.90999984741211,19.030000686645508,1323800,0,0,0.021470828980029166,1.4190902985221094,18.60250015258789,20.381393857612473,16.823606447563307,18.850000381469727,17.12249994277954,14.515000104904175,13.585000038146973,21.75
2018-06-29,19.209999084472656,19.520000457763672,19.125999450683597,19.34000015258789,701500,0,0,0.01629003966142406,1.4422073357681766,18.720500183105468,20.35936067894671,17.081639687264225,18.835000038146973,17.147500038146973,14.515000104904175,13.585000038146973,21.450000762939453
2018-07-02,19.100000381469727,19.56999969482422,18.90999984741211,19.549999237060547,767100,0,0,0.010858277291407203,1.4578672229316492,18.82150011062622,20.40174452358554,17.241255697666904,18.835000038146973,17.177500247955322,14.552500009536743,13.585000038146973,21.32999992370605
2018-07-03,19.68000030517578,20.030000686645508,19.350000381469727,19.3799991607666,557200,0,0,-0.008695656415764974,1.4451901104612301,18.92750005722046,20.34940324760759,17.50559686683333,18.97000026702881,17.295000553131104,14.552500009536743,13.585000038146973,22.290000915527344
2018-07-05,19.290000915527344,19.489999771118164,19.040000915527344,19.059999465942383,783100,0,0,-0.016511852873143273,1.4213273439835725,18.98650007247925,20.324195052005717,17.64880509295278,18.97000026702881,17.40500020980835,14.552500009536743,13.585000038146973,22.75
2018-07-06,19.0,19.559999465942383,19.0,19.489999771118164,1089400,0,0,0.022560352425199826,1.4533929897754152,19.109500026702882,20.11227010326198,18.106729950143784,18.97000026702881,17.500000476837158,14.552500009536743,13.585000038146973,22.56999969482422
2018-07-09,19.68000030517578,19.979999542236328,19.32999992370605,19.450000762939453,1017200,0,0,-0.002052283665902599,1.4504102150823617,19.19600009918213,19.975976663794157,18.4160235345701,18.97000026702881,17.8100004196167,14.582499980926514,13.599999904632568,23.93000030517578
2018-07-10,19.489999771118164,19.63999938964844,19.209999084472656,19.34000015258789,445800,0,0,-0.005655558150987838,1.4422073357681766,19.24100008010864,19.94014881146123,18.54185134875605,18.97000026702881,18.390000343322754,15.40999960899353,14.419999599456787,23.530000686645508
2018-07-11,18.309999465942383,18.540000915527344,17.959999084472656,18.3700008392334,1078000,0,0,-0.05015508302489313,1.3698733071036138,19.228500080108642,19.979228861618562,18.47777129859872,18.97000026702881,18.390000343322754,15.610000371932983,14.62000036239624,23.700000762939453
2018-07-12,18.459999084472656,18.479999542236328,18.13999938964844,18.15999984741211,650200,0,0,-0.011431735559466194,1.3542132777068339,19.20250005722046,20.057408967225786,18.34759114721513,18.994999885559082,18.5,15.610000371932983,14.820000648498535,23.780000686645508
2018-07-13,18.190000534057617,18.48500061035156,18.11000061035156,18.459999084472656,674700,0,0,0.016519781915267817,1.3765845857213108,19.144999980926514,20.03684813259704,18.253151829255987,18.994999885559082,18.5,15.805000305175781,15.052500247955322,24.170000076293945
2018-07-16,18.479999542236328,18.81999969482422,18.46999931335449,18.729999542236328,844300,0,0,0.01462624437456106,1.3967188482743247,19.09349994659424,19.955484256824363,18.231515636364115,18.994999885559082,18.535000801086426,15.832500219345093,15.065000057220459,24.5
2018-07-17,18.649999618530277,18.96999931335449,18.489999771118164,18.549999237060547,501600,0,0,-0.009610267462627498,1.3832960065723154,19.039499950408935,19.895510547008474,18.183489353809396,18.969999313354492,18.914999961853027,15.842500448226929,15.075000286102295,25.059999465942383
2018-07-18,18.530000686645508,18.68000030517578,18.280000686645508,18.649999618530277,664700,0,0,0.005390856365640184,1.3907531566549105,19.00399990081787,19.86281488125665,18.14518492037909,18.969999313354492,18.97000026702881,16.225249528884888,15.329999446868896,24.61000061035156
2018-07-19,18.549999237060547,19.21999931335449,18.549999237060547,19.040000915527344,817800,0,0,0.020911598121941433,1.4198360277536994,18.97299995422363,19.77731939293008,18.16868051551718,18.969999313354492,18.97000026702881,16.537500381469727,15.530000209808348,25.32999992370605
2018-07-20,19.09000015258789,19.350000381469727,18.799999237060547,18.8700008392334,596700,0,0,-0.008928575006281081,1.4071589152832804,18.95349998474121,19.74778137567115,18.15921859381127,18.799999237060547,18.97000026702881,16.83500027656555,15.672500133514404,26.1200008392334
2018-07-23,18.809999465942383,19.209999084472656,18.559999465942383,19.15999984741211,546000,0,0,0.015368256241714784,1.4287844940661674,18.95999994277954,19.758843230060595,18.161156655498484,18.65499973297119,18.97000026702881,17.559999704360962,15.959999561309813,26.489999771118164
2018-07-24,19.170000076293945,19.26000022888184,18.81999969482422,18.940000534057617,663300,0,0,-0.011482218951280765,1.4123788776711048,18.96899995803833,19.762609663608316,18.175390252468347,18.730000495910645,18.97000026702881,17.66000008583069,15.997499942779541,26.75
2018-07-25,19.21999931335449,22.899999618530277,19.21999931335449,22.65999984741211,3947000,0,0,0.1964096730971705,1.6897837513238352,19.142999935150147,20.94658226144467,17.339417608855623,20.505000114440918,20.40499973297119,17.71499991416931,15.997499942779541,25.299999237060547
2018-07-26,23.43000030517578,23.479999542236328,21.84000015258789,23.36000061035156,3145300,0,0,0.03089147253544189,1.7419836596686915,19.379500007629396,21.942520729325754,16.81647928593304,20.880000114440918,20.69499969482422,17.75249981880188,15.997499942779541,24.86000061035156
2018-07-27,23.65999984741211,23.65999984741211,21.51000022888184,22.040000915527344,2550100,0,0,-0.05650683477462248,1.6435496768317006,19.530000019073487,22.337834710772135,16.72216532737484,20.97000026702881,20.78499984741211,17.770000219345093,15.997499942779541,25.209999084472656
2018-07-30,21.899999618530277,22.540000915527344,21.559999465942383,21.8700008392334,1299600,0,0,-0.007713251780047781,1.6308725643612816,19.65650005340576,22.642975621548548,16.670024485262974,20.97000026702881,20.78499984741211,17.959999799728394,15.997499942779541,25.09000015258789
2018-07-31,21.81999969482422,22.3799991607666,21.11000061035156,21.13999938964844,1081100,0,0,-0.033379123071425765,1.5764354683216546,19.736000061035156,22.79151275448174,16.680487367588572,21.104999542236328,20.78499984741211,18.047499895095825,15.997499942779541,25.21999931335449
2018-08-01,21.11000061035156,22.18000030517578,21.059999465942383,21.799999237060547,914000,0,0,0.0312204288773672,1.6256524597401498,19.857000064849853,23.037043108586992,16.676957021112713,21.109999656677246,20.78499984741211,18.09500002861023,15.997499942779541,26.850000381469727
2018-08-02,21.549999237060547,22.84000015258789,21.520000457763672,22.68000030517578,946500,0,0,0.040367022885909654,1.6912752097870158,20.038000106811523,23.423716730468872,16.652283483154175,21.109999656677246,20.78499984741211,18.109999895095825,16.09749984741211,26.040000915527344
2018-08-03,22.61000061035156,22.61000061035156,21.09000015258789,21.489999771118164,967200,0,0,-0.052469158643972724,1.6025354224940827,20.138000106811525,23.571394558065162,16.704605655557888,21.239999771118164,20.78499984741211,18.109999895095825,16.15750026702881,25.96999931335449
2018-08-06,21.46999931335449,21.790000915527344,21.190000534057617,21.75,434100,0,0,0.012098661314611459,1.6219239558155063,20.25300006866455,23.740751716930223,16.76524842039888,21.4399995803833,20.809999465942383,17.986250162124634,16.307499885559082,25.88999938964844
2018-08-07,21.899999618530277,22.24799919128418,21.229999542236328,21.450000762939453,833800,0,0,-0.013793068370599904,1.5995526478010291,20.35850009918213,23.85715177281363,16.85984842555063,22.359999656677246,20.809999465942383,17.991250038146973,16.307499885559082,25.8799991607666
2018-08-08,21.36000061035156,21.780000686645508,21.07999992370605,21.32999992370605,599500,0,0,-0.005594444520521158,1.5906040392552536,20.506500053405762,23.904048277241387,17.108951829570138,22.359999656677246,20.809999465942383,18.006250143051147,16.307499885559082,25.780000686645508
2018-08-09,21.399999618530277,22.600000381469727,21.34000015258789,22.290000915527344,1107800,0,0,0.045007079008676065,1.662192480921534,20.713000106811524,24.014631377320832,17.411368836302216,21.949999809265137,20.809999465942383,18.132500410079956,16.425000190734863,24.950000762939453
2018-08-10,22.200000762939453,23.309999465942383,22.100000381469727,22.75,1070700,0,0,0.02063701505513249,1.6964951721748398,20.92750015258789,24.17208877505846,17.68291153011732,22.184999465942383,20.809999465942383,18.18750023841858,16.425000190734863,25.489999771118164
2018-08-13,22.739999771118164,23.13500022888184,22.3799991607666,22.56999969482422,1619700,0,0,-0.007912101326407961,1.6830723304728306,21.119500160217285,24.273446578489047,17.965553741945524,22.184999465942383,20.809999465942383,18.235000371932983,16.425000190734863,25.26000022888184
2018-08-14,23.15999984741211,24.479999542236328,22.790000915527344,23.93000030517578,1614600,0,0,0.06025700614712193,1.7844892302361828,21.388500213623047,24.53761425988506,18.239386167361033,22.77999973297119,21.219999313354492,18.390000343322754,16.455000400543213,25.440000534057617
2018-08-15,23.709999084472656,23.90900039672852,22.43000030517578,23.530000686645508,1170400,0,0,-0.016715403820691033,1.754660772139111,21.63250026702881,24.64698482436917,18.61801570968845,22.77999973297119,21.219999313354492,18.68000030517578,16.47000026702881,24.770000457763672
2018-08-16,23.709999084472656,23.979999542236328,23.142000198364254,23.700000762939453,685600,0,0,0.007224822411094456,1.76733788460953,21.865500259399415,24.759101548654368,18.971898970144462,22.77999973297119,21.295000076293945,18.68000030517578,16.47000026702881,24.71999931335449
2018-08-17,23.739999771118164,23.979999542236328,23.420000076293945,23.780000686645508,489500,0,0,0.0033755240983432966,1.7733035762289446,22.11100025177002,24.76732217796064,19.454678325579398,22.77999973297119,21.295000076293945,18.74749994277954,16.47000026702881,25.06999969482422
2018-08-20,23.940000534057617,24.43000030517578,23.71999931335449,24.170000076293945,1375300,0,0,0.01640031027700739,1.8023863050944262,22.36150026321411,24.79023000128391,19.932770525144313,22.77999973297119,21.380000114440918,18.74749994277954,16.47000026702881,24.459999084472656
2018-08-21,24.239999771118164,24.799999237060547,23.8129997253418,24.5,849500,0,0,0.013653286001836573,1.8269948008036738,22.639500236511232,24.675155795616718,20.603844677405746,23.06999969482422,21.539999961853027,18.765000343322754,16.47000026702881,24.059999465942383
2018-08-22,24.3799991607666,25.1200008392334,24.21999931335449,25.059999465942383,620800,0,0,0.02285712105887283,1.8687546421395747,22.759500217437743,25.055185097170156,20.46381533770533,23.610000610351562,21.700000762939453,18.94249963760376,16.47000026702881,23.700000762939453
2018-08-23,25.0,25.13999938964844,24.3700008392334,24.61000061035156,1378000,0,0,-0.017956858147678445,1.8351976801178587,22.822000217437743,25.24559903180617,20.398401403069318,23.75999927520752,21.844999313354492,18.96999979019165,16.615500450134277,22.950000762939453
2018-08-24,24.8799991607666,25.350000381469727,24.030000686645508,25.32999992370605,766100,0,0,0.02925637121080138,1.8888889046925883,22.98650016784668,25.61567233064415,20.357328005049208,23.890000343322754,21.954999923706055,18.96999979019165,16.74500036239624,22.71999931335449
2018-08-27,25.34000015258789,26.489999771118164,25.1200008392334,26.1200008392334,1337000,0,0,0.031188350489807837,1.94780023388845,23.19900016784668,26.108151893496245,20.289848442197115,24.460000038146973,22.524999618530273,18.884999752044678,16.74500036239624,22.420000076293945
2018-08-28,26.399999618530277,26.799999237060547,25.895000457763672,26.489999771118164,1004700,0,0,0.014165349157608365,1.975391504290751,23.466500186920165,26.549757457096547,20.383242916743782,24.970999717712402,22.809999465942383,18.8125,17.040000438690186,21.309999465942383
2018-08-29,26.600000381469727,27.190000534057617,26.239999771118164,26.75,990200,0,0,0.009815033262677186,1.9947800376121747,23.71400022506714,27.012048424575905,20.415952025558372,25.30500030517578,23.204999923706055,18.850000381469727,17.165000438690186,21.0
2018-08-30,26.530000686645508,26.75,25.21999931335449,25.299999237060547,2789400,0,0,-0.054205635997736534,1.8866517169978179,23.845000171661376,27.176687494321005,20.513312849001746,25.454999923706055,24.125,20.454999923706055,18.59999990463257,20.299999237060547
2018-08-31,25.06999969482422,26.649999618530277,23.76000022888184,24.86000061035156,3275400,0,0,-0.017391250591994423,1.8538404842076923,24.013500213623047,27.18718587078188,20.839814556464212,25.475000381469727,24.125,20.78749990463257,18.964999675750732,20.049999237060547
2018-09-04,24.600000381469727,25.270000457763672,24.18000030517578,25.209999084472656,1814100,0,0,0.014078779787936035,1.8799402961468132,24.18650016784668,27.2204425296509,21.152557806042463,25.475000381469727,24.125,20.87750005722046,19.054999828338623,19.049999237060547
2018-09-05,25.31999969482422,25.400999069213867,24.149999618530277,25.09000015258789,1076900,0,0,-0.004759973670870776,1.8709918298343453,24.3685001373291,27.147317878551174,21.589682396107026,25.475000381469727,24.125,20.87750005722046,19.054999828338623,18.399999618530277
2018-09-06,25.1299991607666,25.36000061035156,24.700000762939453,25.21999931335449,649400,0,0,0.005181313669828214,1.880686025378403,24.563000106811522,26.981416361283834,22.14458385233921,25.475000381469727,24.125,20.94499969482422,19.054999828338623,18.96999931335449
2018-09-07,25.18000030517578,27.18600082397461,25.049999237060547,26.850000381469727,1419700,0,0,0.06463128915519523,2.0022371876947695,24.791000080108642,27.16827449642596,22.413725663791325,25.475000381469727,24.135000228881836,20.947499752044678,19.054999828338623,19.020000457763672
2018-09-10,26.86000061035156,27.01000022888184,25.700000762939453,26.040000915527344,1221600,0,0,-0.03016757744634513,1.9418345422690353,24.95550012588501,27.19495696259983,22.71604328917019,25.475000381469727,24.135000228881836,20.947499752044678,19.054999828338623,19.93000030517578
2018-09-11,25.920000076293945,26.43000030517578,25.75,25.96999931335449,591800,0,0,-0.0026882334758718818,1.9366144376479033,25.125500106811522,27.11442309982964,23.136577113793404,25.475000381469727,24.135000228881836,21.012499809265137,19.054999828338623,19.899999618530277
2018-09-12,26.049999237060547,26.18000030517578,25.030000686645508,25.88999938964844,915100,0,0,-0.0030804746176835707,1.9306487460284893,25.223500061035157,27.15900424566767,23.287995876402643,25.473000526428223,24.135000228881836,21.124999523162842,19.054999828338623,19.13999938964844
2018-09-13,25.76000022888184,26.099000930786133,25.31999969482422,25.8799991607666,1270800,0,0,-0.0003862583668440278,1.929903016796899,25.34099998474121,27.129189433414055,23.552810536068364,25.473000526428223,24.135000228881836,21.584999561309814,19.079999923706055,18.600000381469727
2018-09-14,25.899999618530277,25.93000030517578,25.309999465942383,25.780000686645508,952100,0,0,-0.0038639288007662476,1.9224460089476116,25.444999980926514,27.072383920593126,23.817616041259903,25.66800022125244,24.265000343322754,21.584999561309814,19.110000133514404,18.3700008392334
2018-09-17,25.63999938964844,25.763999938964844,24.549999237060547,24.950000762939453,936800,0,0,-0.032195496570952775,1.860551905058697,25.50349998474121,26.96074626024839,24.046253709234033,25.66800022125244,24.645000457763672,21.37999963760376,19.110000133514404,18.82999992370605
2018-09-18,25.170000076293945,25.799999237060547,25.01000022888184,25.489999771118164,1050900,0,0,0.021643246158966845,1.900820287931417,25.569499969482422,26.891033566264046,24.247966372700798,25.868000030517578,24.78499984741211,21.497499465942383,19.21999979019165,19.46999931335449
2018-09-19,25.520000457763672,25.690000534057617,24.899999618530277,25.26000022888184,702600,0,0,-0.009023128454356821,1.8836689423047643,25.607499980926512,26.843909757917395,24.37109020393563,25.868000030517578,24.8100004196167,21.497499465942383,19.31500005722046,19.729999542236328
2018-09-20,25.290000915527344,25.68000030517578,24.309999465942383,25.440000534057617,818800,0,0,0.007125902753158719,1.8970917840067734,25.626500034332274,26.839889620965693,24.413110447698855,25.65999984741211,24.8100004196167,21.999999523162842,20.03499984741211,18.18000030517578
2018-09-21,25.399999618530277,25.399999618530277,24.61000061035156,24.770000457763672,1877000,0,0,-0.026336480433519993,1.8471290633566875,25.63450002670288,26.82255029313176,24.446449760274003,25.369999885559082,25.166000366210938,21.999999523162842,20.614999771118164,18.350000381469727
2018-09-24,24.350000381469727,25.1299991607666,23.15999984741211,24.71999931335449,1124000,0,0,-0.0020186170159520733,1.8434004171987362,25.6039999961853,26.852217931775915,24.355782060594688,24.670000076293945,25.175000190734863,22.03749990463257,20.614999771118164,18.459999084472656
2018-09-25,24.809999465942383,25.15999984741211,24.559999465942383,25.06999969482422,1047300,0,0,0.014158591876685334,1.8695003713711644,25.551499938964845,26.79678045592295,24.30621942200674,24.62950038909912,25.175000190734863,22.03749990463257,20.72499942779541,19.21999931335449
2018-09-26,25.1200008392334,25.3700008392334,24.399999618530277,24.459999084472656,873800,0,0,-0.024331895403951642,1.8240118838773125,25.44999990463257,26.70373906295609,24.19626074630905,24.545000076293945,25.175000190734863,22.079999923706055,20.72499942779541,19.170000076293945
2018-09-27,24.5,24.72599983215332,23.96999931335449,24.059999465942383,983600,0,0,-0.016353214779316838,1.7941834257802405,25.31549987792969,26.55954929558461,24.071450460274768,24.479999542236328,25.175000190734863,22.304999828338623,20.920000076293945,19.43000030517578
2018-09-28,24.020000457763672,24.18000030517578,23.356000900268555,23.700000762939453,1116200,0,0,-0.014962539941553943,1.7673378846095296,25.235499954223634,26.667076643980096,23.803923264467173,24.479999542236328,25.175000190734863,22.655000686645508,21.460000038146973,18.93000030517578
2018-10-01,23.8700008392334,23.88999938964844,22.86000061035156,22.950000762939453,982000,0,0,-0.03164556860153367,1.7114094723400293,25.13999996185303,26.88360565916585,23.39639426454021,24.27500057220459,25.02500057220459,22.802499294281006,21.524999618530273,18.670000076293945
2018-10-02,22.90999984741211,23.100000381469727,22.280000686645508,22.71999931335449,1191000,0,0,-0.010021849321956489,1.6942579844800685,25.015499973297118,27.055253256454854,22.97574669013938,23.980000495910645,24.735000610351562,22.922500133514404,21.630000114440918,20.0
2018-10-03,22.71999931335449,22.96999931335449,22.299999237060547,22.420000076293945,1099600,0,0,-0.013204192171089035,1.6718866764655917,24.881999969482422,27.216411118405205,22.54758882055964,23.84000015258789,24.735000610351562,23.492499828338623,22.199999809265137,19.420000076293945
2018-10-04,22.399999618530277,22.399999618530277,21.1299991607666,21.309999465942383,1857300,0,0,-0.04950939369198459,1.5891125807920732,24.686499977111815,27.488569812078204,21.884430142145426,23.25,24.15999984741211,23.890499591827393,22.354999542236328,18.8700008392334
2018-10-05,21.309999465942383,21.66699981689453,20.350000381469727,21.0,1687700,0,0,-0.01454713626050641,1.5659955435460058,24.39399995803833,27.44474424249264,21.343255673584018,22.860000610351562,23.768000602722168,24.255000114440918,22.550000190734863,17.889999389648438
2018-10-08,20.729999542236328,21.17200088500977,19.76000022888184,20.299999237060547,1303800,0,0,-0.03333336966378353,1.5137956352011492,24.10699987411499,27.54429933571631,20.66970041251367,22.565000534057617,23.473000526428223,24.789999961853027,22.550000190734863,17.8700008392334
2018-10-09,20.670000076293945,20.83699989318848,19.84000015258789,20.049999237060547,1328900,0,0,-0.01231527139880817,1.4951528311113158,23.810999870300293,27.564246774489657,20.05775296611093,22.243000030517578,23.473000526428223,24.800000190734863,22.550000190734863,17.079999923706055
2018-10-10,19.940000534057617,19.989999771118164,19.040000915527344,19.049999237060547,1255200,0,0,-0.04987531361854591,1.420581614751982,23.4689998626709,27.63109401897419,19.30690570636761,21.610000610351562,23.113000869750977,24.800000190734863,22.550000190734863,17.479999542236328
2018-10-11,18.850000381469727,19.31999969482422,18.38999938964844,18.399999618530277,1950000,0,0,-0.034120716249990024,1.372110352565077,23.094999885559083,27.653212110651644,18.536787660466523,21.13999938964844,22.788000106811523,24.800000190734863,22.550000190734863,17.719999313354492
2018-10-12,19.25,19.25,18.40999984741211,18.96999931335449,1497000,0,0,0.030978244926167076,1.4146159231325675,22.75449981689453,27.475856769804533,18.033142863984526,20.744999885559082,22.788000106811523,24.800000190734863,22.550000190734863,16.09000015258789
2018-10-15,18.850000381469727,19.38999938964844,18.670000076293945,19.020000457763672,1251000,0,0,0.0026358010658431574,1.418344569290519,22.457999801635744,27.334571007854414,17.581428595417073,20.679999351501465,22.69999980926514,24.80500030517578,22.550000190734863,16.600000381469727
2018-10-16,19.459999084472656,20.0,19.350000381469727,19.93000030517578,1116800,0,0,0.0478443651688063,1.4862043647988479,22.179999828338623,26.96558679919187,17.394412857485378,20.39499950408936,22.40999984741211,24.80500030517578,22.550000190734863,16.75
2018-10-17,19.959999084472656,20.25,19.36100006103516,19.899999618530277,823600,0,0,-0.0015053028693488013,1.4839671771040774,21.911999797821046,26.5750902629211,17.24890933272099,20.028499603271484,22.28499984741211,24.80500030517578,22.550000190734863,16.920000076293945
2018-10-18,19.649999618530277,19.88999938964844,18.850000381469727,19.13999938964844,849700,0,0,-0.038190967007564525,1.427293035602987,21.596999740600587,26.11144089220823,17.082558588992946,19.781000137329105,22.244500160217285,24.80400037765503,22.574999809265137,17.829999923706055
2018-10-19,19.21999931335449,19.43000030517578,18.57999992370605,18.600000381469727,754900,0,0,-0.028213115224589025,1.3870246527302663,21.288499736785887,25.735494122765964,16.84150535080581,19.61349964141846,22.15999984741211,24.80400037765503,22.574999809265137,17.06999969482422
2018-10-22,18.709999084472656,18.96999931335449,18.049999237060547,18.3700008392334,1239900,0,0,-0.01236556653329246,1.3698733071036133,20.970999813079835,25.296445105612506,16.645554520547165,19.149999618530273,21.924999237060547,24.966500282287598,22.574999809265137,17.829999923706055
2018-10-23,17.770000457763672,19.3700008392334,17.709999084472656,18.82999992370605,1274300,0,0,0.02504077645387026,1.4041759983569189,20.658999824523924,24.639640935069448,16.6783587139784,18.979999542236328,21.7549991607666,25.156500339508057,22.574999809265137,18.209999084472656
2018-10-24,18.81999969482422,19.93000030517578,18.81999969482422,19.46999931335449,2830100,0,0,0.033988284240124234,1.451901531312234,20.409499835968017,24.00928660942771,16.809713062508322,18.979999542236328,21.699999809265137,25.326499938964844,22.574999809265137,14.520000457763672
2018-10-25,19.61000061035156,20.209999084472656,19.270000457763672,19.729999542236328,1547900,0,0,0.013353889987222756,1.471290064633658,20.192999839782715,23.381709862015235,17.004289817550195,18.979999542236328,21.69499969482422,25.33900022506714,22.574999809265137,15.140000343322754
2018-10-26,19.100000381469727,19.559999465942383,18.020000457763672,18.18000030517578,1082200,0,0,-0.07856053081716696,1.3557047361700139,19.91699981689453,22.779236325831793,17.05476330795727,18.979999542236328,21.554999351501465,25.235000133514404,22.574999809265137,15.079999923706056
2018-10-29,18.459999084472656,18.84000015258789,18.059999465942383,18.350000381469727,837200,0,0,0.0093509391331279,1.3683818486404329,19.686999797821045,22.258963032718242,17.115036562923848,18.979999542236328,21.539999961853027,25.26800012588501,22.574999809265137,15.520000457763672
2018-10-30,18.270000457763672,18.600000381469727,18.0,18.459999084472656,705500,0,0,0.0059944796030635406,1.3765845857213104,19.473999786376954,21.682161075389278,17.26583849736463,18.959999084472656,21.539999961853027,24.922500133514404,22.65000057220459,15.550000190734863
2018-10-31,18.82999992370605,19.61000061035156,18.549999237060547,19.21999931335449,1341900,0,0,0.04117011194876463,1.4332587272224004,19.313999748229982,21.054894322724742,17.57310517373522,18.959999084472656,21.539999961853027,24.902250289916992,22.65000057220459,15.920000076293944
2018-11-01,19.280000686645508,19.350000381469727,18.770000457763672,19.170000076293945,514900,0,0,-0.0026014172136730185,1.429530223297757,19.20699977874756,20.684525856930037,17.72947370056508,18.959999084472656,21.21799945831299,24.860000133514404,22.735000610351562,15.449999809265137
2018-11-02,19.280000686645508,19.72599983215332,19.270000457763672,19.43000030517578,481000,0,0,0.013562870518887271,1.4489187566191803,19.12849979400635,20.360656610250622,17.896342977762075,18.959999084472656,20.94499969482422,24.827499866485596,22.735000610351562,15.710000038146973
2018-11-05,19.43000030517578,19.649999618530277,18.479999542236328,18.93000030517578,404500,0,0,-0.0257334015515589,1.4116331484395135,19.059999847412108,20.16892527806152,17.951074416762697,19.104999542236328,20.799999237060547,24.827499866485596,22.735000610351562,15.640000343322754
2018-11-06,18.8700008392334,19.40999984741211,18.559999465942383,18.670000076293945,471500,0,0,-0.013734824336518736,1.3922446151180898,18.99099988937378,20.012298316138118,17.96970146260944,19.104999542236328,20.40499973297119,24.65000057220459,22.869999885559082,15.270000457763672
2018-11-07,18.920000076293945,20.06999969482422,18.888999938964844,20.0,715200,0,0,0.07123727467975804,1.4914243271866712,19.038499927520753,20.15163431408751,17.925365540953997,19.03499984741211,20.339999198913574,24.357500553131104,22.875,14.520000457763672
2018-11-08,20.0,20.459999084472656,19.399999618530277,19.420000076293945,777700,0,0,-0.02899999618530269,1.4481730273875901,19.089499950408936,20.173726979787624,18.005272921030247,19.229999542236328,20.054999351501465,24.287500381469727,22.875,14.6899995803833
2018-11-09,19.170000076293945,19.290000915527344,18.1200008392334,18.8700008392334,620900,0,0,-0.028321278831091923,1.4071589152832797,19.08450002670288,20.17183680666755,17.99716324673821,19.229999542236328,19.688499450683594,23.704999923706055,23.005000114440918,14.489999771118164
2018-11-12,18.86000061035156,18.878999710083008,17.68000030517578,17.889999389648438,730500,0,0,-0.05193436173820398,1.334079015153819,19.02799997329712,20.23507978805635,17.82092015853789,19.06999969482422,19.426000595092773,23.314000606536865,23.204999923706055,14.350000381469728
2018-11-13,18.010000228881836,18.26499938964844,17.69499969482422,17.8700008392334,519700,0,0,-0.0011178619953788882,1.3325876989239462,18.925,20.15819392360397,17.69180607639603,19.06999969482422,19.25850009918213,23.01900053024292,23.475000381469727,13.31999969482422
2018-11-14,18.1200008392334,18.190000534057617,16.790000915527344,17.079999923706055,1210500,0,0,-0.04420821927399721,1.273676369728085,18.78400001525879,20.175554740789824,17.392445289727757,18.625,18.625,22.8580002784729,23.475000381469727,13.4399995803833
2018-11-15,17.020000457763672,17.549999237060547,17.020000457763672,17.479999542236328,577800,0,0,0.023419181517389642,1.3035048278251569,18.701000022888184,20.193229483803616,17.208770561972752,18.625,18.625,22.36150074005127,23.11500072479248,14.109999656677246
2018-11-16,17.459999084472656,17.82900047302246,17.139999389648438,17.719999313354492,777000,0,0,0.013729964382336535,1.3214019026834,18.65699996948242,20.20988019473348,17.10411974423136,18.625,18.625,21.96399974822998,22.789999961853027,14.880000114440918
2018-11-19,17.530000686645508,17.700000762939453,16.030000686645508,16.09000015258789,969300,0,0,-0.09198641218559023,1.1998508826003416,18.542999935150146,20.459912805676954,16.626087064623338,18.244999885559082,18.244999885559082,21.766499996185303,22.789999961853027,14.609999656677246
2018-11-20,15.529999732971191,16.700000762939453,15.279999732971191,16.600000381469727,1497800,0,0,0.03169671995309509,1.2378822200115986,18.43149995803833,20.522179915941265,16.340820000135395,17.869999408721924,17.869999408721924,21.6899995803833,22.789999961853027,14.850000381469728
2018-11-21,16.899999618530273,17.197999954223633,16.510000228881836,16.75,666700,0,0,0.009036121390558316,1.2490678740188372,18.295499992370605,20.45183260542681,16.1391673793144,17.285000324249268,17.869999408721924,21.402499675750732,22.789999961853027,15.0
2018-11-23,16.469999313354492,17.010000228881836,16.469999313354492,16.920000076293945,272200,0,0,0.01014925828620572,1.2617449864892563,18.155000019073487,20.284888320113435,16.02511171803354,17.0794997215271,17.869999408721924,21.156749725341797,22.789999961853027,14.34000015258789
2018-11-26,17.25,17.9689998626709,17.09000015258789,17.829999923706055,788600,0,0,0.053782496649458,1.3296047819975851,18.1375,20.272076226340715,16.002923773659283,16.772499561309814,17.869999408721924,21.012750148773193,22.789999961853027,14.800000190734863
2018-11-27,17.68000030517578,17.799999237060547,16.979999542236328,17.06999969482422,897000,0,0,-0.04262480269959901,1.2729306404964946,18.073499965667725,20.255501007271715,15.891498924063736,16.735000133514404,17.869999408721924,20.886749744415283,22.789999961853027,15.460000038146973
2018-11-28,17.25,17.8799991607666,17.06999969482422,17.829999923706055,675700,0,0,0.04452256839303148,1.3296047819975851,18.042000007629394,20.21890170461006,15.865098310648728,16.624499797821045,17.869999408721924,20.53749942779541,22.619999885559082,15.43000030517578
2018-11-29,17.979999542236328,18.799999237060547,17.670000076293945,18.209999084472656,1423800,0,0,0.02131234786273728,1.3579417816314767,17.991499996185304,20.101883867819033,15.881116124551577,17.03999948501587,17.869999408721924,20.367499351501465,22.449999809265137,15.40999984741211
2018-11-30,15.989999771118164,16.0,14.239999771118164,14.520000457763672,6269800,0,0,-0.20263584910640553,1.0827740956735172,17.75900001525879,20.287035318478097,15.230964712039478,16.519999504089355,17.34999942779541,20.339999675750732,22.449999809265137,16.059999465942383
2018-12-03,15.020000457763672,15.229999542236328,14.260000228881836,15.140000343322754,1712900,0,0,0.04269971529013117,1.1290082412823057,17.544500017166136,20.195385643512935,14.893614390819337,16.519999504089355,17.34999942779541,20.337499618530273,22.449999809265137,15.81999969482422
2018-12-04,15.050000190734863,15.369999885559082,14.850000381469728,15.079999923706056,1211500,0,0,-0.003963039514933708,1.124533937009418,17.35199999809265,20.12999788046722,14.574002115718084,16.519999504089355,17.34999942779541,20.267499446868896,22.449999809265137,15.289999961853027
2018-12-06,15.0,15.81999969482422,14.729999542236328,15.520000457763672,1038100,0,0,0.02917775439547099,1.157345312032851,17.19450001716614,20.013068022513927,14.375932011818348,16.519999504089355,17.34999942779541,20.259999752044678,22.449999809265137,14.920000076293944
2018-12-07,15.869999885559082,16.0,15.357999801635742,15.550000190734863,869200,0,0,0.001932972428243973,1.159582428610968,16.97200002670288,19.560345224514673,14.383654828891085,16.519999504089355,17.34999942779541,20.249999523162842,22.449999809265137,14.520000457763672
2018-12-10,15.40999984741211,16.2549991607666,15.40999984741211,15.920000076293944,768600,0,0,0.023794204567247235,1.1871737701299228,16.797000026702882,19.160851115878163,14.433148937527601,16.519999504089355,17.34999942779541,20.249999523162842,22.449999809265137,14.5
2018-12-11,16.18000030517578,16.18000030517578,15.170000076293944,15.449999809265137,533200,0,0,-0.029522629697010583,1.152125278528373,16.62599997520447,18.854794851788185,14.397205098620752,16.519999504089355,17.34999942779541,20.088999271392822,22.449999809265137,14.739999771118164
2018-12-12,15.65999984741211,16.1200008392334,15.65999984741211,15.710000038146973,486500,0,0,0.016828493986512427,1.1715138118497967,16.517000007629395,18.700138487295938,14.333861527962855,16.519999504089355,17.34999942779541,19.952499389648438,22.449999809265137,14.279999732971191
2018-12-13,15.65999984741211,15.979999542236328,15.350000381469728,15.640000343322754,562400,0,0,-0.004455741225604437,1.1662938494619726,16.405499982833863,18.527103042029623,14.283896923638103,15.247499465942383,17.34999942779541,19.952499389648438,22.449999809265137,14.029999732971191
2018-12-14,15.380000114440918,15.90999984741211,15.210000038146973,15.270000457763672,383500,0,0,-0.023657281166048483,1.1387025079430177,16.315000009536742,18.468320382910402,14.161679636163083,15.257499694824219,17.34999942779541,19.75499963760376,22.449999809265137,14.050000190734863
2018-12-17,15.039999961853027,15.199999809265137,14.420000076293944,14.520000457763672,675100,0,0,-0.04911591208359656,1.0827740956735177,16.16700005531311,18.3862919121605,13.947708198465717,15.337499618530273,17.34999942779541,19.687499523162842,22.449999809265137,14.84000015258789
2018-12-18,14.65999984741211,14.970000267028809,14.43000030517578,14.6899995803833,751700,0,0,0.01170792818596178,1.095451137027283,16.01550006866455,18.203166143021285,13.827833994307817,15.337499618530273,16.765000343322754,19.642499446868896,22.449999809265137,14.960000038146973
2018-12-19,14.6899995803833,15.0600004196167,14.260000228881836,14.489999771118164,546300,0,0,-0.013614691285097957,1.080536907978747,15.935500049591065,18.222289469508553,13.648710629673575,15.257499694824219,16.559499740600586,19.45924949645996,22.449999809265137,14.34000015258789
2018-12-20,14.350000381469728,14.779999732971191,13.949999809265137,14.350000381469728,1045200,0,0,-0.009661793779147332,1.0700969832030989,15.823000049591064,18.188843128791724,13.457156970390404,15.10249948501587,16.374999523162842,19.248000144958496,22.433000564575195,15.260000228881836
2018-12-21,14.119999885559082,14.210000038146973,12.899999618530272,13.31999969482422,1743000,0,0,-0.07177704942611407,0.9932885791489945,15.651500034332276,18.214944685395754,13.088055383268799,14.539999961853027,15.84999942779541,19.164249897003174,22.433000564575195,15.59000015258789
2018-12-24,13.270000457763672,13.739999771118164,13.253999710083008,13.4399995803833,234900,0,0,0.009009000623754426,1.0022371165781159,15.477500009536744,18.14439560609155,12.810604412981938,14.510000228881836,15.84999942779541,18.625,21.988000869750977,15.84000015258789
2018-12-26,13.619999885559082,14.119999885559082,13.479999542236328,14.109999656677246,483600,0,0,0.049851197709251505,1.0521998372282018,15.291499996185303,17.78781142898204,12.795188563388566,14.4399995803833,15.84999942779541,18.625,21.988000869750977,16.729999542236328
2018-12-27,14.0600004196167,14.880000114440918,13.885000228881836,14.880000114440918,1055100,0,0,0.05457125985111455,1.1096197079608825,15.182000017166137,17.543733330933783,12.820266703398492,14.404999732971191,15.84999942779541,18.625,21.988000869750977,17.309999465942383
2018-12-28,15.0,15.0,14.539999961853027,14.609999656677246,524700,0,0,-0.01814519191445696,1.0894854454078686,15.021000003814697,17.05111953870931,12.990880468920082,14.049999713897705,15.84999942779541,18.244999885559082,21.60800075531006,17.200000762939453
2018-12-31,14.720000267028809,14.890000343322754,14.18000030517578,14.850000381469728,1766000,0,0,0.0164271547181587,1.1073825913827657,14.853000068664551,16.251912626796333,13.45408751053277,13.980000019073486,15.84999942779541,17.869999408721924,21.144999980926514,17.40999984741211
2019-01-02,14.510000228881836,15.15999984741211,14.210000038146973,15.0,1062700,0,0,0.010100984153336823,1.118568245390004,14.877000045776366,16.26860907819451,13.485391013358225,14.029999732971191,15.84999942779541,17.577499866485596,20.855000019073486,17.65999984741211
2019-01-03,14.68000030517578,14.800000190734863,14.260000228881836,14.34000015258789,642700,0,0,-0.043999989827473995,1.0693512539715084,14.837000036239624,16.242142559493907,13.43185751298534,14.029999732971191,15.84999942779541,17.47474956512451,20.730000019073486,18.09000015258789
2019-01-04,14.619999885559082,14.963000297546388,14.442999839782717,14.800000190734863,539400,0,0,0.03207810552665569,1.103654016341468,14.823000049591064,16.223703676107625,13.422296423074503,14.029999732971191,15.84999942779541,17.32124948501587,20.689500331878662,18.25
2019-01-07,14.859999656677246,15.539999961853027,14.81999969482422,15.460000038146973,694000,0,0,0.04459458370988978,1.1528710077599638,14.82000002861023,16.214901778288827,13.425098278931632,14.396999835968018,15.84999942779541,17.302499771118164,20.605000019073486,18.209999084472656
2019-01-08,15.550000190734863,15.619999885559082,15.199999809265137,15.43000030517578,647700,0,0,-0.0019404743141765435,1.1506338911818468,14.814000034332276,16.19714618283095,13.430853885833603,14.549999713897705,15.84999942779541,17.247249603271484,20.53999948501587,18.100000381469727
2019-01-09,15.510000228881836,15.56999969482422,15.109999656677246,15.40999984741211,502400,0,0,-0.0012962059214581823,1.1491424327186663,14.788500022888183,16.105678530485868,13.4713215152905,14.752500057220459,14.577499389648438,17.454999446868896,20.53999948501587,18.0
2019-01-10,15.4399995803833,16.260000228881836,15.43000030517578,16.059999465942383,836900,0,0,0.04218037799912322,1.1976136949055718,14.819000005722046,16.22242614729093,13.415573864153163,15.220000267028809,14.579999923706055,16.934999465942383,19.96500015258789,18.25
2019-01-11,15.989999771118164,16.010000228881836,15.529999732971191,15.81999969482422,459700,0,0,-0.01494394639471297,1.1797166200473288,14.824499988555909,16.24279549609483,13.406204481016987,15.220000267028809,14.579999923706055,16.934999465942383,19.960000038146973,19.1299991607666
2019-01-14,15.670000076293944,15.670000076293944,15.25,15.289999961853027,400600,0,0,-0.03350188010083155,1.140193895289545,14.806999969482423,16.192522239579358,13.421477699385486,15.235000133514404,14.579999923706055,16.934999465942383,19.81999969482422,18.13999938964844
2019-01-15,14.520000457763672,15.390000343322754,13.970000267028809,14.920000076293944,1110100,0,0,-0.024198815335657042,1.1126025537705897,14.789499950408935,16.15978169635574,13.41921820446213,15.115000247955322,14.579999923706055,16.934999465942383,19.80500030517578,18.51000022888184
2019-01-16,14.880000114440918,15.039999961853027,14.5,14.520000457763672,760700,0,0,-0.026809625769762757,1.082774095673518,14.789499950408935,16.15978169635574,13.41921820446213,15.115000247955322,14.579999923706055,16.934999465942383,19.80500030517578,18.18000030517578
2019-01-17,14.420000076293944,14.899999618530272,14.329999923706056,14.5,525600,0,0,-0.001377441951317393,1.0812826372103375,14.77999997138977,16.15559108658107,13.404408856198474,15.115000247955322,14.579999923706055,16.934999465942383,19.80500030517578,17.8700008392334
2019-01-18,14.56999969482422,14.84000015258789,14.5,14.739999771118164,609800,0,0,0.016551708352976924,1.0991797120685807,14.79249997138977,16.161783879957536,13.423216062822002,15.115000247955322,14.579999923706055,16.934999465942383,19.482999801635742,18.5
2019-01-22,14.6899995803833,14.729999542236328,13.95699977874756,14.279999732971191,810400,0,0,-0.03120760144435719,1.064876949698621,14.788999938964844,16.163192565210935,13.414807312718755,15.108500003814697,14.579999923706055,16.934999465942383,19.210000038146973,18.57999992370605
2019-01-23,14.350000381469728,14.479999542236328,13.880000114440918,14.029999732971191,498300,0,0,-0.017507003128492626,1.0462341456087876,14.824499940872192,16.07488772926527,13.574112152479115,15.070000171661377,14.579999923706055,16.298749446868896,19.0649995803833,19.270000457763672
2019-01-24,14.0,14.1899995803833,13.770000457763672,14.050000190734863,368300,0,0,0.0014255494044430606,1.0477256040719682,14.85499997138977,15.99228888967321,13.71771105310633,14.890000343322754,14.579999923706055,16.303749561309814,18.670000076293945,18.81999969482422
2019-01-25,14.550000190734863,14.93000030517578,14.300000190734863,14.84000015258789,539800,0,0,0.0562277545287142,1.1066368621511757,14.891499996185303,15.975872589851484,13.807127402519122,14.720000267028809,14.579999923706055,16.343749523162842,18.604999542236328,19.68000030517578
2019-01-28,14.710000038146973,15.050000190734863,14.505000114440918,14.960000038146973,538400,0,0,0.008086245574475681,1.1155853995802973,14.895499992370606,15.98026780489936,13.810732179841853,14.580000400543213,14.579999923706055,16.051249980926514,18.31999969482422,20.3700008392334
2019-01-29,14.960000038146973,15.020000457763672,14.324999809265137,14.34000015258789,472900,0,0,-0.04144384251190669,1.069351253971509,14.882000017166138,15.987393756164895,13.776606278167382,14.410000324249268,14.579999923706055,15.908499717712402,17.953499794006348,22.43000030517578
2019-01-30,14.65999984741211,15.279999732971191,14.5,15.260000228881836,593900,0,0,0.06415621105331137,1.1379567787114284,14.902500009536743,16.020032359300753,13.784967659772732,14.525000095367432,14.579999923706055,15.738749504089355,17.56100034713745,22.479999542236328
2019-01-31,15.260000228881836,15.970000267028809,15.260000228881836,15.59000015258789,613000,0,0,0.021625158503043806,1.1625652744206763,14.932000017166137,16.089153221388436,13.77484681294384,14.87000036239624,14.756999969482422,15.194999694824219,16.868499755859375,23.059999465942383
2019-02-01,15.539999961853027,15.850000381469728,15.40999984741211,15.84000015258789,524100,0,0,0.0160359203048821,1.1812080785105097,15.007000017166138,16.195316100925567,13.81868393340671,14.87000036239624,14.869999885559082,15.179999828338623,16.679999351501465,22.1200008392334
2019-02-04,15.890000343322754,16.809999465942383,15.869999885559082,16.729999542236328,1087800,0,0,0.05618682961332122,1.2475764155556583,15.10349998474121,16.505648401488955,13.701351567993466,15.289999961853027,15.289999961853027,15.144999504089355,16.679999351501465,22.459999084472656
2019-02-05,16.8799991607666,17.350000381469727,16.809999465942383,17.309999465942383,1123300,0,0,0.034668256997963054,1.2908277153547394,15.195999956130981,16.89603276718234,13.495967145079621,15.5600004196167,15.5600004196167,15.1274995803833,16.679999351501465,22.790000915527344
2019-02-06,17.309999465942383,17.40999984741211,16.68000030517578,17.200000762939453,845300,0,0,-0.006354633529559228,1.282624978273862,15.284499979019165,17.19744672879544,13.371553229242888,15.855000019073486,15.59000015258789,14.949999570846558,16.679999351501465,22.65999984741211
2019-02-07,16.979999542236328,17.43000030517578,16.780000686645508,17.40999984741211,1107600,0,0,0.012209248555682395,1.2982848654373342,15.384499979019164,17.51268800568196,13.256311952356372,15.877500057220459,15.600000381469727,14.914999723434448,16.679999351501465,23.0
2019-02-08,17.299999237060547,17.742000579833984,17.23200035095215,17.65999984741211,724300,0,0,0.014359563595123248,1.3169276695271677,15.464499998092652,17.800728122625202,13.128271873560104,16.03350019454956,15.756000518798828,14.9399995803833,16.679999351501465,22.040000915527344
2019-02-11,17.790000915527344,18.530000686645508,17.709999084472656,18.09000015258789,832200,0,0,0.024348828363030428,1.3489933153190103,15.578000020980834,18.180702234702757,12.975297807258913,16.515000343322754,16.15000057220459,14.9399995803833,16.679999351501465,22.1299991607666
2019-02-12,18.459999084472656,18.479999542236328,18.0,18.25,735500,0,0,0.00884465705154902,1.3609246985578392,15.726000022888183,18.574203306437564,12.877796739338802,16.895000457763672,16.15000057220459,14.9399995803833,16.679999351501465,22.1200008392334
2019-02-13,18.350000381469727,18.48500061035156,17.940000534057617,18.209999084472656,357300,0,0,-0.0021918309877996256,1.3579417816314783,15.89049997329712,18.910275856254763,12.870724090339474,16.97000026702881,16.15000057220459,15.123499631881714,16.679999351501465,20.8799991607666
2019-02-14,18.1299991607666,18.31999969482422,18.040000915527344,18.100000381469727,695200,0,0,-0.006040566091885413,1.3497390445506008,16.069499969482422,19.16736702770495,12.971632911259892,17.200000286102295,16.15000057220459,15.199999570846558,16.679999351501465,21.13999938964844
2019-02-15,18.190000534057617,18.200000762939453,17.825000762939453,18.0,556100,0,0,-0.005524882837687928,1.342281894468006,16.244499969482423,19.363539196709468,13.125460742255376,17.605000495910645,16.15000057220459,14.664999723434448,16.679999351501465,21.170000076293945
2019-02-19,18.0,18.36000061035156,17.920000076293945,18.25,474900,0,0,0.01388888888888884,1.3609246985578394,16.419999980926512,19.575852967590507,13.26414699426252,17.605000495910645,16.15000057220459,14.900000095367432,16.679999351501465,21.170000076293945
2019-02-20,18.239999771118164,19.26000022888184,18.239999771118164,19.1299991607666,1254500,0,0,0.04821913209680018,1.4265473063713978,16.662499952316285,19.868831145666615,13.456168758965955,18.020000457763672,16.515000343322754,14.900000095367432,16.679999351501465,21.440000534057617
2019-02-21,19.13999938964844,19.21999931335449,17.985000610351562,18.13999938964844,889600,0,0,-0.051751166468869236,1.3527218192436545,16.867999935150145,19.892894214101368,13.84310565619892,18.246000289916992,16.515000343322754,14.90750002861023,16.679999351501465,21.86000061035156
2019-02-22,18.25,18.649999618530277,18.21999931335449,18.51000022888184,527100,0,0,0.020396959850204732,1.3803132318792632,17.090999937057497,19.899632446490564,14.282367427624427,18.484999656677246,16.515000343322754,14.847500085830688,16.679999351501465,21.59000015258789
2019-02-25,18.65999984741211,18.790000915527344,18.15999984741211,18.18000030517578,570500,0,0,-0.017828196630227278,1.3557047361700152,17.25799994468689,19.902035903950267,14.613963985423513,18.542500495910645,16.515000343322754,14.847500085830688,16.679999351501465,22.01000022888184
2019-02-26,18.21999931335449,18.299999237060547,17.68000030517578,17.8700008392334,1277000,0,0,-0.017051675508175212,1.3325876989239478,17.40349998474121,19.835232752483684,14.971767216998735,18.47000026702881,16.515000343322754,14.847500085830688,16.679999351501465,21.979999542236328
2019-02-27,17.8700008392334,18.5,17.65999984741211,18.5,607400,0,0,0.03525456805706728,1.3795675026476728,17.611499977111816,19.632369622425138,15.590630331798494,18.460000038146973,16.515000343322754,14.847500085830688,16.679999351501465,21.84000015258789
2019-02-28,18.36000061035156,18.68000030517578,18.170000076293945,18.57999992370605,821100,0,0,0.004324320200327136,1.385533194267087,17.777499961853028,19.522240228998683,16.032759694707373,18.460000038146973,16.515000343322754,14.844249963760376,16.679999351501465,21.71999931335449
2019-03-01,18.61000061035156,19.34499931335449,18.61000061035156,19.270000457763672,1352200,0,0,0.03713673503180459,1.4369873733803535,17.961499977111817,19.50749244500961,16.415507509214024,18.5024995803833,16.557499885559082,14.825000047683716,16.679999351501465,21.56999969482422
2019-03-04,19.34000015258789,19.5,18.36000061035156,18.81999969482422,1372700,0,0,-0.02335240022052787,1.4034302691253304,18.110499954223634,19.351196537248285,16.869803371198984,18.579999923706055,16.90000009536743,14.735000133514404,16.679999351501465,21.5
2019-03-05,18.84000015258789,19.739999771118164,18.825000762939453,19.68000030517578,1386300,0,0,0.04569610118474521,1.4675615607090158,18.257999992370607,19.508632234354035,17.00736775038718,18.699999809265137,17.03249979019165,14.650000095367432,16.679999351501465,21.84000015258789
2019-03-06,19.6200008392334,20.489999771118164,19.61000061035156,20.3700008392334,2877900,0,0,0.03506100220314279,1.5190157398222823,18.411000061035157,19.890725349166654,16.93127477290366,19.074999809265137,17.40749979019165,14.580000162124634,16.09500026702881,21.63999938964844
2019-03-07,20.3700008392334,23.173999786376957,20.0,22.43000030517578,5366700,0,0,0.1011290810540737,1.6726324056971837,18.67250003814697,20.882112346837665,16.462887729456277,20.41699981689453,18.836999893188477,14.495000123977661,15.88949966430664,21.57999992370605
2019-03-08,21.65999984741211,22.729999542236328,21.65999984741211,22.479999542236328,1726800,0,0,0.0022291233339399863,1.6763609096218275,18.926000022888182,21.615126985742208,16.236873060034156,20.41699981689453,19.217000007629395,14.552500009536743,15.84999942779541,21.350000381469727
2019-03-11,22.709999084472656,23.280000686645508,22.649999618530277,23.059999465942383,1216300,0,0,0.025800708875297174,1.7196122094209085,19.196000003814696,22.36900479538487,16.02299521224452,20.47000026702881,19.34500026702881,14.813500165939331,15.84999942779541,21.5
2019-03-12,23.01000022888184,23.059999465942383,21.78700065612793,22.1200008392334,1596100,0,0,-0.04076316775710598,1.6495153684511163,19.397500038146973,22.77168478725106,16.023315289042884,20.725000381469727,19.575000286102295,14.870000123977661,15.84999942779541,21.100000381469727
2019-03-13,22.299999237060547,23.03499984741211,22.1200008392334,22.459999084472656,1179900,0,0,0.015370625331813548,1.6748694511586468,19.607999992370605,23.190739466992436,16.025260517748773,20.820000648498535,19.980000495910645,15.289999961853027,15.84999942779541,20.290000915527344
2019-03-14,22.3700008392334,23.059999465942383,22.280000686645508,22.790000915527344,1459900,0,0,0.0146928693012649,1.699478089101202,19.83700008392334,23.615358968503635,16.058641199343043,20.820000648498535,19.980000495910645,15.5600004196167,15.84999942779541,20.1200008392334
2019-03-15,22.63999938964844,22.84000015258789,22.350000381469727,22.65999984741211,1569200,0,0,-0.005704302891302748,1.6897837513238363,20.06500005722046,23.94663091562681,16.18336919881411,21.05250072479248,20.030000686645508,15.722500085830688,15.84999942779541,20.540000915527344
2019-03-18,22.5,23.31999969482422,22.239999771118164,23.0,2408500,0,0,0.015004419897501453,1.7151379762646743,20.31500005722046,24.276545888541836,16.353454225899082,21.46500015258789,20.276000022888184,15.738750219345093,15.84999942779541,20.399999618530277
2019-03-19,22.350000381469727,22.61899948120117,21.850000381469727,22.040000915527344,5275400,0,0,-0.04173909062924597,1.6435496768317015,20.504500102996825,24.414498953086174,16.594501252907477,21.65999984741211,20.489999771118164,15.894750356674194,15.84999942779541,20.6200008392334
2019-03-20,22.18000030517578,22.51000022888184,21.90999984741211,22.1299991607666,1515600,0,0,0.004083404786787259,1.6502609554493988,20.654500102996828,24.57232517249293,16.736675033500724,22.489999771118164,20.489999771118164,16.332500457763672,15.84999942779541,20.71999931335449
2019-03-21,22.0,22.200000762939453,21.6200008392334,22.1200008392334,1674300,0,0,-0.000451799453789814,1.6495153684511161,20.853500175476075,24.640988745243618,17.066011605708532,22.47000026702881,20.489999771118164,16.52250051498413,15.84999942779541,21.450000762939453
2019-03-22,21.979999542236328,22.040000915527344,20.3700008392334,20.8799991607666,1648000,0,0,-0.05605793993766284,1.5570469350002316,20.972000122070312,24.602152297855188,17.341847946285437,21.84500026702881,20.489999771118164,16.5600004196167,15.84999942779541,21.90999984741211
2019-03-25,20.75,21.18000030517578,20.559999465942383,21.13999938964844,839800,0,0,0.012452118741957507,1.5764354683216555,21.120000076293945,24.513967686157926,17.726032466429963,21.84500026702881,20.489999771118164,16.675000429153442,15.84999942779541,21.75
2019-03-26,21.239999771118164,21.76000022888184,21.020000457763672,21.170000076293945,911900,0,0,0.0014191432124730508,1.578672656016426,21.285000038146972,24.33029217189437,18.239707904399573,21.84500026702881,20.489999771118164,16.877500534057617,15.71500015258789,21.6299991607666
2019-03-27,21.049999237060547,21.61000061035156,20.520000457763672,21.170000076293945,1075200,0,0,0.0,1.578672656016426,21.41850004196167,24.18186422522199,18.655135858701353,21.84500026702881,20.489999771118164,16.877500534057617,15.71500015258789,22.07999992370605
2019-03-28,21.239999771118164,21.57999992370605,21.059999465942383,21.440000534057617,741500,0,0,0.01275391860135211,1.5988069185694398,21.561500072479248,23.995535042267424,19.127465102691072,21.84500026702881,20.489999771118164,17.267500400543213,16.079999923706055,22.3700008392334
2019-03-29,21.63999938964844,21.8799991607666,21.34000015258789,21.86000061035156,1844900,0,0,0.019589555309327933,1.630126835129692,21.691000080108644,23.884863227425864,19.497136932791424,21.494500160217285,20.489999771118164,17.380500316619873,16.079999923706055,21.350000381469727
2019-04-01,22.07999992370605,22.31999969482422,21.459999084472656,21.59000015258789,904100,0,0,-0.012351347219808018,1.6099925725766784,21.829500102996825,23.58191367914996,20.07708652684369,21.440000534057617,20.489999771118164,17.5,16.079999923706055,20.959999084472656
2019-04-02,21.6200008392334,22.07999992370605,21.239999771118164,22.01000022888184,1055800,0,0,0.01945345406788279,1.6413124891369313,21.94600009918213,23.391154557029633,20.500845641334625,21.34500026702881,20.489999771118164,17.5287504196167,16.079999923706055,20.729999542236328
2019-04-03,22.100000381469727,22.31999969482422,21.8799991607666,21.979999542236328,632700,0,0,-0.001363047993345523,1.6390753014421602,22.026500034332276,23.275622732605115,20.777377336059438,21.34500026702881,20.489999771118164,17.49250030517578,16.079999923706055,21.030000686645508
2019-04-04,21.979999542236328,22.18400001525879,21.489999771118164,21.84000015258789,572900,0,0,-0.006369399115746854,1.628635376666512,21.99700002670288,23.234296286417486,20.759703766988277,21.420000076293945,20.744999885559082,17.487500190734863,16.079999923706055,20.65999984741211
2019-04-05,21.93000030517578,22.0,21.450000762939453,21.71999931335449,613100,0,0,-0.005494543882554992,1.6196867681207363,21.959000015258788,23.181050828160846,20.73694920235673,21.420000076293945,20.84000015258789,17.487500190734863,16.079999923706055,20.799999237060547
2019-04-08,21.540000915527344,21.76499938964844,21.299999237060547,21.56999969482422,495400,0,0,-0.006906060003328052,1.608501114113498,21.88450002670288,23.005421825854913,20.76357822755085,21.420000076293945,20.84000015258789,17.52999973297119,16.12249946594238,21.15999984741211
2019-04-09,21.43000030517578,21.690000534057617,21.3799991607666,21.5,501100,0,0,-0.003245233927426261,1.603281151725674,21.853499984741212,22.981000662329468,20.725999307152957,21.6899995803833,21.072500228881836,17.740000009536743,16.199999809265137,21.450000762939453
2019-04-10,21.46999931335449,22.059999465942383,21.46999931335449,21.84000015258789,667000,0,0,0.015813960585483233,1.628635376666512,21.822500038146973,22.914761429780082,20.730238646513865,21.77999973297119,21.46500015258789,17.866249799728394,16.31999969482422,21.290000915527344
2019-04-11,21.799999237060547,21.96999931335449,21.31999969482422,21.63999938964844,377800,0,0,-0.009157544026653808,1.6137210765013226,21.76499996185303,22.76356808193913,20.766431841766927,21.77999973297119,21.65999984741211,18.241249799728394,16.69499969482422,21.200000762939453
2019-04-12,21.76000022888184,21.88999938964844,21.38500022888184,21.57999992370605,466100,0,0,-0.0027726186522487595,1.6092468433450882,21.710999965667725,22.622212211999003,20.799787719336447,21.77999973297119,21.84500026702881,19.626999855041504,18.036999702453613,21.290000915527344
2019-04-15,21.5,21.850000381469727,21.020000457763672,21.350000381469727,945600,0,0,-0.01065799550738944,1.5920954977184356,21.62849998474121,22.330776374622918,20.926223594859504,21.670000076293945,21.84500026702881,19.816999912261963,18.036999702453613,21.190000534057617
2019-04-16,21.399999618530277,21.729999542236328,21.350000381469727,21.5,684200,0,0,0.0070257431311553376,1.6032811517256742,21.601499938964842,22.27925022057077,20.923749657358915,21.60200023651123,21.84500026702881,19.90750026702881,18.267000198364258,20.059999465942383
2019-04-17,21.6200008392334,21.63999938964844,21.049999237060547,21.100000381469727,784900,0,0,-0.01860463342001273,1.5734526936286022,21.55,22.215580585893008,20.884419414106993,21.539999961853027,21.84500026702881,20.15000033378601,18.380000114440918,20.31999969482422
2019-04-18,21.0,21.049999237060547,20.209999084472656,20.290000915527344,961100,0,0,-0.03838859958759688,1.513050048202868,21.4585000038147,22.273635508637977,20.64336449899142,21.13499927520752,21.764999389648438,20.40000057220459,18.52500057220459,20.51000022888184
2019-04-22,19.850000381469727,20.25,19.799999237060547,20.1200008392334,755500,0,0,-0.00837851496417874,1.500372935732449,21.420500087738038,22.39680942581627,20.444190749659807,20.929999351501465,21.559999465942383,20.40000057220459,18.52500057220459,19.520000457763672
2019-04-23,20.25,20.65999984741211,20.209999084472656,20.540000915527344,545600,0,0,0.020874754412284036,1.5316928522927014,21.390500164031984,22.43471534542406,20.346284982639908,20.929999351501465,21.559999465942383,20.541250705718994,18.52500057220459,19.1200008392334
2019-04-24,20.540000915527344,20.604999542236328,19.989999771118164,20.399999618530277,488100,0,0,-0.006816031682414958,1.5212527852837459,21.352000141143797,22.48024092225949,20.223759360028104,20.88499927520752,21.20949935913086,20.870500087738037,18.545000076293945,18.36000061035156
2019-04-25,20.3700008392334,20.729999542236328,20.239999771118164,20.6200008392334,548400,0,0,0.010784373765540867,1.5376585439121158,21.324500179290773,22.49561485765382,20.153385500927726,20.844999313354492,21.15499973297119,21.074999809265137,18.545000076293945,17.81999969482422
2019-04-26,20.6299991607666,20.850000381469727,20.520000457763672,20.71999931335449,350100,0,0,0.004849586326438171,1.5451155517614028,21.288500118255616,22.487439602111955,20.089560634399277,20.824999809265137,21.059999465942383,21.489999771118164,18.545000076293945,18.46999931335449
2019-04-29,20.700000762939453,21.683000564575195,20.700000762939453,21.450000762939453,787900,0,0,0.03523173135987823,1.5995526478010307,21.26800012588501,22.440600829679735,20.095399422090285,20.764999389648438,21.059999465942383,21.480000019073486,18.545000076293945,18.299999237060547
2019-04-30,21.489999771118164,21.979999542236328,21.459999084472656,21.90999984741211,792900,0,0,0.021445178000526033,1.6338553390543364,21.28400011062622,22.482469357407112,20.085530863845328,20.889999389648438,21.059999465942383,21.167500019073486,18.545000076293945,18.270000457763672
2019-05-01,22.020000457763672,22.07900047302246,21.670000076293945,21.75,746100,0,0,-0.0073025946383568074,1.6219239558155076,21.271000099182128,22.442743465541515,20.09925673282274,20.939499855041504,21.059999465942383,21.167500019073486,18.545000076293945,18.440000534057617
2019-05-02,21.63999938964844,22.13999938964844,21.420000076293945,21.6299991607666,506600,0,0,-0.0055172799647539295,1.6129753472697324,21.253500080108644,22.391992812437497,20.11500734777979,20.969999313354492,21.059999465942383,21.167500019073486,18.545000076293945,19.06999969482422
2019-05-03,21.780000686645508,22.1299991607666,21.6299991607666,22.07999992370605,1259400,0,0,0.02080447435965138,1.6465324515247552,21.26550006866455,22.433468313885854,20.097531823443248,21.0649995803833,21.059999465942383,21.167500019073486,18.545000076293945,19.799999237060547
2019-05-06,21.520000457763672,22.600000381469727,21.299999237060547,22.3700008392334,1004700,0,0,0.013134099480498262,1.66815817254095,21.298000144958497,22.548906910189572,20.04709337972742,21.295000076293945,21.199999809265137,21.167500019073486,18.545000076293945,20.1299991607666
2019-05-07,22.420000076293945,22.47100067138672,21.149999618530277,21.350000381469727,495500,0,0,-0.04559680015633949,1.5920954977184358,21.28700017929077,22.53193649438029,20.042063864201253,21.420000076293945,21.199999809265137,20.992249965667725,18.545000076293945,20.5
2019-05-08,21.280000686645508,21.59000015258789,20.93000030517578,20.959999084472656,569500,0,0,-0.018267039345608804,1.5630126266196465,21.260000133514403,22.50874568018087,20.011254586847937,21.5600004196167,21.199999809265137,20.96500015258789,18.545000076293945,20.450000762939453
2019-05-09,20.75,20.76000022888184,20.11599922180176,20.729999542236328,532700,0,0,-0.010973261082187435,1.5458612809929935,21.204500102996825,22.443728956177377,19.965271249816272,21.357999801635742,21.199999809265137,20.917500019073486,18.545000076293945,20.56999969482422
2019-05-10,20.530000686645508,21.170000076293945,20.375,21.030000686645508,600800,0,0,0.014471835553973023,1.5682327312407782,21.17400016784668,22.398637228256646,19.94936310743671,21.357999801635742,21.199999809265137,20.917500019073486,18.545000076293945,20.3799991607666
2019-05-13,20.51000022888184,20.81999969482422,20.280000686645508,20.65999984741211,901300,0,0,-0.017593952788996226,1.5406413186051693,21.12800016403198,22.357336945623747,19.898663382440215,21.357999801635742,21.199999809265137,21.082499980926514,18.545000076293945,20.600000381469727
2019-05-14,20.65999984741211,20.989999771118164,20.496999740600582,20.799999237060547,548600,0,0,0.006776349984628505,1.5510812433808174,21.100500106811523,22.333382316840023,19.867617896783024,21.357999801635742,21.199999809265137,21.130000114440918,18.545000076293945,20.36000061035156
2019-05-15,20.6200008392334,21.40999984741211,20.5,21.15999984741211,343600,0,0,0.017307722286360905,1.577926926784836,21.083500099182128,22.30303944227394,19.863960756090318,21.357999801635742,21.199999809265137,21.130000114440918,18.545000076293945,20.07999992370605
2019-05-16,21.170000076293945,21.790000915527344,21.15999984741211,21.450000762939453,410700,0,0,0.013705147335471901,1.5995526478010305,21.101000118255616,22.331098240991764,19.870901995519468,21.357999801635742,21.199999809265137,21.38124990463257,18.80999994277954,19.709999084472656
2019-05-17,21.26000022888184,21.65999984741211,21.239999771118164,21.290000915527344,538700,0,0,-0.007459200080242034,1.5876212645622017,21.151000118255617,22.32457175545682,19.977428481054414,21.29349994659424,21.199999809265137,21.62249994277954,18.822499752044678,19.350000381469727
2019-05-20,21.07999992370605,21.44499969482422,20.559999465942383,21.200000762939453,388000,0,0,-0.004227343763158364,1.580909843711197,21.205000114440917,22.27786774110959,20.132132487772246,20.95300006866455,21.199999809265137,21.71999979019165,18.822499752044678,18.96999931335449
2019-05-21,21.530000686645508,21.729999542236328,21.270000457763672,21.290000915527344,452900,0,0,0.004245290063631613,1.5876212645622017,21.24250011444092,22.27080269019892,20.214197538682917,20.95300006866455,21.199999809265137,21.8125,18.90999984741211,19.6200008392334
2019-05-22,21.21999931335449,21.399999618530277,20.9950008392334,21.190000534057617,352800,0,0,-0.004697058580058311,1.5801641144796068,21.282000160217287,22.234963226097726,20.329037094336847,21.035000801086426,21.199999809265137,21.757500171661377,19.289999961853027,20.09000015258789
2019-05-23,20.899999618530277,20.98500061035156,19.979999542236328,20.059999465942383,479000,0,0,-0.05332709011965531,1.4958985603429076,21.254000091552733,22.311490879030305,20.19650930407516,20.885000228881836,21.199999809265137,21.72350025177002,19.364999771118164,20.540000915527344
2019-05-24,20.15999984741211,20.6200008392334,20.100000381469727,20.31999969482422,692000,0,0,0.01296112840497643,1.5152870936643315,21.23400011062622,22.345483306018945,20.122516915233494,20.885000228881836,21.199999809265137,21.692500114440918,19.59499979019165,20.36000061035156
2019-05-28,20.350000381469727,20.600000381469727,20.184999465942383,20.51000022888184,1310100,0,0,0.009350420123579894,1.5294556645979314,21.18700008392334,22.33722248781654,20.03677768003014,20.885000228881836,21.199999809265137,21.44999933242798,20.0,20.459999084472656
2019-05-29,20.399999618530277,20.520000457763672,19.40999984741211,19.520000457763672,1005900,0,0,-0.04826912530815419,1.4556301774701876,21.067500114440918,22.37953551921093,19.755464709670907,20.600000381469727,21.005000114440918,21.244999408721924,20.0,20.190000534057617
2019-05-30,19.59000015258789,19.739999771118164,19.006999969482425,19.1200008392334,1559300,0,0,-0.02049178325562906,1.4258017193731156,20.93600015640259,22.460527774956745,19.411472537848432,20.368499755859375,20.803500175476074,21.244999408721924,20.050000190734863,20.270000457763672
2019-05-31,19.059999465942383,19.100000381469727,17.0,18.36000061035156,2066800,0,0,-0.039748964201003156,1.3691275778720249,20.772500228881835,22.632711802477857,18.912288655285813,19.364999771118164,19.800000190734863,21.04724931716919,20.276000022888184,20.940000534057617
2019-06-03,18.36000061035156,18.950000762939453,17.735000610351562,17.81999969482422,1382900,0,0,-0.029411813593452796,1.3288590527659974,20.559500217437744,22.726020092239878,18.39298034263561,19.364999771118164,19.800000190734863,20.999999523162842,20.489999771118164,20.649999618530277
2019-06-04,17.969999313354492,18.520000457763672,17.520000457763672,18.46999931335449,1353800,0,0,0.03647584902703782,1.3773303149529024,20.3645001411438,22.54625306662392,18.18274721566368,19.199999809265137,19.800000190734863,20.94249963760376,20.489999771118164,20.670000076293945
2019-06-05,18.530000686645508,18.709999084472656,17.3799991607666,18.299999237060547,1801300,0,0,-0.009204119253595544,1.3646532024824836,20.21200008392334,22.520982215888253,17.903017951958425,18.99250030517578,19.800000190734863,20.91249942779541,20.489999771118164,20.65999984741211
2019-06-06,18.149999618530277,18.399999618530277,17.639999389648438,18.270000457763672,755800,0,0,-0.0016392776255488295,1.3624161570210205,20.07750015258789,22.508065866485993,17.64693443868979,18.8100004196167,19.800000190734863,20.97499942779541,20.489999771118164,21.07999992370605
2019-06-07,18.36000061035156,18.58300018310547,18.149999618530277,18.440000534057617,685600,0,0,0.009304875316612504,1.3750932694914395,19.963000202178954,22.475111513270825,17.450888891087082,18.800000190734863,19.800000190734863,20.999749660491943,20.489999771118164,20.549999237060547
2019-06-10,18.65999984741211,19.209999084472656,18.5,19.06999969482422,1359600,0,0,0.03416481250111847,1.4220730732151645,19.86500015258789,22.355564731549315,17.374435573626464,18.760000228881836,19.800000190734863,21.014999389648438,20.489999771118164,21.020000457763672
2019-06-11,19.229999542236328,19.874000549316406,19.190000534057617,19.799999237060547,1383700,0,0,0.03827999758355838,1.4765100270214844,19.822000122070314,22.285432791176838,17.35856745296379,18.437000274658203,19.800000190734863,21.062499523162842,20.489999771118164,21.020000457763672
2019-06-12,19.75,20.229999542236328,19.673999786376957,20.1299991607666,1548900,0,0,0.016666663455641828,1.501118522730732,19.788500118255616,22.21538126643984,17.36161897007139,18.614999771118164,19.73550033569336,21.24749994277954,20.489999771118164,20.59000015258789
2019-06-13,20.149999618530277,20.549999237060547,19.979999542236328,20.5,826200,0,0,0.018380569034226912,1.528709935366341,19.75550012588501,22.123491361989384,17.387508889780637,18.964999198913574,19.395000457763672,21.30999994277954,20.489999771118164,20.59000015258789
2019-06-14,20.459999084472656,20.6299991607666,20.309999465942383,20.450000762939453,714600,0,0,-0.002438987173685181,1.5249814314416974,19.70550012588501,21.966969141887642,17.444031109882378,19.0049991607666,19.395000457763672,21.380000114440918,20.489999771118164,20.51000022888184
2019-06-17,20.459999084472656,20.871000289916992,20.36000061035156,20.56999969482422,675500,0,0,0.005867918210655132,1.533929897754165,19.669500064849853,21.849519337610214,17.48948079208949,19.125499725341797,19.395000457763672,21.27899980545044,20.489999771118164,20.979999542236328
2019-06-18,20.68000030517578,21.049999237060547,20.315000534057617,20.3799991607666,570400,0,0,-0.009236778652234268,1.5197613268205656,19.62849998474121,21.71994405057329,17.537055918909132,19.344999313354492,19.395000457763672,21.27899980545044,20.489999771118164,21.350000381469727
2019-06-19,20.489999771118164,20.63999938964844,20.15999984741211,20.600000381469727,677300,0,0,0.010794957299441243,1.5361670854489358,19.59399995803833,21.594498124248688,17.593501791827975,19.59999942779541,19.395000457763672,21.27899980545044,20.744999885559082,22.34000015258789
2019-06-20,20.850000381469727,20.940000534057617,20.309999465942383,20.36000061035156,716800,0,0,-0.011650474110381781,1.5182700105906923,19.552499961853027,21.449509174427327,17.655490749278727,19.774999618530273,19.395000457763672,21.27899980545044,20.84000015258789,21.059999465942383
2019-06-21,20.149999618530277,20.38999938964844,19.56999969482422,20.07999992370605,2420500,0,0,-0.013752489108627475,1.497390018806088,19.553499984741208,21.45161097316027,17.655388996322145,20.119999885559082,19.395000457763672,21.27899980545044,20.84000015258789,21.350000381469727
2019-06-24,20.100000381469727,20.31999969482422,19.684999465942383,19.709999084472656,769900,0,0,-0.018426336685219757,1.4697986061704795,19.52299995422363,21.38987565313641,17.656124255310846,20.309999465942383,19.364999771118164,21.27899980545044,21.072500228881836,20.809999465942383
2019-06-25,19.690000534057617,19.71999931335449,19.190000534057617,19.350000381469727,824300,0,0,-0.018264775227033514,1.4429530649997686,19.464999961853025,21.276271902462057,17.653728021243992,20.119999885559082,19.364999771118164,21.246749877929688,21.46500015258789,20.350000381469727
2019-06-26,19.3700008392334,19.75,18.96999931335449,18.96999931335449,506500,0,0,-0.01963829770665748,1.4146159231325692,19.437499904632567,21.261390769167047,17.613609040098087,20.00999927520752,19.364999771118164,21.076499938964844,21.559999465942383,20.530000686645508
2019-06-27,19.020000457763672,19.649999618530277,18.950000762939453,19.6200008392334,553400,0,0,0.03426471003724929,1.4630873275527825,19.462499904632566,21.28195117268127,17.64304863658386,20.0,19.199999809265137,21.076499938964844,21.559999465942383,19.690000534057617
2019-06-28,19.770000457763672,20.149999618530277,19.770000457763672,20.09000015258789,2080200,0,0,0.02395511178647114,1.4981357480376787,19.548999881744383,21.31365210430093,17.784347659187834,20.0,19.024999618530273,21.11750030517578,21.559999465942383,19.51000022888184
2019-07-01,20.299999237060547,20.799999237060547,20.200000762939453,20.540000915527344,748300,0,0,0.02239924138982574,1.5316928522927018,19.684999942779537,21.307755836630882,18.062244048928193,19.945000648498535,19.024999618530273,21.042500019073486,21.559999465942383,19.71999931335449
2019-07-02,20.51000022888184,20.59000015258789,20.229999542236328,20.36000061035156,492900,0,0,-0.00876340297724687,1.518270010590692,19.77950000762939,21.3257438068554,18.233256208403382,19.945000648498535,19.024999618530273,21.042500019073486,21.559999465942383,20.51000022888184
2019-07-03,20.46999931335449,20.6299991607666,20.261999130249023,20.459999084472656,359000,0,0,0.004911516263425675,1.5257270184399798,19.887499999999996,21.299858218220734,18.475141781779257,19.875,19.024999618530273,21.042500019073486,21.559999465942383,20.88999938964844
2019-07-05,20.350000381469727,20.3799991607666,19.8700008392334,20.190000534057617,363800,0,0,-0.013196410679213733,1.5055928981202735,19.983500003814694,21.18641336370824,18.780586643921147,19.875,19.024999618530273,20.802500247955322,21.364999771118164,20.11000061035156
2019-07-08,20.149999618530277,20.3700008392334,20.0,20.270000457763672,411300,0,0,0.003962353719164424,1.511558589739688,20.074999999999996,21.048676975772572,19.10132302422742,19.875,19.024999618530273,20.585999965667725,21.16349983215332,20.450000762939453
2019-07-09,20.1200008392334,20.98500061035156,20.100000381469727,20.940000534057617,463200,0,0,0.03305377706774193,1.561521310389774,20.168500041961668,21.09573348692849,19.241266596994844,19.967500686645508,19.214999198913574,19.582499980926514,19.809499740600586,19.229999542236328
2019-07-10,20.989999771118164,21.13999938964844,20.600000381469727,20.649999618530277,515800,0,0,-0.013849136013901808,1.53989558937358,20.211000061035154,21.14474406060494,19.27725606146537,20.045000076293945,19.25999927520752,19.582499980926514,19.800000190734863,19.190000534057617
2019-07-11,20.690000534057617,21.01000022888184,20.26000022888184,20.670000076293945,469200,0,0,0.0009685451880454554,1.5413870478367602,20.23800010681152,21.192044556993345,19.283955656629693,20.454999923706055,19.25999927520752,19.5,19.800000190734863,19.3700008392334
2019-07-12,20.65999984741211,20.729999542236328,20.190000534057617,20.65999984741211,326500,0,0,-0.00048380400797898293,1.54064131860517,20.246000099182126,21.211437613442104,19.280562584922148,20.505000114440918,19.389999389648438,19.396250247955322,19.800000190734863,18.93000030517578
2019-07-15,20.690000534057617,21.200000762939453,20.670000076293945,21.07999992370605,510700,0,0,0.02032914227473004,1.5719612351654222,20.277500057220458,21.307197500652794,19.24780261378812,20.535000801086426,19.675000190734863,19.30500030517578,19.800000190734863,18.489999771118164
2019-07-16,21.020000457763672,21.200000762939453,20.549999237060547,20.549999237060547,498300,0,0,-0.025142347654825148,1.5324384392909849,20.276500034332273,21.305085467085632,19.247914601578913,20.535000801086426,19.850000381469727,19.300000190734863,19.800000190734863,18.57999992370605
2019-07-17,20.549999237060547,21.170000076293945,20.549999237060547,21.020000457763672,692400,0,0,0.022871106479435355,1.5674870020091887,20.308500099182126,21.387133572161382,19.22986662620287,20.535000801086426,20.075000762939453,19.28000020980835,19.800000190734863,19.040000915527344
2019-07-18,20.979999542236328,21.43000030517578,20.93000030517578,21.020000457763672,759600,0,0,0.0,1.5674870020091887,20.329500102996825,21.446120568868814,19.212879637124836,20.71500015258789,20.190000534057617,19.118500232696533,19.800000190734863,18.549999237060547
2019-07-19,21.1299991607666,21.165000915527344,20.57999992370605,20.59000015258789,388100,0,0,-0.020456721970096958,1.535421356217346,20.341000080108643,21.46342558597313,19.218574574244155,20.765000343322754,20.190000534057617,19.17525005340576,19.800000190734863,18.18000030517578
2019-07-22,20.75,20.799999237060547,20.402999877929688,20.59000015258789,542100,0,0,0.0,1.535421356217346,20.366500091552734,21.48720171596557,19.2457984671399,20.8100004196167,20.190000534057617,19.179999828338623,19.800000190734863,18.149999618530277
2019-07-23,20.71999931335449,20.799999237060547,20.229999542236328,20.51000022888184,451200,0,0,-0.003885377518853317,1.5294556645979318,20.406500148773194,21.486557198149335,19.326443099397054,20.8100004196167,20.190000534057617,19.199999809265137,19.800000190734863,17.65999984741211
2019-07-24,20.489999771118164,21.06999969482422,20.43000030517578,20.979999542236328,446700,0,0,0.02291561716769963,1.5645040850828276,20.488000106811523,21.478192817827203,19.497807395795842,20.8100004196167,20.190000534057617,19.260250091552734,19.800000190734863,18.34000015258789
2019-07-25,20.84000015258789,21.520000457763672,20.75,21.350000381469727,716200,0,0,0.017635884047019434,1.5920954977184365,20.607000160217286,21.386450401102845,19.827549919331727,20.875,20.235000610351562,19.369999885559082,19.800000190734863,15.770000457763672
2019-07-26,21.479999542236328,22.600000381469727,21.350000381469727,22.34000015258789,964500,0,0,0.04637001187022993,1.66592098484618,20.74300012588501,21.71409010944959,19.771910142320433,21.414999961853027,20.77500057220459,19.49749994277954,19.800000190734863,16.440000534057617
2019-07-29,22.440000534057617,22.649999618530277,20.88999938964844,21.059999465942383,720700,0,0,-0.057296359798691854,1.5704697767022422,20.791500091552734,21.722953845127222,19.860046337978247,21.4399995803833,20.800000190734863,19.585000038146973,19.800000190734863,16.399999618530273
2019-07-30,20.809999465942383,21.38999938964844,20.670000076293945,21.350000381469727,599600,0,0,0.013770224258377928,1.5920954977184367,20.832000064849854,21.786595206156868,19.87740492354284,21.4399995803833,20.800000190734863,19.757500171661377,19.800000190734863,16.979999542236328
2019-07-31,21.36000061035156,21.549999237060547,20.700000762939453,20.809999465942383,553400,0,0,-0.02529278247676403,1.551826972612409,20.854500007629394,21.78415484424599,19.924845171012798,21.4399995803833,20.800000190734863,19.837499618530273,19.800000190734863,16.989999771118164
2019-08-01,20.799999237060547,21.34000015258789,20.280000686645508,20.350000381469727,519500,0,0,-0.022104713900905626,1.5175242813591032,20.84900007247925,21.78928199138145,19.90871815357705,21.4399995803833,20.800000190734863,19.742499828338623,19.800000190734863,16.15999984741211
2019-08-02,20.26000022888184,20.59000015258789,19.57999992370605,20.530000686645508,592900,0,0,0.008845223675754132,1.5309471230611125,20.86600008010864,21.769177488371618,19.962822671845665,21.114999771118164,20.800000190734863,19.687499523162842,19.800000190734863,16.610000610351562
2019-08-05,20.020000457763672,20.020000457763672,19.3799991607666,19.690000534057617,861700,0,0,-0.04091573913751978,1.4683072899406076,20.83700008392334,21.847015298343877,19.8269848695028,21.014999389648438,21.014999389648438,19.59999990463257,19.800000190734863,17.309999465942383
2019-08-06,19.649999618530277,19.989999771118164,19.280000686645508,19.51000022888184,843400,0,0,-0.009141711543604769,1.4548844482385985,20.76550006866455,21.928837528237047,19.602162609092055,20.96500015258789,20.96500015258789,19.512499809265137,19.800000190734863,17.739999771118164
2019-08-07,19.25,19.850000381469727,19.06999969482422,19.71999931335449,517500,0,0,0.010763663865148265,1.4705443354020704,20.71900005340576,21.969168319697374,19.468831787114148,20.859999656677246,20.859999656677246,19.485000133514404,19.800000190734863,17.5
2019-08-08,19.899999618530277,20.540000915527344,19.850000381469727,20.51000022888184,352600,0,0,0.04006089974822458,1.5294556645979323,20.711000061035158,21.964398744258776,19.45760137781154,20.859999656677246,20.859999656677246,19.485000133514404,19.800000190734863,17.719999313354492
2019-08-09,20.479999542236328,21.0,20.30500030517578,20.88999938964844,379800,0,0,0.018527506412773898,1.5577926642318238,20.722500038146972,21.97805803170193,19.466942044592013,20.309999465942383,20.859999656677246,19.449999809265137,19.800000190734863,17.920000076293945
2019-08-12,20.739999771118164,20.979999542236328,20.100000381469727,20.11000061035156,236900,0,0,-0.037338382100833956,1.4996272065008598,20.67400007247925,21.945583858940935,19.402416286017562,20.309999465942383,20.859999656677246,19.449999809265137,19.800000190734863,17.530000686645508
2019-08-13,20.1299991607666,20.690000534057617,20.1299991607666,20.450000762939453,464000,0,0,0.016907018511619576,1.5249814314416983,20.669000148773193,21.94330793090113,19.394692366645256,20.204999923706055,20.859999656677246,19.449999809265137,19.800000190734863,17.68000030517578
2019-08-14,19.979999542236328,20.07999992370605,19.18000030517578,19.229999542236328,818200,0,0,-0.059657759177890846,1.4340044564539942,20.579500102996825,21.988484445955425,19.170515760038224,20.03499984741211,20.859999656677246,19.59124994277954,19.800000190734863,17.799999237060547
2019-08-15,19.309999465942383,19.420000076293945,18.81999969482422,19.190000534057617,552700,0,0,-0.0020800316760725135,1.4310216817609407,20.488000106811523,22.005404915347096,18.97059529827595,19.90999984741211,20.734999656677246,19.652499675750732,19.800000190734863,16.979999542236328
2019-08-16,19.32999992370605,19.6200008392334,19.229999542236328,19.3700008392334,344400,0,0,0.009379900998768731,1.44444452346295,20.4270001411438,22.020137923220776,18.833862359066824,19.90999984741211,20.734999656677246,19.857499599456787,19.800000190734863,16.56999969482422
2019-08-19,19.709999084472656,19.711000442504883,18.84000015258789,18.93000030517578,643300,0,0,-0.022715566081257355,1.411633148439517,20.344000148773194,22.0638741820011,18.624126115545288,19.90999984741211,20.734999656677246,19.947499752044678,19.800000190734863,16.6299991607666
2019-08-20,18.920000076293945,19.0,18.43000030517578,18.489999771118164,522200,0,0,-0.023243556627799644,1.378821773416084,20.24300012588501,22.141982440863615,18.344017810906408,19.71500015258789,20.539999961853027,20.105000495910645,19.800000190734863,16.309999465942383
2019-08-21,18.729999542236328,18.979999542236328,18.5,18.57999992370605,474100,0,0,0.00486750425646143,1.3855331942670883,20.123000144958496,22.122312396437028,18.123687893479964,19.71500015258789,20.539999961853027,20.192500591278076,19.800000190734863,15.84000015258789
2019-08-22,18.530000686645508,19.11000061035156,18.32999992370605,19.040000915527344,531500,0,0,0.02475785757320592,1.4198360277537019,20.007500171661377,21.976268207766175,18.03873213555658,19.65499973297119,20.489999771118164,20.30500078201294,19.800000190734863,15.890000343322754
2019-08-23,18.989999771118164,19.540000915527344,18.489999771118164,18.549999237060547,666300,0,0,-0.025735381034944993,1.3832960065723177,19.81800012588501,21.567378228413553,18.06862202335647,19.510000228881836,20.489999771118164,20.452500343322754,19.800000190734863,15.479999542236328
2019-08-26,18.75,18.770000457763672,18.020000457763672,18.18000030517578,610100,0,0,-0.019946034884225528,1.3557047361700163,19.67400016784668,21.464828199676575,17.883172136016782,19.050000190734863,20.335000038146973,20.477500438690186,19.73550033569336,15.279999732971191
2019-08-27,18.3799991607666,18.51000022888184,17.790000915527344,18.149999618530277,686600,0,0,-0.0016502027580804768,1.3534675484752459,19.514000129699706,21.247551171188608,17.780449088210805,18.750500679016113,20.22000026702881,20.500000476837158,19.395000457763672,15.6899995803833
2019-08-28,18.0,18.11000061035156,17.40999984741211,17.65999984741211,614600,0,0,-0.026997233135911514,1.316927669527169,19.356500148773193,21.162123858880303,17.550876438666084,18.560500144958496,20.02999973297119,20.500000476837158,19.395000457763672,15.850000381469728
2019-08-29,17.959999084472656,18.440000534057617,17.309999465942383,18.34000015258789,1675200,0,0,0.038505113876058594,1.367636119408845,19.256000137329103,21.052880993947603,17.459119280710603,18.510499954223633,19.979999542236328,20.500000476837158,19.395000457763672,16.010000228881836
2019-08-30,16.739999771118164,16.940000534057617,15.600000381469728,15.770000457763672,4601500,0,0,-0.14013084369912476,1.1759881161226866,19.01800012588501,21.282641571315803,16.753358680454216,17.570000648498535,19.125000000000004,20.55500030517578,19.395000457763672,15.260000228881836
2019-09-03,15.609999656677246,16.5,15.5,16.440000534057617,2136800,0,0,0.04248573600795935,1.2259508367727725,18.85550012588501,21.360351761985818,16.3506484897842,17.520000457763672,19.074999809265137,21.09500026702881,19.800000190734863,15.489999771118164
2019-09-04,16.600000381469727,16.940000534057617,16.219999313354492,16.399999618530273,1613200,0,0,-0.0024331456343007485,1.2229679198464114,18.700000095367432,21.403514067874916,15.996486122859949,17.520000457763672,18.524999618530273,21.119999885559082,19.824999809265137,14.949999809265137
2019-09-05,16.969999313354492,17.25,16.74799919128418,16.979999542236328,1793100,0,0,0.03536584982908875,1.2662192196454927,18.563000106811522,21.323596065185786,15.802404148437258,17.520000457763672,18.524999618530273,21.119999885559082,19.824999809265137,15.300000190734863
2019-09-06,16.979999542236328,17.1299991607666,16.530000686645508,16.989999771118164,946100,0,0,0.00058894164613843,1.2669649488770829,18.38700008392334,21.075763983781744,15.698236184064935,17.135000228881836,18.420000076293945,21.119999885559082,19.824999809265137,15.5
2019-09-09,16.989999771118164,17.065000534057617,16.040000915527344,16.15999984741211,1347000,0,0,-0.04885226220644201,1.2050708449881682,18.150500106811524,20.74652008184518,15.55448013177787,17.005000114440918,18.25,21.119999885559082,19.824999809265137,15.420000076293944
2019-09-10,16.149999618530273,16.709999084472656,16.0,16.610000610351562,1213800,0,0,0.027846582128001618,1.2386279492431915,17.975500106811523,20.489255680114304,15.461744533508742,16.97000026702881,18.25,20.957499980926514,19.824999809265137,15.34000015258789
2019-09-11,16.639999389648438,17.385000228881836,16.5,17.309999465942383,923400,0,0,0.04214321672899701,1.2908277153547405,17.81850004196167,20.070344257124724,15.566655826798618,16.97000026702881,18.25,21.014999389648438,19.824999809265137,15.4399995803833
2019-09-12,17.34000015258789,17.950000762939453,17.280000686645508,17.739999771118164,1034300,0,0,0.02484115068991266,1.3228933611465834,17.744000053405763,19.89963823283574,15.588361873975785,16.725000381469727,18.25,20.96500015258789,19.824999809265137,14.399999618530272
2019-09-13,17.770000457763672,17.850000381469727,17.479999542236328,17.5,705400,0,0,-0.013528735863283292,1.3049962862883402,17.65950002670288,19.710640769251334,15.608359284154425,16.725000381469727,18.25,20.859999656677246,19.824999809265137,14.43000030517578
2019-09-16,17.25,17.871000289916992,17.229999542236328,17.719999313354492,453600,0,0,0.012571389334542493,1.321401902683403,17.576999950408936,19.471419835950137,15.682580064867734,16.975000381469727,18.25,20.859999656677246,19.824999809265137,14.56999969482422
2019-09-17,17.65999984741211,17.940000534057617,17.530000686645508,17.920000076293945,403200,0,0,0.011286725208207171,1.3363162028485926,17.526499938964843,19.324324003346927,15.72867587458276,16.975000381469727,18.239999771118164,20.584999561309814,19.824999809265137,14.600000381469728
2019-09-18,17.90999984741211,17.940000534057617,17.350000381469727,17.530000686645508,703400,0,0,-0.02176335870468893,1.3072334739831108,17.478499984741212,19.220670477987657,15.736329491494768,16.975000381469727,18.09500026702881,20.584999561309814,19.824999809265137,15.34000015258789
2019-09-19,17.670000076293945,17.979999542236328,17.56999969482422,17.68000030517578,648700,0,0,0.008556737744143117,1.3184191279903494,17.433500003814697,19.103787948542422,15.763212059086971,16.989999771118164,17.789999961853027,20.53249979019165,19.824999809265137,15.899999618530272
2019-09-20,17.700000762939453,17.989999771118164,17.530000686645508,17.799999237060547,1036400,0,0,0.006787269785828887,1.3273675943028171,17.371499919891356,18.881352943337454,15.861646896445256,16.994999885559082,17.60550022125244,20.447499752044678,20.014999389648438,16.100000381469727
2019-09-23,17.68000030517578,17.690000534057617,16.760000228881836,16.979999542236328,1010600,0,0,-0.046067400560160454,1.2662192196454927,17.292999935150146,18.708949939147978,15.877049931152312,17.244999885559082,17.60550022125244,20.322499752044678,20.014999389648438,16.030000686645508
2019-09-24,16.959999084472656,17.100000381469727,16.420000076293945,16.56999969482422,752500,0,0,-0.02414604584601243,1.2356450323168304,17.21249990463257,18.600060157783886,15.82493965148125,17.204999923706055,17.60550022125244,20.322499752044678,20.014999389648438,16.229999542236328
2019-09-25,16.56999969482422,16.729999542236328,16.18000030517578,16.6299991607666,649600,0,0,0.003620969646796368,1.2401192654730644,17.136499881744385,18.47547910403954,15.797520659449228,17.085000038146973,17.520000457763672,20.322499752044678,20.144999504089355,16.459999084472656
2019-09-26,16.530000686645508,16.56999969482422,16.190000534057617,16.309999465942383,526600,0,0,-0.019242315753037476,1.2162564989954068,17.0689998626709,18.43177151705166,15.706228208290138,17.085000038146973,17.520000457763672,20.12750005722046,20.399999618530277,16.329999923706055
2019-09-27,16.3700008392334,16.489999771118164,15.5,15.84000015258789,924000,0,0,-0.028816635729260298,1.1812080785105108,16.9439998626709,18.275439753777402,15.612559971564396,16.744999885559082,17.520000457763672,20.12750005722046,20.539999961853027,16.25
2019-09-30,15.8100004196167,16.020000457763672,15.630000114440918,15.890000343322754,677700,0,0,0.0031565776675004376,1.1849366535518082,16.949999856948853,18.260926745625607,15.6390729682721,16.744999885559082,17.520000457763672,20.072499752044678,20.489999771118164,16.299999237060547
2019-10-01,15.979999542236328,16.170000076293945,15.15999984741211,15.479999542236328,692100,0,0,-0.025802441298166223,1.154362395106492,16.90199980735779,18.348904944384714,15.455094670330864,16.574999809265137,16.96500015258789,20.0,20.489999771118164,15.81999969482422
2019-10-02,15.34000015258789,15.479999542236328,14.954999923706056,15.279999732971191,777800,0,0,-0.012919884701511064,1.139448166057956,16.845999813079835,18.446573978800867,15.245425647358804,16.47249984741211,16.73250007629395,19.692500114440918,20.335000038146973,15.90999984741211
2019-10-03,15.289999961853027,15.699999809265137,15.039999961853027,15.6899995803833,643900,0,0,0.026832451215781816,1.1700223533866183,16.781499814987182,18.458275640069164,15.104723989905198,16.322500228881836,16.697500228881836,19.48525047302246,20.22000026702881,16.100000381469727
2019-10-04,15.859999656677246,16.040000915527344,15.529000282287598,15.850000381469728,486600,0,0,0.010197629405068298,1.1819538077421008,16.72449984550476,18.44644273304907,15.002556957960447,16.02750015258789,16.697500228881836,19.295249938964844,20.02999973297119,16.219999313354492
2019-10-07,15.739999771118164,16.1200008392334,15.359999656677246,16.010000228881836,532300,0,0,0.010094627354026109,1.1938851909809296,16.71699986457825,18.450103954399907,14.98389577475659,15.842499732971191,16.47249984741211,19.24524974822998,19.979999542236328,16.489999771118164
2019-10-08,15.84000015258789,16.030000686645508,15.229999542236328,15.260000228881836,682500,0,0,-0.04684572075439508,1.1379567787114293,16.64949984550476,18.496694456886974,14.802305234122546,15.762499809265137,16.47249984741211,18.347500324249268,19.125000000000004,16.469999313354492
2019-10-09,15.4399995803833,15.699999809265137,15.34000015258789,15.489999771118164,499700,0,0,0.015072053655741158,1.1551081243380823,16.55849986076355,18.44589645273483,14.671103268792274,15.72249984741211,16.47249984741211,18.297500133514404,19.074999809265137,16.209999084472656
2019-10-10,15.3100004196167,15.59000015258789,14.8100004196167,14.949999809265137,702700,0,0,-0.03486119882712213,1.1148396703487082,16.418999862670898,18.348882554816367,14.489117170525427,15.490000247955322,16.40000009536743,18.022500038146973,19.074999809265137,16.68000030517578
2019-10-11,15.18000030517578,15.619999885559082,15.18000030517578,15.300000190734863,483900,0,0,0.023411397052514715,1.1409396245211365,16.308999872207643,18.230566991205873,14.387432753209412,15.490000247955322,16.40000009536743,18.022500038146973,19.074999809265137,16.649999618530273
2019-10-14,15.100000381469728,15.53499984741211,15.0600004196167,15.5,301600,0,0,0.013071882795547163,1.1558538535696723,16.197999906539916,18.034404783026442,14.36159503005339,15.465000629425049,16.40000009536743,17.77750015258789,19.074999809265137,16.360000610351562
2019-10-15,15.56999969482422,15.640000343322754,15.329999923706056,15.420000076293944,399500,0,0,-0.005161285400390736,1.1498881619502577,16.072999906539916,17.755863932642455,14.390135880437379,15.465000629425049,16.40000009536743,17.62750005722046,19.074999809265137,16.270000457763672
2019-10-16,15.100000381469728,15.390000343322754,14.609999656677246,15.34000015258789,710500,0,0,-0.005188062471480848,1.1439224703308435,15.963499879837036,17.53288230152934,14.394117458144729,15.365000247955322,16.299999713897705,17.610000133514404,19.074999809265137,16.350000381469727
2019-10-17,15.380000114440918,15.479999542236328,15.130000114440918,15.4399995803833,672000,0,0,0.006518867457673494,1.1513795492967847,15.851499843597413,17.219681356180583,14.483318331014242,15.365000247955322,16.299999713897705,17.610000133514404,19.074999809265137,16.579999923706055
2019-10-18,15.399999618530272,15.399999618530272,14.390000343322754,14.399999618530272,811000,0,0,-0.0673575123133009,1.0738254871277437,15.681499862670899,16.870363185005182,14.492636540336614,15.21000051498413,16.19000005722046,17.487500190734863,19.074999809265137,17.149999618530273
2019-10-21,14.550000190734863,14.609999656677246,14.279999732971191,14.43000030517578,441200,0,0,0.0020833810722398205,1.0760626748225144,15.553999900817871,16.704402752773525,14.403597048862215,14.989999771118164,16.134999752044678,17.487500190734863,19.074999809265137,17.25
2019-10-22,15.239999771118164,15.300000190734863,14.520000457763672,14.56999969482422,921400,0,0,0.009701967199420292,1.086502599598163,15.453999900817871,16.580964348941265,14.32703545269448,14.960000038146973,16.134999752044678,17.612500190734863,19.074999809265137,17.6200008392334
2019-10-23,14.56999969482422,14.9399995803833,14.420000076293944,14.600000381469728,535700,0,0,0.002059072565126163,1.0887397872929339,15.352499961853027,16.39950798565532,14.305491938050734,14.960000038146973,16.134999752044678,17.607500076293945,19.074999809265137,17.260000228881836
2019-10-24,14.789999961853027,15.420000076293944,14.729999542236328,15.34000015258789,594700,0,0,0.05068491450571244,1.1439224703308437,15.303999996185302,16.253408770939316,14.354591221431289,14.960000038146973,16.134999752044678,17.535000324249268,19.074999809265137,16.59000015258789
2019-10-25,15.229999542236328,15.970000267028809,15.140000343322754,15.899999618530272,848900,0,0,0.03650583183650813,1.1856823116667445,15.306999969482423,16.26359456086207,14.350405378102773,15.125,16.134999752044678,17.389999866485596,19.074999809265137,16.469999313354492
2019-10-28,15.979999542236328,16.18000030517578,15.869999885559082,16.100000381469727,741400,0,0,0.012578664637599601,1.2005966118319344,15.31749997138977,16.30393400293988,14.331065939839663,15.230000019073486,15.985000133514404,17.30025005340576,19.074999809265137,16.540000915527344
2019-10-29,16.100000381469727,16.15999984741211,15.720000267028809,16.030000686645508,998700,0,0,-0.004347807028923123,1.1953766494441103,15.34500002861023,16.378101131394864,14.311898925825595,15.230000019073486,15.690000057220459,17.42525005340576,19.074999809265137,16.600000381469727
2019-10-30,16.079999923706055,16.329999923706055,15.744999885559082,16.229999542236328,1188700,0,0,0.012476534436922204,1.2102908073759924,15.392500019073486,16.495078592421656,14.289921445725314,15.304999828338623,15.50499963760376,17.405250072479248,19.074999809265137,14.260000228881836
2019-10-31,16.8700008392334,16.899999618530273,16.295000076293945,16.459999084472656,1695200,0,0,0.014171259933666969,1.2274421530026451,15.430999994277954,16.62355880072229,14.23844118783362,15.589999675750732,15.589999675750732,17.302500247955322,19.074999809265137,14.380000114440918
2019-11-01,16.59000015258789,16.780000686645508,16.1200008392334,16.329999923706055,706900,0,0,-0.007897883839449005,1.217747957458587,15.454999971389771,16.69909817728272,14.210901765496821,15.65999984741211,15.589999675750732,17.302500247955322,19.074999809265137,13.710000038146973
2019-11-04,16.510000228881836,16.920000076293945,16.170000076293945,16.25,455200,0,0,-0.004898954322095195,1.2117822658391726,15.466999959945678,16.736924123907762,14.197075795983592,15.670000076293945,15.599999904632568,17.132500171661377,19.074999809265137,14.0
2019-11-05,16.329999923706055,16.584999084472656,16.049999237060547,16.299999237060547,529700,0,0,0.003076876126802963,1.2155107697638163,15.518999910354614,16.835588764283834,14.202411056425394,15.824999809265137,15.599999904632568,17.132500171661377,19.074999809265137,14.010000228881836
2019-11-06,16.190000534057617,16.420000076293945,15.760000228881836,15.81999969482422,412200,0,0,-0.029447826055413184,1.1797166200473301,15.535499906539917,16.85854706685078,14.212452746229056,16.03000020980835,15.599999904632568,16.769999980926514,18.90499973297119,14.279999732971191
2019-11-07,15.850000381469728,15.949000358581545,15.704999923706056,15.90999984741211,732600,0,0,0.005689011019218482,1.1864280408983345,15.583499908447266,16.88740993791398,14.279589878980552,16.3125,15.599999904632568,16.602499961853027,18.802499771118168,14.029999732971191
2019-11-08,15.890000343322754,16.270000457763672,15.75,16.100000381469727,659400,0,0,0.011942208414824185,1.200596611831934,15.62349991798401,16.939326482449758,14.307673353518261,16.3125,15.599999904632568,16.510000228881836,18.802499771118168,14.020000457763672
2019-11-11,16.06999969482422,16.280000686645508,15.850000381469728,16.219999313354492,433700,0,0,0.007453349629909178,1.2095450781444017,15.659499883651733,16.99928207192032,14.319717695383146,16.3125,15.599999904632568,16.362500190734863,18.802499771118168,13.850000381469728
2019-11-12,16.219999313354492,16.625999450683594,16.190000534057617,16.489999771118164,744800,0,0,0.016646144833148746,1.2296793406974156,15.712999868392945,17.095497796247052,14.330501940538838,16.3125,15.599999904632568,16.15749979019165,18.802499771118168,14.010000228881836
2019-11-13,16.469999313354492,16.59000015258789,16.25,16.469999313354492,430700,0,0,-0.0012128840534432195,1.2281878822342351,15.769499826431275,17.178799539810047,14.360200113052501,16.3125,15.599999904632568,16.117499828338623,18.802499771118168,14.100000381469728
2019-11-14,16.450000762939453,16.450000762939453,16.135000228881836,16.209999084472656,234400,0,0,-0.01578629263639486,1.2087993489128115,15.807999801635741,17.221298337780958,14.394701265490525,16.3125,15.599999904632568,16.09749984741211,18.802499771118168,14.489999771118164
2019-11-15,16.239999771118164,16.700000762939453,16.229999542236328,16.68000030517578,386500,0,0,0.02899452481483067,1.2438479116310153,15.921999835968018,17.224984100615906,14.61901557132013,16.202500343322754,15.599999904632568,15.945000171661377,18.179999828338623,14.390000343322754
2019-11-18,16.690000534057617,16.690000534057617,16.420000076293945,16.649999618530273,578400,0,0,-0.0017986022839698856,1.2416107239362446,16.032999801635743,17.17537241649784,14.890627186773646,16.202500343322754,15.599999904632568,15.945000171661377,18.179999828338623,14.510000228881836
2019-11-19,16.75,16.834999084472656,16.309999465942383,16.360000610351562,582200,0,0,-0.017417358247621917,1.2199851451533579,16.122499847412108,17.050661080065122,15.194338614759095,16.269999504089355,15.599999904632568,15.93250036239624,18.075000286102295,14.609999656677246
2019-11-20,16.190000534057617,16.565000534057617,16.15999984741211,16.270000457763672,778900,0,0,-0.005501231615538171,1.2132737243023533,16.205999851226807,16.81346322158356,15.598536480870052,16.292499542236328,15.599999904632568,15.93250036239624,17.90500020980835,14.25
2019-11-21,16.3700008392334,16.56999969482422,16.030000686645508,16.350000381469727,626400,0,0,0.004917020372170899,1.2192394159217677,16.2564998626709,16.716128621515004,15.796871103826795,16.34249973297119,15.599999904632568,15.832499980926514,17.804999828338623,14.420000076293944
2019-11-22,16.469999313354492,16.832000732421875,16.420000076293945,16.579999923706055,448900,0,0,0.014067249961473793,1.2363907615484204,16.290499877929687,16.739996053807204,15.84100370205217,16.432499885559082,15.599999904632568,15.832499980926514,17.804999828338623,14.640000343322754
2019-11-25,16.649999618530273,17.170000076293945,16.610000610351562,17.149999618530273,757400,0,0,0.0343787513538667,1.2788963321159115,16.342999839782713,16.919999907382536,15.76599977218289,16.600000381469727,15.724999904632568,15.700000286102295,17.695000171661377,14.25
2019-11-26,17.270000457763672,17.799999237060547,17.010000228881836,17.25,898900,0,0,0.0058309261629183595,1.2863534821985065,16.40399980545044,17.08547246671912,15.722527144181756,16.914999961853027,16.109999656677246,15.562499761581421,17.639999866485596,14.770000457763672
2019-11-27,17.25,17.649999618530273,17.010000228881836,17.6200008392334,1022900,0,0,0.02144932401353028,1.3139448948341153,16.473499870300294,17.332406219800344,15.614593520800243,16.914999961853027,16.109999656677246,15.547499895095825,17.639999866485596,14.710000038146973
2019-11-29,17.600000381469727,17.700000762939453,17.229999542236328,17.260000228881836,410200,0,0,-0.02043136170288773,1.2870992114300968,16.51349992752075,17.438856137757444,15.58814371728406,16.914999961853027,16.264999389648438,15.547499895095825,17.62999963760376,14.770000457763672
2019-12-02,17.34000015258789,17.5,16.520000457763672,16.59000015258789,739000,0,0,-0.03881808038291956,1.2371364907800109,16.526499938964843,17.448441265579962,15.604558612349724,16.914999961853027,16.46999979019165,15.547499895095825,17.485000133514404,14.949999809265137
2019-12-03,16.25,16.5,15.75,16.469999313354492,847000,0,0,-0.007233323576231521,1.2281878822342356,16.53749990463257,17.451104925702822,15.623894883562315,16.774999618530273,16.7524995803833,15.629999876022339,17.179999828338623,14.949999809265137
2019-12-04,16.5,16.670000076293945,16.450000762939453,16.540000915527344,713300,0,0,0.00425024924658568,1.2334079868553673,16.549499988555908,17.456521637298852,15.642478339812964,16.774999618530273,16.7524995803833,15.607500076293945,16.995500087738037,15.59000015258789
2019-12-05,16.700000762939453,16.829999923706055,16.3700008392334,16.600000381469727,1957600,0,0,0.003627537038771056,1.2378822200116013,16.588500022888184,17.430790939966048,15.746209105810319,16.774999618530273,16.7524995803833,15.460000038146973,16.995500087738037,15.34000015258789
2019-12-06,12.890000343322754,14.390000343322754,12.829999923706056,14.260000228881836,8920300,0,0,-0.14096386137436412,1.0633855623520958,16.50600004196167,17.804115560959257,15.207884522964084,15.3149995803833,15.3149995803833,15.404999732971191,16.995500087738037,15.140000343322754
2019-12-09,14.149999618530272,14.789999961853027,13.81999969482422,14.380000114440918,2472200,0,0,0.008415139104699154,1.0723340997812174,16.42000002861023,18.012400500643224,14.827599556577233,15.3149995803833,15.3149995803833,15.589999675750732,16.910000324249268,15.350000381469728
2019-12-10,14.369999885559082,14.380000114440918,13.6899995803833,13.710000038146973,2056700,0,0,-0.04659249450360625,1.0223713791311315,16.294500064849853,18.28167410639598,14.307326023303725,15.265000343322754,15.3149995803833,15.624999761581421,16.910000324249268,15.630000114440918
2019-12-11,13.609999656677246,14.079999923706056,13.40999984741211,14.0,1472800,0,0,0.02115244063064381,1.0439970290306722,16.170000076293945,18.393269363768066,13.946730788819822,15.265000343322754,15.3149995803833,15.634999990463257,16.910000324249268,15.75
2019-12-12,14.050000190734863,14.55500030517578,13.920000076293944,14.010000228881836,1187300,0,0,0.0007143020629882812,1.0447427582622624,16.047000122070312,18.45674824050106,13.637252003639563,15.164999961853027,15.3149995803833,15.712499856948853,16.910000324249268,15.520000457763672
2019-12-13,13.960000038146973,14.529999732971191,13.920000076293944,14.279999732971191,1134800,0,0,0.019271912896385857,1.0648769496986226,15.95050015449524,18.479363848914478,13.421636460076002,14.829999923706055,15.3149995803833,15.815000057220459,16.52500009536743,15.31999969482422
2019-12-16,14.350000381469728,14.479999542236328,13.989999771118164,14.029999732971191,1095400,0,0,-0.017507003128492626,1.0462341456087891,15.81800012588501,18.456616878205008,13.179383373565013,14.829999923706055,15.3149995803833,15.956249952316284,16.394999980926514,15.039999961853027
2019-12-17,14.0600004196167,14.119999885559082,13.770000457763672,14.020000457763672,928600,0,0,-0.0007127067282846067,1.0454884874938526,15.68650016784668,18.407906174706536,12.965094160986824,14.829999923706055,15.3149995803833,15.956249952316284,16.360000133514404,14.949999809265137
2019-12-18,14.029999732971191,14.100000381469728,13.81999969482422,13.850000381469728,998000,0,0,-0.012125539995956669,1.0328113750234336,15.56100015640259,18.37748325178126,12.74451706102392,13.809999942779541,15.3149995803833,15.956249952316284,16.360000133514404,15.229999542236328
2019-12-19,13.829999923706056,14.010000228881836,13.760000228881836,14.010000228881836,1017200,0,0,0.011552335235035516,1.0447427582622622,15.448000144958495,18.32301181966675,12.572988470250243,14.099999904632568,15.3149995803833,15.956249952316284,16.134999752044678,15.18000030517578
2019-12-20,14.1899995803833,14.329999923706056,13.550000190734863,14.100000381469728,4704400,0,0,0.00642399365578572,1.051454179113267,15.335500144958496,18.236777422440635,12.434222867476356,13.982500076293945,15.3149995803833,15.956249952316284,16.134999752044678,15.350000381469728
2019-12-23,14.109999656677246,14.604999542236328,13.960000038146973,14.489999771118164,1559400,0,0,0.027659530432422752,1.0805369079787486,15.2310001373291,18.09537494826923,12.36662532638897,14.007499694824219,15.3149995803833,15.956249952316284,16.134999752044678,14.9399995803833
2019-12-24,14.529999732971191,14.539999961853027,14.15999984741211,14.390000343322754,334900,0,0,-0.006901271868529069,1.0730798290128074,15.093000173568726,17.836367302942676,12.349633044194775,14.077499866485596,15.3149995803833,15.901250123977661,16.134999752044678,15.210000038146973
2019-12-26,14.420000076293944,14.6899995803833,14.317999839782717,14.510000228881836,468300,0,0,0.008339116240171807,1.0820283664419288,14.956000185012817,17.520794679393585,12.391205690632049,14.119999885559082,15.3149995803833,15.901250123977661,16.134999752044678,15.539999961853027
2019-12-27,14.539999961853027,14.75,14.43000030517578,14.609999656677246,634000,0,0,0.006891759215576165,1.0894854454078697,14.80550012588501,17.058468146311217,12.552532105458802,14.150000095367432,15.3149995803833,15.934999704360962,16.134999752044678,15.489999771118164
2019-12-30,14.609999656677246,14.710000038146973,14.199999809265137,14.25,992200,0,0,-0.02464063416406137,1.062639833120505,14.655000114440918,16.611670490608475,12.698329738273362,14.150000095367432,15.3149995803833,15.946249723434448,16.134999752044678,15.9399995803833
2019-12-31,14.149999618530272,14.449999809265137,14.109999656677246,14.420000076293944,1054100,0,0,0.01192982991536451,1.075316945590924,14.546500110626221,16.288647481645025,12.804352739607417,14.150000095367432,15.3149995803833,15.97124981880188,16.134999752044678,15.880000114440918
2020-01-02,14.649999618530272,15.149999618530272,14.510000228881836,14.640000343322754,1277100,0,0,0.01525660650934979,1.0917226331026406,14.455000162124634,15.956638908547982,12.953361415701286,14.349999904632568,15.3149995803833,16.016249895095825,16.134999752044678,15.75
2020-01-03,14.420000076293944,14.5,14.149999618530272,14.25,1037900,0,0,-0.026639367088582833,1.0626398331205051,14.340500116348267,15.4943792467342,13.186620985962334,14.349999904632568,15.3149995803833,16.162500143051147,16.134999752044678,16.209999084472656
2020-01-06,14.229999542236328,14.850000381469728,14.06999969482422,14.770000457763672,1025700,0,0,0.03649126019394178,1.1014168997633524,14.249000120162965,14.799121139240585,13.698879101085344,14.554999828338623,15.265000343322754,16.512499809265137,16.134999752044678,15.899999618530272
2020-01-07,14.699999809265137,14.899999618530272,14.458999633789062,14.710000038146973,1077200,0,0,-0.004062316706643032,1.0969425954904648,14.27150011062622,14.857615284788231,13.68538493646421,14.609999656677246,15.265000343322754,16.512499809265137,16.134999752044678,16.149999618530273
2020-01-08,14.699999809265137,14.81999969482422,14.479999542236328,14.770000457763672,842100,0,0,0.004078886435153084,1.1014168997633524,14.291000127792358,14.915386008192655,13.666614247392062,14.609999656677246,15.164999961853027,16.589999675750732,16.134999752044678,16.1200008392334
2020-01-09,14.90999984741211,15.09000015258789,14.68000030517578,14.949999809265137,1190300,0,0,0.01218682098326207,1.114839670348708,14.353000116348266,14.980590003611402,13.72541022908513,14.609999656677246,14.829999923706055,16.69249987602234,16.134999752044678,16.450000762939453
2020-01-10,14.960000038146973,15.0,14.75,14.949999809265137,674400,0,0,0.0,1.114839670348708,14.400500106811524,15.057472480291677,13.743527733331371,14.609999656677246,14.829999923706055,16.763749599456787,16.134999752044678,16.920000076293945
2020-01-13,15.020000457763672,15.600000381469728,14.949999809265137,15.59000015258789,998300,0,0,0.042809388059397824,1.162565274420677,14.479500102996827,15.292902517863869,13.666097688129785,14.835000038146974,14.829999923706055,16.763749599456787,16.03999948501587,16.40999984741211
2020-01-14,15.550000190734863,15.5600004196167,15.020000457763672,15.34000015258789,690400,0,0,-0.0160359203048821,1.1439224703308435,14.53250012397766,15.422404916032997,13.642595331922324,14.835000038146974,14.215000152587892,16.763749599456787,16.03999948501587,16.450000762939453
2020-01-15,15.369999885559082,15.600000381469728,15.109999656677246,15.140000343322754,596700,0,0,-0.013037797084467173,1.1290082412823075,14.588000154495239,15.484125034346338,13.69187527464414,14.835000038146974,14.505000114440918,15.3149995803833,15.3149995803833,15.979999542236328
2020-01-16,15.279999732971191,15.489999771118164,15.229999542236328,15.350000381469728,707300,0,0,0.013870543816704162,1.144668199562434,14.654500150680542,15.569555461542048,13.739444839819036,14.835000038146974,14.505000114440918,15.3149995803833,15.3149995803833,15.68000030517578
2020-01-17,15.460000038146973,15.640000343322754,15.15999984741211,15.630000114440918,1479200,0,0,0.018241024495947222,1.1655481202303841,14.743500137329102,15.674541418857782,13.812458855800422,15.049499988555908,14.525000095367432,15.289999961853027,15.3149995803833,15.529999732971191
2020-01-21,15.649999618530272,15.949999809265137,15.420000076293944,15.75,977800,0,0,0.0076775358080907186,1.1744966576595057,14.83050012588501,15.79604372846735,13.86495652330267,15.214999675750732,14.75,15.289999961853027,15.3149995803833,15.039999961853027
2020-01-22,15.81999969482422,16.049999237060547,15.510000228881836,15.520000457763672,674800,0,0,-0.014603145538814477,1.1573453120328527,14.901500129699707,15.850245828206994,13.952754431192421,15.364999771118164,14.799999713897705,15.239999771118164,15.3149995803833,15.15999984741211
2020-01-23,15.460000038146973,15.510000228881836,15.1899995803833,15.31999969482422,568800,0,0,-0.0128866467165214,1.142431011867663,14.94300012588501,15.888689595464596,13.997310656305425,15.399999618530273,14.799999713897705,15.072499752044678,15.3149995803833,15.06999969482422
2020-01-24,15.43000030517578,15.56999969482422,14.850000381469728,15.039999961853027,691400,0,0,-0.018276745336084366,1.1215510911997126,14.975500106811523,15.886613934741481,14.064386278881566,15.449999809265137,14.799999713897705,15.072499752044678,15.3149995803833,14.5
2020-01-27,14.5600004196167,15.119999885559082,14.520000457763672,14.949999809265137,806700,0,0,-0.005984052713840726,1.114839670348708,14.997500085830689,15.88321461615339,14.111785555507987,15.28499984741211,14.799999713897705,15.072499752044678,15.3149995803833,15.289999961853027
2020-01-28,15.029999732971191,15.300000190734863,14.949999809265137,15.229999542236328,501600,0,0,0.018729079367456825,1.1357195910166584,15.028500080108643,15.900952727648566,14.15604743256872,15.28499984741211,14.799999713897705,14.562499761581421,15.3149995803833,15.039999961853027
2020-01-29,15.369999885559082,15.42199993133545,15.020000457763672,15.18000030517578,540600,0,0,-0.003282944094770923,1.1319910870920147,15.075000095367432,15.87157477312276,14.278425417612105,15.28499984741211,14.799999713897705,14.707499742507935,15.3149995803833,14.40999984741211
2020-01-30,15.0,15.390000343322754,15.0,15.350000381469728,446900,0,0,0.01119895078236488,1.144668199562434,15.12150011062622,15.866036069782629,14.376964151469812,15.28499984741211,15.00499963760376,14.648749828338623,15.3149995803833,13.270000457763672
2020-01-31,15.25,15.274999618530272,14.619999885559082,14.9399995803833,995600,0,0,-0.026710149244124737,1.1140939411171178,15.136500072479247,15.852885823581556,14.42011432137694,15.28499984741211,15.059999465942383,14.66124963760376,15.3149995803833,13.90999984741211
2020-02-03,15.010000228881836,15.260000228881836,14.369999885559082,15.210000038146973,1678000,0,0,0.01807232030435868,1.1342282036701317,15.184500074386596,15.77279148624864,14.596208662524553,15.209999561309814,15.059999465942383,14.696249723434448,15.3149995803833,13.399999618530272
2020-02-04,15.470000267028809,15.609999656677246,15.09000015258789,15.539999961853027,730400,0,0,0.021696247395030177,1.1588366993793795,15.223000049591064,15.798245620053553,14.647754479128576,14.989999771118164,15.059999465942383,14.717499732971191,15.3149995803833,11.880000114440918
2020-02-05,15.75,15.880000114440918,15.170000076293944,15.489999771118164,502800,0,0,-0.003217515499202128,1.155108124338082,15.262000036239623,15.796752986776088,14.727247085703159,15.125,15.059999465942383,14.732499837875366,15.3149995803833,13.359999656677246
2020-02-06,15.529999732971191,16.0,15.34000015258789,15.9399995803833,601000,0,0,0.029050988761418983,1.1886651574764515,15.320499992370605,15.882747546818106,14.758252437923105,15.184999942779541,15.059999465942383,14.732499837875366,15.3149995803833,11.779999732971191
2020-02-07,15.93000030517578,15.960000038146973,15.739999771118164,15.880000114440918,503400,0,0,-0.0037640820277198284,1.1841909243202176,15.367000007629395,15.952591560615682,14.781408454643108,15.184999942779541,15.059999465942383,14.732499837875366,15.3149995803833,11.470000267028809
2020-02-10,15.81999969482422,15.899999618530272,15.5600004196167,15.75,543800,0,0,-0.008186405132497354,1.1744966576595057,15.407000017166137,15.98228065509046,14.831719379241814,15.184999942779541,15.059999465942383,14.832499742507935,15.3149995803833,10.0600004196167
2020-02-11,15.829999923706056,16.420000076293945,15.43000030517578,16.209999084472656,1038700,0,0,0.029206291077628954,1.2087993489128115,15.437999963760376,16.10931501665779,14.766684910862963,15.394999980926514,15.244999885559082,14.832499742507935,15.3149995803833,10.600000381469728
2020-02-12,16.260000228881836,16.350000381469727,15.81999969482422,15.899999618530272,562600,0,0,-0.019123965666310805,1.185682311666744,15.465999937057495,16.165076342501234,14.766923531613756,15.394999980926514,15.394999980926514,14.910000085830688,15.3149995803833,10.829999923706056
2020-02-13,15.720000267028809,16.229999542236328,15.630000114440918,16.149999618530273,585800,0,0,0.01572327081748126,1.2043251157565775,15.516499900817871,16.259132243698605,14.773867557937137,15.394999980926514,15.394999980926514,14.9375,15.3149995803833,10.010000228881836
2020-02-14,16.059999465942383,16.25,15.880000114440918,16.1200008392334,569500,0,0,-0.00185750959786124,1.2020880702951144,15.554999923706054,16.33829034238476,14.771709505027347,15.755000114440918,15.394999980926514,14.887499809265137,15.3149995803833,11.170000076293944
2020-02-18,16.06999969482422,16.635000228881836,16.030000686645508,16.450000762939453,1222700,0,0,0.02047145822119867,1.2266965660043623,15.595999956130981,16.472109575103005,14.719890337158958,15.90250015258789,15.502500057220459,14.71999979019165,15.3149995803833,10.890000343322754
2020-02-19,16.579999923706055,16.93000030517578,16.545000076293945,16.920000076293945,640900,0,0,0.02857138550493943,1.2617449864892583,15.654499959945678,16.704912943010143,14.604086976881213,16.135000228881836,15.650000095367432,14.71999979019165,15.3149995803833,11.31999969482422
2020-02-20,16.829999923706055,16.985000610351562,16.280000686645508,16.40999984741211,784500,0,0,-0.03014185736301389,1.2237136490780012,15.698999929428101,16.797684517822177,14.600315341034026,16.207500457763672,15.677500247955322,14.832499980926514,15.3149995803833,10.979999542236328
2020-02-21,16.3799991607666,16.489999771118164,15.859999656677246,16.450000762939453,738100,0,0,0.0024375939000176317,1.226696566004362,15.755499982833863,16.886513509611603,14.624486456056122,16.207500457763672,15.677500247955322,14.525000095367433,15.3149995803833,10.710000038146973
2020-02-24,15.470000267028809,16.075000762939453,15.461000442504885,15.979999542236328,664600,0,0,-0.028571501453179327,1.1916480032861583,15.802499961853027,16.887368755315435,14.717631168390616,16.207500457763672,15.677500247955322,14.670000076293945,15.3149995803833,10.1899995803833
2020-02-25,16.139999389648438,16.260000228881836,15.539999961853027,15.68000030517578,780200,0,0,-0.018773419627931,1.169276695271681,15.83899998664856,16.852728020037656,14.825271953259465,16.223000526428223,15.677500247955322,14.670000076293945,15.3149995803833,9.640000343322754
2020-02-26,15.850000381469728,16.260000228881836,15.274999618530272,15.529999732971191,1122300,0,0,-0.009566362837064135,1.1580909701477888,15.853999996185303,16.839419507404536,14.86858048496607,16.130000114440918,15.677500247955322,14.78725004196167,15.3149995803833,9.09000015258789
2020-02-27,15.149999618530272,15.81999969482422,14.975000381469728,15.039999961853027,1351700,0,0,-0.03155182096222853,1.1215510911997122,15.846999979019165,16.853465911433243,14.840534046605086,15.980000495910645,15.677500247955322,14.982499837875366,15.3149995803833,8.829999923706055
2020-02-28,14.510000228881836,15.4399995803833,14.255000114440918,15.15999984741211,1352200,0,0,0.007978715815388782,1.1304996286288338,15.837499952316284,16.86613661338911,14.808863291243458,15.62000036239624,15.62000036239624,15.082499742507935,15.3149995803833,10.3100004196167
2020-03-02,15.140000343322754,15.350000381469728,14.765000343322754,15.06999969482422,1365200,0,0,-0.005936685586659274,1.1237882077778294,15.84399995803833,16.851054357486444,14.836945558590216,15.62000036239624,15.62000036239624,15.09999966621399,15.3149995803833,10.369999885559082
2020-03-03,15.170000076293944,15.170000076293944,14.039999961853027,14.5,1684500,0,0,-0.03782347089363158,1.0812826372103383,15.808499956130982,16.945607351235335,14.67139256102663,15.512500286102295,15.512500286102295,15.124999761581421,15.3149995803833,10.970000267028809
2020-03-04,16.06999969482422,16.440000534057617,14.960000038146973,15.289999961853027,1656900,0,0,0.05448275598986396,1.1401938952895458,15.79599995613098,16.950193252015445,14.641806660246518,15.264999866485596,15.512500286102295,15.042499780654907,15.3149995803833,11.670000076293944
2020-03-05,14.829999923706056,15.699999809265137,14.75,15.039999961853027,1216300,0,0,-0.016350555959694146,1.1215510911997124,15.773499965667725,16.967962741316217,14.579037190019232,15.240000247955322,15.512500286102295,15.042499780654907,15.3149995803833,12.279999732971191
2020-03-06,14.710000038146973,14.9399995803833,14.020000457763672,14.40999984741211,1189100,0,0,-0.04188830558768819,1.0745712163593337,15.696999979019164,17.02867861099708,14.36532134704125,15.230000495910645,15.502500534057617,15.042499780654907,15.3149995803833,12.220000267028809
2020-03-09,13.449999809265137,13.800000190734863,13.1899995803833,13.270000457763672,1143900,0,0,-0.07911168644829447,0.9895600752243517,15.566499996185303,17.26611529632771,13.8668846960429,14.815000057220459,15.087500095367432,15.144999742507935,15.3149995803833,11.84000015258789
2020-03-10,13.630000114440918,13.920000076293944,12.640000343322754,13.90999984741211,2115600,0,0,0.04822904051024368,1.0372856081796669,15.474499988555909,17.31907685124968,13.62992312586214,14.540000438690186,14.812500476837158,15.172499656677246,15.3149995803833,11.789999961853027
2020-03-11,13.529999732971191,14.130000114440918,12.949999809265137,13.399999618530272,1332600,0,0,-0.036664287165806164,0.9992542707684097,15.33400001525879,17.35474123784543,13.313258792672148,14.540000438690186,14.812500476837158,15.134999513626099,15.3149995803833,12.270000457763672
2020-03-12,12.5,12.9399995803833,11.869999885559082,11.880000114440918,1525500,0,0,-0.11343280204183093,0.8859060588828825,15.133000040054322,17.6364762645699,12.629523815538743,14.15500020980835,14.427500247955322,15.024999618530273,15.3149995803833,11.949999809265137
2020-03-13,12.43000030517578,13.390000343322754,11.770000457763672,13.359999656677246,1293400,0,0,0.1245790848467494,0.9962714249587026,14.99350004196167,17.56549666490965,12.421503419013693,14.105000495910645,14.377500534057617,15.092499732971191,15.3149995803833,11.300000190734863
2020-03-16,11.75,11.9399995803833,11.020000457763672,11.779999732971191,1887200,0,0,-0.11826347038237983,0.8784489088002877,14.77649998664856,17.649842273994103,11.903157699303014,13.730000495910645,14.002500534057617,15.122499704360962,15.3149995803833,11.649999618530272
2020-03-17,11.90999984741211,11.954999923706056,10.56999969482422,11.470000267028809,2078200,0,0,-0.026315744734248248,0.8553318715542204,14.527499961853028,17.63388846031057,11.421111463395487,13.134999752044678,13.77750015258789,15.122499704360962,15.3149995803833,11.720000267028809
2020-03-18,10.729999542236328,11.050000190734863,9.56999969482422,10.0600004196167,1654600,0,0,-0.12292936482880801,0.7501864678662244,14.184499979019165,17.656094265314653,10.712905692723675,12.25499963760376,13.27750015258789,15.122499704360962,15.3149995803833,11.989999771118164
2020-03-19,10.079999923706056,10.968999862670898,9.829999923706056,10.600000381469728,1111200,0,0,0.05367792637463964,0.7904549218555986,13.894000005722045,17.541897442089244,10.246102569354846,11.849999904632568,13.27750015258789,15.319999933242798,15.3149995803833,12.289999961853027
2020-03-20,10.739999771118164,11.710000038146973,10.56999969482422,10.829999923706056,2349700,0,0,0.02169806924143125,0.8076062674822515,13.612999963760377,17.296082386000553,9.9299175415202,11.849999904632568,13.27750015258789,15.394999980926514,15.265000343322754,12.100000381469728
2020-03-23,10.829999923706056,10.899999618530272,9.744999885559082,10.010000228881836,1935200,0,0,-0.07571557715612742,0.746457892824927,13.314499998092652,17.148130840990273,9.48086915519503,11.849999904632568,13.27750015258789,15.394999980926514,15.265000343322754,12.880000114440918
2020-03-24,10.529999732971191,11.329999923706056,10.199999809265137,11.170000076293944,1929500,0,0,0.11588409799084332,0.8329604924230893,13.08899998664856,16.869155152932922,9.308844820364195,11.480000019073486,13.27750015258789,15.575000047683716,15.164999961853027,12.800000190734863
2020-03-25,11.199999809265137,11.609999656677246,10.579999923706056,10.890000343322754,1376300,0,0,-0.02506712005897227,0.8120805717551391,12.857000017166138,16.577871639627997,9.13612839470428,11.480000019073486,13.27750015258789,15.702500104904175,14.829999923706055,12.140000343322754
2020-03-26,10.970000267028809,11.899999618530272,10.720000267028809,11.31999969482422,1253800,0,0,0.03948570596373968,0.8441461464303281,12.671000003814697,16.30680821538189,9.035191792247506,10.762499809265138,13.27750015258789,15.892500162124634,14.880000114440918,12.5600004196167
2020-03-27,10.899999618530272,11.270000457763672,10.43000030517578,10.979999542236328,1090700,0,0,-0.030035349978264514,0.8187919214894899,12.461999988555908,15.978821527183655,8.94517844992816,10.762499809265138,13.029999732971191,15.942500352859497,14.907500267028809,12.729999542236328
2020-03-30,11.0,11.08899974822998,10.390000343322754,10.710000038146973,843700,0,0,-0.02459011979470116,0.7986577300531298,12.244000005722047,15.623534518404288,8.864465493039805,10.734999656677246,13.005000114440918,15.942500352859497,14.907500267028809,13.119999885559082
2020-03-31,10.789999961853027,11.020000457763672,9.984999656677246,10.1899995803833,1629500,0,0,-0.0485527970038776,0.7598806634102825,12.028499984741211,15.353771259489083,8.70322870999334,10.822499752044678,13.005000114440918,15.942500352859497,15.197500228881836,13.75
2020-04-01,9.890000343322754,10.31999969482422,9.510000228881836,9.640000343322754,1337500,0,0,-0.05397441214024645,0.718866551305972,11.746000003814697,14.866483882146866,8.625516125482527,10.704999923706055,12.975000381469727,15.950250387191772,15.197500228881836,14.1899995803833
2020-04-02,9.539999961853027,9.710000038146973,8.920000076293945,9.09000015258789,1025000,0,0,-0.05705395966254567,0.6778523680850077,11.44850001335144,14.383118804749401,8.51388122195348,10.40999984741211,12.680000305175781,15.90375018119812,15.197500228881836,14.68000030517578
2020-04-03,9.010000228881836,9.329999923706056,8.5600004196167,8.829999923706055,870800,0,0,-0.028602884985410526,0.658463834763584,11.169500017166138,13.982014304311285,8.356985730020991,10.230000019073486,12.500000476837158,15.828750371932983,15.267500400543213,14.06999969482422
2020-04-06,9.4399995803833,10.479999542236328,9.350000381469728,10.3100004196167,1145500,0,0,0.16761047663627515,0.7688292719560579,11.02150001525879,13.682128927623019,8.36087110289456,10.230000019073486,12.500000476837158,15.62000036239624,15.267500400543213,13.300000190734863
2020-04-07,10.640000343322754,11.130000114440918,10.01099967956543,10.369999885559082,1205800,0,0,0.005819540591698091,0.7733035051122918,10.844500017166137,13.157749714783069,8.531250319549205,10.230000019073486,12.500000476837158,15.62000036239624,15.267500400543213,13.199999809265137
2020-04-08,10.699999809265137,11.119999885559082,10.390000343322754,10.970000267028809,937200,0,0,0.05785924668188924,0.8180462633745536,10.723000049591064,12.71653939959491,8.72946069958722,9.915000438690186,12.500000476837158,15.512500286102295,15.267500400543213,13.539999961853027
2020-04-09,11.470000267028809,11.949999809265137,11.31999969482422,11.670000076293944,996700,0,0,0.06381037303791492,0.8702461006027562,10.712500047683715,12.68339271216202,8.74160738320541,10.255000114440918,12.130000114440918,15.388750076293945,15.267500400543213,14.010000228881836
2020-04-13,11.949999809265137,12.369999885559082,11.619999885559082,12.279999732971191,965700,0,0,0.05227075001622161,0.9157345169799546,10.658500051498413,12.37670245618588,8.940297646810945,10.46500015258789,11.75,15.376250267028809,15.267500400543213,14.06999969482422
2020-04-14,12.670000076293944,12.84000015258789,11.869999885559082,12.220000267028809,686000,0,0,-0.004885950101553127,0.9112602838237206,10.680500078201295,12.46626358511946,8.89473657128313,10.700000286102295,11.345000267028809,15.36625051498413,15.267500400543213,14.699999809265137
2020-04-15,11.760000228881836,12.09000015258789,11.539999961853027,11.84000015258789,972300,0,0,-0.03109657169699165,0.8829232130731753,10.699000072479247,12.524752571122196,8.873247573836299,10.700000286102295,11.345000267028809,14.951250076293945,15.087500095367432,14.34000015258789
2020-04-16,12.15999984741211,12.289999961853027,11.489999771118164,11.789999961853027,1042800,0,0,-0.004222989027912738,0.8791946380318778,10.785500049591064,12.645935396562164,8.925064702619965,10.700000286102295,11.345000267028809,14.676250457763672,14.812500476837158,14.789999961853027
2020-04-17,12.300000190734863,12.43000030517578,12.029999732971191,12.270000457763672,914400,0,0,0.04071251038708268,0.914988858865018,10.869000053405761,12.836648733275739,8.901351373535784,11.095000267028809,10.975000381469727,14.676250457763672,14.812500476837158,15.25
2020-04-20,12.039999961853027,12.277999877929688,11.869999885559082,11.949999809265137,664200,0,0,-0.026079921480040347,0.8911260212707066,10.925000047683715,12.948591681585432,8.901408413781999,11.42549991607666,10.975000381469727,14.291250228881836,14.427500247955322,16.309999465942383
2020-04-21,11.699999809265137,11.8100004196167,11.027000427246094,11.300000190734863,692600,0,0,-0.05439327438535291,0.8426547590838013,10.989500045776367,12.973751750576636,9.005248340976099,11.615000247955322,10.700000286102295,14.24125051498413,14.377500534057617,15.31999969482422
2020-04-22,11.5600004196167,11.789999961853027,11.380000114440918,11.649999618530272,468600,0,0,0.03097340016705319,0.8687546421395757,11.013500022888184,13.01763208942068,9.009367956355689,11.933500289916992,10.700000286102295,13.86625051498413,14.002500534057617,15.789999961853027
2020-04-23,11.56999969482422,11.859999656677246,11.420000076293944,11.720000267028809,723200,0,0,0.006008639552845585,0.8739746756440537,11.055000019073486,13.081676726182035,9.028323311964936,11.933500289916992,10.700000286102295,13.456249952316284,13.77750015258789,16.649999618530273
2020-04-24,11.739999771118164,12.06999969482422,11.43000030517578,11.989999771118164,555100,0,0,0.023037499824034136,0.8941088670804139,11.088500022888184,13.153794338283515,9.023205707492853,11.933500289916992,10.700000286102295,12.766249895095825,13.27750015258789,16.540000915527344
2020-04-27,12.18000030517578,12.428000450134276,12.100000381469728,12.289999961853027,666100,0,0,0.025020867094385668,0.9164802462115447,11.154000043869019,13.284162627725571,9.023837460012466,11.728500366210938,10.700000286102295,12.56375002861023,13.27750015258789,17.6299991607666
2020-04-28,12.5,12.59000015258789,12.039999961853027,12.100000381469728,912700,0,0,-0.01545968925736696,0.902311746394599,11.223500061035157,13.382005101329236,9.064995020741078,11.808500289916992,10.700000286102295,12.56375002861023,13.27750015258789,16.670000076293945
2020-04-29,12.43000030517578,13.09000015258789,12.31999969482422,12.880000114440918,1106200,0,0,0.0644627858165776,0.9604772752422162,11.358000087738038,13.577196772478308,9.138803402997768,12.058500289916992,10.825000286102295,12.56375002861023,13.27750015258789,16.309999465942383
2020-04-30,12.75,12.9399995803833,12.5,12.800000190734863,770500,0,0,-0.006211174145593357,0.9545115836228018,11.516000080108643,13.671816269198375,9.360183891018911,12.058500289916992,10.825000286102295,12.378750085830688,13.27750015258789,16.110000610351562
2020-05-01,12.380000114440918,12.65999984741211,11.989999771118164,12.140000343322754,888200,0,0,-0.0515624873107301,0.9052945922043062,11.668500089645386,13.523829338495123,9.81317084079565,12.058500289916992,10.825000286102295,12.378750085830688,13.27750015258789,15.600000381469728
2020-05-04,11.890000343322754,12.59000015258789,11.666999816894531,12.5600004196167,763700,0,0,0.034596380923906045,0.9366145087645585,11.855000114440918,13.208969013518967,10.501031215362868,12.235000133514404,10.825000286102295,12.019999980926514,13.27750015258789,16.170000076293945
2020-05-05,12.9399995803833,13.130000114440918,12.630000114440918,12.729999542236328,837400,0,0,0.013534961539819479,0.9492915501183238,11.9760000705719,13.178579247376572,10.773420893767227,12.275000095367432,10.845000267028809,11.896249771118164,13.27750015258789,15.130000114440918
2020-05-06,12.75,13.239999771118164,12.75,13.119999885559082,747200,0,0,0.030636320294340047,0.9783743501004593,12.113500070571899,13.168422745316134,11.058577395827664,12.335000038146973,10.900000095367432,11.869999885559082,13.27750015258789,15.489999771118164
2020-05-07,13.460000038146973,13.925000190734863,13.380000114440918,13.75,659400,0,0,0.048018301824403586,1.0253542249408378,12.252500057220459,13.39785616502361,11.107143949417308,12.796000003814697,11.242500305175781,11.913749933242798,13.27750015258789,15.949999809265137
2020-05-08,14.020000457763672,14.25,13.84000015258789,14.1899995803833,818300,0,0,0.031999969482421786,1.0581655288476168,12.378500032424927,13.770634093859323,10.986365970990532,12.958499908447266,11.40500020980835,11.84000015258789,13.2475004196167,16.690000534057617
2020-05-11,14.0,14.890000343322754,14.0,14.68000030517578,755200,0,0,0.034531412211588064,1.094705478912347,12.498500061035156,14.215713814764447,10.781286307305864,13.278500080108643,11.725000381469727,11.545000076293945,12.952500343322754,16.450000762939453
2020-05-12,14.75,14.881999969482422,14.020000457763672,14.06999969482422,869500,0,0,-0.04155317422823823,1.0492169914184952,12.591000032424926,14.43433140380695,10.747668661042901,13.278500080108643,12.12000036239624,11.365000247955322,12.77250051498413,16.940000534057617
2020-05-13,14.210000038146973,14.210000038146973,13.119999885559082,13.300000190734863,952100,0,0,-0.05472633410024941,0.9917971918024682,12.664000034332275,14.498100089630183,10.829899979034368,13.278500080108643,12.450500011444092,11.365000247955322,12.77250051498413,16.309999465942383
2020-05-14,13.039999961853027,13.199999809265137,12.720000267028809,13.199999809265137,846300,0,0,-0.0075188255665883386,0.9843400417198732,12.73450002670288,14.536572400053933,10.932427653351828,13.278500080108643,12.640000343322754,11.365000247955322,12.77250051498413,16.799999237060547
2020-05-15,13.130000114440918,13.640000343322754,12.949999809265137,13.539999961853027,656600,0,0,0.025757587689451578,1.0096942666607114,12.798000001907349,14.619735859993465,10.976264143821233,13.760000228881836,12.958500385284424,11.207500457763672,12.77250051498413,17.760000228881836
2020-05-18,14.170000076293944,14.510000228881836,13.890000343322754,14.010000228881836,874600,0,0,0.034711984368756665,1.0447427582622613,12.901000022888184,14.752332180217765,11.049667865558602,13.805000305175781,12.958500385284424,11.192500114440918,12.77250051498413,16.530000686645508
2020-05-19,13.960000038146973,14.369999885559082,13.859999656677246,14.06999969482422,603700,0,0,0.004282617056543314,1.0492169914184952,13.039499998092651,14.802427604575529,11.276572391609774,13.805000305175781,12.958500385284424,11.107500076293945,12.77250051498413,16.93000030517578
2020-05-20,14.380000114440918,14.800000190734863,14.279999732971191,14.699999809265137,822000,0,0,0.04477612850785406,1.0961968662588737,13.192000007629394,14.975532940995375,11.408467074263413,13.805000305175781,12.958500385284424,11.022500276565552,12.77250051498413,16.059999465942383
2020-05-21,14.68000030517578,14.720000267028809,14.095000267028809,14.34000015258789,454900,0,0,-0.024489772880836758,1.0693512539715089,13.32300000190735,15.037631122756533,11.608368881058166,13.805000305175781,12.958500385284424,11.022500276565552,12.77250051498413,16.170000076293945
2020-05-22,14.489999771118164,14.800000190734863,14.18000030517578,14.789999961853027,532300,0,0,0.03138073950326481,1.1029082871098783,13.463000011444091,15.17664027079359,11.749359752094593,13.801000118255615,12.958500385284424,11.022500276565552,12.77250051498413,16.610000610351562
2020-05-26,15.449999809265137,15.470000267028809,14.90999984741211,15.25,1184300,0,0,0.0311020986702788,1.137211049479838,13.61100001335144,15.404168989440644,11.817831037262236,14.095000267028809,13.248500347137451,11.035000324249268,12.77250051498413,17.309999465942383
2020-05-27,15.43000030517578,16.309999465942383,14.949999809265137,16.309999465942383,1301100,0,0,0.06950816170113994,1.2162564989954057,13.821499967575074,15.833344884195085,11.809655050955062,14.514999866485596,13.668499946594238,11.200250148773193,12.77250051498413,17.329999923706055
2020-05-28,16.299999237060547,16.399999618530273,15.229999542236328,15.31999969482422,940600,0,0,-0.06069894564898204,1.1424310118676624,13.943499946594239,16.007991115681246,11.87900877750723,14.674999713897705,13.889999866485596,11.157500267028809,12.77250051498413,17.260000228881836
2020-05-29,15.199999809265137,15.835000038146973,15.0600004196167,15.789999961853027,957200,0,0,0.03067886921613927,1.177479503469212,14.092999935150146,16.23700096772381,11.948998902576484,15.12999963760376,13.90999984741211,11.316750288009644,12.77250051498413,17.270000457763672
2020-06-01,15.789999961853027,16.75,15.720000267028809,16.649999618530273,1326100,0,0,0.0544648295601593,1.2416107239362437,14.318499898910522,16.54153498566705,12.095464812153995,15.304999828338623,14.09000015258789,11.316750288009644,12.77250051498413,18.0
2020-06-02,16.93000030517578,16.940000534057617,16.09000015258789,16.540000915527344,858700,0,0,-0.006606528860247485,1.2334079868553662,14.517499923706055,16.787815048168547,12.247184799243563,15.517500400543213,14.303500175476074,11.316750288009644,12.77250051498413,18.200000762939453
2020-06-03,16.829999923706055,17.670000076293945,16.729999542236328,17.6299991607666,1350700,0,0,0.06590073669318808,1.314690481832397,14.762499904632568,17.257357868705576,12.267641940559558,15.882500171661377,14.668499946594238,11.214250326156616,12.77250051498413,17.790000915527344
2020-06-04,17.200000762939453,18.170000076293945,16.260000228881836,16.670000076293945,2554600,0,0,-0.05445258821163279,1.2431021823994244,14.939999914169311,17.447413217199802,12.432586611138818,16.175000190734863,14.918499946594238,11.254250288009644,12.77250051498413,16.790000915527344
2020-06-05,15.81999969482422,17.3700008392334,15.720000267028809,16.309999465942383,3180100,0,0,-0.021595717378760648,1.2162564989954059,15.067999887466431,17.58077459992666,12.555225175006203,16.539999961853027,14.918499946594238,11.441750288009644,12.77250051498413,16.670000076293945
2020-06-08,16.149999618530273,16.360000610351562,15.649999618530272,16.110000610351562,1956400,0,0,-0.01226234593130715,1.2013423410635238,15.163999938964844,17.682021934271642,12.645977943658048,16.55999994277954,14.918499946594238,11.441750288009644,12.77250051498413,16.670000076293945
2020-06-09,15.529999732971191,16.030000686645508,15.3100004196167,15.600000381469728,1559300,0,0,-0.031657368687753595,1.1633110036522667,15.209999942779541,17.72454753060478,12.695452354954302,16.615000247955322,14.918499946594238,11.441750288009644,12.77250051498413,16.219999313354492
2020-06-10,16.06999969482422,16.6200008392334,15.960000038146973,16.170000076293945,1067800,0,0,0.036538441082430095,1.2058165742197577,15.314999961853028,17.80536923020782,12.824630693498237,16.615000247955322,15.400000095367432,11.53000020980835,12.77250051498413,16.3700008392334
2020-06-11,15.609999656677246,15.68000030517578,14.90999984741211,15.130000114440918,1327200,0,0,-0.0643166330826257,1.1282625120507168,15.40649995803833,17.72038604710979,13.09261386896687,16.539999961853027,15.445000171661377,11.56000018119812,12.525000095367432,17.190000534057617
2020-06-12,15.770000457763672,15.829999923706056,15.109999656677246,15.489999771118164,1247200,0,0,0.023793764306296428,1.1551081243380814,15.520999956130982,17.598997816196007,13.443002096065957,16.539999961853027,15.445000171661377,11.617500066757202,12.500000476837158,16.690000534057617
2020-06-15,15.0,16.1200008392334,14.970000267028809,15.949999809265137,1433500,0,0,0.0296965813391854,1.189410886708041,15.641499948501586,17.513158284486014,13.769841612517157,16.539999961853027,15.445000171661377,12.01925015449524,12.500000476837158,16.579999923706055
2020-06-16,16.389999389648438,16.959999084472656,16.06999969482422,16.690000534057617,2126300,0,0,0.046395030322359254,1.2445936408626048,15.775499963760376,17.540318973835028,14.010680953685725,16.539999961853027,15.445000171661377,12.181750059127808,12.500000476837158,16.3700008392334
2020-06-17,16.889999389648438,17.093000411987305,16.260000228881836,16.450000762939453,1149200,0,0,-0.014379854010694637,1.2266965660043616,15.894500017166138,17.494872951813136,14.29412708251914,16.140000343322754,15.445000171661377,12.501750230789185,12.500000476837158,16.15999984741211
2020-06-18,16.34000015258789,16.989999771118164,16.25,16.940000534057617,1256900,0,0,0.02978721874725343,1.263236444952438,16.006500053405762,17.5695053513295,14.443494755482027,16.001500129699707,15.445000171661377,12.699250221252441,12.500000476837158,16.3700008392334
2020-06-19,16.860000610351562,17.149999618530273,16.290000915527344,16.309999465942383,2907200,0,0,-0.037190144525003244,1.2162564989954057,16.105000019073486,17.469130052949385,14.740869985197588,16.02999973297119,15.445000171661377,12.864500045776367,12.500000476837158,16.1200008392334
2020-06-22,16.34000015258789,17.030000686645508,16.200000762939453,16.799999237060547,1065700,0,0,0.030042905405444964,1.2527963779434823,16.205499982833864,17.45771351168354,14.953286453984186,16.02999973297119,15.559999942779541,12.959250211715698,12.500000476837158,16.6299991607666
2020-06-23,17.18000030517578,18.600000381469727,17.170000076293945,17.760000228881836,2832900,0,0,0.05714291877487354,1.3243848196097625,16.330999994277953,17.675744590158644,14.986255398397262,16.755000114440918,16.230000019073486,13.35925030708313,12.500000476837158,16.510000228881836
2020-06-24,17.510000228881836,17.639999389648438,16.3700008392334,16.530000686645508,2176500,0,0,-0.06925673008922972,1.232662257623776,16.34200005531311,17.68950386429207,14.994496246334153,16.785000324249268,16.230000019073486,13.381750345230103,12.130000114440918,16.81999969482422
2020-06-25,16.889999389648438,17.104999542236328,16.479999542236328,16.93000030517578,1515900,0,0,0.02419840301963383,1.2624907157208478,16.422500085830688,17.706355126789468,15.138645044871907,16.785000324249268,16.347500324249268,13.381750345230103,11.75,17.360000610351562
2020-06-26,16.8799991607666,17.0,15.9399995803833,16.059999465942383,2264400,0,0,-0.05138811716190139,1.1976136949055722,16.436000061035156,17.69823167422023,15.173768447850078,17.269999980926514,16.347500324249268,13.381750345230103,11.725000381469727,17.579999923706055
2020-06-29,16.18000030517578,16.43000030517578,15.5600004196167,16.170000076293945,1147300,0,0,0.006849353300716787,1.2058165742197573,16.41200008392334,17.675307692126697,15.148692475719978,17.080000400543213,16.390000343322754,13.381750345230103,11.725000381469727,18.149999618530277
2020-06-30,16.190000534057617,16.690000534057617,16.010000228881836,16.610000610351562,1311300,0,0,0.027210917253035705,1.2386279492431902,16.41550006866455,17.68061292523113,15.150387212097968,17.080000400543213,16.755000114440918,13.37975025177002,11.725000381469727,18.11000061035156
2020-07-01,16.56999969482422,17.43000030517578,16.40999984741211,17.309999465942383,1217800,0,0,0.04214321672899701,1.2908277153547392,16.39950008392334,17.609054517419246,15.189945650427433,17.080000400543213,16.755000114440918,13.67175030708313,12.015000343322754,17.34000015258789
2020-07-02,17.5,18.06999969482422,17.260000228881836,17.329999923706055,1583300,0,0,0.00115542798271151,1.2923191738179196,16.432500076293945,17.70485446546716,15.16014568712073,17.080000400543213,16.755000114440918,14.091749906539917,12.434999942779541,16.389999389648438
2020-07-06,17.6200008392334,17.739999771118164,17.030000686645508,17.260000228881836,1082700,0,0,-0.00403922072316143,1.2870992114300954,16.48000011444092,17.80105208079902,15.15894814808282,17.080000400543213,16.755000114440918,14.28249979019165,12.480000019073486,16.450000762939453
2020-07-07,17.139999389648438,17.860000610351562,17.030000686645508,17.270000457763672,1268900,0,0,0.0005793875289237249,1.2878449406616856,16.538000106811523,17.89080529938833,15.185194914234716,16.81500005722046,16.755000114440918,14.519999742507935,12.480000019073486,16.559999465942383
2020-07-08,17.309999465942383,18.020000457763672,17.239999771118164,18.0,1000500,0,0,0.04226980445204087,1.3422818944680053,16.65800008773804,18.081420216263236,15.23457995921284,16.81500005722046,16.755000114440918,14.697499990463257,12.65500020980835,17.040000915527344
2020-07-09,18.200000762939453,18.545000076293945,17.760000228881836,18.200000762939453,1115300,0,0,0.011111153496636383,1.3571961946331952,16.759500122070314,18.314194228462892,15.204806015677736,17.052500247955322,16.755000114440918,14.910500288009644,12.750000476837158,16.93000030517578
2020-07-10,18.11000061035156,18.145000457763672,17.600000381469727,17.790000915527344,918600,0,0,-0.022527463199176867,1.326622007304533,16.892500162124634,18.31495820332788,15.470042120921388,17.052500247955322,16.755000114440918,15.275500059127808,13.115000247955322,17.100000381469727
2020-07-13,18.0,18.09000015258789,16.65999984741211,16.790000915527344,1533700,0,0,-0.05621135180084147,1.2520507909451994,16.957500219345093,18.226640826263942,15.688359612426243,17.27750015258789,16.755000114440918,15.54675006866455,13.365000247955322,17.360000610351562
2020-07-14,16.75,17.1200008392334,16.229999542236328,16.670000076293945,1072800,0,0,-0.0071471609702190575,1.243102182399424,16.993500232696533,18.1838596361464,15.803140829246667,17.387499809265137,16.755000114440918,15.729249954223633,13.365000247955322,17.239999771118164
2020-07-15,16.899999618530273,17.075000762939453,16.31999969482422,16.670000076293945,1008700,0,0,0.0,1.243102182399424,16.992500209808348,18.183922460252212,15.801077959364482,17.387499809265137,16.755000114440918,15.73924994468689,13.365000247955322,17.75
2020-07-16,16.600000381469727,16.674999237060547,16.1200008392334,16.219999313354492,755300,0,0,-0.026994646723450866,1.2095450781444006,16.9810001373291,18.197595710496195,15.764404564162005,17.332500457763672,16.755000114440918,15.76675009727478,13.365000247955322,17.610000610351562
2020-07-17,16.219999313354492,16.479999542236328,15.9350004196167,16.3700008392334,697200,0,0,0.009247936635570886,1.2207308743849465,16.95250015258789,18.198277722349495,15.706722582826288,17.240000247955322,16.755000114440918,16.007500171661377,13.365000247955322,17.56999969482422
2020-07-20,16.329999923706055,17.28499984741211,16.270000457763672,17.190000534057617,764600,0,0,0.05009160982197103,1.2818792490422708,16.99650020599365,18.20979014978735,15.783210262199955,17.240000247955322,16.785000324249268,15.992500066757202,13.365000247955322,17.610000610351562
2020-07-21,17.40999984741211,17.40999984741211,16.565000534057617,16.690000534057617,1174100,0,0,-0.029086677397675342,1.244593640862604,16.991000270843507,18.20884147226917,15.773159069417844,17.240000247955322,16.785000324249268,15.992500066757202,13.365000247955322,17.989999771118164
2020-07-22,16.649999618530273,16.959999084472656,16.420000076293945,16.579999923706055,681800,0,0,-0.0065908092769138005,1.2363907615484189,16.932000255584718,18.108285893910185,15.755714617259251,17.040000438690186,17.080000400543213,15.992500066757202,13.365000247955322,18.11000061035156
2020-07-23,16.56999969482422,17.0,16.18000030517578,16.3700008392334,799500,0,0,-0.012665807324425904,1.2207308743849463,16.92400026321411,18.113359226165148,15.734641300263075,17.012500286102295,17.080000400543213,15.992500066757202,13.365000247955322,18.770000457763672
2020-07-24,16.15999984741211,16.415000915527344,15.859999656677246,16.15999984741211,483100,0,0,-0.012828404462752796,1.2050708449881664,16.88550024032593,18.121053098461417,15.64994738219044,16.634999752044678,17.080000400543213,15.792500257492065,13.365000247955322,19.86000061035156
2020-07-27,16.170000076293945,16.489999771118164,16.010000228881836,16.3700008392334,485700,0,0,0.012995111002734205,1.2207308743849463,16.90100030899048,18.101652951000403,15.700347666980555,16.634999752044678,17.080000400543213,15.723250150680542,13.760000228881836,20.1299991607666
2020-07-28,16.34000015258789,16.510000228881836,16.045000076293945,16.1200008392334,424100,0,0,-0.015271837946448596,1.2020880702951129,16.89850034713745,18.10549114321521,15.691509551059687,16.634999752044678,17.080000400543213,15.737499952316284,14.090499877929688,19.59000015258789
2020-07-29,16.280000686645508,16.75,16.280000686645508,16.6299991607666,507800,0,0,0.03163761135123222,1.2401192654730624,16.8995002746582,18.1055560392873,15.693444510029103,16.634999752044678,17.080000400543213,15.794999837875366,14.28000020980835,17.530000686645508
2020-07-30,16.31999969482422,16.6299991607666,15.880000114440918,16.510000228881836,684500,0,0,-0.007215811060764632,1.2311707991605945,16.859500312805174,18.061458637737744,15.657541987872605,16.634999752044678,17.052500247955322,16.492500066757202,14.81350040435791,16.450000762939453
2020-07-31,16.610000610351562,16.84000015258789,16.260000228881836,16.81999969482422,591800,0,0,0.018776466483633625,1.2542878364066619,16.834000301361083,18.016214814087057,15.65178578863511,16.634999752044678,17.052500247955322,16.507500171661377,14.81350040435791,16.260000228881836
2020-08-03,17.0,17.3799991607666,16.81999969482422,17.360000610351562,656700,0,0,0.03210469234987623,1.2945563615126896,16.83900032043457,18.029285401705234,15.648715239163911,16.619999408721924,17.052500247955322,16.566250324249268,14.81350040435791,16.81999969482422
2020-08-04,17.350000381469727,17.780000686645508,17.309999465942383,17.579999923706055,659500,0,0,0.012672771061039478,1.3109619779077522,16.85450029373169,18.074855321741353,15.634145265722024,16.820000171661377,17.052500247955322,16.80875015258789,14.81350040435791,16.420000076293945
2020-08-05,17.770000457763672,18.25,17.639999389648438,18.149999618530277,919000,0,0,0.03242319097257762,1.3534675484752432,16.862000274658204,18.112228410047326,15.61177213926908,17.054999828338623,17.202499866485596,16.735000371932983,14.81350040435791,15.970000267028809
2020-08-06,18.190000534057617,18.309999465942383,17.889999389648438,18.11000061035156,600600,0,0,-0.0022038021498292926,1.3504847737821892,16.857500267028808,18.088731695567915,15.6262688384897,17.09499979019165,17.202499866485596,16.917500257492065,14.81350040435791,16.31999969482422
2020-08-07,17.93000030517578,18.125,17.09000015258789,17.34000015258789,854500,0,0,-0.042517969730135774,1.293064903049509,16.835000228881835,18.011919614831594,15.658080842932076,17.09499979019165,17.202499866485596,16.917500257492065,14.81350040435791,15.920000076293944
2020-08-10,17.34000015258789,17.368999481201172,16.18000030517578,16.389999389648438,894100,0,0,-0.05478666404727062,1.222222190614819,16.815000152587892,18.007959084508926,15.622041220666858,17.09499979019165,17.202499866485596,16.917500257492065,14.81350040435791,15.399999618530272
2020-08-11,16.459999084472656,16.799999237060547,15.960000038146973,16.450000762939453,796500,0,0,0.003660852686114824,1.2266965660043603,16.804000186920167,18.006226156596938,15.601774217243394,17.09499979019165,17.202499866485596,16.917500257492065,14.990000247955322,15.220000267028809
2020-08-12,16.670000076293945,16.959999084472656,16.469999313354492,16.559999465942383,687600,0,0,0.006686850936247213,1.2348993030852378,16.79850015640259,18.004166801721844,15.592833511083334,17.134999752044678,17.202499866485596,16.78500008583069,15.010000228881836,15.31999969482422
2020-08-13,16.530000686645508,17.459999084472656,16.530000686645508,17.040000915527344,427000,0,0,0.028985595716481738,1.2706935950350315,16.83950023651123,18.018890443663288,15.660110029359174,17.134999752044678,17.202499866485596,16.78500008583069,15.015000343322754,15.850000381469728
2020-08-14,16.989999771118164,17.059999465942383,16.719999313354492,16.93000030517578,358500,0,0,-0.006455434532948057,1.2624907157208465,16.867500209808348,18.027189115883658,15.707811303733036,17.134999752044678,17.084999561309814,16.90375018119812,15.133500099182129,15.699999809265137
2020-08-17,16.979999542236328,17.15999984741211,16.809999465942383,17.100000381469727,327700,0,0,0.01004135104722792,1.2751678281912655,16.863000202178956,18.018291109917055,15.707709294440859,17.134999752044678,17.084999561309814,16.90375018119812,15.133500099182129,14.65999984741211
2020-08-18,17.200000762939453,17.5,17.1200008392334,17.360000610351562,443700,0,0,0.015204691408286841,1.294556361512689,16.896500205993654,18.068699137032997,15.72430127495431,17.134999752044678,17.084999561309814,17.016250133514404,15.133500099182129,15.039999961853027
2020-08-19,17.479999542236328,17.520000457763672,16.989999771118164,17.239999771118164,379200,0,0,-0.0069124904962182265,1.2856077529669137,16.92950019836426,18.101357514386716,15.757642882341802,17.042500019073486,17.084999561309814,17.071249961853027,15.133500099182129,15.470000267028809
2020-08-20,17.110000610351562,17.795000076293945,17.100000381469727,17.75,430000,0,0,0.02958238025827753,1.3236390903781705,16.99850015640259,18.192996617117252,15.804003695687927,16.87750005722046,17.084999561309814,17.071249961853027,15.133500099182129,15.40999984741211
2020-08-21,17.489999771118164,17.729999542236328,17.34000015258789,17.610000610351562,701700,0,0,-0.007887289557658494,1.3131991656025221,17.071000194549562,18.228158760213635,15.913841628885491,16.87750005722046,17.084999561309814,17.043750286102295,15.133500099182129,15.40999984741211
2020-08-24,17.809999465942383,18.0,17.350000381469727,17.56999969482422,484700,0,0,-0.0022714885940339213,1.310216248676161,17.131000137329103,18.260357337350882,16.001642937307324,17.234999656677246,17.084999561309814,16.99750018119812,15.615000247955322,15.18000030517578
2020-08-25,17.520000457763672,17.719999313354492,17.110000610351562,17.610000610351562,448300,0,0,0.0022766600012593674,1.3131991656025221,17.20550012588501,18.25083857643143,16.16016167533859,17.265000343322754,17.084999561309814,17.012500286102295,15.660000324249268,15.260000228881836
2020-08-26,17.56999969482422,18.21999931335449,17.56999969482422,17.989999771118164,872100,0,0,0.02157860009063417,1.3415361652364135,17.273500156402587,18.33722191312941,16.209778399675763,17.469999313354492,17.084999561309814,17.012500286102295,15.660000324249268,15.649999618530272
2020-08-27,17.920000076293945,18.184999465942383,17.3700008392334,18.11000061035156,1001800,0,0,0.006670419163987473,1.3504847737821888,17.353500175476075,18.416157042587812,16.290843308364337,17.514999389648438,17.084999561309814,17.0600004196167,15.660000324249268,15.369999885559082
2020-08-28,18.25,19.049999237060547,18.200000762939453,18.770000457763672,914700,0,0,0.03644394396292072,1.3997017652006845,17.451000213623047,18.650557764022107,16.251442663223987,18.019999504089355,17.454999446868896,17.046250343322754,15.660000324249268,15.460000038146973
2020-08-31,18.770000457763672,20.01000022888184,18.770000457763672,19.86000061035156,1681000,0,0,0.058071397229883415,1.4809844024110224,17.576000213623047,19.172071172968124,15.979929254277968,18.5,17.945000171661377,16.857500076293945,15.660000324249268,15.899999618530272
2020-09-01,20.290000915527344,20.290000915527344,19.3700008392334,20.1299991607666,1328300,0,0,0.013595092755148919,1.501118522730729,17.703500175476073,19.653004298313412,15.753996052638735,18.695000648498535,18.08500051498413,16.857500076293945,15.660000324249268,16.0
2020-09-02,20.299999237060547,20.899999618530277,19.100000381469727,19.59000015258789,1075100,0,0,-0.026825585230583093,1.460850139858009,17.775500202178954,19.88710219320601,15.663898211151897,19.005000114440918,18.389999866485596,16.857500076293945,15.660000324249268,16.18000030517578
2020-09-03,19.149999618530277,19.26000022888184,17.413000106811523,17.530000686645508,1738200,0,0,-0.10515566359861672,1.307233473983108,17.74650020599365,19.85482300350792,15.638177408479383,19.005000114440918,18.389999866485596,16.857500076293945,15.775000095367432,16.780000686645508
2020-09-04,18.63999938964844,18.850000381469727,15.6899995803833,16.450000762939453,2194800,0,0,-0.0616086640845831,1.22669656600436,17.702000236511232,19.879951001382295,15.524049471640168,18.294999599456787,18.294999599456787,16.84375,16.230000019073486,17.31999969482422
2020-09-08,16.020000457763672,17.31999969482422,15.859999656677246,16.260000228881836,1403800,0,0,-0.011550183905503109,1.2125279950707606,17.6955002784729,19.88996743858744,15.501033118358357,18.294999599456787,18.294999599456787,16.84375,16.230000019073486,17.34000015258789
2020-09-09,16.649999618530273,17.075000762939453,16.18000030517578,16.81999969482422,1062300,0,0,0.03444031107377743,1.2542878364066612,17.71400022506714,19.871691202764385,15.556309247369892,18.294999599456787,18.294999599456787,16.836249828338623,16.347500324249268,17.979999542236328
2020-09-10,16.940000534057617,17.3799991607666,16.3700008392334,16.420000076293945,949400,0,0,-0.023781190593800017,1.2244593783095894,17.707000255584717,19.880643812219624,15.53335669894981,18.294999599456787,18.294999599456787,16.93625020980835,16.347500324249268,17.75
2020-09-11,16.510000228881836,16.59000015258789,15.779999732971191,15.970000267028809,731100,0,0,-0.027405591179918143,1.19090234517122,17.65350022315979,19.941127830568774,15.365872615750803,18.294999599456787,18.294999599456787,17.12874984741211,16.390000343322754,17.8799991607666
2020-09-14,16.239999771118164,16.520000457763672,16.040000915527344,16.31999969482422,760600,0,0,0.021916056477344403,1.2170022282269943,17.623000192642213,19.964619274022322,15.281381111262103,18.294999599456787,18.294999599456787,17.148749828338623,16.755000114440918,17.860000610351562
2020-09-15,16.469999313354492,16.639999389648438,15.760000228881836,15.920000076293944,1152500,0,0,-0.024509781005518816,1.1871737701299223,17.564000177383424,20.013528836256523,15.114471518510324,18.294999599456787,18.294999599456787,17.148749828338623,16.755000114440918,17.969999313354492
2020-09-16,15.869999885559082,16.268999099731445,15.34000015258789,15.399999618530272,1085500,0,0,-0.03266334518038039,1.148396703487075,17.46600012779236,20.092741938935472,14.839258316649246,17.300000190734863,18.119999885559082,17.148749828338623,16.755000114440918,17.829999923706055
2020-09-17,15.079999923706056,15.329999923706056,14.869999885559082,15.220000267028809,676000,0,0,-0.011688269867544454,1.1349739329017197,17.36500015258789,20.17002113515796,14.559979170017817,16.860000133514404,17.884999752044678,17.148749828338623,16.755000114440918,17.450000762939453
2020-09-18,15.359999656677246,15.550000190734863,14.9350004196167,15.31999969482422,1855100,0,0,0.006570264523059199,1.1424310118676608,17.2435001373291,20.18017164905112,14.30682862560708,16.124999523162842,17.884999752044678,17.168749809265137,16.755000114440918,17.350000381469727
2020-09-21,14.960000038146973,15.899999618530272,14.960000038146973,15.850000381469728,1494200,0,0,0.034595345770441766,1.1819538077420981,17.15550012588501,20.148522973062477,14.162477278707541,16.124999523162842,17.884999752044678,17.168749809265137,16.755000114440918,17.25
2020-09-22,15.989999771118164,16.084999084472656,15.289999961853027,15.699999809265137,1424400,0,0,-0.009463758270943479,1.1707680826182056,17.062000131607057,20.11428294793816,14.009717315275953,16.124999523162842,17.884999752044678,17.109999656677246,16.755000114440918,16.93000030517578
2020-09-23,15.600000381469728,15.670000076293944,14.600000381469728,14.65999984741211,1203500,0,0,-0.0662420365915728,1.093214020449165,16.914500093460084,20.129198789917066,13.699801397003101,15.619999885559082,17.750000000000004,17.109999656677246,16.755000114440918,17.399999618530273
2020-09-24,14.550000190734863,15.149999618530272,14.380000114440918,15.039999961853027,858100,0,0,0.025920881200281798,1.1215510911997102,16.767000102996825,20.04158113948655,13.4924190665071,15.509999752044678,17.639999866485596,17.109999656677246,16.755000114440918,16.579999923706055
2020-09-25,15.0,15.5600004196167,14.928000450134276,15.470000267028809,803400,0,0,0.02859044589537363,1.1536167369915529,16.63500008583069,19.895041144954398,13.374959026706984,15.509999752044678,17.639999866485596,17.06374979019165,16.755000114440918,16.579999923706055
2020-09-28,15.68000030517578,15.729999542236328,15.279999732971191,15.40999984741211,612100,0,0,-0.00387850152430691,1.1491424327186652,16.46700005531311,19.612714761681396,13.321285348944826,15.324499607086182,17.639999866485596,16.981249809265137,16.755000114440918,17.510000228881836
2020-09-29,15.479999542236328,15.739999771118164,15.31999969482422,15.40999984741211,599000,0,0,0.0,1.1491424327186652,16.24450001716614,19.000135588692434,13.488864445639846,15.232499599456787,17.639999866485596,16.981249809265137,16.755000114440918,18.299999237060547
2020-09-30,15.289999961853027,15.614999771118164,15.06999969482422,15.18000030517578,856400,0,0,-0.014925343576493,1.1319910870920122,15.997000074386596,18.123607151212962,13.87039299756023,15.232499599456787,17.639999866485596,17.15999960899353,16.755000114440918,18.770000457763672
2020-10-01,15.260000228881836,15.510000228881836,15.100000381469728,15.260000228881836,885500,0,0,0.005270087094713771,1.1379567787114269,15.780500078201294,17.134214934638237,14.42678522176435,15.232499599456787,17.639999866485596,17.174999952316284,16.785000324249268,19.209999084472656
2020-10-02,14.859999656677246,15.800000190734863,14.630000114440918,15.649999618530272,916400,0,0,0.025556971415393814,1.1670395075769084,15.686500024795532,16.77342430785883,14.599575741732233,15.232499599456787,17.639999866485596,17.277499437332153,16.785000324249268,18.709999084472656
2020-10-05,15.760000228881836,15.760000228881836,15.220000267028809,15.369999885559082,723000,0,0,-0.017891357175476075,1.1461595869089583,15.632499980926514,16.667875993520934,14.597123968332095,15.09000015258789,17.639999866485596,17.299999475479126,17.080000400543213,17.459999084472656
2020-10-06,15.369999885559082,15.82699966430664,15.270000457763672,15.460000038146973,746100,0,0,0.0058555727558886606,1.1528710077599629,15.59249997138977,16.588460003661268,14.596539939118273,15.10349988937378,17.639999866485596,17.737499475479126,17.304999828338623,18.030000686645508
2020-10-07,15.600000381469728,16.040000915527344,15.600000381469728,15.899999618530272,841100,0,0,0.028460516125330848,1.1856823116667417,15.546499967575073,16.381872845159293,14.711127089990853,15.33500051498413,17.639999866485596,18.22250008583069,17.785000324249268,17.989999771118164
2020-10-08,16.100000381469727,16.200000762939453,15.81999969482422,16.0,975700,0,0,0.006289332318799801,1.1931394617493365,15.525499963760376,16.289290654380817,14.761709273139935,15.415000438690186,17.639999866485596,18.390000581741333,17.92500066757202,18.040000915527344
2020-10-09,16.139999389648438,16.270000457763672,16.020000457763672,16.18000030517578,582800,0,0,0.011250019073486328,1.2065623034513457,15.535999965667724,16.32946939520375,14.742530536131701,15.450000286102295,16.820000171661377,18.697499990463257,18.230000019073486,18.059999465942383
2020-10-12,16.350000381469727,16.790000915527344,16.200000762939453,16.780000686645508,934300,0,0,0.03708284117138083,1.2513050617136074,15.559000015258789,16.462367895203034,14.655632135314542,15.71000051498413,16.615000247955322,18.697499990463257,18.230000019073486,18.280000686645508
2020-10-13,16.719999313354492,17.43000030517578,16.5,17.31999969482422,907800,0,0,0.03218110763299742,1.2915734445863276,15.628999996185303,16.81091506090781,14.447084931462795,16.03000020980835,15.90500020980835,18.294999599456787,18.230000019073486,17.31999969482422
2020-10-14,17.329999923706055,17.604999542236328,16.889999389648438,17.34000015258789,3346700,0,0,0.0011547608612054727,1.2930649030495083,15.726000022888183,17.118905679906508,14.333094365869856,16.117499828338623,15.992499828338623,18.294999599456787,18.230000019073486,17.829999923706055
2020-10-15,16.969999313354492,18.0,16.740999221801758,17.979999542236328,1688900,0,0,0.03690884567569741,1.3407904360048233,15.86399998664856,17.548824893550925,14.179175079746194,16.610000133514404,16.19000005722046,18.294999599456787,18.230000019073486,18.299999237060547
2020-10-16,17.979999542236328,18.290000915527344,17.729999542236328,17.75,916800,0,0,-0.012791965967298369,1.3236390903781705,15.985500001907349,17.839763055469547,14.13123694834515,16.780000686645508,16.33500051498413,18.294999599456787,18.230000019073486,18.8799991607666
2020-10-19,17.790000915527344,18.229999542236328,17.670000076293945,17.8799991607666,592200,0,0,0.007323896381216999,1.3333332859222287,16.086999940872193,18.116434067705118,14.057565814039268,16.945000648498535,16.33500051498413,18.294999599456787,18.294999599456787,18.59000015258789
2020-10-20,18.0,18.100000381469727,17.270000457763672,17.860000610351562,5122800,0,0,-0.0011184872121762224,1.3318419696923558,16.194999980926514,18.357577909668255,14.032422052184774,17.05500030517578,16.33500051498413,18.294999599456787,18.294999599456787,18.790000915527344
2020-10-21,18.020000457763672,18.280000686645508,17.790000915527344,17.969999313354492,560900,0,0,0.006158941726976952,1.3400447067732333,16.360499954223634,18.534574857451574,14.186425050995693,17.155000686645508,16.33500051498413,18.294999599456787,18.294999599456787,19.049999237060547
2020-10-22,18.1200008392334,18.200000762939453,17.3799991607666,17.829999923706055,606000,0,0,-0.007790728714407669,1.3296047819975851,16.499999952316283,18.6753069892508,14.324692915381766,17.2450008392334,16.33500051498413,17.710000038146973,18.119999885559082,19.01000022888184
2020-10-23,17.850000381469727,17.899999618530273,17.170000076293945,17.450000762939453,697600,0,0,-0.02131234786273717,1.3012677823636938,16.598999977111816,18.757773039365176,14.440226914858458,17.395000457763672,16.33500051498413,17.37249994277954,17.884999752044678,19.280000686645508
2020-10-26,17.239999771118164,17.600000381469727,16.760000228881836,17.350000381469727,991400,0,0,-0.005730680635963603,1.293810632281099,16.696000003814696,18.80560866872486,14.58639133890453,17.51550006866455,16.33500051498413,17.00499963760376,17.884999752044678,18.709999084472656
2020-10-27,17.459999084472656,17.459999084472656,16.959999084472656,17.25,498700,0,0,-0.005763710620809492,1.286353482198504,16.78800001144409,18.823656426160838,14.752343596727343,17.51550006866455,16.33500051498413,17.00499963760376,17.884999752044678,19.31999969482422
2020-10-28,16.90999984741211,17.0,16.579999923706055,16.93000030517578,1134400,0,0,-0.01855070694633154,1.2624907157208465,16.875500011444093,18.771342802591555,14.979657220296632,17.4350004196167,16.33500051498413,17.00499963760376,17.884999752044678,15.68000030517578
2020-10-29,17.0,17.5,16.920000076293945,17.399999618530273,906100,0,0,0.027761329290159953,1.2975391362057427,16.982499980926512,18.736313761346732,15.228686200506292,17.43000030517578,16.33500051498413,16.68499994277954,17.750000000000004,16.139999389648438
2020-10-30,17.25,17.25,16.329999923706055,16.579999923706055,863500,0,0,-0.04712642027594949,1.2363907615484184,17.028999996185302,18.684559139086083,15.373440853284519,17.30500030517578,16.46000051498413,16.574999809265137,17.639999866485596,15.90999984741211
2020-11-02,16.600000381469727,16.809999465942383,16.139999389648438,16.579999923706055,765400,0,0,0.0,1.2363907615484184,17.089499998092652,18.576225960230854,15.602774035954448,17.210000038146973,16.46000051498413,16.574999809265137,17.639999866485596,15.260000228881836
2020-11-03,16.799999237060547,17.65999984741211,16.6200008392334,17.510000228881836,750800,0,0,0.056091695383307494,1.305742015519928,17.192000007629396,18.48302773003369,15.900972285225102,17.170000076293945,16.46000051498413,16.48224973678589,17.639999866485596,15.279999732971191
2020-11-04,17.700000762939453,18.399999618530277,17.559999465942383,18.299999237060547,904200,0,0,0.04511701872371465,1.3646532024824816,17.311999988555907,18.544572343423923,16.079427633687892,17.269999504089355,16.514999866485596,16.43624973297119,17.639999866485596,15.100000381469728
2020-11-05,18.65999984741211,19.062000274658203,18.51499938964844,18.770000457763672,888900,0,0,0.0256831278851255,1.3997017652006851,17.450500011444092,18.684775245487213,16.21622477740097,17.60099983215332,16.84600019454956,16.43624973297119,17.639999866485596,15.079999923706056
2020-11-06,18.75,19.25,18.299999237060547,19.209999084472656,676800,0,0,0.02344158849111766,1.4325129979908107,17.601999950408935,18.917370213888802,16.286629686929068,17.69499969482422,16.94000005722046,16.43624973297119,17.639999866485596,14.970000267028809
2020-11-09,19.399999618530277,20.049999237060547,18.709999084472656,18.709999084472656,1553300,0,0,-0.0260281115996589,1.3952273898111438,17.698499870300292,19.041685120541743,16.35531462005884,18.094999313354492,17.634999752044678,16.43624973297119,17.639999866485596,15.449999809265137
2020-11-10,18.6200008392334,18.81999969482422,17.40999984741211,17.459999084472656,1334100,0,0,-0.0668091962140912,1.3020133693619769,17.705499839782714,19.042093792598486,16.368905886966942,18.094999313354492,17.65999984741211,16.365000009536743,17.639999866485596,15.890000343322754
2020-11-11,17.719999313354492,18.309999465942383,17.540000915527344,18.030000686645508,764300,0,0,0.03264614158426604,1.3445190821627753,17.739999866485597,19.07264778847417,16.407351944497023,18.094999313354492,17.824999809265137,16.371749877929688,17.639999866485596,15.93000030517578
2020-11-12,18.049999237060547,18.3799991607666,17.889999389648438,17.989999771118164,435700,0,0,-0.0022185753745961323,1.3415361652364144,17.740499877929686,19.073519091307876,16.407480664551496,18.094999313354492,17.934999465942383,16.487500190734863,17.639999866485596,16.18000030517578
2020-11-13,18.1200008392334,18.190000534057617,17.68000030517578,18.040000915527344,367200,0,0,0.002779385494459774,1.3452648113943657,17.754999923706055,19.094480545090136,16.415519302321975,18.335000038146973,18.03499984741211,16.52750015258789,17.639999866485596,17.049999237060547
2020-11-16,17.989999771118164,18.229999542236328,17.809999465942383,18.059999465942383,535900,0,0,0.001108567039917796,1.3467561276242388,17.763999938964844,19.109187745322963,16.418812132606725,18.729999542236328,18.094999313354492,16.135000228881836,17.639999866485596,16.760000228881836
2020-11-17,18.040000915527344,18.290000915527344,17.739999771118164,18.280000686645508,663100,0,0,0.012181684784543068,1.3631618862526091,17.784999942779542,19.148714661784883,16.421285223774202,18.729999542236328,18.094999313354492,16.162500381469727,17.639999866485596,16.889999389648438
2020-11-18,18.32999992370605,18.32999992370605,17.309999465942383,17.31999969482422,813500,0,0,-0.052516463663079604,1.291573444586329,17.752499961853026,19.128088986647867,16.376910937058184,18.679999351501465,18.094999313354492,15.96750020980835,17.639999866485596,16.110000610351562
2020-11-19,17.299999237060547,17.8799991607666,17.170000076293945,17.829999923706055,594400,0,0,0.029445741216395094,1.329604781997586,17.752499961853026,19.128088986647867,16.376910937058184,18.609999656677246,18.094999313354492,16.054999828338623,17.639999866485596,15.9399995803833
2020-11-20,17.75,18.34000015258789,17.649999618530273,18.299999237060547,628100,0,0,0.02636002890440836,1.364653202482482,17.794999885559083,19.18318106683304,16.406818704285126,17.994999885559082,18.094999313354492,16.40000009536743,17.639999866485596,15.800000190734863
2020-11-23,18.43000030517578,18.950000762939453,18.200000762939453,18.8799991607666,587500,0,0,0.0316939862233141,1.4079045022815633,17.871499824523926,19.321108553362418,16.421891095685435,18.0600004196167,18.094999313354492,16.55750060081482,17.639999866485596,15.720000267028809
2020-11-24,19.01000022888184,19.170000076293945,18.559999465942383,18.59000015258789,516400,0,0,-0.015360117641389559,1.3862789234986765,17.93849983215332,19.390909422748,16.48609024155864,18.170000076293945,18.094999313354492,16.640000581741333,17.639999866485596,15.9399995803833
2020-11-25,18.540000915527344,18.8700008392334,18.399999618530277,18.790000915527344,634300,0,0,0.010758513248942059,1.4011932236638662,18.0314998626709,19.451174493203453,16.611825232138344,18.170000076293945,18.094999313354492,16.695000410079956,17.639999866485596,16.270000457763672
2020-11-27,18.93000030517578,19.13999938964844,18.725000381469727,19.049999237060547,365900,0,0,0.01383705741697705,1.4205816147519823,18.113999843597412,19.569012144442667,16.658987542752158,18.170000076293945,18.094999313354492,16.74500060081482,17.639999866485596,16.149999618530273
2020-11-30,19.049999237060547,19.13999938964844,18.549999237060547,19.01000022888184,848700,0,0,-0.0020996855527894986,1.4175988400589292,18.2354998588562,19.556069096010404,16.914930621702,18.170000076293945,18.094999313354492,16.790000677108765,17.639999866485596,16.729999542236328
2020-12-01,19.31999969482422,19.38999938964844,18.790000915527344,19.280000686645508,855500,0,0,0.014203074934920679,1.4377331026119429,18.370499897003175,19.526637182806155,17.214362611200194,18.27999973297119,18.094999313354492,16.8650004863739,17.639999866485596,17.1200008392334
2020-12-02,19.209999084472656,19.209999084472656,18.600000381469727,18.709999084472656,737700,0,0,-0.029564397400030695,1.3952273898111442,18.430499839782716,19.523974555663894,17.337025123901537,18.27999973297119,18.094999313354492,16.92525029182434,17.639999866485596,16.600000381469727
2020-12-03,18.770000457763672,19.739999771118164,18.68000030517578,19.31999969482422,1838500,0,0,0.03260292037415424,1.440715877304996,18.481499862670898,19.639817613203604,17.32318211213819,18.69499969482422,18.094999313354492,16.92525029182434,17.639999866485596,16.829999923706055
2020-12-04,17.479999542236328,17.709999084472656,15.550000190734863,15.68000030517578,6133600,0,0,-0.1884057684857825,1.1692766952716798,18.326999855041503,20.004858252113564,16.649141457969442,17.644999980926514,17.799999713897705,16.885000467300415,17.639999866485596,16.75
2020-12-07,15.8100004196167,16.299999237060547,15.8100004196167,16.139999389648438,2790600,0,0,0.029336675734682016,1.2035793865249855,18.173499870300294,20.05215625292579,16.294843487674797,17.644999980926514,17.799999713897705,16.882500410079956,17.639999866485596,16.90999984741211
2020-12-08,16.059999465942383,16.209999084472656,15.800000190734863,15.90999984741211,1540300,0,0,-0.014250281966171618,1.1864280408983325,18.033499908447265,20.137733541832464,15.929266275062066,17.644999980926514,17.799999713897705,16.882500410079956,17.639999866485596,16.209999084472656
2020-12-09,15.84000015258789,15.899999618530272,15.010000228881836,15.260000228881836,1378400,0,0,-0.0408547847117674,1.137956778711427,17.923499965667723,20.34582752448352,15.501172406851923,17.375,17.52999973297119,16.83500027656555,17.639999866485596,16.809999465942383
2020-12-10,15.109999656677246,15.420000076293944,14.899999618530272,15.279999732971191,710700,0,0,0.0013105834724369547,1.1394481660579538,17.785999917984007,20.469624981710062,15.102374854257953,17.31999969482422,17.47499942779541,16.815000295639038,17.639999866485596,17.34000015258789
2020-12-11,15.149999618530272,15.399999618530272,14.880000114440918,15.100000381469728,925500,0,0,-0.011780062476903108,1.1260253954725985,17.641499948501586,20.5685648167284,14.714435080274772,17.30999994277954,17.464999675750732,16.892499685287476,17.639999866485596,17.360000610351562
2020-12-14,15.100000381469728,15.43000030517578,15.029999732971191,15.079999923706056,1162900,0,0,-0.0013245335932716706,1.124533937009418,17.49349989891052,20.619783227424307,14.367216570396735,17.30999994277954,17.464999675750732,17.22350001335144,17.639999866485596,17.1200008392334
2020-12-15,15.100000381469728,15.258000373840332,14.8100004196167,14.970000267028809,1177600,0,0,-0.0072944069783664744,1.1163311288118867,17.338999938964843,20.640482483223764,14.03751739470592,17.27500009536743,17.429999828338623,17.31749987602234,17.639999866485596,16.989999771118164
2020-12-16,15.050000190734863,15.460000038146973,15.010000228881836,15.449999809265137,1252800,0,0,0.032064097105831024,1.1521252785283729,17.197499895095824,20.56814716204596,13.826852628145685,16.259999752044678,17.27500009536743,17.864999532699585,17.639999866485596,16.770000457763672
2020-12-17,15.6899995803833,16.280000686645508,15.6899995803833,15.890000343322754,1867600,0,0,0.028478999319712317,1.1849366535518058,17.125999927520752,20.544071035583755,13.707928819457749,15.554999828338623,17.27500009536743,17.8774995803833,17.639999866485596,17.34000015258789
2020-12-18,15.880000114440918,16.0,15.479999542236328,15.93000030517578,2598100,0,0,0.002517304026984135,1.1879194993615128,17.03099994659424,20.471308283483186,13.590691609705292,15.545000553131104,17.27500009536743,17.959999561309814,17.639999866485596,17.059999465942383
2020-12-21,15.649999618530272,16.190000534057617,15.649999618530272,16.18000030517578,1327200,0,0,0.015693659460808362,1.2065623034513462,16.925,20.3325084001114,13.517491599888599,15.545000553131104,17.27500009536743,18.014999389648438,17.639999866485596,16.8700008392334
2020-12-22,16.399999618530273,17.280000686645508,16.31999969482422,17.049999237060547,1960800,0,0,0.053770019497865196,1.2714391820333142,16.8335000038147,20.12099821605764,13.54600179157176,16.045000553131104,17.27500009536743,18.18499994277954,17.639999866485596,17.170000076293945
2020-12-23,17.0,17.190000534057617,16.5049991607666,16.760000228881836,1043100,0,0,-0.01700874024371557,1.2498136032504275,16.742000007629393,19.92807399161586,13.555926023642927,16.045000553131104,17.27500009536743,18.41249942779541,17.214999675750732,17.59000015258789
2020-12-24,16.84000015258789,17.06999969482422,16.600000381469727,16.889999389648438,486400,0,0,0.007756513066305315,1.2595077987944856,16.64699993133545,19.691824396545236,13.602175466125667,16.045000553131104,17.27500009536743,18.41249942779541,17.214999675750732,17.209999084472656
2020-12-28,17.09000015258789,17.1299991607666,16.104999542236328,16.110000610351562,987700,0,0,-0.04618110168641698,1.2013423410635222,16.5,19.341540928056368,13.658459071943632,16.045000553131104,17.27500009536743,18.38749933242798,17.214999675750732,17.84000015258789
2020-12-29,16.239999771118164,16.280000686645508,15.800000190734863,15.9399995803833,841000,0,0,-0.010552515426909825,1.1886651574764495,16.346499967575074,18.948166088648073,13.744833846502075,16.145000457763672,17.27500009536743,18.35249948501587,17.214999675750732,18.1200008392334
2020-12-30,15.960000038146973,16.139999389648438,15.800000190734863,15.800000190734863,544800,0,0,-0.0087828979506831,1.1782252327008012,16.17249994277954,18.401108581775734,13.94389130378335,16.380000114440918,17.27500009536743,18.044999599456787,17.214999675750732,18.290000915527344
2020-12-31,15.739999771118164,15.920000076293944,15.399999618530272,15.720000267028809,625700,0,0,-0.005063286249386678,1.1722595410813867,16.02300000190735,17.92453573536958,14.121464268445116,16.34000015258789,17.27500009536743,18.077499866485596,17.214999675750732,18.940000534057617
2021-01-04,15.869999885559082,16.170000076293945,15.59000015258789,15.9399995803833,1054900,0,0,0.013994867024011315,1.1886651574764493,15.853999996185303,16.9958821866736,14.712117805697005,16.34000015258789,17.27500009536743,18.13249969482422,17.214999675750732,18.5
2021-01-05,15.9399995803833,16.350000381469727,15.760000228881836,16.270000457763672,821000,0,0,0.020702690468479723,1.213273724302351,15.883500003814698,17.036428683215952,14.730571324413441,16.34000015258789,17.27500009536743,18.13249969482422,17.214999675750732,18.709999084472656
2021-01-06,16.260000228881836,16.30500030517578,15.800000190734863,16.149999618530273,1225300,0,0,-0.007375589173762909,1.2043251157565755,15.884000015258788,17.037386768226735,14.73061326229084,16.295000076293945,17.27500009536743,18.13249969482422,17.214999675750732,19.549999237060547
2021-01-07,16.3700008392334,16.770000457763672,16.25,16.729999542236328,827300,0,0,0.03591330881770238,1.2475764155556566,15.925,17.136642190616154,14.713357809383847,16.264999389648438,17.27500009536743,18.13249969482422,17.214999675750732,19.1299991607666
2021-01-08,16.8700008392334,17.309999465942383,16.729999542236328,17.1200008392334,1132500,0,0,0.023311494779929776,1.2766592866544457,16.018000030517577,17.295662306012083,14.740337755023072,16.354999542236328,17.27500009536743,18.187499523162842,17.214999675750732,19.030000686645508
2021-01-11,16.8799991607666,17.030000686645508,16.510000228881836,16.600000381469727,828100,0,0,-0.030373857025287165,1.2378822200115984,16.084000062942504,17.338261305006693,14.829738820878315,16.354999542236328,17.27500009536743,18.187499523162842,17.214999675750732,19.030000686645508
2021-01-12,16.709999084472656,16.8799991607666,16.450000762939453,16.829999923706055,739000,0,0,0.013855393792223891,1.2550335656382514,16.17050004005432,17.378666099176158,14.962333980932485,16.354999542236328,16.259999752044678,18.394999504089355,17.214999675750732,19.979999542236328
2021-01-13,16.8799991607666,17.10700035095215,16.530000686645508,16.75,754900,0,0,-0.004753412006459401,1.249067874018837,16.25400004386902,17.3760198390728,15.13198024866524,16.354999542236328,16.05999994277954,17.72249984741211,17.214999675750732,19.5
2021-01-14,16.799999237060547,17.100000381469727,16.729999542236328,16.90999984741211,564800,0,0,0.009552229696245362,1.2609992572576658,16.351000022888183,17.338192509846326,15.36380753593004,16.449999809265137,16.05999994277954,17.72249984741211,17.214999675750732,18.200000762939453
2021-01-15,16.84000015258789,17.06999969482422,16.170000076293945,16.209999084472656,913300,0,0,-0.04139566938237316,1.2087993489128093,16.38899998664856,17.288217353650374,15.489782619646746,16.53499984741211,16.05999994277954,17.72249984741211,17.339999675750732,18.239999771118164
2021-01-19,16.3700008392334,16.93000030517578,16.350000381469727,16.809999465942383,996400,0,0,0.03701421439588226,1.253542107175071,16.43499994277954,17.321299044440487,15.548700841118595,16.554999828338623,16.05999994277954,17.452499866485596,17.339999675750732,17.09000015258789
2021-01-20,16.979999542236328,17.44499969482422,16.93000030517578,17.34000015258789,680400,0,0,0.03152889372300738,1.2930649030495085,16.505499935150148,17.44329653957399,15.567703330726307,16.807499885559082,16.12750005722046,17.397499561309814,17.339999675750732,16.920000076293945
2021-01-21,17.469999313354492,17.520000457763672,17.08799934387207,17.360000610351562,739700,0,0,0.0011534289266246223,1.294556361512689,16.564499950408937,17.56028960094176,15.568710299876113,16.84500026702881,16.165000438690186,17.387499809265137,17.339999675750732,18.010000228881836
2021-01-22,17.190000534057617,17.540000915527344,17.049999237060547,17.1200008392334,740400,0,0,-0.013824871122127491,1.2766592866544457,16.568000030517577,17.57113580202347,15.564864259011685,16.855000495910645,16.17500066757202,17.387499809265137,17.339999675750732,17.719999313354492
2021-01-25,17.260000228881836,17.520000457763672,16.5,16.989999771118164,793500,0,0,-0.007593519961594519,1.2669649488770802,16.579500007629395,17.596505280404397,15.562494734854393,16.855000495910645,16.27500057220459,17.352499961853027,17.339999675750732,16.549999237060547
2021-01-26,17.139999389648438,17.139999389648438,16.690000534057617,16.770000457763672,638000,0,0,-0.012948753167641325,1.2505593324820177,16.573500061035155,17.584439540991255,15.562560581079055,16.855000495910645,16.47000026702881,16.767499923706055,17.429999828338623,14.56999969482422
2021-01-27,16.450000762939453,17.540000915527344,15.859999656677246,17.34000015258789,1616900,0,0,0.0339892474218948,1.2930649030495085,16.635000038146973,17.67522027783863,15.594779798455315,16.700000286102295,16.47000026702881,16.414999961853027,17.429999828338623,15.220000267028809
2021-01-28,17.3700008392334,17.950000762939453,17.020000457763672,17.059999465942383,1327900,0,0,-0.01614767498163594,1.2721849112649044,16.691000032424927,17.695108842282213,15.68689122256764,16.90500020980835,16.675000190734863,16.410000324249268,17.429999828338623,13.8100004196167
2021-01-29,17.020000457763672,17.21500015258789,16.450000762939453,16.8700008392334,935900,0,0,-0.011137082805206866,1.2580164825646125,16.744500064849852,17.66244572685274,15.826554402846963,16.90500020980835,16.675000190734863,16.410000324249268,17.429999828338623,14.829999923706056
2021-02-01,16.959999084472656,17.295000076293945,16.649999618530273,17.170000076293945,1022600,0,0,0.017783000719410635,1.2803877905790895,16.81700005531311,17.62059043225982,16.013409678366397,16.90500020980835,16.675000190734863,16.660000324249268,17.429999828338623,14.600000381469728
2021-02-02,17.360000610351562,17.639999389648438,17.190000534057617,17.59000015258789,656700,0,0,0.02446127399112985,1.311707707139342,16.89950008392334,17.663397054083397,16.13560311376328,16.90500020980835,16.675000190734863,16.660000324249268,17.429999828338623,15.729999542236328
2021-02-03,17.549999237060547,17.600000381469727,17.049999237060547,17.209999084472656,510800,0,0,-0.021603244162526458,1.283370565272143,16.94650001525879,17.663422124184763,16.229577906332814,16.90500020980835,16.675000190734863,16.660000324249268,17.429999828338623,15.859999656677246
2021-02-04,17.299999237060547,17.889999389648438,17.260000228881836,17.84000015258789,466700,0,0,0.036606688066801674,1.3303505112291754,17.03100004196167,17.750894802664195,16.31110528125914,16.90500020980835,16.675000190734863,16.660000324249268,17.429999828338623,16.3799991607666
2021-02-05,17.969999313354492,18.1299991607666,17.81999969482422,18.1200008392334,595500,0,0,0.01569510561942966,1.3512305030137794,17.100500106811523,17.949133349451813,16.251866864171234,16.994999408721924,16.764999389648438,16.71000027656555,17.429999828338623,15.970000267028809
2021-02-08,18.36000061035156,18.670000076293945,17.989999771118164,18.290000915527344,1223900,0,0,0.00938190223070312,1.3639076154841985,17.15900011062622,18.15516424349667,16.16283597775577,17.264999866485596,17.03499984741211,16.827500104904175,17.429999828338623,15.829999923706056
2021-02-09,18.209999084472656,18.979999542236328,18.100000381469727,18.940000534057617,1028500,0,0,0.03553852301770277,1.4123788776711037,17.276000118255617,18.506912243747088,16.045087992764145,17.71500015258789,17.28499984741211,16.80750012397766,17.429999828338623,14.970000267028809
2021-02-10,18.96999931335449,19.07999992370605,18.25,18.5,942400,0,0,-0.02323128414206821,1.3795675026476708,17.359500122070312,18.682242330101595,16.03675791403903,17.765000343322754,17.420000076293945,16.80750012397766,17.429999828338623,15.260000228881836
2021-02-11,18.489999771118164,18.84000015258789,18.309999465942383,18.709999084472656,658500,0,0,0.011351301863386842,1.3952273898111431,17.457500076293947,18.87329022259072,16.04170992999717,17.864999771118164,17.44000005722046,16.80750012397766,17.429999828338623,15.229999542236328
2021-02-12,18.899999618530277,20.0,18.81999969482422,19.549999237060547,1171000,0,0,0.044895788011288795,1.457867222931648,17.58950004577637,19.25043124471332,15.92856884683942,18.524999618530273,17.929999828338623,16.78500008583069,17.429999828338623,14.800000190734863
2021-02-16,19.68000030517578,20.0,19.0,19.1299991607666,992300,0,0,-0.021483380699972576,1.4265473063713956,17.735500049591064,19.399094728134376,16.07190537104775,18.524999618530273,17.929999828338623,16.769999742507935,17.429999828338623,13.899999618530272
2021-02-17,19.0,19.209999084472656,18.61000061035156,19.030000686645508,838300,0,0,-0.005227311997283213,1.4190902985221083,17.84650011062622,19.544544090527292,16.148456130725148,18.630000114440918,17.929999828338623,16.81499981880188,17.429999828338623,14.130000114440918
2021-02-18,18.76000022888184,19.18000030517578,18.549999237060547,19.030000686645508,619600,0,0,0.0,1.4190902985221083,17.9310001373291,19.687647796489486,16.174352478168714,18.90999984741211,17.929999828338623,16.81499981880188,17.429999828338623,14.300000190734863
2021-02-19,19.200000762939453,20.01000022888184,19.200000762939453,19.979999542236328,1949800,0,0,0.049921115150431516,1.4899328687234907,18.06200008392334,20.011196233703316,16.112803934143365,19.0,17.93499994277954,16.307499647140503,17.429999828338623,14.029999732971191
2021-02-22,19.700000762939453,20.229999542236328,19.280000686645508,19.5,1722600,0,0,-0.024024001663345507,1.4541387190070045,18.18100004196167,20.176189866708924,16.185810217214417,19.164999961853027,18.044999599456787,16.207499742507935,17.429999828338623,14.149999618530272
2021-02-23,19.0,19.01000022888184,17.709999084472656,18.200000762939453,1697700,0,0,-0.06666662754156649,1.3571961946331939,18.241500091552734,20.159637748439,16.323362434666468,18.969999313354492,18.044999599456787,16.25499987602234,17.429999828338623,14.479999542236328
2021-02-24,18.149999618530277,18.459999084472656,17.600000381469727,18.239999771118164,930600,0,0,0.002197747609997913,1.3601789693262472,18.31500005722046,20.109325517757643,16.520674596683275,18.914999961853027,18.044999599456787,16.297499895095825,17.429999828338623,14.81999969482422
2021-02-25,18.100000381469727,18.270000457763672,17.010000228881836,17.09000015258789,985900,0,0,-0.06304822549127564,1.274422098959675,18.30250005722046,20.12737709886241,16.47762301557851,18.619999885559082,18.044999599456787,16.307499885559082,17.429999828338623,14.68000030517578
2021-02-26,17.239999771118164,17.399999618530273,16.559999465942383,16.920000076293945,1272200,0,0,-0.009947341999771875,1.261744986489256,18.295500087738038,20.14056984170098,16.450430333775095,18.394999504089355,18.044999599456787,16.46749997138977,17.429999828338623,15.050000190734863
2021-03-01,17.299999237060547,18.1299991607666,17.040000915527344,18.010000228881836,1100300,0,0,0.06442081251022302,1.3430276236995944,18.35250005722046,20.0836170087739,16.62138310566702,18.394999504089355,18.044999599456787,16.505000352859497,17.429999828338623,14.699999809265137
2021-03-02,18.149999618530277,18.26000022888184,17.700000762939453,17.719999313354492,1092000,0,0,-0.01610221609338358,1.3214019026834,18.380000019073485,20.050889707210956,16.709110330936014,18.394999504089355,18.044999599456787,16.515000581741333,17.429999828338623,15.079999923706056
2021-03-03,17.579999923706055,17.78499984741211,16.530000686645508,16.549999237060547,1940200,0,0,-0.066027094900178,1.2341535738536475,18.327999973297118,20.153339509707603,16.502660436886632,18.380000114440918,18.044999599456787,16.565000534057617,17.429999828338623,15.100000381469728
2021-03-04,13.010000228881836,15.81999969482422,13.0,14.56999969482422,6011200,0,0,-0.11963744009138666,1.086502599598161,18.196000003814696,20.6175940647276,15.77440594290179,16.614999771118164,16.614999771118164,16.662500381469727,17.27500009536743,14.890000343322754
2021-03-05,14.460000038146973,15.229999542236328,13.729999542236328,15.220000267028809,2738700,0,0,0.044612257091226404,1.1349739329017199,18.065000009536742,20.81450974590021,15.315490273173273,16.005000114440918,16.614999771118164,16.58500027656555,17.27500009536743,15.140000343322754
2021-03-08,15.119999885559082,15.1899995803833,13.68000030517578,13.8100004196167,1441100,0,0,-0.09264124984718969,1.0298285292137241,17.84949998855591,21.170951822960074,14.528048154151744,15.729999542236328,16.614999771118164,16.790000200271606,17.27500009536743,14.890000343322754
2021-03-09,14.43000030517578,15.210000038146973,14.210000038146973,14.829999923706056,1832300,0,0,0.07385948393169328,1.1058911329195846,17.676499938964845,21.24234079013744,14.11065908779225,15.635000228881836,16.614999771118164,16.790000200271606,17.27500009536743,15.109999656677246
2021-03-10,14.93000030517578,15.199999809265137,14.510000228881836,14.600000381469728,997200,0,0,-0.01550907238163024,1.0887397872929316,17.45949993133545,21.216588405665192,13.70241145700571,15.63000011444092,16.614999771118164,16.790000200271606,17.27500009536743,14.6899995803833
2021-03-11,14.989999771118164,15.739999771118164,14.829999923706056,15.729999542236328,1575600,0,0,0.0773972007699939,1.173005199196323,17.320999908447266,21.11889797410374,13.523101842790794,15.63000011444092,16.614999771118164,16.790000200271606,17.27500009536743,14.020000457763672
2021-03-12,15.619999885559082,15.890000343322754,15.050000190734863,15.859999656677246,1585200,0,0,0.008264470325752837,1.182699465857035,17.178499937057495,20.97104597391017,13.385953900204822,15.63000011444092,16.614999771118164,16.790000200271606,17.27500009536743,13.5600004196167
2021-03-15,15.869999885559082,16.3799991607666,15.5600004196167,16.3799991607666,963200,0,0,0.032786854687631095,1.2214764613832285,17.019999933242797,20.66329756795864,13.376702298526954,15.392499923706055,16.614999771118164,16.790000200271606,17.27500009536743,14.199999809265137
2021-03-16,16.639999389648438,16.639999389648438,15.75,15.970000267028809,665100,0,0,-0.025030458775591624,1.1909023451712202,16.861999988555908,20.39688544946067,13.327114527651148,14.819999694824219,16.614999771118164,16.87999939918518,17.27500009536743,13.81999969482422
2021-03-17,15.56999969482422,16.030000686645508,15.260000228881836,15.829999923706056,718600,0,0,-0.008766458420905177,1.1804623492789181,16.701999950408936,20.11621939299642,13.287780507821452,15.15999984741211,16.614999771118164,17.149999856948853,17.27500009536743,14.0
2021-03-18,15.59000015258789,15.699999809265137,14.90999984741211,14.970000267028809,943200,0,0,-0.05432720535831237,1.1163311288118865,16.498999929428102,19.81577591396321,13.182223944892993,15.15999984741211,16.614999771118164,17.5,17.27500009536743,14.5600004196167
2021-03-19,15.039999961853027,15.470000267028809,14.920000076293944,15.260000228881836,1070200,0,0,0.01937207459453072,1.137956778711427,16.262999963760375,19.201734888449117,13.324265039071634,15.424999713897705,16.614999771118164,17.59250020980835,17.27500009536743,14.359999656677246
2021-03-22,15.239999771118164,15.460000038146973,15.09000015258789,15.229999542236328,930300,0,0,-0.0019659689512144807,1.1357195910166564,16.04949994087219,18.608604610863495,13.490395270880889,15.574999809265137,16.614999771118164,17.65249991416931,17.27500009536743,14.3100004196167
2021-03-23,15.25,15.329999923706056,14.640000343322754,14.800000190734863,1006400,0,0,-0.028233707447526624,1.1036540163414676,15.879499912261963,18.29046716256412,13.468532661959808,15.639999866485596,16.614999771118164,18.22749972343445,17.40500020980835,14.109999656677246
2021-03-24,14.800000190734863,14.87399959564209,13.890000343322754,13.899999618530272,664200,0,0,-0.060810848689583974,1.036539878948075,15.662499904632568,17.962068788934058,13.362931020331079,15.264999866485596,16.614999771118164,18.22749972343445,17.40500020980835,13.949999809265137
2021-03-25,13.649999618530272,14.4399995803833,13.520000457763672,14.130000114440918,1447200,0,0,0.016546798721061018,1.0536912956913818,15.51449990272522,17.80846635888824,13.2205334465622,15.079999923706055,16.614999771118164,18.27999997138977,17.40500020980835,13.630000114440918
2021-03-26,14.210000038146973,14.640000343322754,13.829999923706056,14.300000190734863,632500,0,0,0.012031144721662335,1.0663684081618006,15.383499908447266,17.63998096096891,13.127018855925623,15.079999923706055,16.614999771118164,18.419999837875366,17.40500020980835,13.170000076293944
2021-03-29,14.260000228881836,14.260000228881836,13.539999961853027,14.029999732971191,972000,0,0,-0.018881150640725708,1.0462341456087867,15.184499883651734,17.161155466509804,13.207844300793663,14.77500057220459,16.614999771118164,18.46749997138977,17.410000324249268,12.989999771118164
2021-03-30,13.989999771118164,14.270000457763672,13.720000267028809,14.149999618530272,644000,0,0,0.008553092504846926,1.055182683037908,15.005999898910522,16.647608053053823,13.364391744767223,14.610000133514404,16.005000114440918,18.604999780654907,17.519999980926514,13.0600004196167
2021-03-31,14.390000343322754,14.815999984741213,14.390000343322754,14.479999542236328,947000,0,0,0.02332155000724545,1.0797911787471561,14.902499914169312,16.39430886960436,13.410690958734266,14.49500036239624,15.729999542236328,18.50749945640564,17.519999980926514,13.199999809265137
2021-04-01,14.760000228881836,15.229999542236328,14.673999786376951,14.81999969482422,823400,0,0,0.023480674263569812,1.1051454036879942,14.91499991416931,16.39954864605438,13.43045118228424,14.490000247955322,15.635000228881836,18.479999780654907,17.519999980926514,12.5
2021-04-05,14.93000030517578,15.09000015258789,14.5,14.68000030517578,523300,0,0,-0.009446652667431166,1.0947054789123456,14.88799991607666,16.368977354273945,13.407022477879377,14.425000190734863,15.63000011444092,18.332499742507935,17.519999980926514,13.0
2021-04-06,14.649999618530272,15.234999656677246,14.5,15.050000190734863,744600,0,0,0.025204351353360188,1.1222968204313009,14.949999904632568,16.34574171354909,13.554258095716047,14.377500057220459,15.63000011444092,18.21999955177307,17.519999980926514,12.56999969482422
2021-04-07,14.93000030517578,15.010000228881836,14.614999771118164,14.699999809265137,564400,0,0,-0.023255839005583256,1.0961968662588726,14.943499898910522,16.34266024390405,13.544339553916997,14.377500057220459,15.63000011444092,18.21999955177307,17.519999980926514,12.18000030517578
2021-04-08,14.9399995803833,15.19200038909912,14.84000015258789,15.079999923706056,591000,0,0,0.025850348256563516,1.124533937009418,14.96749987602234,16.358625670118986,13.576374081925692,14.387499809265137,15.392499923706055,18.21999955177307,17.519999980926514,12.880000114440918
2021-04-09,14.970000267028809,15.15999984741211,14.600000381469728,15.100000381469728,377300,0,0,0.0013262903093407274,1.1260253954725985,14.93599991798401,16.284040767086978,13.587959068881041,14.387499809265137,14.819999694824219,18.212499856948853,17.619999885559082,12.59000015258789
2021-04-12,15.100000381469728,15.279999732971191,14.835000038146973,14.890000343322754,681000,0,0,-0.013907286943163233,1.1103654371924723,14.887499952316285,16.166368805285195,13.608631099347374,14.5,15.079999923706055,16.614999771118164,16.614999771118164,12.859999656677246
2021-04-13,14.880000114440918,15.270000457763672,14.649999618530272,15.140000343322754,695800,0,0,0.016789791419454803,1.1290082412823057,14.825500011444092,15.912911700042297,13.738088322845886,14.835000038146973,15.079999923706055,16.30999994277954,16.614999771118164,12.600000381469728
2021-04-14,15.25,15.479999542236328,14.779999732971191,14.890000343322754,507700,0,0,-0.016512549163201218,1.1103654371924723,14.77150001525879,15.72369198269519,13.819308047822389,14.989999771118164,15.079999923706055,16.172499656677246,16.614999771118164,12.619999885559082
2021-04-15,15.09000015258789,15.18000030517578,14.869999885559082,15.109999656677246,416200,0,0,0.01477497033458075,1.1267710535875348,14.735500001907349,15.570998965221502,13.900001038593196,14.989999771118164,15.079999923706055,16.125,16.614999771118164,12.479999542236328
2021-04-16,15.100000381469728,15.100000381469728,14.520000457763672,14.6899995803833,519900,0,0,-0.027796167163269492,1.0954511370272824,14.721499967575074,15.550092778757147,13.892907156393001,14.989999771118164,15.079999923706055,16.12249994277954,16.614999771118164,12.600000381469728
2021-04-19,14.510000228881836,14.6899995803833,13.90999984741211,14.020000457763672,761700,0,0,-0.0456091995750858,1.0454884874938504,14.659499979019165,15.50323457367018,13.815765384368149,14.694999694824219,15.079999923706055,16.12249994277954,16.614999771118164,12.59000015258789
2021-04-20,14.0,14.0649995803833,13.34000015258789,13.5600004196167,693200,0,0,-0.03281027269098591,1.0111857251238907,14.576000022888184,15.504608625198147,13.647391420578222,14.40999984741211,14.989999771118164,16.12249994277954,16.614999771118164,12.529999732971191
2021-04-21,13.449999809265137,14.199999809265137,13.359999656677246,14.199999809265137,946400,0,0,0.047197593646278735,1.0589112580792057,14.546000003814697,15.482543765956613,13.609456241672781,14.40999984741211,14.989999771118164,16.00374984741211,16.614999771118164,12.3100004196167
2021-04-22,14.31999969482422,14.56999969482422,13.8100004196167,13.81999969482422,686600,0,0,-0.026760571798949973,1.0305741873286607,14.542000007629394,15.490283627964626,13.593716387294162,14.40999984741211,14.6850004196167,15.717499732971191,16.614999771118164,14.470000267028809
2021-04-23,13.90999984741211,14.140000343322754,13.829999923706056,14.0,539100,0,0,0.013024624395845175,1.04399702903067,14.535500001907348,15.496825405807474,13.574174598007222,14.40999984741211,14.519999980926514,15.887499809265137,16.614999771118164,13.68000030517578
2021-04-26,14.130000114440918,14.68000030517578,14.039999961853027,14.5600004196167,731500,0,0,0.04000002997262131,1.0857569414832244,14.54850001335144,15.503681167978051,13.593318858724828,14.40999984741211,14.40999984741211,15.887499809265137,16.614999771118164,14.300000190734863
2021-04-27,14.739999771118164,14.829999923706056,14.28499984741211,14.359999656677246,355800,0,0,-0.013736315740073168,1.0708426413180347,14.565000009536742,15.49456832831358,13.635431690759905,14.260000228881836,14.40999984741211,16.019999742507935,16.614999771118164,14.09000015258789
2021-04-28,14.260000228881836,14.40999984741211,14.020000457763672,14.3100004196167,532300,0,0,-0.003481841104174266,1.067114137393391,14.573000049591064,15.49069478896418,13.655305310217948,14.220000267028809,14.40999984741211,16.09499979019165,16.614999771118164,14.079999923706056
2021-04-29,14.449999809265137,14.5,13.9399995803833,14.109999656677246,400600,0,0,-0.013976293296629416,1.0521998372282013,14.55450005531311,15.493847766010376,13.615152344615844,14.085000038146973,14.40999984741211,16.12749981880188,16.614999771118164,14.100000381469728
2021-04-30,13.84000015258789,14.21500015258789,13.81999969482422,13.949999809265137,557600,0,0,-0.011339465010999694,1.0402684539893725,14.511000061035157,15.477619998392179,13.544380123678135,14.085000038146973,14.40999984741211,15.93999981880188,16.614999771118164,14.40999984741211
2021-05-03,14.1899995803833,14.25,13.520000457763672,13.630000114440918,754300,0,0,-0.02293904653759815,1.0164056875117151,14.458500051498413,15.495015955537264,13.421984147459563,14.09499979019165,14.40999984741211,15.84749984741211,16.614999771118164,14.489999771118164
2021-05-04,13.399999618530272,13.5,12.760000228881836,13.170000076293944,1455000,0,0,-0.03374908542074084,0.9821029251417555,14.364500045776367,15.506242242464944,13.22275784908779,13.795000076293945,14.119999885559082,15.84749984741211,16.614999771118164,14.479999542236328
2021-05-05,13.3100004196167,13.5,12.93000030517578,12.989999771118164,799600,0,0,-0.013667449060974612,0.9686800834397463,14.279000043869019,15.556983741389391,13.001016346348646,13.795000076293945,14.119999885559082,15.695000171661377,16.614999771118164,14.470000267028809
2021-05-06,12.93000030517578,13.06999969482422,12.43000030517578,13.0600004196167,893200,0,0,0.005388810602920291,0.9739001169442242,14.17800006866455,15.505671794906524,12.850328342422577,13.630000114440918,13.954999923706055,15.307500123977661,16.614999771118164,14.979999542236328
2021-05-07,13.239999771118164,13.600000381469728,13.18000030517578,13.199999809265137,762500,0,0,0.010719707898182884,0.9843400417198724,14.083000040054321,15.405017413859603,12.760982666249038,13.630000114440918,13.954999923706055,15.112499952316284,16.614999771118164,13.90999984741211
2021-05-10,13.06999969482422,13.18000030517578,12.460000038146973,12.5,746100,0,0,-0.05303028934695919,0.9321402044916697,13.963500022888184,15.40050113895175,12.526498906824617,13.46500015258789,13.954999923706055,15.062500238418579,16.614999771118164,13.90999984741211
2021-05-11,12.010000228881836,13.06999969482422,12.010000228881836,13.0,979400,0,0,0.040000000000000036,0.9694258126713365,13.856500005722046,15.244488729597077,12.468511281847015,13.255000114440918,13.744999885559082,15.02750015258789,16.614999771118164,14.0600004196167
2021-05-12,12.720000267028809,12.989999771118164,12.4399995803833,12.56999969482422,893500,0,0,-0.03307694655198301,0.9373601668794941,13.74049997329712,15.151448799494498,12.32955114709974,13.130000114440918,13.744999885559082,15.003750085830688,16.614999771118164,14.0
2021-05-13,12.699999809265137,13.09000015258789,12.06999969482422,12.18000030517578,958900,0,0,-0.03102620518034105,0.9082774380140122,13.594000005722046,15.014260217446907,12.173739793997186,13.130000114440918,13.744999885559082,15.003750085830688,16.614999771118164,13.75
2021-05-14,12.40999984741211,13.045000076293944,12.350000381469728,12.880000114440918,650100,0,0,0.057471247268169545,0.960477275242215,13.503500032424927,14.861521296264888,12.145478768584967,12.805000305175781,13.744999885559082,14.889999866485596,16.614999771118164,14.390000343322754
2021-05-17,12.779999732971191,12.920000076293944,12.44499969482422,12.59000015258789,977600,0,0,-0.022515524788534913,0.9388516253426745,13.432000017166137,14.824240561885725,12.03975947244655,12.805000305175781,13.744999885559082,14.603749752044678,16.614999771118164,14.960000038146973
2021-05-18,12.720000267028809,13.109999656677246,12.600000381469728,12.859999656677246,1878200,0,0,0.021445552090311626,0.9589858167790346,13.396999979019165,14.80987670132389,11.98412325671444,12.805000305175781,13.744999885559082,14.789999961853027,16.614999771118164,14.520000457763672
2021-05-19,12.5600004196167,12.84000015258789,12.465999603271484,12.600000381469728,2045200,0,0,-0.0202176735729942,0.9395973545742649,13.317000007629394,14.71999655245006,11.91400346280873,12.805000305175781,13.744999885559082,14.957499980926514,16.614999771118164,14.56999969482422
2021-05-20,12.699999809265137,12.94499969482422,12.5600004196167,12.619999885559082,824000,0,0,0.0015872621812589305,0.9410887419207915,13.257000017166138,14.6715357978398,11.842464236492477,12.595000267028809,13.595000267028809,15.03499984741211,16.614999771118164,14.8100004196167
2021-05-21,12.720000267028809,12.8149995803833,12.40999984741211,12.479999542236328,2044900,0,0,-0.011093529682433267,0.9306487460284895,13.180999994277954,14.590965894262585,11.771034094293324,12.559999942779541,13.555000305175781,15.03499984741211,16.614999771118164,14.640000343322754
2021-05-24,12.600000381469728,12.630000114440918,12.4399995803833,12.600000381469728,1397700,0,0,0.009615452214343234,0.9395973545742649,13.082999992370606,14.360860095569988,11.805139889171224,12.589999675750732,13.420000076293945,15.03499984741211,16.614999771118164,14.289999961853027
2021-05-25,12.6899995803833,12.739999771118164,12.56999969482422,12.59000015258789,1280800,0,0,-0.0007936689348473358,0.9388516253426745,12.994500017166137,14.143708589861879,11.845291444470396,12.589999675750732,13.420000076293945,14.887499809265137,16.614999771118164,14.460000038146973
2021-05-26,12.710000038146973,12.850000381469728,12.460000038146973,12.529999732971191,2768800,0,0,-0.00476572032482192,0.9343773210697869,12.905499982833863,13.896649179862463,11.914350785805263,12.730000019073486,13.420000076293945,14.699999809265137,16.614999771118164,14.010000228881836
2021-05-27,12.5,12.56999969482422,12.029999732971191,12.3100004196167,5311400,0,0,-0.017557806707336976,0.9179717046747242,12.815500020980835,13.668718642688882,11.962281399272788,12.569999694824219,13.420000076293945,14.699999809265137,16.614999771118164,13.869999885559082
2021-05-28,14.899999618530272,15.0600004196167,14.3100004196167,14.470000267028809,7883600,0,0,0.17546708154209512,1.07904552063222,12.841500043869019,13.850697755703807,11.83230233203423,13.545000076293945,13.535000324249268,14.547500133514404,16.614999771118164,13.710000038146973
2021-06-01,14.460000038146973,14.59000015258789,13.619999885559082,13.68000030517578,2217800,0,0,-0.05459571162919152,1.0201342625530125,12.844000053405761,13.861301841214795,11.826698265596727,13.545000076293945,13.535000324249268,14.464999914169312,16.614999771118164,13.699999809265137
2021-06-02,13.720000267028809,14.4399995803833,13.68000030517578,14.300000190734863,2606800,0,0,0.04532162805029394,1.066368408161801,12.900500059127808,14.095964433893993,11.705035684361622,13.545000076293945,13.535000324249268,14.40999984741211,16.614999771118164,13.9399995803833
2021-06-03,14.170000076293944,14.300000190734863,13.989999771118164,14.09000015258789,2623300,0,0,-0.014685317157060895,1.0507084498816748,12.955500078201293,14.259863150968243,11.651137005434343,13.545000076293945,13.535000324249268,14.335000038146973,16.614999771118164,13.859999656677246
2021-06-04,14.140000343322754,14.279999732971191,13.994999885559082,14.079999923706056,1319200,0,0,-0.0007097394445376715,1.0499627206500848,13.006500053405762,14.400883693278676,11.61211641353285,13.545000076293945,13.535000324249268,14.315000057220459,16.614999771118164,13.31999969482422
2021-06-07,14.079999923706056,14.229999542236328,14.039999961853027,14.100000381469728,2266400,0,0,0.0014204870647760437,1.0514541791132652,13.051500082015991,14.524698399482595,11.578301764549387,13.545000076293945,13.535000324249268,14.247499942779541,16.614999771118164,13.010000228881836
2021-06-08,14.18000030517578,14.46500015258789,14.149999618530272,14.40999984741211,1284800,0,0,0.021985777131593887,1.0745712163593324,13.147000074386597,14.710675731105153,11.58332441766804,13.545000076293945,13.535000324249268,14.247499942779541,16.614999771118164,12.600000381469728
2021-06-09,14.489999771118164,14.850000381469728,14.470000267028809,14.489999771118164,1132500,0,0,0.005551694972461885,1.0805369079787468,13.221500062942505,14.889716800763567,11.553283325121443,13.545000076293945,13.535000324249268,14.25249981880188,16.614999771118164,12.520000457763672
2021-06-10,14.449999809265137,14.5,14.234999656677246,14.479999542236328,1127500,0,0,-0.0006901469316630271,1.0797911787471566,13.31700005531311,15.043406371167539,11.590593739458683,14.34000015258789,13.535000324249268,13.957499980926514,16.494999885559082,12.380000114440918
2021-06-11,14.43000030517578,14.53499984741211,14.390000343322754,14.470000267028809,977700,0,0,-0.0006905577019082898,1.07904552063222,13.431500053405761,15.144646898877717,11.718353207933806,14.235000133514404,13.535000324249268,13.957499980926514,16.494999885559082,12.609999656677246
2021-06-14,14.5,15.170000076293944,14.5,14.979999542236328,2926300,0,0,0.03524528443649011,1.1170767869268232,13.536500024795533,15.356833278372683,11.716166771218383,14.425000190734862,13.59000015258789,13.792500019073486,15.720000267028809,13.170000076293944
2021-06-15,14.979999542236328,14.979999542236328,13.890000343322754,13.90999984741211,1143800,0,0,-0.07142855323909314,1.0372856081796655,13.602500009536744,15.375370677995416,11.829629341078071,14.53000020980835,13.59000015258789,13.792500019073486,15.444999694824219,12.880000114440918
2021-06-16,13.829999923706056,14.109999656677246,13.600000381469728,13.90999984741211,1398700,0,0,0.0,1.0372856081796655,13.655000019073487,15.39843758322183,11.911562454925145,14.385000228881836,13.59000015258789,13.710000038146973,15.350000381469727,13.06999969482422
2021-06-17,13.630000114440918,14.40999984741211,13.630000114440918,14.0600004196167,1518700,0,0,0.010783650168946446,1.0484713333035578,13.728000020980835,15.40911500649777,12.0468850354639,14.385000228881836,13.599999904632568,13.5,15.135000228881838,13.119999885559082
2021-06-18,13.979999542236328,14.149999618530272,13.793999671936035,14.0,1478900,0,0,-0.004267455037411327,1.0439970290306702,13.79700002670288,15.4012547118039,12.192745341601862,14.385000228881836,13.599999904632568,13.4375,15.135000228881838,12.739999771118164
2021-06-21,13.960000038146973,14.0,13.56999969482422,13.75,978400,0,0,-0.017857142857142905,1.0253542249408367,13.860500049591064,15.34612398377887,12.374876115403257,14.369999885559082,13.599999904632568,13.4375,15.135000228881838,13.229999542236328
2021-06-22,13.729999542236328,14.399999618530272,13.704999923706056,14.390000343322754,2164200,0,0,0.04654547951438204,1.0730798290128054,13.950000047683716,15.332072418516061,12.56792767685137,14.369999885559082,13.599999904632568,13.275000095367432,14.897500038146973,13.369999885559082
2021-06-23,14.34000015258789,15.010000228881836,14.300000190734863,14.960000038146973,1252000,0,0,0.03961081870916772,1.1155853995802962,14.06850004196167,15.36681588425187,12.77018419967147,14.369999885559082,13.599999904632568,13.275000095367432,14.324999809265137,13.029999732971191
2021-06-24,15.06999969482422,15.105999946594238,14.479999542236328,14.520000457763672,951400,0,0,-0.02941173658163987,1.082774095673517,14.168000078201294,15.26719398189314,13.068806174509447,14.369999885559082,13.599999904632568,13.275000095367432,14.324999809265137,12.93000030517578
2021-06-25,14.539999961853027,14.68000030517578,14.260000228881836,14.56999969482422,2104300,0,0,0.0034434735181991805,1.0865025995981608,14.28100004196167,14.981910680283416,13.580089403639924,14.337999820709229,13.599999904632568,13.275000095367432,14.324999809265137,12.760000228881836
2021-06-28,14.640000343322754,14.885000228881836,14.5,14.8100004196167,779300,0,0,0.016472253247729052,1.1043997455730576,14.298000049591064,15.032483286027972,13.563516813154155,14.337999820709229,13.599999904632568,13.095000267028809,14.324999809265137,12.710000038146973
2021-06-29,14.84000015258789,14.845000267028809,14.59000015258789,14.640000343322754,527100,0,0,-0.011478735413725571,1.0917226331026386,14.346000051498413,15.036345410334299,13.655654692662527,14.337999820709229,13.599999904632568,13.057500123977661,14.324999809265137,12.979999542236328
2021-06-30,14.56999969482422,14.630000114440918,14.267999649047852,14.289999961853027,799400,0,0,-0.023907129321165677,1.0656226789302103,14.345500040054322,15.03599402363115,13.655006056477495,14.337999820709229,13.599999904632568,13.004999876022339,14.324999809265137,12.899999618530272
2021-07-01,14.260000228881836,14.5600004196167,14.220000267028809,14.460000038146973,827300,0,0,0.011896436441410696,1.0782997914006294,14.364000034332275,15.045798935740141,13.682201132924408,14.337999820709229,13.599999904632568,13.004999876022339,14.324999809265137,12.739999771118164
2021-07-02,14.550000190734863,14.730999946594238,14.0,14.010000228881836,630000,0,0,-0.031120318677592684,1.0447427582622602,14.360500049591064,15.048853118380674,13.672146980801454,14.405499935150146,13.599999904632568,13.075000047683716,14.324999809265137,12.56999969482422
2021-07-06,14.079999923706056,14.279999732971191,13.779999732971191,13.869999885559082,480400,0,0,-0.009992886583552019,1.034302762369958,14.349000024795533,15.061895114646207,13.636104934944859,14.442999839782715,14.369999885559082,12.994999885559082,14.324999809265137,12.640000343322754
2021-07-07,13.859999656677246,13.994999885559082,13.670000076293944,13.710000038146973,788800,0,0,-0.011535677630300167,1.0223713791311293,14.314000034332276,15.078899787048693,13.549100281615859,14.388000011444092,14.369999885559082,13.540000200271606,14.020000457763672,12.579999923706056
2021-07-08,13.420000076293944,13.880000114440918,13.300000190734863,13.699999809265137,891700,0,0,-0.0007294112949679521,1.021625649899539,14.274500036239624,15.079934072078439,13.46906600040081,14.09250020980835,14.235000133514404,13.540000200271606,13.855000019073486,12.59000015258789
2021-07-09,13.670000076293944,13.979999542236328,13.524999618530272,13.9399995803833,616600,0,0,0.017518231712372323,1.039522724757782,14.247500038146972,15.059818131893213,13.435181944400732,14.09250020980835,14.235000133514404,13.540000200271606,13.744999885559082,12.390000343322754
2021-07-12,13.960000038146973,14.09000015258789,13.630000114440918,13.859999656677246,945600,0,0,-0.005738875617947059,1.0335570331383677,14.217000007629395,15.039465418725674,13.394534596533115,14.072500228881836,14.235000133514404,13.540000200271606,13.744999885559082,12.09000015258789
2021-07-13,13.81999969482422,13.829999923706056,13.3100004196167,13.31999969482422,690500,0,0,-0.038961037173826596,0.9932885791489938,14.134000015258788,14.966806700792295,13.301193329725281,14.01550006866455,14.235000133514404,13.540000200271606,13.744999885559082,12.199999809265137
2021-07-14,13.489999771118164,13.5,12.970000267028809,13.010000228881836,784800,0,0,-0.023273233712072905,0.9701715419029264,14.089000034332276,15.053714741331369,13.124285327333183,13.850500106811523,14.070000171661377,13.540000200271606,13.744999885559082,12.079999923706056
2021-07-15,13.029999732971191,13.130000114440918,12.489999771118164,12.600000381469728,905100,0,0,-0.031514207547969075,0.9395973545742644,14.023500061035156,15.18759866719607,12.859401454874241,13.610499858856201,13.829999923706055,13.540000200271606,13.744999885559082,12.229999542236328
2021-07-16,12.739999771118164,12.84000015258789,12.460000038146973,12.520000457763672,621300,0,0,-0.006349200101907093,0.9336316629548499,13.946500062942505,15.283635847717152,12.609364278167858,13.369999885559082,13.815000057220459,13.540000200271606,13.744999885559082,12.68000030517578
2021-07-19,12.350000381469728,12.630000114440918,12.119999885559082,12.380000114440918,872200,0,0,-0.011182135639295376,0.9231916670625478,13.86550006866455,15.367824703370552,12.36317543395855,13.105000019073486,13.644999980926514,13.937500238418579,13.744999885559082,13.029999732971191
2021-07-20,12.479999542236328,12.829999923706056,12.199999809265137,12.609999656677246,935800,0,0,0.018578315033134896,0.9403430126892008,13.808500051498413,15.408453566475991,12.208546536520835,13.105000019073486,13.644999980926514,13.885000228881836,13.744999885559082,13.050000190734863
2021-07-21,12.670000076293944,13.170000076293944,12.600000381469728,13.170000076293944,868100,0,0,0.04440923353397297,0.9821029251417552,13.747500038146972,15.347145149991205,12.14785492630274,13.105000019073486,13.61299991607666,14.007500171661377,13.744999885559082,12.859999656677246
2021-07-22,13.119999885559082,13.18000030517578,12.850000381469728,12.880000114440918,493800,0,0,-0.022019738813443657,0.9604772752422148,13.64350004196167,15.18299205786456,12.104008026058779,13.105000019073486,13.61299991607666,14.06000018119812,13.744999885559082,13.140000343322754
2021-07-23,12.899999618530272,13.164999961853027,12.770000457763672,13.06999969482422,481200,0,0,0.014751520085025227,0.9746457750591606,13.571000003814698,15.07431250097092,12.067687506658475,12.974999904632568,13.61299991607666,13.987500190734863,13.744999885559082,13.510000228881836
2021-07-26,13.100000381469728,13.210000038146973,12.979999542236328,13.119999885559082,460900,0,0,0.0038255693880897557,0.9783743501004579,13.49850001335144,14.940038667664448,12.056961359038434,12.809999942779541,13.61299991607666,13.992500066757202,13.744999885559082,13.520000457763672
2021-07-27,13.0,13.109999656677246,12.470000267028809,12.739999771118164,615500,0,0,-0.028963423609414507,0.9500372793499128,13.394999980926514,14.73785780190551,12.052142159947516,12.664999961853027,13.61299991607666,13.992500066757202,13.744999885559082,13.859999656677246
2021-07-28,12.869999885559082,13.28499984741211,12.812000274658203,13.229999542236328,679500,0,0,0.038461521186915926,0.9865771582979894,13.324499940872192,14.539108592327512,12.109891289416872,12.702499866485596,13.61299991607666,13.984999895095825,13.744999885559082,13.90999984741211
2021-07-29,13.170000076293944,13.614999771118164,13.119999885559082,13.369999885559082,633400,0,0,0.010582036898475033,0.9970171541902914,13.278499937057495,14.409277118367873,12.147722755747116,12.867499828338623,13.61299991607666,13.984999895095825,13.744999885559082,13.029999732971191
2021-07-30,13.1899995803833,13.380000114440918,13.0,13.029999732971191,555000,0,0,-0.025430078945260504,0.9716629292494533,13.206999921798706,14.201094967821701,12.212904875775711,12.90749979019165,13.61299991607666,13.984999895095825,13.744999885559082,12.75
2021-08-02,13.010000228881836,13.125,12.800000190734863,12.93000030517578,625500,0,0,-0.007674553326534106,0.964205850283512,13.152999925613404,14.081209671963641,12.224790179263167,13.042500019073486,13.502500057220459,13.984999895095825,13.744999885559082,12.729999542236328
2021-08-03,12.920000076293944,12.920000076293944,12.600000381469728,12.760000228881836,518500,0,0,-0.013147724074367928,0.9515287378130931,13.09749994277954,13.97863670827076,12.216363177288322,13.042500019073486,13.502500057220459,13.968999862670898,13.744999885559082,12.84000015258789
2021-08-04,12.68000030517578,12.895000457763672,12.635000228881836,12.710000038146973,588500,0,0,-0.00391851017539091,0.9478001627717957,13.047499942779542,13.896499268852649,12.198500616706434,13.042500019073486,13.482500076293945,13.968999862670898,13.595000267028809,12.729999542236328
2021-08-05,12.68000030517578,13.034000396728516,12.600000381469728,12.979999542236328,489500,0,0,0.021243076575845565,0.9679343542081559,13.011499929428101,13.805475332367909,12.217524526488294,13.042500019073486,13.42549991607666,13.968999862670898,13.59000015258789,12.850000381469728
2021-08-06,13.029999732971191,13.170000076293944,12.880000114440918,12.899999618530272,481900,0,0,-0.006163322536779758,0.9619686625887414,12.959499931335449,13.628578646892125,12.290421215778773,13.042500019073486,13.42549991607666,13.968999862670898,13.59000015258789,12.4399995803833
2021-08-09,12.869999885559082,12.920000076293944,12.619999885559082,12.739999771118164,424000,0,0,-0.012403089313450466,0.9500372793499127,12.903499937057495,13.433378380929874,12.373621493185116,13.107500076293945,13.42549991607666,13.968999862670898,13.59000015258789,12.619999885559082
2021-08-10,12.75,12.829999923706056,12.414999961853027,12.56999969482422,612000,0,0,-0.01334380528634993,0.9373601668794938,12.865999937057495,13.37834587981681,12.353653994298181,13.014999866485596,13.199999809265137,14.002749919891357,13.59000015258789,12.770000457763672
2021-08-11,12.649999618530272,12.829999923706056,12.520000457763672,12.640000343322754,755400,0,0,0.00556886636420173,0.9425802003839715,12.84749994277954,13.364461018181508,12.330538867377573,12.897500038146973,13.105000019073486,14.406499862670898,13.59000015258789,12.829999923706056
2021-08-12,12.59000015258789,12.770000457763672,12.489999771118164,12.579999923706056,644000,0,0,-0.004746868511628866,0.938105896111084,12.846499919891357,13.365467459390759,12.327532380391956,12.792500019073486,13.105000019073486,14.378999948501587,13.59000015258789,12.300000190734863
2021-08-13,12.59000015258789,12.760000228881836,12.425000190734863,12.59000015258789,522700,0,0,0.0007949307585439769,0.9388516253426741,12.849999904632568,13.360907396770761,12.339092412494375,12.792500019073486,13.105000019073486,14.163750171661377,13.59000015258789,12.15999984741211
2021-08-16,12.460000038146973,12.56999969482422,12.21500015258789,12.390000343322754,900500,0,0,-0.015885608168481724,0.9239373962941382,12.85049991607666,13.359562830358561,12.34143700179476,12.692500114440918,13.105000019073486,14.163750171661377,13.59000015258789,12.31999969482422
2021-08-17,12.25,12.350000381469728,11.869999885559082,12.09000015258789,1083700,0,0,-0.024213089783854613,0.9015660171630073,12.824499940872192,13.425877543637087,12.223122338107297,12.519999980926514,12.849999904632568,14.15375018119812,13.59000015258789,12.729999542236328
2021-08-18,12.010000228881836,12.4399995803833,11.914999961853027,12.199999809265137,1245400,0,0,0.00909839994118622,0.9097688253605387,12.775999927520752,13.41385693630802,12.138142918733484,12.519999980926514,12.742499828338623,14.125250101089478,13.59000015258789,12.609999656677246
2021-08-19,12.130000114440918,12.34000015258789,12.039999961853027,12.079999923706056,749500,0,0,-0.00983605634714424,0.9008202879314172,12.735999917984008,13.440377959496837,12.03162187647118,12.394999980926514,12.742499828338623,13.96025013923645,13.59000015258789,12.470000267028809
2021-08-20,12.050000190734863,12.350000381469728,12.029999732971191,12.229999542236328,1966900,0,0,0.012417187042849998,0.9120059419386556,12.693999910354615,13.413880192293682,11.974119628415547,12.349999904632568,12.742499828338623,13.720249891281128,13.59000015258789,12.0600004196167
2021-08-23,12.260000228881836,12.710000038146973,12.210000038146973,12.68000030517578,772200,0,0,0.03679483072631129,0.9455630461936785,12.67199993133545,13.364544171221413,11.979455691449486,12.349999904632568,12.742499828338623,13.59249997138977,13.59000015258789,11.9399995803833
2021-08-24,12.71500015258789,13.029999732971191,12.630000114440918,13.029999732971191,621900,0,0,0.027602477868438724,0.971662929249453,12.6864999294281,13.396250435559583,11.976749423296617,12.449999809265137,12.742499828338623,13.375,13.59000015258789,12.029999732971191
2021-08-25,12.989999771118164,13.220000267028809,12.979999542236328,13.050000190734863,622600,0,0,0.0015349545797045394,0.9731543877126335,12.677499961853027,13.363363582698968,11.991636341007085,12.545000076293945,12.742499828338623,13.375,13.59000015258789,12.06999969482422
2021-08-26,13.300000190734863,13.350000381469728,12.824999809265137,12.859999656677246,503700,0,0,-0.014559427684339266,0.9589858167790339,12.651999950408936,13.266452858405954,12.037547042411918,12.610000133514404,12.742499828338623,13.358999967575073,13.59000015258789,11.279999732971191
2021-08-27,12.779999732971191,13.274999618530272,12.779999732971191,13.140000343322754,538700,0,0,0.021772993321980794,0.9798658085636381,12.657499980926513,13.287333871879532,12.027666089973494,12.610000133514404,12.742499828338623,13.358999967575073,13.59000015258789,11.359999656677246
2021-08-30,13.25,13.510000228881836,13.130000114440918,13.510000228881836,744900,0,0,0.028158285836507035,1.007457150082593,12.686499977111817,13.411219637027012,11.961780317196622,12.712500095367432,12.742499828338623,13.293999910354614,13.59000015258789,11.420000076293944
2021-08-31,13.520000457763672,13.630000114440918,13.390000343322754,13.520000457763672,593800,0,0,0.0007402093791573083,1.0082028793141833,12.724499988555909,13.53613583822687,11.912864138884947,12.829999923706055,12.75,13.2114999294281,13.599999904632568,11.68000030517578
2021-09-01,13.600000381469728,13.899999618530272,13.59000015258789,13.859999656677246,787800,0,0,0.025147868890665226,1.0335570331383674,12.781999969482422,13.733858882502044,11.8301410564628,12.964999675750732,12.884999752044678,13.138999938964844,13.599999904632568,11.380000114440918
2021-09-02,13.899999618530272,14.06999969482422,13.704999923706056,13.90999984741211,1479500,0,0,0.0036075174583987124,1.0372856081796649,12.82849998474121,13.899307014253116,11.757692955229304,13.139999866485596,12.96999979019165,13.157749891281128,13.599999904632568,11.010000228881836
2021-09-03,11.979999542236328,13.3100004196167,11.774999618530272,13.029999732971191,4656800,0,0,-0.06326384788599682,0.9716629292494529,12.834999990463256,13.909072864406435,11.760927116520078,12.922499656677246,12.922499656677246,13.240249872207642,13.599999904632568,11.220000267028809
2021-09-07,12.760000228881836,12.979999542236328,12.300000190734863,12.75,1908600,0,0,-0.02148885178122284,0.9507830085815026,12.835500001907349,13.909402966676565,11.761597037138133,12.922499656677246,12.922499656677246,13.260249853134155,13.599999904632568,11.489999771118164
2021-09-08,12.670000076293944,12.989999771118164,12.640000343322754,12.729999542236328,1015100,0,0,-0.0015686633540135109,0.949291550118322,12.843499994277954,13.911679190476223,11.775320798079685,12.922499656677246,12.922499656677246,13.272500038146973,13.599999904632568,11.710000038146973
2021-09-09,12.579999923706056,12.984999656677246,12.520000457763672,12.84000015258789,1005300,0,0,0.008641053755469308,0.9574944294325072,12.85349998474121,13.917563799229507,11.789436170252914,12.922499656677246,12.922499656677246,13.272500038146973,13.599999904632568,11.460000038146973
2021-09-10,13.0,13.039999961853027,12.699999809265137,12.729999542236328,736800,0,0,-0.00856702562650613,0.949291550118322,12.860999965667725,13.919283468087219,11.802716463248231,12.922499656677246,12.922499656677246,13.262500047683716,13.599999904632568,11.93000030517578
2021-09-13,12.789999961853027,12.994999885559082,12.510000228881836,12.850000381469728,832500,0,0,0.009426617717876118,0.9582401586640975,12.873999977111817,13.92493101970829,11.823068934515344,12.922499656677246,12.922499656677246,13.233999967575073,13.599999904632568,12.109999656677246
2021-09-14,12.979999542236328,13.119999885559082,12.350000381469728,12.4399995803833,695300,0,0,-0.03190667618015541,0.9276659002187814,12.876499938964844,13.922994290520796,11.830005587408893,12.922499656677246,12.922499656677246,13.233999967575073,13.599999904632568,12.470000267028809
2021-09-15,12.510000228881836,12.640000343322754,12.300000190734863,12.619999885559082,814500,0,0,0.014469478396094582,0.9410887419207906,12.902999925613404,13.893223351848695,11.912776499378113,12.922499656677246,12.922499656677246,13.266499996185303,13.599999904632568,12.739999771118164
2021-09-16,12.539999961853027,12.8100004196167,12.470000267028809,12.770000457763672,630600,0,0,0.011885940852997434,0.9522744670446829,12.93149995803833,13.870068265992403,11.992931650084257,12.542500019073486,12.922499656677246,13.107499837875366,13.599999904632568,12.520000457763672
2021-09-17,12.850000381469728,13.005000114440918,12.652999877929688,12.829999923706056,1436400,0,0,0.0046984701481280755,0.9567487002009168,12.96899995803833,13.823815115262496,12.114184800814163,12.710000038146973,12.922499656677246,13.00125002861023,13.644999980926514,12.510000228881836
2021-09-20,12.460000038146973,12.640000343322754,12.119999885559082,12.300000190734863,965400,0,0,-0.04130941045384651,0.917225975443133,12.972499990463257,13.81554888225248,12.129451098674034,12.619999885559082,12.922499656677246,12.948750019073486,13.644999980926514,12.649999618530272
2021-09-21,12.350000381469728,12.4399995803833,12.09000015258789,12.15999984741211,839700,0,0,-0.011382141557055525,0.906785979550831,12.946499967575074,13.85434135419167,12.038658580958478,12.605000019073486,12.922499656677246,12.948750019073486,13.644999980926514,12.5
2021-09-22,12.210000038146973,12.40999984741211,12.109999656677246,12.31999969482422,570200,0,0,0.013157882353605599,0.9187173627896598,12.910999965667724,13.858116633155303,11.963883298180145,12.605000019073486,12.922499656677246,12.898750066757202,13.644999980926514,12.850000381469728
2021-09-23,12.40999984741211,12.760000228881836,12.260000228881836,12.729999542236328,539000,0,0,0.033279209218191275,0.9492915501183218,12.894999933242797,13.843004264667155,11.94699560181844,12.605000019073486,12.922499656677246,12.684999942779541,13.519999980926514,12.59000015258789
2021-09-24,12.600000381469728,12.68000030517578,12.520000457763672,12.609999656677246,423200,0,0,-0.009426542802373206,0.9403430126892002,12.882499933242798,13.83866705051265,11.926332815972946,12.605000019073486,12.922499656677246,12.631249904632568,13.519999980926514,12.970000267028809
2021-09-27,12.579999923706056,12.739999771118164,12.420000076293944,12.470000267028809,672300,0,0,-0.011102251662180262,0.9299030879135519,12.8489999294281,13.81373548430395,11.88426437455225,12.547500133514404,12.922499656677246,12.568749904632568,13.519999980926514,12.729999542236328
2021-09-28,12.279999732971191,12.399999618530272,12.039999961853027,12.0600004196167,1107500,0,0,-0.03287889644206066,0.8993289005848898,12.776499938964845,13.749631820000912,11.803368057928777,12.522500038146973,12.922499656677246,12.546249866485596,13.519999980926514,12.65999984741211
2021-09-29,12.100000381469728,12.18000030517578,11.890000343322754,11.9399995803833,673300,0,0,-0.009950317998182356,0.8903802920391144,12.697499895095827,13.672926994541468,11.722072795650186,12.447500228881836,12.922499656677246,12.546249866485596,13.519999980926514,12.56999969482422
2021-09-30,11.970000267028809,12.100000381469728,11.90999984741211,12.029999732971191,668800,0,0,0.007537701486669768,0.8970917128901191,12.605999898910524,13.463000035338425,11.748999762482622,12.325000286102295,12.922499656677246,12.59624981880188,13.519999980926514,12.640000343322754
2021-10-01,12.020000457763672,12.1899995803833,11.84000015258789,12.06999969482422,765400,0,0,0.0033250176841981283,0.9000745586998263,12.513999891281129,13.157820267157511,11.870179515404747,12.300000190734863,12.922499656677246,12.643749952316284,13.519999980926514,12.520000457763672
2021-10-04,12.06999969482422,12.06999969482422,11.270000457763672,11.279999732971191,999500,0,0,-0.06545153122015335,0.841163300620619,12.426499891281129,13.224995726555198,11.62800405600706,12.015000343322754,12.670000076293945,12.676249980926514,13.48799991607666,12.25
2021-10-05,11.279999732971191,11.489999771118164,11.220000267028809,11.359999656677246,515500,0,0,0.0070921919858044635,0.8471289922400334,12.356999874114992,13.266328409292562,11.447671338937422,11.990000247955322,12.644999980926514,12.676249980926514,13.48799991607666,11.800000190734863
2021-10-06,11.229999542236328,11.56999969482422,11.210000038146973,11.420000076293944,587500,0,0,0.005281727238559464,0.851603296512921,12.291499900817872,13.270742044229383,11.31225775740636,11.974999904632568,12.639999866485596,12.727499961853027,13.48799991607666,11.600000381469728
2021-10-07,11.56999969482422,11.890000343322754,11.520000457763672,11.68000030517578,494100,0,0,0.022767095196571274,0.8709918298343445,12.233499908447268,13.21334057004873,11.253659246845805,11.974999904632568,12.639999866485596,12.789999961853027,13.48799991607666,11.81999969482422
2021-10-08,11.670000076293944,11.789999961853027,11.354999542236328,11.380000114440918,424200,0,0,-0.02568494716579095,0.8486204507032138,12.165999937057496,13.185366623401734,11.146633250713258,11.804999828338623,12.639999866485596,12.924999713897705,13.48799991607666,11.75
2021-10-11,11.260000228881836,11.399999618530272,11.010000228881836,11.010000228881836,650700,0,0,-0.03251317063604964,0.8210291091842589,12.073999929428101,13.160498459667606,10.987501399188597,11.599999904632568,12.160000324249268,13.054999828338623,13.48799991607666,11.75
2021-10-12,11.0,11.3100004196167,10.979999542236328,11.220000267028809,466100,0,0,0.01907357255053399,0.8366890674643851,12.012999963760375,13.146934526530153,10.879065400990598,11.584999561309814,12.049999713897705,12.922499656677246,13.440499782562256,11.5
2021-10-13,11.329999923706056,11.510000228881836,11.239999771118164,11.489999771118164,660300,0,0,0.024064126351474258,0.8568232589007452,11.95649995803833,13.076190557345486,10.836809358731175,11.584999561309814,12.049999713897705,12.922499656677246,13.440499782562256,11.210000038146973
2021-10-14,11.68000030517578,11.899999618530272,11.600000381469728,11.710000038146973,880200,0,0,0.019147108042753214,0.8732289464124616,11.903499937057495,12.96219155159984,10.84480832251515,11.524999618530273,12.049999713897705,12.922499656677246,13.329999923706055,10.84000015258789
2021-10-15,11.890000343322754,11.890000343322754,11.40999984741211,11.460000038146973,889000,0,0,-0.02134927405513154,0.8545861423226282,11.834999942779541,12.818901694457743,10.85109819110134,11.4399995803833,12.049999713897705,12.922499656677246,13.329999923706055,10.460000038146973
2021-10-18,11.460000038146973,11.984999656677246,11.399999618530272,11.93000030517578,838700,0,0,0.04101223956931177,0.8896346339241777,11.816499948501587,12.778157361104475,10.8548425358987,11.482499599456787,12.049999713897705,12.922499656677246,13.309999942779541,10.289999961853027
2021-10-19,11.960000038146973,12.1899995803833,11.829999923706056,12.109999656677246,754000,0,0,0.01508795866697299,0.9030574045095334,11.813999938964844,12.77229005683455,10.85570982109514,11.584999561309814,12.049999713897705,12.922499656677246,13.252999782562256,10.100000381469728
2021-10-20,12.170000076293944,12.529999732971191,12.0600004196167,12.470000267028809,944000,0,0,0.029727549179001445,0.929903087913552,11.821499967575074,12.797888336697724,10.845111598452423,11.75499963760376,11.992499828338623,12.922499656677246,13.252999782562256,9.779999732971191
2021-10-21,12.529999732971191,12.869999885559082,12.399999618530272,12.739999771118164,810600,0,0,0.021651924483373497,0.9500372793499121,11.821999979019164,12.800277711230374,10.843722246807955,11.924999713897705,11.992499828338623,12.922499656677246,13.252999782562256,9.93000030517578
2021-10-22,12.6899995803833,12.829999923706056,12.479999542236328,12.520000457763672,552900,0,0,-0.01726839225328991,0.9336316629548495,11.817500019073487,12.7818157628493,10.853184275297673,11.924999713897705,11.992499828338623,12.732499837875366,13.027499675750732,9.65999984741211
2021-10-25,12.43000030517578,12.619999885559082,12.288999557495115,12.510000228881836,547500,0,0,-0.0007987402968212542,0.9328859337232591,11.819500017166138,12.789431182548194,10.849568851784083,12.054999828338623,11.924999713897705,12.81624984741211,12.932499885559082,9.149999618530272
2021-10-26,12.600000381469728,12.8100004196167,12.489999771118164,12.649999618530272,717600,0,0,0.011190998168426836,0.9433258584989073,11.848999977111815,12.880992564709414,10.817007389514215,12.134999752044678,11.924999713897705,12.771249771118164,12.932499885559082,9.43000030517578
2021-10-27,12.640000343322754,12.68000030517578,12.4399995803833,12.5,624500,0,0,-0.011857677711748393,0.9321402044916689,11.87699999809265,12.947444838281733,10.806555157903567,12.134999752044678,11.924999713897705,12.763749837875366,12.932499885559082,10.239999771118164
2021-10-28,12.56999969482422,13.130000114440918,12.539999961853027,12.850000381469728,1070100,0,0,0.028000030517578267,0.9582401586640973,11.918000030517579,13.069407989114076,10.766592071921082,12.264999866485596,12.054999828338623,12.763749837875366,12.932499885559082,10.369999885559082
2021-10-29,12.890000343322754,12.989999771118164,12.539999961853027,12.59000015258789,1427600,0,0,-0.020233480246177216,0.9388516253426735,11.944000053405762,13.131283035727911,10.756717071083614,12.480000019073486,12.054999828338623,12.763749837875366,12.922499656677246,10.630000114440918
2021-11-01,12.529999732971191,12.970000267028809,12.529999732971191,12.970000267028809,909700,0,0,0.030182693394392723,0.9671886960932187,12.028500080108643,13.25506547700992,10.801934683207365,12.595000267028809,12.054999828338623,12.763749837875366,12.922499656677246,10.890000343322754
2021-11-02,12.920000076293944,12.9399995803833,12.609999656677246,12.729999542236328,456800,0,0,-0.01850429605638404,0.9492915501183217,12.097000074386596,13.319550246751183,10.87444990202201,12.709499835968018,12.054999828338623,12.734999895095825,12.922499656677246,10.609999656677246
2021-11-03,12.6899995803833,12.90999984741211,12.510000228881836,12.65999984741211,825800,0,0,-0.005498797905841957,0.9440715877304976,12.159000062942505,13.363368381937235,10.954631743947775,12.709499835968018,12.054999828338623,12.72249984741211,12.922499656677246,10.3100004196167
2021-11-04,12.770000457763672,12.899999618530272,12.43000030517578,12.56999969482422,933700,0,0,-0.0071090168777755425,0.9373601668794931,12.203500032424927,13.399434321367083,11.00756574348277,12.709499835968018,12.054999828338623,12.684999942779541,12.922499656677246,10.40999984741211
2021-11-05,12.670000076293944,12.868000030517578,12.4399995803833,12.640000343322754,1376900,0,0,0.00556886636420173,0.9425802003839708,12.26650004386902,13.41350373533933,11.11949635239871,12.78000020980835,12.054999828338623,12.62374997138977,12.922499656677246,10.279999732971191
2021-11-08,12.649999618530272,12.760000228881836,12.510000228881836,12.520000457763672,546800,0,0,-0.009493661574342727,0.9336316629548492,12.342000055313111,13.335149068888668,11.348851041737554,12.78000020980835,12.054999828338623,12.611249923706055,12.922499656677246,10.479999542236328
2021-11-09,12.520000457763672,12.609999656677246,12.18000030517578,12.25,719100,0,0,-0.02156553098176961,0.9134974004018354,12.39350004196167,13.243675414768552,11.543324669154787,12.65500020980835,12.054999828338623,12.34250020980835,12.670000076293945,10.380000114440918
2021-11-10,12.09000015258789,12.449999809265137,11.774999618530272,11.800000190734863,970700,0,0,-0.036734678307358104,0.879940367263466,12.409000062942505,13.201462325617337,11.616537800267674,12.382499694824219,12.054999828338623,12.317500114440918,12.644999980926514,10.789999961853027
2021-11-11,11.890000343322754,11.949999809265137,11.550000190734863,11.600000381469728,657800,0,0,-0.016949136104435936,0.8650261382149302,12.403500080108643,13.216773215394648,11.590226944822637,12.260000228881836,12.054999828338623,12.307499885559082,12.639999866485596,10.289999961853027
2021-11-12,11.609999656677246,11.925000190734863,11.5600004196167,11.81999969482422,927200,0,0,0.018965457424115817,0.8814317546099928,12.421500062942505,13.162415364926417,11.680584760958592,12.244999885559082,12.054999828338623,12.307499885559082,12.639999866485596,10.539999961853027
2021-11-15,11.829999923706056,11.90999984741211,11.68000030517578,11.75,668800,0,0,-0.005922140154950406,0.8762117922221686,12.412500047683716,13.181235597995247,11.643764497372185,12.230000019073486,12.054999828338623,12.22249984741211,12.639999866485596,10.56999969482422
2021-11-16,11.75,11.8149995803833,11.59000015258789,11.75,1813600,0,0,0.0,0.8762117922221686,12.394500064849854,13.206832970206362,11.582167159493347,12.224999904632568,12.054999828338623,11.880000114440918,12.539999961853027,10.59000015258789
2021-11-17,11.6899995803833,11.880000114440918,11.324999809265137,11.5,802500,0,0,-0.021276595744680882,0.8575689881323352,12.346000051498413,13.24655440352942,11.445445699467406,12.096499919891357,12.184999942779541,11.81749963760376,12.524999618530273,10.579999923706056
2021-11-18,11.59000015258789,11.609999656677246,11.039999961853027,11.210000038146973,1184500,0,0,-0.02521738798721973,0.8359433382327947,12.269500064849854,13.277900062358214,11.261100067341495,11.900000095367432,12.085000038146973,11.81749963760376,12.524999618530273,10.3100004196167
2021-11-19,11.15999984741211,11.399999618530272,10.760000228881836,10.84000015258789,1642200,0,0,-0.03300623410347847,0.8083519967138397,12.185500049591065,13.363981364622983,11.007018734559146,11.684999942779541,11.945000171661377,11.78749966621399,12.524999618530273,10.119999885559082
2021-11-22,10.850000381469728,10.90999984741211,10.25,10.460000038146973,1201600,0,0,-0.035055360617333386,0.7800149259632946,12.083000040054321,13.471175605740786,10.694824474367856,11.349999904632568,11.690000057220459,11.744999647140503,12.524999618530273,10.149999618530272
2021-11-23,10.390000343322754,10.520000457763672,9.970000267028809,10.289999961853027,1334300,0,0,-0.016252397291966147,0.7673378134928756,11.965000057220461,13.532077841456685,10.397922272984237,10.960000038146973,11.550000190734863,11.766249656677246,12.524999618530273,9.920000076293944
2021-11-24,10.149999618530272,10.25,9.920000076293944,10.100000381469728,1241300,0,0,-0.01846448795798472,0.75316931367593,11.845000076293946,13.589388450417639,10.100611702170253,10.922500133514404,11.525000095367432,11.81749963760376,12.524999618530273,10.0
2021-11-26,9.880000114440918,10.06999969482422,9.65999984741211,9.779999732971191,948000,0,0,-0.03168323132795481,0.7293064760816186,11.691500043869018,13.59033524707293,9.792664840665106,10.78499984741211,11.394999980926514,11.873749732971191,12.524999618530273,9.670000076293944
2021-11-29,9.970000267028809,10.09000015258789,9.670000076293944,9.93000030517578,1485600,0,0,0.015337482239277778,0.7404922012055106,11.558500051498413,13.558046607970493,9.558953495026334,10.769999980926514,11.394999980926514,11.958749771118164,12.524999618530273,8.949999809265137
2021-11-30,9.84000015258789,10.09000015258789,9.395000457763672,9.65999984741211,1595200,0,0,-0.027190377589710546,0.7203579386524969,11.393000030517578,13.44564451954605,9.340355541489107,10.637500286102295,11.262500286102295,11.958749771118164,12.524999618530273,9.0
2021-12-01,9.9399995803833,9.979999542236328,8.890000343322754,9.149999618530272,1910400,0,0,-0.0527950555836153,0.6823266012412398,11.214000034332276,13.391057795879595,9.036942272784957,10.25,11.010000228881836,11.989999771118164,12.524999618530273,9.029999732971191
2021-12-02,9.175000190734863,9.510000228881836,8.979999542236328,9.43000030517578,1925600,0,0,0.0306011692151833,0.7032065930258439,11.05250005722046,13.255871938886632,8.849128175554288,10.144999980926514,11.010000228881836,12.029999732971191,12.524999618530273,9.06999969482422
2021-12-03,9.960000038146973,10.760000228881836,9.949999809265137,10.239999771118164,2086100,0,0,0.08589601693838822,0.763609238451578,10.936000061035156,13.049726180536826,8.822273941533485,9.900000095367432,11.010000228881836,12.029999732971191,12.524999618530273,9.4399995803833
2021-12-06,10.25,10.470000267028809,9.869999885559082,10.369999885559082,1452700,0,0,0.012695323959633464,0.7733035051122898,10.822500038146973,12.795679413207914,8.849320663086033,9.825000286102295,10.940000057220459,12.15999984741211,12.524999618530273,9.329999923706056
2021-12-07,10.53499984741211,10.81999969482422,10.43000030517578,10.630000114440918,1844200,0,0,0.025072346359801267,0.7926920384337135,10.728000020980835,12.539686152654848,8.91631388930682,9.855000019073486,10.930000305175781,12.267499923706055,12.524999618530273,8.949999809265137
2021-12-08,10.630000114440918,10.96500015258789,10.43000030517578,10.890000343322754,2586700,0,0,0.024459099349267488,0.812080571755137,10.660000038146972,12.333453288295637,8.986546787998307,9.927500247955322,10.914999961853027,12.325000047683716,12.524999618530273,8.670000076293945
2021-12-09,10.800000190734863,10.909000396728516,10.510000228881836,10.609999656677246,1399800,0,0,-0.02571172431754709,0.791200579970533,10.600500011444092,12.18916917554169,9.011830847346495,9.927500247955322,10.900000095367432,12.38224983215332,12.524999618530273,8.5
2021-12-10,10.734999656677246,10.760000228881836,10.270000457763672,10.3100004196167,876000,0,0,-0.028275141071446352,0.768829271956056,10.53600001335144,12.059850999097971,9.01214902760491,9.927500247955322,10.894999980926514,12.38224983215332,12.524999618530273,8.470000267028809
2021-12-13,10.1899995803833,10.579999923706056,10.1899995803833,10.40999984741211,1275800,0,0,0.009699265152806724,0.7762863509219972,10.465500020980835,11.869740894719556,9.061259147242115,9.927500247955322,10.879000186920166,12.38224983215332,12.524999618530273,8.220000267028809
2021-12-14,10.279999732971191,10.479999542236328,10.024999618530272,10.279999732971191,1064800,0,0,-0.012488003491492372,0.7665920842612853,10.392000007629395,11.666128625131913,9.117871390126878,9.97249984741211,10.825000286102295,12.417500019073486,12.524999618530273,7.809999942779541
2021-12-15,10.18000030517578,10.545000076293944,9.979999542236328,10.479999542236328,1341100,0,0,0.01945523486967371,0.7815063133098213,10.32849998474121,11.440162409420797,9.216837560061624,10.417500019073486,10.75,12.417500019073486,12.524999618530273,7.940000057220459
2021-12-16,10.539999961853027,10.59000015258789,10.199999809265137,10.380000114440918,1042600,0,0,-0.009541930549938904,0.7740492343438803,10.272499990463256,11.245208049052987,9.299791931873525,10.417500019073486,10.670000076293945,12.355000019073486,12.524999618530273,7.920000076293945
2021-12-17,10.3100004196167,10.8100004196167,10.1899995803833,10.789999961853027,1737200,0,0,0.03949902147319895,0.8046234216725424,10.25149998664856,11.157490960117338,9.34550901317978,10.47249984741211,10.420000076293945,12.218749761581421,12.524999618530273,7.590000152587891
2021-12-20,10.539999961853027,10.604999542236328,10.260000228881836,10.289999961853027,979500,0,0,-0.046339203129536655,0.7673378134928757,10.223999977111816,11.08889097962057,9.359108974603062,10.47249984741211,10.407500267028809,12.15750002861023,12.524999618530273,7.409999847412109
2021-12-21,10.40999984741211,10.640000343322754,10.34000015258789,10.539999961853027,1228200,0,0,0.024295432548765428,0.785980617582709,10.22799997329712,11.098000217604959,9.357999728989281,10.444499969482422,10.400000095367432,12.149999856948853,12.524999618530273,7.570000171661377
2021-12-22,10.4399995803833,10.625,10.43000030517578,10.56999969482422,731300,0,0,0.0028462744857467026,0.7882177341608261,10.241999959945678,11.12459810117902,9.359401818712337,10.394999980926514,10.385000228881836,12.142499923706055,12.524999618530273,8.100000381469727
2021-12-23,10.539999961853027,10.625,10.390000343322754,10.59000015258789,576500,0,0,0.0018921909499640677,0.7897091926240064,10.266499948501586,11.159226812291545,9.373773084711628,10.394999980926514,10.385000228881836,12.139999866485596,12.144999980926514,8.270000457763672
2021-12-27,10.630000114440918,10.670000076293944,10.479999542236328,10.579999923706056,643400,0,0,-0.0009443086626764741,0.7889634633924163,10.30649995803833,11.179717066429202,9.433282849647458,10.394999980926514,10.25,12.14074993133545,12.054999828338623,8.25
2021-12-28,10.529999732971191,10.614999771118164,10.289999961853027,10.3100004196167,552800,0,0,-0.02551980208283211,0.7688292719560561,10.325499963760375,11.181297852874248,9.469702074646502,10.394999980926514,10.144999980926514,11.992500066757202,12.054999828338623,7.619999885559082
2021-12-29,10.3100004196167,10.354999542236328,10.010000228881836,10.119999885559082,610400,0,0,-0.018428761040213515,0.7546607010224566,10.348499965667724,11.154255265176586,9.542744666158862,10.410000324249268,9.927500247955322,11.815000057220459,11.945000171661377,7.980000019073486
2021-12-30,10.100000381469728,10.380000114440918,10.100000381469728,10.149999618530272,775100,0,0,0.0029644005247468908,0.7568978176005735,10.398499965667725,10.995721276314356,9.801278655021093,10.410000324249268,9.927500247955322,11.519999980926514,11.690000057220459,8.09000015258789
2021-12-31,10.06999969482422,10.270000457763672,9.899999618530272,9.920000076293944,669600,0,0,-0.022660054273936248,0.7397464719739206,10.422999954223632,10.882225084807512,9.963774823639753,10.284999847412108,9.927500247955322,11.255000114440918,11.550000190734863,8.3100004196167
2022-01-03,9.920000076293944,10.039999961853027,9.720000267028809,10.0,876500,0,0,0.008064508376087076,0.7457121635933351,10.410999965667724,10.900603715304767,9.921396216030681,10.195000171661377,9.927500247955322,11.223750114440918,11.525000095367432,8.4399995803833
2022-01-04,9.979999542236328,10.020000457763672,9.484999656677246,9.670000076293944,826600,0,0,-0.03299999237060569,0.7211036678840872,10.375999975204468,10.96373858689415,9.788261363514787,10.077499866485596,9.927500247955322,11.089999914169312,11.394999980926514,8.229999542236328
2022-01-05,9.56999969482422,9.630000114440918,8.890000343322754,8.949999809265137,939200,0,0,-0.07445711079091832,0.6674123721927041,10.291999959945679,11.13758068008445,9.446419239806907,9.78000020980835,9.927500247955322,11.082499980926514,11.394999980926514,8.020000457763672
2022-01-06,8.899999618530273,9.19499969482422,8.78499984741211,9.0,1234500,0,0,0.005586613608986157,0.6711409472340016,10.19749994277954,11.169147215004177,9.225852670554904,9.727499961853027,9.875,10.950000286102295,11.262500286102295,8.069999694824219
2022-01-07,8.979999542236328,9.234999656677246,8.880000114440918,9.029999732971191,987100,0,0,0.0033333036634657365,0.6733780638121186,10.118499946594238,11.195557560600232,9.041442332588243,9.699999809265137,9.875,10.630000114440918,11.010000228881836,8.020000457763672
2022-01-10,8.859999656677246,9.06999969482422,8.614999771118164,9.06999969482422,1207000,0,0,0.004429674754804047,0.676360909621826,10.056499910354614,11.22242080775402,8.890579012955207,9.497499942779541,9.789999961853027,10.577500104904175,11.010000228881836,7.980000019073486
2022-01-11,9.06999969482422,9.5,9.020000457763672,9.4399995803833,751100,0,0,0.040793814554395125,0.7039522511407809,10.007999897003174,11.19182428341229,8.824175510594058,9.497499942779541,9.789999961853027,10.455000162124634,11.010000228881836,7.630000114440918
2022-01-12,9.600000381469728,9.739999771118164,9.270000457763672,9.329999923706056,597500,0,0,-0.011652506521910078,0.6957494429432496,9.960499906539917,11.173059543111044,8.74794026996879,9.442500114440918,9.789999961853027,10.382500171661377,11.010000228881836,7.389999866485596
2022-01-13,9.420000076293944,9.449999809265137,8.90999984741211,8.949999809265137,672300,0,0,-0.04072884432457491,0.6674123721927042,9.883999919891357,11.148328408912452,8.619671430870262,9.327499866485596,9.789999961853027,10.392500162124634,11.010000228881836,
2022-01-14,8.869999885559082,9.06999969482422,8.640000343322754,8.670000076293945,1096400,0,0,-0.03128488703221344,0.6465324515247539,9.798499917984008,11.146539046136354,8.450460789831663,9.317500114440918,9.76200008392334,10.421250104904175,11.010000228881836,
2022-01-18,8.5600004196167,8.649999618530273,8.300000190734863,8.5,1535300,0,0,-0.01960785176447344,0.6338553390543349,9.683999919891358,11.064702497160797,8.303297342621919,9.019999980926514,9.555000305175781,10.413750171661377,11.010000228881836,
2022-01-19,8.619999885559082,8.739999771118164,8.470000267028809,8.470000267028809,2136200,0,0,-0.0035293803495519693,0.6316182224762179,9.592999935150146,11.040959741491028,8.145040128809265,9.019999980926514,9.555000305175781,10.411250114440918,11.010000228881836,
2022-01-20,8.5,8.800000190734863,8.210000038146973,8.220000267028809,2481800,0,0,-0.029515937676315773,0.6129754183863845,9.476999950408935,10.974331607083137,7.979668293734733,8.974999904632568,9.510000228881836,10.403250217437744,11.010000228881836,
2022-01-21,8.15999984741211,8.319999694824219,7.800000190734863,7.809999942779541,2327500,0,0,-0.04987838332485428,0.5824011954993955,9.338999962806701,10.915486228866827,7.762513696746575,8.769999980926514,9.305000305175781,10.398750066757202,11.010000228881836,
2022-01-24,7.619999885559082,8.039999961853027,7.255000114440918,7.940000057220459,2969800,0,0,0.016645341279561077,0.5920954621601073,9.20649995803833,10.785617979333605,7.627381936743056,8.497499942779541,9.032500267028809,10.583750009536743,11.010000228881836,
2022-01-25,7.789999961853027,8.104999542236328,7.710000038146973,7.920000076293945,2374300,0,0,-0.002518889267302482,0.5906040392552537,9.073499965667725,10.61469833412461,7.53230159721084,8.497499942779541,9.032500267028809,10.543750047683716,11.010000228881836,
2022-01-26,8.15999984741211,8.220000267028809,7.46999979019165,7.590000152587891,2076100,0,0,-0.041666656632214805,0.565995543546006,8.937499952316283,10.498376982395747,7.376622922236819,8.352499961853027,8.962500095367432,10.446249961853027,11.010000228881836,
2022-01-27,7.699999809265137,7.820000171661377,7.304999828338623,7.409999847412109,1500800,0,0,-0.02371545475060477,0.5525727018439968,8.801999950408936,10.39922543868425,7.2047744621336225,8.162499904632568,8.962500095367432,10.440000057220459,11.010000228881836,
2022-01-28,7.360000133514404,7.570000171661377,7.110000133514404,7.570000171661377,1212100,0,0,0.021592486848045933,0.5645041206411525,8.67299997806549,10.22970335174196,7.116296604389021,7.955000162124634,8.890000104904175,10.422250032424927,11.010000228881836,
2022-01-31,7.630000114440918,8.100000381469727,7.619999885559082,8.100000381469727,3790000,0,0,0.07001323616773858,0.6040268809572631,8.58199999332428,10.045494734561855,7.118505252086703,7.955000162124634,8.890000104904175,10.390000104904175,11.010000228881836,
2022-02-01,8.260000228881836,8.329999923706055,7.909999847412109,8.270000457763672,3112400,0,0,0.020987662751578595,0.616703993427682,8.495500016212464,9.808776404590114,7.182223627834814,7.955000162124634,8.890000104904175,10.390000104904175,11.010000228881836,
2022-02-02,8.350000381469727,8.430000305175781,8.079999923706055,8.25,2384700,0,0,-0.002418434904062905,0.6152125349645016,8.424500012397766,9.62349366981319,7.225506354982343,7.770000219345093,8.862499952316284,10.322499990463257,11.010000228881836,
2022-02-03,7.96999979019165,8.145000457763672,7.570000171661377,7.619999885559082,2043100,0,0,-0.07636365023526281,0.568232660124123,8.358000016212463,9.580591393984893,7.135408638440033,7.770000219345093,8.745000123977661,10.269999980926514,11.010000228881836,
2022-02-04,7.670000076293945,8.095000267028809,7.610000133514404,7.980000019073486,1139200,0,0,0.047244112719299736,0.5950783079698146,8.307000017166137,9.502728332158188,7.111271702174085,7.770000219345093,8.745000123977661,10.168750286102295,11.010000228881836,
2022-02-07,7.949999809265137,8.279999732971191,7.949999809265137,8.09000015258789,996600,0,0,0.013784477851063404,0.6032811517256729,8.260000038146973,9.41094058841184,7.1090594878821065,7.770000219345093,8.690000295639038,10.168750286102295,11.010000228881836,
2022-02-08,8.010000228881836,8.335000038146973,7.960000038146973,8.3100004196167,1542100,0,0,0.027194099243426306,0.6196868392373893,8.222000074386596,9.31134575393404,7.132654394839151,7.770000219345093,8.575000047683716,10.106250047683716,11.010000228881836,
2022-02-09,8.449999809265137,8.59000015258789,8.289999961853027,8.4399995803833,912000,0,0,0.015643700866695864,0.6293810347814472,8.172000074386597,9.113393005854899,7.230607142918295,7.8500001430511475,8.565000295639038,10.06125020980835,11.010000228881836,
2022-02-10,8.229999542236328,8.5,8.119999885559082,8.229999542236328,2109800,0,0,-0.024881522344511242,0.613721076501321,8.11700005531311,8.893878165350133,7.3401219452760875,8.080000162124634,8.424999952316284,10.002500057220459,11.010000228881836,
2022-02-11,8.3100004196167,8.470000267028809,7.940000057220459,8.020000457763672,1126500,0,0,-0.025516293578747073,0.5980611893378486,8.070500087738036,8.746074911430167,7.394925264045906,8.080000162124634,8.424999952316284,9.853750228881836,11.010000228881836,
2022-02-14,8.0,8.204999923706055,7.920000076293945,8.069999694824219,1172300,0,0,0.006234318479638734,0.6017896932624922,8.040500068664551,8.657018546298671,7.42398159103043,8.080000162124634,8.424999952316284,9.801249980926514,10.957499980926514,
2022-02-15,8.210000038146973,8.260000228881836,8.0,8.020000457763672,1974100,0,0,-0.006195692559023858,0.5980611893378486,8.016500091552734,8.595430535223256,7.437569647882211,8.080000162124634,8.424999952316284,9.787499904632568,10.957499980926514,
2022-02-16,7.989999771118164,8.0600004196167,7.769999980926514,7.980000019073486,1883900,0,0,-0.004987585586913923,0.5950783079698145,7.992000079154968,8.5318331693342,7.452166988975736,8.100000143051147,8.424999952316284,9.643749952316284,10.872499942779541,
2022-02-17,7.96999979019165,8.0,7.610000133514404,7.630000114440918,1604900,0,0,-0.043859637067169444,0.5689783893557132,7.962500071525573,8.513758389326945,7.411241753724202,8.100000143051147,8.424999952316284,9.643749952316284,10.872499942779541,
2022-02-18,7.599999904632568,7.684999942779541,7.389999866485596,7.389999866485596,1996776,0,0,-0.03145481577399789,0.5510812789391432,7.9415000677108765,8.544549945751626,7.338450189670126,7.990000009536743,8.27999997138977,9.616250038146973,10.802499771118164,
