Date,Open,High,Low,Close,Volume,Dividends,Stock Splits,daily_return,cum_return,middle_band,upper_band,lower_band,Conversion,Baseline,SpanA,SpanB,Lagging
2017-02-13,43.74033092892423,43.74033092892423,43.02356319597044,43.44313430786133,6163400,0.0,0,,,,,,,,,,39.02887725830078
2017-02-14,43.70535001027093,43.862689537064185,43.11969992067102,43.82772445678711,6063400,0.0,0,0.008852725639001413,1.0088527256390014,,,,,,,,38.88028717041016
2017-02-15,43.55675498639069,43.95884342066911,43.10221892981146,43.14592361450195,7461800,0.0,0,-0.015556382420844006,0.9931586268326503,,,,,,,,38.5481071472168
2017-02-16,43.346971184844925,43.39941881120294,42.19315008060031,42.254337310791016,9689100,0.0,0,-0.020664438932332052,0.9726355610383483,,,,,,,,38.714202880859375
2017-02-17,42.149442382871776,42.16692492374278,41.17044010081773,41.52882385253906,10694000,0.0,0,-0.017170153513842212,0.9559352591422977,,,,,,,,39.66697692871094
2017-02-21,42.070777893066406,42.41167914667557,41.79980347725839,42.070777893066406,9577200,0.0,0,0.013050069572201783,0.9684102807806254,,,,,,,,40.16521835327149
2017-02-22,41.78230853223187,41.9046829629009,41.10924582909908,41.1704330444336,8007700,0.0,0,-0.021400717878838904,0.947685605570672,,,,,,,,43.705352783203125
2017-02-23,41.77357451921406,41.83476174273453,41.10925132891527,41.34526062011719,7846400,0.0,0,0.0042464351903925834,0.9517098910755959,,,,,,,,43.59170913696289
2017-02-24,41.091774549294016,41.51134890433041,40.82954307823681,41.11800003051758,6749500,0.0,0,-0.005496653937864693,0.9464786711551104,,,,42.39419324945296,,,,43.2245979309082
2017-02-27,41.284077851097486,41.64246162800951,41.05681147270736,41.39771270751953,6208300,0.0,0,0.006802681959101831,0.952917264536052,,,,42.39419324945296,,,,43.46934127807617
2017-02-28,41.23163553650632,41.66868914194457,41.083038911195416,41.58127975463867,6710600,0.0,0,0.004434231630526808,0.9571427204117328,,,,42.39419324945296,,,,42.92738723754883
2017-03-01,41.95714240051242,43.03229377439106,41.83476793535692,42.87495422363281,9194500,0.0,0,0.031111944524742974,0.9869212916314442,,,,42.11448094471987,,,,43.53927993774414
2017-03-02,42.49908121424995,42.67390328035044,41.87846604732409,42.14069747924805,5955300,0.0,0,-0.01712554001935329,0.970019731555658,,,,41.93091842631394,,,,43.30326461791992
2017-03-03,42.12322340740938,42.341750200353005,41.64246512982425,41.7998046875,5290100,0.0,0,-0.008089396050360076,0.9621728577704404,,,,41.93091842631394,,,,43.83646774291992
2017-03-06,41.76483214970412,42.36796812468252,41.3802262631388,42.23685073852539,6078500,0.0,0,0.010455696008457416,0.9722330446788768,,,,41.93091842631394,,,,43.83646774291992
2017-03-07,42.35049254059463,42.40293683610891,41.60749945441854,41.71239471435547,5652800,0.0,0,-0.01241702482546958,0.9601608028269574,,,,41.93091842631394,,,,43.21584701538086
2017-03-08,41.44141729712119,41.65994407116938,40.04284727699434,40.13025665283203,9435500,0.0,0,-0.03792968666406815,0.9237422044286108,,,,41.5375705256927,,,,42.49908065795898
2017-03-09,39.8680295685461,40.7596193046976,39.75439469991634,40.62850189208984,7235900,0.0,0,0.012415700292378817,0.9352111107862178,,,,41.3933442371537,,,,42.78754425048828
2017-03-10,40.97813552572743,40.97813552572743,39.754384438769584,39.92046356201172,8455400,0.0,0,-0.01742713359106085,0.9189130618227019,,,,41.39333910658032,,,,42.56027221679688
2017-03-13,39.9292081070909,40.35751867065863,39.80683366035727,40.06906509399414,6333800,0.0,0,0.00372244004009592,0.9223336605973979,41.71981983184814,43.84250825126838,39.597131412427906,41.39333910658032,,,,41.95713806152344
2017-03-14,39.465928879487016,39.50963355871564,38.62678369981243,39.28236389160156,10538300,0.0,0,-0.01963363009711183,0.9042249026791135,41.51178131103516,43.73249567868987,39.29106694338044,40.65034349008143,,,,41.91342544555664
2017-03-15,39.74564643699045,40.313813987461415,39.20369769509351,40.06906509399414,7573400,0.0,0,0.020026829458722473,0.922333660597398,41.32384834289551,43.354890387290794,39.292806298500224,40.51486026796067,,,,41.72987365722656
2017-03-16,40.16521739770017,40.32255692477301,39.78060818287607,40.06906509399414,6393700,0.0,0,0.0,0.922333660597398,41.17000541687012,43.08742755960662,39.25258327413362,40.51486026796067,,,,41.87846755981445
2017-03-17,40.18270621513017,40.52360746555836,39.894249258949934,39.93795394897461,8359700,0.0,0,-0.0032721288782747715,0.9193156659911523,41.054186248779295,42.975500428024006,39.132872069534585,40.51486026796067,,,,42.64768600463867
2017-03-20,39.68446320527568,40.19144358337432,39.37852372321516,40.086551666259766,5754200,0.0,0,0.003720714322897223,0.9227361769568694,40.98207263946533,42.93506596344484,39.029079315485816,40.1433638854909,,,,42.254337310791016
2017-03-21,40.24389346998797,40.35752499722323,39.22992932237409,39.49216079711914,6504200,0.0,0,-0.014827687701581826,0.9090541330940014,40.85314178466797,42.842146338259376,38.86413723107656,39.80245961276993,41.29281356024077,,,41.83476638793945
2017-03-22,39.36103550366042,39.61452732337182,39.01139471889447,39.02887725830078,7852200,0.0,0,-0.011731025334328016,0.8983899960284001,40.746063995361325,42.88201668866732,38.61011130205533,39.80245961276993,41.29281356024077,,,41.87846755981445
2017-03-23,39.02888712570662,39.334823306531256,38.76665230276631,38.88028717041016,9149400,0.0,0,-0.003807183253241475,0.8949696606806411,40.62281532287598,42.88823379062359,38.35739685512837,39.575195582685396,41.29281356024077,,,41.50260543823242
2017-03-24,39.0201256023548,39.22991269390037,38.43447566814678,38.5481071472168,8797100,0.0,0,-0.008543661772286826,0.8873233426033273,40.494320678710935,42.92044579628047,38.0681955611414,39.47904156685257,40.91694723967486,,,40.820796966552734
2017-03-27,38.01491789264804,38.84531694051872,37.81387033248679,38.714202880859375,6231900,0.0,0,0.004308790909194338,0.8911466333554525,40.36014518737793,42.86792789615991,37.85236247859595,39.16873889902257,40.423082053438925,,,41.1529655456543
2017-03-28,38.81909206452377,39.7631292330357,38.6355303932421,39.66697692871094,7034800,0.0,0,0.02461045241674409,0.9130781551719885,40.26443004608154,42.723612234581786,37.8052478575813,39.16873889902257,40.423082053438925,,,40.13899230957031
2017-03-29,39.623272932934704,40.26137065926507,39.34355561801988,40.16521835327149,6040800,0.0,0,0.012560609936471456,0.9245469737206169,40.128943252563474,42.27310939907352,37.98477710605343,39.16873889902257,40.423082053438925,,,40.88199234008789
2017-03-30,43.11970265644603,44.06373654264724,42.49034450934269,43.705352783203125,40059800,0.0,0,0.08813930497761846,1.0060359014035125,40.20717601776123,42.72522144611888,37.689130589403575,40.93880343756702,40.93880343756702,,,41.19667053222656
2017-03-31,43.39066495485864,43.74904864199285,42.84871962334053,43.59170913696289,13410500,0.0,0,-0.0026002226044016252,1.0034199841118436,40.29677124023438,43.144812454781515,37.44873002568724,40.93880343756702,40.93880343756702,,,40.44493865966797
2017-04-03,43.61794680343719,43.64416895012111,42.65642696676033,43.2245979309082,7711800,0.0,0,-0.008421583216690176,0.9949695992143558,40.34615859985352,43.358409452885404,37.33390774682163,40.93880343756702,40.93880343756702,,,41.616241455078125
2017-04-04,43.20710984153912,43.52178889916503,42.87494824355026,43.46934127807617,6175900,0.0,0,0.0056621312605191765,1.0006032476853337,40.434005928039554,43.69548600416615,37.17252585191296,40.93880343756702,40.93880343756702,,,41.68215560913086
2017-04-05,43.71408138905854,44.0637254571426,42.7875302772058,42.92738723754883,7490900,0.0,0,-0.012467500647420193,0.988128226047006,40.57386245727539,44.008466300998435,37.13925861355234,40.93880343756702,40.93880343756702,,,41.28661346435547
2017-04-06,43.17215318737172,43.67913695349214,42.97110893563737,43.53927993774414,6823800,0.0,0,0.014254133306768946,1.0022131375052612,40.719401359558105,44.39203527246018,37.046767446656034,40.93880343756702,40.93880343756702,,,41.69974899291992
2017-04-07,43.5742356728778,43.70535306585689,43.16340762148734,43.30326461791992,5857400,0.0,0,-0.0054207446738139264,0.9967803959781032,40.88854141235352,44.70867012442241,37.068412700284625,41.34963346794467,40.93880343756702,,,41.4272575378418
2017-04-10,43.52178868682928,44.116181718455245,43.4693410659963,43.83646774291992,6737400,0.0,0,0.012313231570521,1.0090539838187371,41.076911544799806,45.08580151478865,37.06802157481096,41.72986866823756,40.96502602547102,,,40.79438018798828
2017-04-11,43.83646774291992,43.91513750694258,43.32948407822864,43.83646774291992,7395200,0.0,0,0.0,1.0090539838187371,41.30461673736572,45.397305550025195,37.211927924706245,43.303263113898964,40.96502602547102,,,40.80317687988281
2017-04-12,43.8277225558769,44.247293497643305,43.09347257417234,43.21584701538086,7623000,0.0,0,-0.014157635400249613,0.994768165416662,41.461955833435056,45.59473858466694,37.32917308220317,43.45186023220182,41.03058191506505,,,41.73490524291992
2017-04-13,43.3557051027397,43.52178756386534,42.42915383310624,42.49908065795898,8807100,0.0,0,-0.016585729701578678,0.9782692095093259,41.5834566116333,45.687771523329026,37.47914169993758,43.33822366537477,41.03058191506505,,,41.25146484375
2017-04-17,42.47286515333733,42.84873148221718,42.35923029393192,42.78754425048828,5286600,0.0,0,0.006787525472631284,0.9849092366879614,41.72593612670899,45.7890612630041,37.662810990413874,43.303261895787614,41.03058191506505,,,41.10202026367188
2017-04-18,42.490345384818944,43.06725592006581,42.333005844801264,42.56027221679688,6046600,0.0,0,-0.005311640050218669,0.9796777533405393,41.84962215423584,45.85517702701509,37.84406728145659,43.29014967122228,41.03058191506505,,,41.022911071777344
2017-04-19,42.62145794700458,42.89243233072193,41.79979852703643,41.95713806152344,6165200,0.0,0,-0.014171294586678207,0.9657944512979354,41.97287101745606,45.82795696944626,38.11778506546585,43.023546012339864,41.03058191506505,,,39.59893035888672
2017-04-20,41.97461266022911,42.55152306603596,41.86097783250034,41.91342544555664,6278800,0.0,0,-0.0010418397914246924,0.964788248208236,42.11709842681885,45.7262380586205,38.507958795017196,43.023546012339864,41.03058191506505,,,39.86262893676758
2017-04-21,41.83476557365923,42.07077488647317,41.34526440621692,41.72987365722656,6056300,0.0,0,-0.004379307736813387,0.9605631435684711,42.25957775115967,45.5543898834708,38.96476561884854,42.79627895193011,41.03058191506505,,,39.37039566040039
2017-04-24,41.95713732567825,42.1232164605224,41.70364548740006,41.87846755981445,5750700,0.0,0,0.0035608519644334535,0.9639835667252092,42.42609577178955,45.25237671023708,39.599814833342016,42.79627895193011,41.03058191506505,,,39.28249740600586
2017-04-25,41.93091845283416,42.74383831868995,41.7823185126311,42.64768600463867,7023200,0.0,0,0.0183678747013738,0.9816898960930013,42.62276992797852,44.871231298096774,40.37430855786026,42.79627895193011,41.03058191506505,,,39.43192672729492
2017-04-26,42.19315008060031,43.29452355848691,42.166927934648285,42.254337310791016,6536900,0.0,0,-0.009223213043841882,0.9726355610383485,42.75213794708252,44.55460176146729,40.949674132697744,42.43352598504113,41.03058191506505,,,38.90452575683594
2017-04-27,41.80854424193437,42.0795153091975,40.96065928692761,41.83476638793945,7302700,0.0,0,-0.009929653369440294,0.9629776270624466,42.83561534881592,44.26312036532594,41.4081103323059,42.127591422707255,41.03058191506505,40.54763658650535,,38.69356536865234
2017-04-28,42.08825471360247,42.23685130775981,41.72987096565711,41.87846755981445,6429000,0.0,0,0.001044613742305911,0.9639835667252091,42.74427108764648,44.17126705039827,41.31727512489469,42.127591422707255,41.03058191506505,40.54763658650535,,39.097904205322266
2017-05-01,41.86973216060922,41.98336368480207,41.48512289579029,41.50260543823242,5795400,0.0,0,-0.008975068656588037,0.9553317480300277,42.63981590270996,44.10907280076585,41.17055900465407,42.127591422707255,41.03058191506505,40.434004571463085,,38.28922271728516
2017-05-02,41.57252950900982,41.62497379418825,40.44493069532418,40.820796966552734,10390500,0.0,0,-0.01642808841710941,0.9396374736057188,42.51962585449219,44.162844802149884,40.8764069068345,41.869727126905545,41.03058191506505,40.19799440326372,,37.858516693115234
2017-05-03,40.427455022549495,41.46764131353702,40.427455022549495,41.1529655456543,5757200,0.0,0,0.00813723895135432,0.9472835282560954,42.40380706787109,44.089393005069,40.718221130673186,41.860989290518205,41.4414119454427,39.795910476230745,,39.39676284790039
2017-05-04,40.89072487188718,40.95191209584752,39.93794809735012,40.13899230957031,9999300,0.0,0,-0.024639129225307088,0.9239432869903886,42.26438732147217,44.19940093784113,40.32937370510321,41.616235827918516,41.795424557831595,39.795910476230745,,40.1878662109375
2017-05-05,40.16522473447387,40.95191917908589,40.11277710438472,40.88199234008789,7894400,0.0,0,0.018510679709824895,0.9410461052459106,42.13152294158935,44.06301234210836,40.20003354107035,41.616235827918516,42.092620797496714,39.795910476230745,,40.811954498291016
2017-05-08,40.90821357485576,41.28407991263668,40.66346464214413,41.19667053222656,5861200,0.0,0,0.0076972323051414104,0.9482895557278369,42.02619323730469,43.91957370211551,40.13281277249387,41.616235827918516,42.092620797496714,40.93880343756702,,39.92416763305664
2017-05-09,41.24037604122768,41.2665981889805,40.26137695648977,40.44493865966797,6157400,0.0,0,-0.01824739385117402,0.9309857427195163,41.85661678314209,43.676385861170516,40.03684770511366,41.08739970255496,42.092620797496714,40.93880343756702,,39.897796630859375
2017-05-10,40.829543695558,41.83476824000548,40.67220414365398,41.616241455078125,7950300,0.0,0,0.02896042951792599,0.9579474897037388,41.74560546875,43.32068136934182,40.17052956815818,41.08739970255496,42.092620797496714,40.93880343756702,,40.89984893798828
2017-05-11,41.321765940226506,42.02496823838658,41.321765940226506,41.68215560913086,8569900,0.265,0,0.001583856488430957,0.9594647410508822,41.6689208984375,43.090484704977754,40.24735709189724,40.981458167868354,42.092620797496714,40.93880343756702,,40.75041961669922
2017-05-12,41.66458357140163,41.90191051943762,40.95259266794126,41.28661346435547,9151900,0.0,0,-0.009489483904924101,0.9503599158333377,41.60829753875733,42.98532034396545,40.231274733549206,40.981458167868354,42.092620797496714,40.93880343756702,,40.27577590942383
2017-05-15,42.27110019989287,42.48206162568664,41.54152876185413,41.69974899291992,7675600,0.0,0,0.010006524970160857,0.959869716061764,41.553907775878905,42.82069543464139,40.28712011711642,41.210004861518385,42.092620797496714,40.93880343756702,,39.51103210449219
2017-05-16,41.90191483592766,41.94586750420482,41.03170699517207,41.4272575378418,5288200,0.0,0,-0.006534606602173754,0.9535973450779601,41.49725704193115,42.676343587857346,40.31817049600495,41.210004861518385,42.092620797496714,41.144218452755844,,39.38798141479492
2017-05-17,41.42726111084432,41.66459145691534,40.72406194829211,40.79438018798828,7512800,0.0,0,-0.015276834322798583,0.9390293964265435,41.43911914825439,42.63649323535623,40.24174506115256,41.29741936503568,42.092620797496714,41.34744734685429,,39.405555725097656
2017-05-18,40.43399850304765,41.2778376670584,40.27577824065579,40.80317687988281,6543500,0.0,0,0.00021563489514964118,0.9392318839319843,41.3836067199707,42.59088770556288,40.17632573437852,41.371719291088205,42.092620797496714,42.13414456968499,,38.878150939941406
2017-05-19,41.21629528717087,41.91949437468202,40.97896496642629,41.73490524291992,7206200,0.0,0,0.022834701468955387,0.9606789636116957,41.38385829925537,42.59143305017444,40.17628354833631,41.371719291088205,41.72986783060773,42.24122107363343,,38.64961624145508
2017-05-22,42.04256608096905,42.104095804628486,41.19872364356258,41.25146484375,7967900,0.0,0,-0.011583598821083618,0.9495508439013635,41.35250816345215,42.539244489103154,40.165771837801145,41.37891993317122,41.616235827918516,42.184402790219906,,38.64082717895508
2017-05-23,41.18992223648981,41.60305312594055,41.02291016469445,41.10202026367188,7436700,0.0,0,-0.0036227702614725077,0.9461108393423214,41.27522487640381,42.3036737155445,40.246776037263125,41.37891993317122,41.616235827918516,42.166921905426335,,38.74630737304688
2017-05-24,40.99654215590761,41.09323265158661,40.55704234145214,41.022911071777344,7765700,0.0,0,-0.0019247032478464376,0.9442898567370166,41.213653564453125,42.141779388184,40.28552774072225,41.37891993317122,41.616235827918516,42.16036579314367,,38.64082717895508
2017-05-25,40.84711150454777,41.28661129399849,39.27370145356603,39.59893035888672,12772200,0.0,0,-0.034711839693655655,0.9115118186056163,41.101861763000485,42.224383328745425,39.979340197255546,40.87788153962633,41.28411250602647,42.02706396370246,,40.13512420654297
2017-05-26,39.845051896208425,39.90658159751717,39.27370083763607,39.86262893676758,10758900,0.0,0,0.006659234870511677,0.9175817898929582,41.00106983184814,42.187464329253274,39.81467533444301,40.68889832113228,41.28411219806149,42.02706396370246,,38.81662368774414
2017-05-30,39.49345507656492,39.63409488834118,39.141853870565456,39.37039566040039,9280900,0.0,0,-0.012348239177802256,0.906251270486164,40.894459342956544,42.25400131125082,39.53491737466227,40.62297483759697,41.21818871452618,41.91343043349758,,38.06947326660156
2017-05-31,38.95726843915372,39.43192910631171,38.755098900131145,39.28249740600586,8770800,0.0,0,-0.0022325976897138444,0.9042279759933765,40.8175443649292,42.350093866948455,39.28499486290994,40.429597352379815,41.02481122930902,41.91343043349758,,37.79698944091797
2017-06-01,39.37918553864228,39.83626578094538,39.018795798976825,39.43192672729492,7946800,0.0,0,0.003803966935824521,0.9076676293165028,40.73149242401123,42.36984741103847,39.09313743698399,40.429597352379815,41.02481122930902,41.91343043349758,,38.007938385009766
2017-06-02,39.18580874939312,39.22096618948469,38.693567703815305,38.90452575683594,8000900,0.0,0,-0.013374973384040034,0.8955275989328398,40.66976909637451,42.47882706526858,38.860711127480435,40.398831754221895,40.58781466475097,41.732053950053086,,38.10464477539063
2017-06-05,38.72872615973976,39.14185371910527,38.67598497310864,38.69356536865234,5731300,0.0,0,-0.0054225153521253455,0.8906715867793745,40.56034774780274,42.56154612074875,38.55914937485672,40.139519049524594,40.57902329939764,41.57908666888615,41.03058191506505,38.007938385009766
2017-06-06,38.63203546172638,39.12427312194314,38.50018417238685,39.097904205322266,8584000,0.0,0,0.01044976943369269,0.8999788995023602,40.45540943145752,42.53166268809468,38.37915617482036,39.89339773319267,40.491122899036746,41.57908666888615,41.03058191506505,38.01674270629883
2017-06-07,38.85178190912671,39.05395140912494,38.00794312136438,38.28922271728516,13140900,0.0,0,-0.02068349965231686,0.8813641862474106,40.347623634338376,42.63072949153417,38.064517777142584,39.647277207681434,40.24500237352551,41.57908666888615,41.03058191506505,38.19253921508789
2017-06-08,38.28922802014873,38.544135383987175,37.81456737887535,37.858516693115234,9179500,0.0,0,-0.011248753398576894,0.8714499378619761,40.15973739624023,42.60863827560732,37.710836516873144,38.860574488196264,40.148314502280996,41.45015452098529,41.03058191506505,37.9639892578125
2017-06-09,37.8848824228328,39.50224186382309,37.85851350713149,39.39676284790039,10412900,0.0,0,0.04063144278087605,0.906858206148613,40.04546775817871,42.41050222146234,37.68043329489508,38.82541657991037,40.148314502280996,41.65120061798045,41.03058191506505,37.858516693115234
2017-06-12,39.77473529072131,40.46914583866667,39.77473529072131,40.1878662109375,13550400,0.0,0,0.02008041539076011,0.9250682956285967,39.99053039550781,42.2870107382703,37.694050052745325,39.14185660877101,40.148314502280996,41.705830192875055,41.03058191506505,38.37712860107422
2017-06-13,40.18786554419087,41.01412401779736,40.09117504505358,40.811954498291016,8601000,0.0,0,0.015529271548725854,0.9394339323925301,39.946140670776366,42.13967587397918,37.75260546757355,39.414345698336355,40.148314502280996,41.85442831270761,41.03058191506505,38.231201171875
2017-06-14,40.48673029809571,40.53067961562992,39.721998089904886,39.92416763305664,7069600,0.0,0,-0.021753108277907884,0.9189983243412546,39.87098617553711,41.95552681666751,37.78644553440672,39.414345698336355,40.148314502280996,41.85442831270761,41.03058191506505,37.71826934814453
2017-06-15,39.871427712338665,40.30213569606009,39.46708864713795,39.897796630859375,9672500,0.0,0,-0.0006605272886248681,0.9183913008698267,39.82615699768066,41.866973066441034,37.78534092892029,39.414345698336355,40.148314502280996,41.59001025002584,41.03058191506505,37.68288803100586
2017-06-16,40.27576004774824,41.02290834134634,40.09117094271115,40.89984893798828,11639600,0.0,0,0.025115479844665334,0.9414571390763388,39.830990600585935,41.88158054267966,37.78040065849221,39.418737860110845,40.148314502280996,41.59001025002584,41.03058191506505,38.602638244628906
2017-06-19,40.90863980372418,41.06685999074914,40.62736021637252,40.75041961669922,6029900,0.0,0,-0.0036535421320412764,0.9380174857532123,39.7817663192749,41.687842630860054,37.87569000768975,39.440713684812245,40.148314502280996,41.53703948268253,41.03058191506505,38.646854400634766
2017-06-20,39.91538607775097,40.46915696406926,39.81869555042825,40.27577590942383,7739600,0.0,0,-0.01164757839894448,0.927091853548321,39.7329818725586,41.53190221082186,37.93406153429533,39.440713684812245,40.148314502280996,41.53703948268253,41.03058191506505,39.495853424072266
2017-06-21,40.27576080627486,40.627361982305935,39.25612141952552,39.51103210449219,10790300,0.0,0,-0.018987686460751774,0.9094885241128283,39.65343246459961,41.33911575726017,37.967749171939055,39.462686748940314,39.95933159175192,41.651312829507546,41.03058191506505,40.026466369628906
2017-06-22,39.546201643708976,39.89779954442615,39.194600389873735,39.38798141479492,8881300,0.0,0,-0.0031143375189957023,0.9066560698790878,39.57168598175049,41.136790481579744,38.00658148192124,40.13073019031144,39.95933159175192,41.651312829507546,41.03058191506505,40.12374877929688
2017-06-23,39.37039493452246,39.82747515264746,39.089115316155926,39.405555725097656,8483100,0.0,0,0.00044618458909218006,0.9070606058450746,39.56201725006103,41.12873492347588,37.99529957664618,40.07798765345253,39.95933159175192,41.69502008126619,41.03058191506505,39.575439453125
2017-06-26,39.49345131528159,39.51982022962906,38.72872262114936,38.878150939941406,9047500,0.0,0,-0.013384020995302004,0.8949204876524328,39.512793350219724,41.10058850298771,37.924998197451735,39.89779130594925,39.95933159175192,41.73217004429246,41.03058191506505,40.33600234985352
2017-06-27,39.13306538531079,39.22975588470545,38.64082436708232,38.64961624145508,8697100,0.0,0,-0.005878229621551823,0.8896599395329807,39.476754379272464,41.108436882846995,37.84507187569793,39.85384217891573,39.95933159175192,41.550793560847964,41.03058191506505,39.716941833496094
2017-06-28,38.71993728847864,38.97484801395654,38.42986912230416,38.64082717895508,6983500,0.0,0,-0.00022740361625050998,0.8894576276454977,39.444670867919925,41.11556294697239,37.77377878886746,39.74836455652665,39.70881025240795,41.49757788054487,41.03058191506505,40.291778564453125
2017-06-29,38.728726977132126,39.25612544210399,38.65840539347312,38.74630737304688,8252400,0.0,0,0.0027297602508171703,0.8918856337222305,39.41038990020752,41.109126327011445,37.711653473403594,39.74836455652665,39.55058933643692,41.49757788054487,41.03058191506505,39.94687271118164
2017-06-30,39.01879732966567,39.18580942372533,38.41228872539693,38.64082717895508,9126700,0.0,0,-0.0027223289454720856,0.8894576276454977,39.39720497131348,41.115635795588275,37.67877414703868,39.51982535385143,39.55058933643692,41.49757788054487,41.03058191506505,40.35369110107422
2017-07-03,38.86057403320442,40.284555891861736,38.84299363768942,40.13512420654297,5742900,0.0,0,0.03867145547033557,0.923854248685741,39.469282913208005,41.18450520181563,37.75406062460038,39.51982535385143,39.440713684812245,41.080997022826395,41.03058191506505,40.371360778808594
2017-07-05,39.79231381759155,39.95053401989748,38.46502249303818,38.81662368774414,7725500,0.0,0,-0.0328515370231216,0.8935042166310732,39.4552188873291,41.187104188036955,37.72333358662125,39.34842230862933,39.440713684812245,40.98650525959688,41.03058191506505,39.77000427246094
2017-07-06,38.80783305276881,38.9484728523665,37.99036316975803,38.06947326660156,7155500,0.0,0,-0.01924820734417665,0.8763058622064621,39.44423141479492,41.20840686395305,37.68005596563679,39.13745953080988,39.440713684812245,40.920581776061574,41.03058191506505,39.61081314086914
2017-07-07,37.90246847257773,38.04310829916341,37.35748956369799,37.79698944091797,8494200,0.0,0,-0.007157541260825462,0.8700336668406161,39.44115505218506,41.21668180568151,37.66562829868861,38.82102272777986,39.21217477722357,40.72720429084442,41.03058191506505,39.38972091674805
2017-07-10,37.64754873807635,38.21889637910321,37.59480756299456,38.007938385009766,5631900,0.0,0,0.005581104400432135,0.8748894155671444,39.37171382904053,41.25530527533345,37.48812238274761,38.82102272777986,39.21217477722357,40.72720429084442,41.03058191506505,39.35435485839844
2017-07-11,38.01674612559621,38.37713595474301,37.726674545661226,38.10464477539063,5782600,0.0,0,0.0025443734780155047,0.87711546099231,39.26755275726318,41.18952364246335,37.345581872063015,38.82102272777986,39.21217477722357,40.493323209486434,41.03058191506505,38.63800811767578
2017-07-12,38.51775633166629,38.6759765037948,37.73544734342914,38.007938385009766,7907900,0.0,0,-0.0025379160716733073,0.8748894155671444,39.127351951599124,40.98558450097468,37.269119402223566,38.82102272777986,39.21217477722357,40.359271174461114,41.03058191506505,38.02780532836914
2017-07-13,37.99037378435588,38.21012374219576,37.7090941065703,38.01674270629883,7014100,0.0,0,0.00023164427388500108,0.8750920786905431,39.03198070526123,40.91274258009162,37.15121883043085,38.82102272777986,39.21217477722357,40.19226031611471,41.03058191506505,38.12508392333984
2017-07-14,38.078268310489214,38.48260738446252,38.034318994295226,38.19253921508789,5467300,0.0,0,0.004624186510327588,0.8791386676761184,38.94671783447266,40.817218930461905,37.07621673848341,38.82102272777986,39.21217477722357,39.94613979060347,41.03058191506505,37.58560562133789
2017-07-17,38.06947161778023,38.254060718048,37.8760906442899,37.9639892578125,7014700,0.0,0,-0.005984151930519044,0.8738777683207504,38.79992485046387,40.483850971249055,37.11599872967868,38.654011791797735,39.21217477722357,39.50444449523863,41.03058191506505,38.1958236694336
2017-07-18,38.19253751695032,38.19253751695032,37.62118637247855,37.858516693115234,6834800,0.0,0,-0.0027782265973421705,0.8714499378619757,38.65532970428467,40.12537570121954,37.1852837073498,38.152981208032244,39.21217477722357,39.48686554109568,41.03093043825933,38.63800811767578
2017-07-19,37.75303958901099,38.45623871197786,37.74424771384508,38.37712860107422,8823000,0.0,0,0.013698685349003537,0.8833876563581555,38.56039733886719,39.8289879762693,37.29180670146508,38.01673303374639,39.21217477722357,39.645085555526,41.03093043825933,38.29310989379883
2017-07-20,38.71760255283952,38.76182362041305,38.11623246865268,38.231201171875,7663000,0.265,0,-0.0038024582484040836,0.8800286116776981,38.49640579223633,39.69304883951397,37.29976274495869,38.17831559170381,39.21217477722357,39.78133010030868,41.03093043825933,38.54072952270508
2017-07-21,37.9924210713329,38.16929521849576,37.64751833984188,37.71826934814453,6480600,0.0,0,-0.013416576199750896,0.8682216407511633,38.41292018890381,39.581454796841115,37.24438558096651,38.1915049964458,39.21217477722357,39.78133010030868,41.03093043825933,38.07200622558594
2017-07-24,37.78901115349545,37.99241521059768,37.6209825950875,37.68288803100586,6094100,0.0,0,-0.0009380419025087905,0.8674072124714738,38.326786804199216,39.44213709716394,37.21143651123449,38.191403107750276,39.21217477722357,39.78133010030868,41.03093043825933,37.895145416259766
2017-07-25,38.33732532654286,38.876789978713454,38.23120218346477,38.602638244628906,8641100,0.0,0,0.02440763597700535,0.8885785719573065,38.313011169433594,39.4071584244637,37.218863914403485,38.24888628690047,39.21217477722357,39.783526181195924,41.03093043825933,38.390380859375
2017-07-26,38.83257073702357,39.24822447678366,38.54073126178312,38.646854400634766,7124500,0.0,0,0.001145417982202579,0.8895963658322262,38.31287307739258,39.40684919691845,37.21889695786671,38.43460353593558,38.99242577300196,39.794514093546624,41.03093043825933,38.611473083496094
2017-07-27,39.21285608672997,39.495853424072266,38.75298457015013,39.495853424072266,9803100,0.0,0,0.021968127460939124,0.9091391321856168,38.35562438964844,39.56003266596964,37.15121611332724,38.55841800957988,38.99242577300196,39.794514093546624,41.03093043825933,39.12441253662109
2017-07-28,39.55775273502459,40.62783646145028,39.46047178287792,40.026466369628906,10794900,0.0,0,0.013434649451915304,0.9213530977295491,38.41963233947754,39.82235325276903,37.01691142618605,39.124409528268885,38.992663012574134,39.71100917034612,41.03093043825933,39.25707244873047
2017-07-31,40.08837664653541,40.56593248795792,39.97340793767722,40.12374877929688,8368400,0.0,0,0.0024304521106013333,0.923592402310535,38.49377841949463,40.08206772837515,36.90548911061411,39.124409528268885,38.992663012574134,40.04503089103168,41.03093043825933,39.84959030151367
2017-08-01,40.088374142456985,40.088374142456985,39.46047075144821,39.575439453125,6685100,0.0,0,-0.013665456066627502,0.9109710909132894,38.46579418182373,39.95285647791608,36.978731885731385,39.124409528268885,38.992663012574134,40.01865962260223,41.03093043825933,39.89381790161133
2017-08-02,39.25707291669019,40.35369010474406,39.1509497609412,40.33600234985352,9562300,0.0,0,0.019218053096526466,0.9284781817078617,38.541763114929196,40.235966313424164,36.84755991643423,39.124409528268885,38.992663012574134,39.92856144885059,41.03093043825933,39.327823638916016
2017-08-03,40.36252966373407,40.63668478627106,39.51353772590829,39.716941833496094,9204100,0.0,0,-0.01534759223256732,0.9142282771781739,38.62413654327393,40.37827982973012,36.869993256817736,39.12883369067928,38.99708717498453,39.90658688533382,40.66817747137034,39.734622955322266
2017-08-04,39.7434683664363,40.31830850598518,39.67272073115291,40.291778564453125,6105600,0.0,0,0.014473338188194296,0.9274602122149839,38.74887599945068,40.603076665869764,36.8946753330316,39.43394348486791,38.99708717498453,39.728587404467305,40.55454546868113,39.734622955322266
2017-08-07,40.03531147284181,40.22102781193747,39.64619104231848,39.94687271118164,6370200,0.0,0,-0.00856020422925119,0.919520963383919,38.845822715759276,40.73770953273128,36.95393589878727,39.58870802402709,38.99708717498453,39.649476946481784,40.55454546868113,40.291778564453125
2017-08-08,39.92919509400319,40.77818710814525,39.796538615845954,40.35369110107422,8032000,0.0,0,0.0101839859363686,0.9288853519432169,38.95827503204346,40.92721883968632,36.9893312244006,39.76558583914769,39.06783833592162,39.53520734514417,40.55454546868113,40.53055953979492
2017-08-09,40.495171637064665,40.680887924448776,40.12373568870358,40.371360778808594,7451100,0.0,0,0.0004378701737621782,0.9292920831336774,39.0764461517334,41.08676937235714,37.06612293110966,39.964568434543224,39.06783833592162,39.48026951933184,40.55454546868113,41.13192367553711
2017-08-10,40.39790433597975,40.63668394610536,39.73462876571773,39.77000427246094,6441400,0.0,0,-0.014895621419412586,0.9154497000752608,39.164109230041504,41.13401492364135,37.194203536441655,39.964568434543224,39.06783833592162,39.39456799672079,40.55454546868113,41.64485931396485
2017-08-11,39.76115396620385,40.13258999551398,39.50468663329848,39.61081314086914,4206900,0.0,0,-0.004002793927332604,0.9117853435750212,39.235022926330565,41.16107655777522,37.30896929488591,39.964568434543224,39.06783833592162,39.28908660781106,40.55454546868113,42.05167388916016
2017-08-14,39.61965493366554,39.87612226400727,39.26591003274682,39.38972091674805,5063100,0.0,0,-0.005581612862498364,0.9066961107734853,39.30630950927734,41.14133789487556,37.47128112367912,39.964568434543224,39.186497335569904,39.016598752501714,40.32600656109245,42.741477966308594
2017-08-15,39.30129159241,39.53122903809888,38.95638879747104,39.35435485839844,8179300,0.0,0,-0.0008978499346150581,0.9058820337297117,39.3811014175415,41.090301657359205,37.6719011777238,39.86728795280814,39.19958485161637,39.016598752501714,40.32600656109245,43.059852600097656
2017-08-16,39.43394007821311,39.49584552252227,38.47882172556832,38.63800811767578,5795800,0.0,0,-0.01820247703971145,0.8893927368100595,39.39414539337158,41.07596725390131,37.71232353284185,39.628504416856785,39.19958485161637,39.016598752501714,39.91977559469231,43.40475082397461
2017-08-17,38.46998911125715,38.78836197471165,37.99242981607541,38.02780532836914,6422500,0.0,0,-0.01579281176835534,0.8753467247294758,39.38397560119629,41.096319635238444,37.67163156715414,39.38530846211033,39.19958485161637,39.016598752501714,39.91977559469231,44.200679779052734
2017-08-18,37.99242744730656,38.5230499778454,37.594461392801,38.12508392333984,7310400,0.0,0,0.0025580912211655704,0.8775859415014824,39.40431632995605,41.044404806597946,37.76422785331416,39.18632425047312,39.18632425047312,39.016598752501714,39.91977559469231,43.92652130126953
2017-08-21,37.93935384721125,37.974725970924105,37.38220157221829,37.58560562133789,5709600,0.0,0,-0.01415021939588923,0.8651679078904884,39.399452209472656,41.06060458872776,37.73829983021755,39.03154474833353,39.08019434018177,39.016598752501714,39.91977559469231,44.41292572021485
2017-08-22,37.70942231391014,38.34616786941351,37.69173456252464,38.1958236694336,5850200,0.0,0,0.016235418799511958,0.879214271206988,39.37911148071289,41.08858443333737,37.66963852808842,39.00944275916183,39.08019434018177,38.93309328451065,39.91977559469231,44.2183723449707
2017-08-23,37.98357817109504,38.86794551676154,37.87745503422129,38.63800811767578,5240900,0.0,0,0.01157677478221375,0.8893927368100595,39.37866916656494,41.08891250433251,37.66842582879737,38.75739578386614,39.08019434018177,38.682577992627905,39.91977559469231,44.26258850097656
2017-08-24,38.48767181226519,38.52304731991255,38.09855134892656,38.29310989379883,4370000,0.0,0,-0.008926397624497984,0.8814536635969524,39.31853199005127,41.092172157158764,37.544891822943775,38.629161918112786,39.08019434018177,38.61445390548498,39.91977559469231,44.492523193359375
2017-08-25,38.4611363287594,39.00944312394429,38.34616763226151,38.54072952270508,5393800,0.0,0,0.006466427761886884,0.8871535200380527,39.24424514770508,41.01751107444886,37.4709792209613,38.45671530515858,39.08019434018177,38.69524518446369,39.91977559469231,43.5462532043457
2017-08-28,38.55840749732883,38.58494080663363,37.762479063638565,38.07200622558594,4593400,0.0,0,-0.01216176504502875,0.8763641673684797,39.141658020019534,40.93702796877043,37.34628807126864,38.43902354737028,39.08019434018177,38.701839886834684,39.91977559469231,43.60816192626953
2017-08-29,37.78018007209614,38.0189596980882,37.52371269155716,37.895145416259766,4592900,0.0,0,-0.004645429197458806,0.8722930796777795,39.05764331817627,40.92068538928745,37.19460124706509,38.19582234808129,39.08019434018177,38.70178894248692,39.91977559469231,43.953067779541016
2017-08-30,37.70057550778987,38.46997404406507,37.51485582778423,38.390380859375,6846900,0.0,0,0.013068572179241178,0.8836927047510011,38.96036224365234,40.747052254574875,37.17367223272981,38.19582234808129,39.08019434018177,38.73053053206202,39.91977559469231,43.2101936340332
2017-08-31,38.71759620637081,39.04481451009049,38.48766221121005,38.611473083496094,7660100,0.0,0,0.005759052636934214,0.8887819375525369,38.90508880615234,40.6625819703814,37.14759564192328,38.21350804115439,39.08019434018177,38.71351465446877,39.91977559469231,43.25440979003906
2017-09-01,38.69991324541122,39.25706561322972,38.45229147020018,39.12441253662109,4808800,0.0,0,0.013284638273597604,0.9005890840970295,38.84672050476074,40.48865218678514,37.20478882273634,38.38596072050697,39.08019434018177,38.77542189129092,39.91977559469231,43.50202941894531
2017-09-05,39.34551122212898,39.5400697764172,39.00945063040315,39.25707244873047,5438800,0.0,0,0.0033907195918969624,0.9036427291487259,38.81223049163818,40.38717771887897,37.2372832643974,38.527462802100715,39.08019434018177,39.05853627042151,39.730792684163234,43.86462020874024
2017-09-06,39.57543523400238,40.10605424524438,39.55774748381519,39.84959030151367,5939300,0.0,0,0.015093276595116167,0.9172816588029332,38.787025451660156,40.275328647343265,37.29872225597705,38.810455036514306,39.08019434018177,39.05853627042151,39.730792684163234,44.05034637451172
2017-09-07,39.70810153889564,39.96456554634359,39.32782324937632,39.89381790161133,5184700,0.0,0,0.0011098633577664163,0.9182997161047898,38.76314830780029,40.1606108042168,37.365685811383784,38.810455036514306,39.08019434018177,39.05853627042151,39.730792684163234,43.921417236328125
2017-09-08,39.79653733239179,39.79653733239179,39.00060523630625,39.327823638916016,4147400,0.0,0,-0.014187518078395134,0.9052713222811679,38.74103927612305,40.08655894504569,37.395519607200406,38.810455036514306,39.08019434018177,39.05853627042151,39.730792684163234,44.20592880249024
2017-09-11,39.4958433801134,40.05299572226741,39.35434474742595,39.734622955322266,4809400,0.0,0,0.01034380443070626,0.9146352717955711,38.747229766845706,40.10991598122365,37.38454355246776,38.810455036514306,39.08019434018177,39.0629604328319,39.730792684163234,44.20592880249024
2017-09-12,39.82305833565435,40.05299572226741,39.61081207341993,39.734622955322266,5189000,0.0,0,0.0,0.9146352717955711,38.764474868774414,40.167818027717196,37.36113170983163,38.810455036514306,39.08019434018177,39.21551532992622,39.48027134481927,44.1970329284668
2017-09-13,39.83190712753279,40.49518265458436,39.79653162309419,40.291778564453125,6178600,0.0,0,0.014021917604637224,0.9274602122149836,38.81134605407715,40.34815224485826,37.274539863296035,39.473737062392274,39.08019434018177,39.29289759950581,39.32205042884824,44.1970329284668
2017-09-14,40.45096633889344,40.99927318199589,40.37137313799197,40.53055953979492,6573400,0.0,0,0.00592629523563537,0.9329566152518747,38.90597362518311,40.61392534493025,37.198021905435965,39.725782326098035,39.19073737710709,39.416712087534655,39.32205042884824,44.67715835571289
2017-09-15,40.53055698546251,41.13192367553711,40.4863359193978,41.13192367553711,11895000,0.0,0,0.014837301595891805,0.9467991739282491,39.0611795425415,40.97575092766275,37.14660815742025,40.06626445592168,39.2570626238777,39.51620338523242,39.21217477722357,44.68603515625
2017-09-18,40.85777289962371,41.7686702051744,40.83123958465469,41.64485931396485,6988900,0.0,0,0.012470499616647146,0.9586062326637631,39.237168312072754,41.408080888797485,37.06625573534802,40.38463772074033,39.57543588869635,39.51620338523242,39.21217477722357,45.335079193115234
2017-09-19,41.66255340421967,42.2550780090332,41.64486564941407,42.05167388916016,6216100,0.0,0,0.009768662492729119,0.967970533414082,39.46047172546387,41.818722843498364,37.10222060742937,40.62784162266972,39.818639790625745,39.51620338523242,39.21217477722357,44.419315338134766
2017-09-20,42.325824209682565,43.15712834934073,42.27276095130673,42.741477966308594,8843300,0.0,0,0.016403724592904734,0.9838488554582537,39.687754440307614,42.37209011057461,37.00341877004062,41.07886679282349,40.26966496077951,39.57553288505656,39.21217477722357,45.752967834472656
2017-09-21,42.61766884763728,43.1394458104843,42.35235927087992,43.059852600097656,5790700,0.0,0,0.007448844750759909,0.9911773928407751,39.90884666442871,42.922862259330024,36.89483106952739,41.25573654838334,40.26966496077951,39.53343640221226,39.21217477722357,45.53068923950195
2017-09-22,43.06869028894933,43.90883993971569,43.006784844812266,43.40475082397461,7388200,0.0,0,0.008009740002597576,0.9991164660538823,40.1644287109375,43.44518036750444,36.88367705437056,41.759826006567806,40.64552075596699,39.414044634236575,39.21217477722357,45.69072723388672
2017-09-25,43.69659065908802,44.38639611302001,43.678902907244414,44.200679779052734,6800100,0.0,0,0.018337369526805203,1.017437633892228,40.44742622375488,44.080655626319306,36.81419682119046,42.091463868057104,40.88429884261915,39.29244665686335,39.21217477722357,45.47734069824219
2017-09-26,43.97958455271175,44.24489406273593,43.52855872303,43.92652130126953,5434200,0.0,0,-0.00620258509945204,1.0111268903846262,40.740151977539064,44.50316857320384,36.97713538187429,42.37888462550599,40.88429884261915,39.18632425047312,39.21217477722357,46.32199478149414
2017-09-27,43.92652101910262,44.41292572021484,43.846931202840736,44.41292572021485,5369500,0.0,0,0.011073137697595437,1.0223232376715967,41.06604099273682,44.91593479402403,37.216147191449615,42.449630819806316,40.96389077399954,39.05586954425765,39.21217477722357,46.65984725952149
2017-09-28,44.61633837079426,44.95239894522238,44.050343744553686,44.2183723449707,5490600,0.0,0,-0.004380557508635308,1.0178448919365621,41.35744056701661,45.23558428588103,37.47929684815219,42.89181926493853,41.2336273865033,39.0448185496718,39.21217477722357,47.08660888671875
2017-09-29,44.02380889379888,44.30680619706266,43.87346805238736,44.26258850097656,4175700,0.0,0,0.0009999498774153626,1.018862685811482,41.63999633789063,45.49992257424881,37.78007010153245,43.29863229731822,41.2336273865033,38.91879506202395,39.21217477722357,47.71786880493164
2017-10-02,43.82040210907754,44.51021094542929,43.59931026859421,44.492523193359375,4832100,0.0,0,0.005194786391169659,1.024155459826206,41.908401870727545,45.77795216688282,38.03885157457227,43.61257994826455,41.2336273865033,38.854678129147274,39.21217477722357,47.5489387512207
2017-10-03,44.36871180046798,44.42177506011205,43.53740764094137,43.5462532043457,6742100,0.0,0,-0.021268067556009185,1.0023736523187665,42.12286090850831,45.852273599452595,38.39344821756402,43.65237910805115,41.2336273865033,38.76845482267018,39.21217477722357,47.58449935913086
2017-10-04,43.65237962582748,43.85578374266943,43.254413582617474,43.60816192626953,5432400,0.0,0,0.0014216773515121073,1.0037987042380205,42.3107894897461,45.93941063727719,38.68216834221501,43.97959189501732,41.2336273865033,38.75960894377603,39.21217477722357,47.59339141845703
2017-10-05,43.74081808378808,44.03266099374906,43.69660038113794,43.953067779541016,5295400,0.0,0,0.007909204103915934,1.0117379530690853,42.513751983642585,46.03007002490555,38.99743394237962,44.10340626391992,41.2336273865033,38.638008344131535,39.21217477722357,47.11328125
2017-10-06,43.46666100115248,43.72312499467771,43.06869497865602,43.2101936340332,3902900,0.0,0,-0.016901531179436824,0.9946380325098686,42.707870483398445,45.910671029055955,39.505069937740934,44.0105469619392,41.702345207711275,38.638008344131535,39.21217477722357,46.73984909057617
2017-10-09,43.42243838306409,43.51087714801984,43.18366215166839,43.25440979003906,4765500,0.0,0,0.0010232806726195864,0.9956558263847883,42.88385982513428,45.783115863041104,39.98460378722746,44.0105469619392,41.702345207711275,38.64685119066808,39.06783833592162,45.5484733581543
2017-10-10,43.66121581434651,43.93537091166942,43.43128178409687,43.50202941894531,5252800,0.0,0,0.005724725643193818,1.0013556828258887,43.072230148315434,45.589015510872436,40.55544478575843,44.0105469619392,41.97650209076431,38.733077530344374,39.06783833592162,44.890533447265625
2017-10-11,43.51087528484669,43.979588911462685,43.23672018561431,43.86462020874024,4534800,0.0,0,0.008335031598250442,1.0097020140833302,43.250872230529794,45.434676580349546,41.06706788071004,43.78945296204266,41.97650209076431,38.80382857114124,39.06783833592162,44.65047836303711
2017-10-12,43.41360069517811,44.10340626539333,43.34284967587692,44.05034637451172,4443100,0.0,0,0.0042340766861233,1.0139771698410922,43.42686157226563,45.23704521914557,41.61667792538569,43.78945296204266,41.97650209076431,38.94532468834804,39.06783833592162,44.57045364379883
2017-10-13,44.44598488958487,44.59712983446402,43.88585252283736,43.921417236328125,4629900,0.265,0,-0.0029268586695653243,1.0110094019708016,43.566336250305184,45.043723620962,42.08894887964837,43.83291240656002,41.97650209076431,38.94532468834804,39.06783833592162,44.5260124206543
2017-10-16,44.19703592816961,44.57045864196628,44.14369224879709,44.20592880249024,4301600,0.0,0,0.00647774102168075,1.0175584590472528,43.69438972473145,44.89961899730627,42.48916045215663,43.83291240656002,42.15337184632416,38.94532468834804,39.06783833592162,44.46376800537109
2017-10-17,44.1881464454868,44.40152794625248,43.85028844569701,44.20592880249024,3579000,0.0,0,0.0,1.0175584590472528,43.80210247039795,44.757590507286174,42.84661443350972,43.83291240656002,42.28160550932115,38.94532468834804,39.06783833592162,44.65047836303711
2017-10-18,44.23259764005986,44.614909810591385,44.063670347449154,44.1970329284668,6481700,0.0,0,-0.0002012371250741385,1.0173536885083594,43.87488021850586,44.70892260144087,43.04083783557085,43.8418023946237,42.37446528415828,38.94532468834804,39.06783833592162,44.87275314331055
2017-10-19,43.91252201899741,44.49043671165322,43.8325031137318,44.1970329284668,4015400,0.0,0,0.0,1.0173536885083594,43.931739234924315,44.686211655528396,43.177266814320234,43.89928598112989,42.661886041607175,39.276965701287025,39.06783833592162,43.70803451538086
2017-10-20,44.36597552481605,44.81052436417638,44.06368217838549,44.67715835571289,5993200,0.0,0,0.01086329546200937,1.0284055022159908,43.99535961151123,44.775780194785526,43.21493902823694,44.023622274895345,42.719367432310094,39.45825985160256,39.17838137284694,44.57045364379883
2017-10-23,44.70381751177359,45.12169438748415,44.39263476920457,44.68603515625,5589000,0.0,0,0.00019868767092190431,1.0286098337099894,44.01962738037109,44.85305537207382,43.18619938866836,44.17920728654923,42.97646698606942,39.66166353989969,39.244706619617546,45.103912353515625
2017-10-24,44.88163760704778,45.62847957971402,44.82829054055822,45.335079193115234,7609400,0.0,0,0.014524538473726256,1.0435499168141633,44.090055274963376,45.101323451592584,43.07878709833417,44.48566462779547,43.63667261456405,39.98003680471834,39.56307988443619,45.23728561401367
2017-10-25,45.39732473435348,45.45956129510107,44.232605655892,44.419315338134766,6989700,0.0,0,-0.020199895341079244,1.0224703177113252,44.09037475585937,45.102059197035885,43.07869031468286,44.730491346722914,43.95062026551037,40.22324070664773,39.8062837863656,46.00190734863281
2017-10-26,44.801633545876456,46.02858934852562,44.268176270796985,45.752967834472656,7564600,0.0,0,0.030024156972832117,1.0531691270303516,44.16710453033447,45.41421340519158,42.91999565547736,44.930546231128716,44.19047430970277,40.6742658768015,40.26966496077951,45.601810455322266
2017-10-27,45.48623503591838,46.43756923748792,44.63270211721571,45.53068923950195,7835700,0.0,0,-0.004858233366956122,1.0480525856363647,44.23050956726074,45.61366682068388,42.8473523138376,45.13503617560986,44.72217704115009,40.762700754581424,40.26966496077951,45.5484733581543
2017-10-30,45.69072723388671,46.05525713107553,45.24617841333263,45.69072723388672,6647600,0.0,0,0.003514947765076215,1.0517364357299297,44.29041976928711,45.812209817405815,42.76862972116841,45.13503617560986,44.753132108071966,41.2026733812674,40.64552075596699,44.79273223876953
2017-10-31,45.62848565262292,45.88632475418319,45.36175706795,45.47734069824219,6171500,0.0,0,-0.004670237235494756,1.0468245770658573,44.38697414398193,45.952546627340524,42.82140166062334,45.13503617560986,44.753132108071966,41.48788135533813,40.88429884261915,44.93498611450195
2017-11-01,46.06415899291976,46.48203265944459,45.72630087373115,46.32199478149414,6455500,0.0,0,0.018573075520323945,1.0662673289922326,44.52266578674316,46.25788432225062,42.787447251235704,45.27285741891504,44.775363819050305,41.63159173406257,40.88429884261915,45.85076904296875
2017-11-02,46.28642785054274,46.75764854996028,45.957459256950685,46.65984725952149,6177100,0.0,0,0.0072935649602534625,1.0740442190212334,44.65800476074219,46.606035933975015,42.70997358750936,45.49512710292614,44.913171764308146,41.70676079690293,40.89756364621657,45.95745849609375
2017-11-03,46.56204115808834,47.36223036841888,46.22418650629388,47.08660888671875,8030100,0.0,0,0.009146228551148328,1.0838676729224412,44.85182552337646,46.95221381245164,42.751437234301285,45.79741801215544,45.215462673537445,42.06272332572092,41.16730025872033,46.197509765625
2017-11-06,47.131064497039766,47.95792557520173,46.94435480626471,47.71786880493164,8438900,0.0,0,0.01340635762774034,1.0983983905667862,45.074998474121095,47.38911095005476,42.76088599818743,46.095265615546865,45.51331027692888,42.26612984191076,41.16730025872033,45.94855880737305
2017-11-07,47.949033345427125,48.07350646548287,47.05993575458536,47.5489387512207,8577500,0.0,0,-0.003540184378340805,1.094509857743307,45.277343940734866,47.71183810040409,42.842849781065645,46.17084136813993,45.571100722069446,42.42310366738393,41.16730025872033,46.508697509765625
2017-11-08,48.10017415363011,48.20686829729576,47.264423711409606,47.58449935913086,7513000,0.0,0,0.0007478738504809179,1.0953284130450067,45.463337898254395,48.00491069612183,42.921765100386956,46.419785207255735,45.63778163797589,42.443003247277225,41.16730025872033,46.38422393798828
2017-11-09,47.36222754460957,47.700085567898654,46.97102583823772,47.59339141845703,6709400,0.0,0,0.00018686882169460795,1.095533095774921,45.64049015045166,48.257046187215515,43.02393411368781,46.7265233553142,45.63778163797589,42.60660964076031,41.16730025872033,46.53536987304688
2017-11-10,47.47781111434672,47.557830030502735,46.6776219527866,47.11328125,5504600,0.0,0,-0.010087748616940173,1.0844816333032052,45.80008335113526,48.366097665984796,43.23406903628572,46.78431268262288,45.63778163797589,42.66851682521161,41.16730025872033,46.83766174316406
2017-11-13,46.819867990604834,47.08659652682125,46.68650202667795,46.73984909057617,6728300,0.0,0,-0.00792626090809223,1.0758857489276101,45.92677936553955,48.41359554427434,43.43996318680477,46.96658458551346,45.69526522448208,42.85644608482524,41.16730025872033,48.23355484008789
2017-11-14,46.402006309816834,46.6153912435517,45.41511074225366,45.5484733581543,6945000,0.0,0,-0.025489507467453154,1.0484619510961934,45.993906593322755,48.3595398035726,43.62827338307291,46.81098951977471,45.72179424145504,42.85644608482524,41.16730025872033,49.74501037597656
2017-11-15,45.11280781820514,45.49511661591439,44.41041999204321,44.890533447265625,7262700,0.0,0,-0.014444829044328089,1.0333170974531263,46.028581619262695,48.30557308465905,43.75159015386634,46.308644144669486,45.72179424145504,42.993524526351756,41.16730025872033,49.344913482666016
2017-11-16,44.810516187334855,45.03279056645529,44.52600525339172,44.65047836303711,5694900,0.0,0,-0.005347565862867665,1.0277913662172684,46.05125389099121,48.2622139828666,43.84029379911583,46.308644144669486,45.77485898658634,42.88297752640349,41.16730025872033,49.99394989013672
2017-11-17,44.66825490053134,44.917201087386886,44.454870032057,44.57045364379883,4191800,0.0,0,-0.0017922477467683384,1.0259493094570176,46.04591865539551,48.27073832675024,43.82109898404078,46.308644144669486,46.01968570551378,42.88297752640349,41.16730025872033,49.424930572509766
2017-11-20,44.45488297990002,44.67715739479952,44.08146359085529,44.5260124206543,4429600,0.0,0,-0.000997100534351758,1.02492633485234,46.03791751861572,48.283521900372136,43.792313136859306,46.144165944075525,46.01968570551378,42.90470724866216,41.16730025872033,49.06039810180664
2017-11-21,44.69493527300275,45.11281221643361,44.161474695756056,44.46376800537109,6331500,0.0,0,-0.0013979337447773688,1.023493555742939,45.99435195922852,48.32591815637709,43.66278576207994,45.89077457937697,46.01968570551378,42.993142126442095,41.16730025872033,48.80256652832031
2017-11-22,44.91720693965406,44.979443494476754,44.47265818141319,44.65047836303711,4818700,0.0,0,0.004199157337350989,1.0277913662172684,46.005910110473636,48.30791674835253,43.70390347259474,45.81964681067902,46.01968570551378,43.05725895794059,41.16730025872033,49.184871673583984
2017-11-24,44.854970785825394,45.22839011809984,44.84607791126387,44.87275314331055,2288900,0.0,0,0.004978105239236141,1.0329078198022763,45.96189937591553,48.3152132622255,43.60858548960556,45.58403005883827,46.01968570551378,43.10813383939099,41.16730025872033,50.091758728027344
2017-11-27,44.65047911981456,44.67715096043696,43.6369084765085,43.70803451538086,6369000,0.0,0,-0.025956032254359718,1.0060976311157082,45.87076663970947,48.41910138972221,43.32243188969674,45.1261498600301,45.92188838690213,43.280586011368534,41.16730025872033,50.66967391967773
2017-11-28,43.88584823830866,44.597125480494086,43.5391007947206,44.57045364379883,6524700,0.0,0,0.019731363763668686,1.0259493094570176,45.81475296020508,48.42562129095361,43.203884629456546,44.5171087053175,45.87298454600818,43.37149485360272,41.16730025872033,50.571876525878906
2017-11-29,44.38374221204485,45.19282413176745,44.20592543881629,45.103912353515625,6897800,0.0,0,0.011968886697454995,1.0382287804992407,45.79608154296875,48.42179482084353,43.17036826509397,44.383745456410225,45.87298454600818,43.57783713630933,41.251947979851224,51.08755111694336
2017-11-30,45.27284693940674,46.03747139738616,45.032793578541664,45.23728561401367,11184300,0.0,0,0.0029570219863122027,1.041298845829999,45.74184608459473,48.36666744944809,43.117024719741366,44.78828609605338,45.87298454600818,44.06116862117976,41.50534057596616,51.50542831420898
2017-12-01,45.79741193362905,46.65094813365614,45.548465712425006,46.00190734863281,6683900,0.0,0,0.016902467162668966,1.0588993653781655,45.70894908905029,48.30290264507874,43.11499553302185,45.09502446418837,45.87298454600818,44.34055580611664,41.50534057596616,51.2564811706543
2017-12-04,46.117485228850825,46.55314448534087,45.56624574221334,45.601810455322266,6168500,0.0,0,-0.008697397920445993,1.049689696239764,45.634709167480466,48.14964127402209,43.119777060938844,45.09502446418837,45.87298454600818,44.56051027041575,41.70539546037196,52.616790771484375
2017-12-05,45.5484733581543,45.96635034958091,45.4417825871061,45.5484733581543,4531700,0.0,0,-0.0011696267458553011,1.0484619510961932,45.5262393951416,47.85032996390065,43.202148826382555,45.09502446418837,45.87298454600818,44.92860660837998,41.90988540485311,53.39030838012695
2017-12-06,45.40620828235887,45.55735661844299,44.73938516868612,44.79273223876953,4437300,0.0,0,-0.016592018648841744,1.0310658508510042,45.38842906951904,47.53462635593836,43.242231783099726,45.09502446418837,45.87298454600818,44.94408414184092,41.90988540485311,52.31449508666992
2017-12-07,44.739383589405215,45.19282519001353,44.52600209987935,44.93498611450195,4037800,0.0,0,0.003175824930127691,1.0343403354847402,45.2559534072876,47.15375824462167,43.35814856995353,45.09502446418837,45.87298454600818,44.94408414184092,41.90988540485311,53.22138595581055
2017-12-08,45.228399962081205,45.97524218081853,45.11281970072848,45.85076904296875,5316200,0.0,0,0.020380176064441757,1.055420373632473,45.168822288513184,46.76187391084619,43.575770666180176,45.09502446418837,45.87298454600818,45.024110618982675,41.932117115831446,53.13246536254883
2017-12-11,45.82409587722579,46.508701507324645,45.70851222756273,45.95745849609375,4040400,0.0,0,0.002326884703395482,1.0578762151555303,45.11103115081787,46.48420148028645,43.737860821349294,45.42843678623621,45.87298454600818,45.20414943361715,42.136252188872255,53.12358093261719
2017-12-12,46.1263837223798,46.286421559229154,45.53068657596538,46.197509765625,6200200,0.0,0,0.00522333648088158,1.0634018585824092,45.08391418457031,46.34283299412931,43.82499537501131,45.58847511676774,45.87298454600818,45.506440342846446,42.438543098101555,53.94154357910156
2017-12-13,46.16194030683008,46.31308864461344,45.85965041453891,45.94855880737305,4906800,0.0,0,-0.005388839344695473,1.0576713568076581,45.10391845703125,46.40421908884276,43.80361782521974,45.58847511676774,45.87298454600818,45.80428794623787,42.73639070149298,53.76372528076172
2017-12-14,46.14416762290395,46.90878872361904,46.09971002879736,46.508697509765625,6436200,0.0,0,0.012190560856126353,1.0705649638486037,45.18482666015625,46.61804184276001,43.75161147755249,45.717395411749195,45.87298454600818,45.87097104510469,42.79418114663355,53.781517028808594
2017-12-15,46.9265740607778,47.1666308393062,46.2864260430072,46.38422393798828,11363400,0.0,0,-0.002676350412763262,1.0676997568657176,45.27151393890381,46.77379474599809,43.76923313180953,45.84631646959278,45.619593181309625,46.02878342261582,42.860862062539994,52.88351821899414
2017-12-18,46.33087782609624,46.81988084199021,46.33087782609624,46.53536987304688,5565300,0.0,0,0.0032585634128678986,1.0711789242293681,45.369759750366214,46.93225982310756,43.80725967762487,45.84631646959278,45.54846541261167,46.182152496645045,42.860862062539994,53.69260025024414
2017-12-19,46.642059186241454,47.05993614270769,46.357548226156666,46.83766174316406,4795800,0.0,0,0.006495959330329981,1.0781372589566687,45.4853422164917,47.12214050165911,43.84854393132429,45.84631646959278,45.3528658170134,46.21104716029939,42.860862062539994,53.04356384277344
2017-12-20,47.03327418689794,48.46471877188517,46.642068990817926,48.23355484008789,8064600,0.0,0,0.029802792132926248,1.1102687595761171,45.67383155822754,47.636356233217604,43.71130688323748,46.78876923630682,46.001909783302885,46.33092490499777,43.32957988374797,51.97663879394531
2017-12-21,48.14463540719483,49.85170113612518,48.03794125540811,49.74501037597656,7824700,0.0,0,0.031336183718983834,1.1450603454036425,45.92855815887451,48.522505876759844,43.334610440989174,47.69119385604528,46.69540096542289,46.266391880614876,43.32957988374797,52.2878303527832
2017-12-22,49.83391645146394,49.97617192223494,49.30934876706378,49.344913482666016,3911900,0.0,0,-0.008042955269012553,1.135850676265241,46.15216617584228,49.09509647149988,43.209235880184686,47.753429249100165,46.75763635847777,46.015219193062265,43.603736766801006,52.7679443359375
2017-12-26,49.59385535383817,50.11842299217678,49.38047386223739,49.99394989013672,3194900,0.0,0,0.013153055941595548,1.1507905837514567,46.466461944580075,49.63469899014605,43.2982248990141,47.98903670335785,46.82876189344869,46.04175156562791,43.603736766801006,51.31871032714844
2017-12-27,49.84280748631591,49.85169696906935,49.02483601584833,49.424930572509766,4369600,0.0,0,-0.011381763570939896,1.1376925574075336,46.70918579101563,50.00195318596525,43.41641839606601,48.10906651048707,46.82876189344869,46.16416492509163,43.603736766801006,49.73611831665039
2017-12-28,49.33601953532696,49.42492792464956,48.98926867703844,49.06039810180664,4240600,0.0,0,-0.007375477648235207,1.1293015313798107,46.907010078430176,50.265698324738544,43.54832183212181,48.20242451759199,46.82876189344869,46.08192582479465,43.603736766801006,49.73611831665039
2017-12-29,49.29156952805864,49.344916604837394,48.78478416939407,48.80256652832031,3668500,0.0,0,-0.00525539097647143,1.1233666103020818,47.085274124145506,50.44906315870155,43.721485089589464,48.224650409136515,46.82876189344869,45.95523014244537,43.780606522360856,49.46050262451172
2018-01-02,48.980379662877496,49.35379897156647,48.740322939447005,49.184871673583984,3985200,0.0,0,0.007833709832490543,1.1321667383626968,47.244422340393065,50.68922456004522,43.79962012074091,48.23798560916673,46.82876189344869,45.9196662580964,43.908840185357846,47.33555221557617
2018-01-03,49.238225849285904,50.136212929529634,49.19377164778361,50.091758728027344,4105800,0.0,0,0.018438333243236293,1.153042005971536,47.46891975402832,51.040548564671916,43.897290943384725,48.389140960173776,46.837656862125115,45.80185788217602,44.001699960194976,46.49977111816406
2018-01-04,50.15399568162179,50.84749072708083,49.86948471981099,50.66967391967773,4897200,0.0,0,0.011537131183358307,1.1663448028543524,47.72497978210449,51.44211478104394,44.00784478316504,49.44271599124447,47.19329576090072,45.52401912346612,44.28912071764387,47.74226379394531
2018-01-05,50.39405631317632,50.59854837071084,49.94950747723909,50.571876525878906,3771900,0.0,0,-0.0019300971613483986,1.1640936440612097,48.01393699645996,51.671767004888956,44.356106988030966,49.79390683326392,47.52670808294856,45.19504662566284,44.34660210834679,47.66182708740234
2018-01-08,50.46518207189699,51.08755111694336,50.31403709653747,51.08755111694336,4522900,0.0,0,0.010196864868175615,1.175963749643604,48.32156524658203,51.92578457137935,44.71734592178471,49.91393702819518,47.806776608411354,45.128365001209204,44.519053940975226,49.619415283203125
2018-01-09,51.096444199845166,51.85217586297998,51.04309711863483,51.50542831420898,5519700,0.0,0,0.008179628659613414,1.1855826964328553,48.604298210144044,52.276137409244896,44.93245901104319,50.296249401213494,48.18908898142966,45.33063532103078,44.925866973354914,48.75235748291016
2018-01-10,51.692137122314406,51.81661025136015,51.17646224603369,51.2564811706543,4627900,0.0,0,-0.004833415655452478,1.1798522824670832,48.86924934387207,52.50301564053537,45.235483047208774,50.296249401213494,48.18908898142966,45.48400450509828,45.239814624301246,48.850685119628906
2018-01-11,51.71880038948461,52.88351934543876,51.15867140167176,52.616790771484375,7341800,0.0,0,0.026539270152023064,1.211164700930958,49.19021339416504,52.95637454547473,45.42405224285535,50.811921142442884,48.70476072265906,45.48400450509828,45.27961378408784,49.02052307128906
2018-01-12,52.80350411981279,53.55923908901189,52.563447369006354,53.39030838012695,6742100,0.0,0,0.014700965172923297,1.228969991018018,49.56230087280274,53.443824012863274,45.6807777327422,51.14978101422945,49.04262059444562,45.48400450509828,45.606826571054015,48.04619216918945
2018-01-16,53.34584801258098,53.54145054061783,52.278930374001824,52.31449508666992,5458600,0.0,0,-0.020149973395873322,1.2042062783946783,49.85259075164795,53.643585801047735,46.06159570224817,51.37650536839775,49.04262059444562,45.48400450509828,45.63778163797589,49.08309173583984
2018-01-17,52.430089588721565,53.51478641712249,52.26115886430591,53.22138595581055,5798400,0.0,0,0.01733536503866029,1.2250816338124966,50.19444885253906,53.90408631006185,46.48481139501627,51.71436190441144,49.33602939487018,45.48400450509828,45.63778163797589,50.99599838256836
2018-01-18,53.0079922546138,53.39919732713855,52.59011873392302,53.13246536254883,4554800,0.0,0,-0.0016707680881431486,1.2230348065133523,50.52430362701416,54.039930194231744,47.00867705979658,51.75437328312549,49.544962832488636,45.48400450509828,45.63778163797589,50.58481979370117
2018-01-19,53.061344372730105,53.17692800893674,52.69681449697516,53.12358093261719,5037500,0.0,0,-0.00016721283063036996,1.2228302994013958,50.838599586486815,54.091013203426016,47.586185969547614,51.93663809277468,49.544962832488636,45.650710666122194,45.63778163797589,49.905460357666016
2018-01-22,53.22137677632399,53.95043645339929,53.15914022279105,53.94154357910156,5748800,0.0,0,0.015397355225768683,1.2416586519021122,51.1239990234375,54.41389861974729,47.834099427127704,52.49676678601706,49.9050434339691,45.73072983138796,45.63778163797589,48.5467643737793
2018-01-23,53.88819838432693,53.96821729256709,53.37252022197083,53.76372528076172,5478800,0.0,0,-0.003296499998727054,1.2375655241576975,51.324934768676755,54.743205197283686,47.906664340069824,52.56344434711943,50.033963660682225,45.73072983138796,45.63778163797589,48.162391662597656
2018-01-24,53.825971231896446,54.5194662966542,53.74595230968299,53.781517028808594,4992000,0.0,0,0.000330924763006335,1.2379750652354842,51.54676494598389,54.99829722095949,48.09523267100828,52.839068849162985,50.4029461698307,45.79518997887869,45.63778163797589,48.32328796386719
2018-01-25,54.01267243659942,54.14603841655477,52.81239218355232,52.88351821899414,5473400,0.0,0,-0.016697163996572173,1.2173043925475802,51.69124336242676,55.112125256201836,48.270361468651686,53.39031258048006,50.42517206137522,45.7329548254512,45.63778163797589,48.26072311401367
2018-01-26,53.07912416460846,53.80818388086117,52.99910524981789,53.69260025024414,5277700,0.0,0,0.015299323087763161,1.2359283257453189,51.90462684631348,55.264639413698916,48.54461427892804,53.39031258048006,50.438507261405434,45.69739094110223,45.63778163797589,48.32328796386719
2018-01-29,53.27472773151854,53.81707782206615,52.9546554374803,53.04356384277344,4167600,0.0,0,-0.012088004761284576,1.2209884182591029,52.10378513336182,55.22723317159648,48.980337095127155,53.39031258048006,50.58076764373607,45.59959114330309,45.63778163797589,48.33222961425781
2018-01-30,52.40340518496127,52.74126318304641,51.63878418749796,51.97663879394531,6381000,0.0,0,-0.02011412830387116,1.1964293005566986,52.262488746643065,54.99266752809916,49.53230996518697,53.07912524207608,51.27870377603115,46.395339509804856,45.82419046177678,47.885292053222656
2018-01-31,52.038880721917295,52.67014258681909,51.816606324995874,52.2878303527832,7073700,0.0,0,0.00598714280220336,1.2035924936318718,52.417636680603025,54.750357191284714,50.084916169921335,53.07912524207608,51.6298946180506,47.19329741073409,46.544210660869744,49.21718215942383
2018-02-01,52.45676151411927,53.31918732264178,51.701029865910186,52.7679443359375,7011000,0.0,0,0.009182136262204654,1.2146440439125663,52.551445960998535,54.625139995498834,50.477751926498236,53.07912524207608,51.6298946180506,47.25553280378897,46.60644605392463,48.93113708496094
2018-02-02,52.6078990275707,52.84795576677953,51.22090905654804,51.31871032714844,8433300,0.0,0,-0.027464287779769836,1.1812847103405681,52.58389778137207,54.555505427612474,50.61229013513167,52.87018767660112,51.6298946180506,47.40889929840327,46.730636334026855,48.23390197753906
2018-02-05,50.80303611055128,51.9855375416313,49.26489767592975,49.73611831665039,11060300,0.0,0,-0.030838499260976704,1.1448556626737274,52.54210987091064,54.71037918128582,50.37384056053546,51.89218198629197,51.6298946180506,47.46891420196788,46.82876189344869,48.23390197753906
2018-02-06,48.67809339802998,50.26957890941992,48.38468956326101,49.73611831665039,11013500,0.0,0,0.0,1.1448556626737274,52.474538230895995,54.89261686875281,50.05645959303918,51.26536398990789,51.45207792995761,47.51559320552035,46.82876189344869,48.29647445678711
2018-02-07,49.84281488074637,50.651893596853554,49.46050262451171,49.46050262451172,7721700,0.0,0,-0.005541560167279913,1.1385113761361698,52.37229194641113,55.10207406263756,49.6425098301847,51.10088369266359,51.45207792995761,47.5267061512926,46.82876189344869,49.10097122192383
2018-02-08,49.45160181569592,49.63831486764348,47.326659341292206,47.33555221557617,8618400,0.0,0,-0.04296257207629872,1.0895979990792335,52.176245498657224,55.66535017909345,48.687140818220996,50.57186858167918,50.92306281897321,47.53337375130771,46.82876189344869,47.885292053222656
2018-02-09,47.59030893107002,47.91210378793067,44.855027073569296,46.49977111816406,9685600,0.285,0,-0.017656519429746664,1.070359490837878,51.87039451599121,56.1448953322287,47.59589369975372,49.08710719810554,49.687246685111745,47.613398911149446,46.837656862125115,48.89538192749024
2018-02-12,47.04503654087407,48.233898482903015,46.97352430471748,47.74226379394531,7035400,0.0,0,0.026720404120352814,1.098959928987121,51.58799228668213,56.16263760253089,47.01334697083337,49.08710719810554,49.687246685111745,48.31800587607259,47.19329576090072,50.98705291748047
2018-02-13,47.31321336684712,48.21603342751855,47.02717116485862,47.66182708740234,5438300,0.0,0,-0.0016848113212674098,1.0971083888571442,51.35535888671875,56.225525696159224,46.48519207727827,49.08710719810554,49.687246685111745,48.66030745810624,47.19329576090072,50.504371643066406
2018-02-14,47.10760768059754,49.93227619914757,46.964586619274414,49.619415283203125,6612400,0.0,0,0.04107245389923797,1.1421693225809466,51.175260353088376,56.022179501722,46.32834120445475,48.85149142017441,49.687246685111745,48.860356818303266,47.313325955831985,51.612789154052734
2018-02-15,49.73562697210702,49.79819848088002,48.05512674103876,48.75235748291016,6190800,0.0,0,-0.017474164001010983,1.1222108685212435,50.956254959106445,55.82565933437944,46.08685058383345,48.4202823076003,49.687246685111745,49.24266919132158,47.69563832885029,52.810585021972656
2018-02-16,48.61827373568025,49.21717684672503,48.47525265705473,48.850685119628906,5070900,0.0,0,0.0020168796299380176,1.124474232762459,50.742610168457034,55.587521993709174,45.897698343204894,47.75346033521143,49.687246685111745,49.24266919132158,47.69563832885029,52.86420822143555
2018-02-20,48.80598974190003,49.43170825856882,48.57358176079587,49.02052307128906,4262900,0.0,0,0.0034766749175421108,1.1283836641229268,50.496559143066406,55.161205400237,45.83191288589581,47.75346033521143,49.687246685111745,49.75834093255097,48.21131007007968,52.49772262573242
2018-02-21,48.79705372739199,49.55685261169227,48.02831410710229,48.04619216918945,5287000,0.0,0,-0.019875979305293612,1.105955933766388,50.210682487487794,54.73663033061723,45.68473464435836,47.393651636358435,49.687246685111745,50.096200804337535,48.549169941866246,52.99829864501953
2018-02-22,48.50206670193331,49.61048258803624,48.439495194883854,49.08309173583984,5565900,0.0,0,0.021581305819180274,1.1298239069955376,49.97576122283935,54.211327501212025,45.74019494446668,47.393651636358435,49.687246685111745,50.20956298142168,48.549169941866246,51.9256477355957
2018-02-23,49.47639737789546,51.07644794781256,49.22611135708744,50.99599838256836,6513900,0.0,0,0.038972823004377766,1.1738563341489892,49.881385231018065,53.931686190360246,45.831084271675884,49.020517283543484,49.687246685111745,50.52519564964081,48.549169941866246,53.659767150878906
2018-02-26,51.18371953829957,51.43400900146924,50.52224828038168,50.58481979370117,5986300,0.0,0,-0.008062957916473268,1.1643915799267603,49.72599620819092,53.3962101110418,46.05578230534004,49.19929781037183,49.687246685111745,50.64966805780706,48.549169941866246,53.23965072631836
2018-02-27,50.50435998086844,51.50550740094094,49.89651962335166,49.905460357666016,5378300,0.0,0,-0.013430104897195871,1.1487536788669324,49.56909103393555,52.908563773793034,46.229618294078065,49.23504701010768,49.687246685111745,50.740800462631654,48.549169941866246,54.04413986206055
2018-02-28,50.07530277433434,50.5758782490299,48.53782363839839,48.5467643737793,5889900,0.0,0,-0.027225397264129425,1.11747840360115,49.397597312927246,52.57132076892061,46.223873856933885,49.766910754021616,49.687246685111745,51.20090510999308,48.744768624059944,52.97148513793945
2018-03-01,48.716597876329466,49.17247646619619,47.840593406272326,48.162391662597656,5135400,0.0,0,-0.007917576302762686,1.1086306830739485,49.19132537841797,52.11022466864281,46.272426088193136,49.67305040360664,49.687246685111745,51.29870400390082,48.75365904364385,54.187156677246094
2018-03-02,47.85846866635471,48.457368289564926,47.179116073878376,48.32328796386719,4574400,0.0,0,0.0033407041410380423,1.1123342901877755,48.969092559814456,51.395233409730515,46.5429517098984,49.34231173740966,49.50053274506203,51.62100750949684,49.029283545687406,55.72463607788086
2018-03-05,47.813781813646365,48.47525302865073,47.65288267272282,48.26072311401367,5266000,0.0,0,-0.0012947142566188674,1.1108941351241435,48.816193199157716,51.00179398257215,46.63059241574328,49.34231173740966,49.33605244781772,51.90774232092764,49.029283545687406,56.52019882202149
2018-03-06,48.51993979020209,48.618267408315056,47.82271254887889,48.32328796386719,4931900,0.0,0,0.0012963927147486842,1.1123342901877755,48.745551681518556,50.89838449316982,46.59271886986729,49.34231173740966,49.33605244781772,51.914409920942745,49.029283545687406,56.52913665771485
2018-03-07,47.65288037086749,48.680843266122,47.59030886462989,48.33222961425781,7245800,0.0,0,0.0001850381206947027,1.1125401144344162,48.675357246398924,50.78507584640449,46.56563864639336,49.34231173740966,49.08710719810554,51.98554011210806,49.029283545687406,58.01298904418945
2018-03-08,48.3858675518788,48.60933820861771,47.30426698174484,47.885292053222656,4726000,0.0,0,-0.009247195186362966,1.1022522388435827,48.59659671783447,50.70073430097757,46.49245913469137,49.34231173740966,49.08710719810554,52.17891450905361,49.029283545687406,58.7549057006836
2018-03-09,48.33223679560348,49.226119485975126,48.27860260662011,49.21718215942383,5310000,0.0,0,0.0278141794503588,1.132910480414338,48.69067821502686,50.72732794488262,46.6540284851711,49.34231173740966,49.08710719810554,52.354509930063344,49.029283545687406,59.45212936401367
2018-03-12,49.17248239642005,49.53003681543413,48.79705332535774,48.93113708496094,5074400,0.0,0,-0.005811894584625721,1.1263261241283522,48.8122465133667,50.58124222632457,47.043250800408835,48.87749716145414,48.85149142017441,52.354509930063344,49.029283545687406,59.37167739868164
2018-03-13,49.10990647457884,49.35125517425684,47.89422906085864,48.23390197753906,5528100,0.0,0,-0.014249313401633046,1.1102767501932007,48.83682842254639,50.55818017630463,47.11547666878815,48.35457644465625,48.4202823076003,52.25004114732586,49.029283545687406,59.27335739135742
2018-03-14,48.573578304110846,48.92219195590418,48.15345241097973,48.23390197753906,4101600,0.0,0,0.0,1.1102767501932007,48.86543216705322,50.52497874283858,47.205885591267865,48.35457644465625,48.18026723725512,51.761038302171286,49.029283545687406,58.80854034423828
2018-03-15,48.54676389662056,48.72553768378406,47.7154528287229,48.29647445678711,4934600,0.0,0,0.0012972717670070022,1.1117170808747907,48.799285125732425,50.438464813304535,47.160105438160315,48.41715189858948,48.18026723725512,51.358720959932754,49.029283545687406,58.53142929077149
2018-03-16,48.36798776672883,49.33337919629895,47.94786185586408,49.10097122192383,13000800,0.0,0,0.016657463597193445,1.1302354676798407,48.81671581268311,50.460990224037644,47.17244140132857,48.41715189858948,48.18026723725512,51.2764808113106,49.029283545687406,58.37947082519531
2018-03-19,48.949011151738894,49.08309490973889,47.71545558166206,47.885292053222656,4822000,0.0,0,-0.024758760131375235,1.102252238843583,48.768446159362796,50.46237434187168,47.07451797685391,48.41715189858948,48.18026723725512,50.747465700326195,49.029283545687406,58.15599060058594
2018-03-20,48.3590502883686,49.58367198126672,48.18921381142053,48.89538192749024,5140600,0.0,0,0.021093948286770692,1.1255030905687267,48.762189102172854,50.45323744774902,47.07114075659669,48.443969481505775,49.23504701010768,49.387176941608644,49.029283545687406,59.86332321166992
2018-03-21,49.25291887904473,51.47868755553228,49.19928811737154,50.98705291748047,7720100,0.0,0,0.04277849783630039,1.1736504220933703,48.9092321395874,50.824799957136705,46.9936643220381,49.59707019212759,49.23504701010768,49.387176941608644,49.029283545687406,58.05766677856445
2018-03-22,50.423922065115406,51.201599045380526,50.10212375331141,50.504371643066406,11053200,0.0,0,-0.009466741982425475,1.1625397763698477,48.98029613494873,51.019249788399726,46.941342481497735,49.59707019212759,49.23504701010768,49.387176941608644,49.36269586773524,58.549312591552734
2018-03-23,50.98707057533742,52.1848735426295,50.92449905845508,51.612789154052734,9442000,0.0,0,0.02194696171689725,1.188053992336207,49.01113567352295,51.18671742933463,46.83555391771127,49.9501631856762,49.68199480825393,49.26936905264308,49.522734198266775,58.73703002929688
2018-03-26,52.1759257919394,52.82845967305733,52.032904714021655,52.810585021972656,8795700,0.0,0,0.02320734623243803,1.2156255726791836,49.12242393493652,51.7872174928417,46.45763037703134,50.27195625089011,50.00378787346786,49.053764496356024,49.522734198266775,58.50460815429688
2018-03-27,52.87314895558846,53.47204856797678,52.4619604318287,52.86420822143555,9089600,0.0,0,0.00101538734025719,1.216859903496175,49.270361328125,52.387972180827354,46.15275047542264,50.59375069834984,50.32558232092758,48.72035351016159,49.522734198266775,58.98731231689453
2018-03-28,52.8820924014186,53.40054592579209,52.22955853824917,52.49772262573242,13327600,0.0,0,-0.006932584598032809,1.2084239192712336,49.467909240722655,52.86817399007973,46.06764449136558,50.59375207481942,50.32558232092758,48.72035351016159,49.522734198266775,59.76500701904297
2018-03-29,52.50666391116621,53.26646273531302,52.50666391116621,52.99829864501953,8469200,0.0,0,0.009535194942756453,1.2199464769149746,49.70970458984375,53.38404698495092,46.035362194736585,50.59375207481942,50.32558232092758,48.54044916073509,49.522734198266775,59.68453979492188
2018-04-02,52.980429625998624,53.00724501663687,50.56694558168867,51.9256477355957,7403800,0.0,0,-0.02023934610822886,1.195255557935178,49.88982257843018,53.62797649872156,46.151668658138796,50.83063118969865,50.32558232092758,48.54044916073509,49.522734198266775,60.551605224609375
2018-04-03,52.32788409155834,53.7044640052637,51.720043698750544,53.659767150878906,8257300,0.0,0,0.03339620189454928,1.2351725538635634,50.15977478027344,54.16178893765651,46.157760622890365,51.45187606131762,50.44179003957104,49.353881984327614,49.687246685111745,61.40972900390625
2018-04-04,52.57817607907081,53.40054987267881,52.247440460392845,53.23965072631836,8174200,0.0,0,-0.007829262907147472,1.2255020632036728,50.405592918395996,54.52963700053869,46.2815488362533,51.90329387928756,50.44179003957104,49.44327224774179,49.687246685111745,61.9818115234375
2018-04-05,53.48099629289072,54.67879567423753,53.39160598913179,54.04413986206055,6822600,0.0,0,0.015110714002946946,1.244020274390765,50.691188430786134,54.99066755349349,46.39170930807878,52.622870627963096,50.92895587405795,49.46114684760971,49.687246685111745,62.3273811340332
2018-04-06,53.820674350231286,54.21398490449668,52.327891938954565,52.97148513793945,8837500,0.0,0,-0.01984775272321626,1.2193292676019893,50.945498085021974,55.15067129270434,46.74032487733961,52.622870627963096,50.92895587405795,49.72707871956668,49.687246685111745,62.46202850341797
2018-04-09,53.50780747155511,54.66091672518633,53.19494654783742,54.187156677246094,10832100,0.0,0,0.022949546083916417,1.2473123208202892,51.193996810913085,55.54767269449401,46.84032092733216,52.622870627963096,50.92895587405795,49.68014854435919,49.687246685111745,62.91080856323242
2018-04-10,54.920140451054046,56.31459840092345,54.866509682526384,55.72463607788086,11069900,0.0,0,0.028373502042050802,1.2827029395021587,51.53367176055908,56.181562465812654,46.88578105530551,53.440771991306065,51.809432691334145,49.421422241235845,49.687246685111745,62.69539642333984
2018-04-11,55.68888769544202,56.56489227196725,55.06316916652638,56.52019882202149,10014100,0.0,0,0.014276679044233687,1.3010156776785262,51.9479866027832,56.819817943016446,47.07615526254996,53.56591892682796,51.93457962685605,49.33918209261369,49.687246685111745,63.42242431640625
2018-04-12,56.573830105367605,57.10122097140975,56.17158225670978,56.52913665771485,10336200,0.0,0,0.00015813524863039774,1.301221414116188,52.362748336791995,57.31182385626486,47.41367281731913,53.83408327654921,52.202743976577295,49.33918209261369,49.687246685111745,62.42611312866211
2018-04-13,57.16379979062061,58.10237595092642,56.97608524053783,58.01298904418945,9672900,0.0,0,0.02624933749580083,1.335377614172087,52.84857406616211,58.01100868646957,47.68613944585464,54.91120982483848,52.70332146633563,49.2147094677576,49.687246685111745,63.42242431640625
2018-04-16,58.07555302205896,58.98731026407435,57.54815874713972,58.7549057006836,8534900,0.0,0,0.01278880245127545,1.3524554946775893,53.3312707901001,58.80139129231737,47.86115028788283,55.6173753622336,53.35138154639863,49.2147094677576,49.687246685111745,62.94669342041016
2018-04-17,58.92473512161881,59.80968374228066,58.51354997353566,59.45212936401367,8312600,0.0,0,0.011866645942416376,1.3685046051858039,53.90961265563965,59.400331275513466,48.41889403576583,56.06878784061762,53.762568285501786,49.2147094677576,49.687246685111745,62.04016876220703
2018-04-18,59.8901309149921,60.15829840819617,59.33592127826893,59.37167739868164,11015600,0.0,0,-0.0013532226043484474,1.3666527138199114,54.43342742919922,59.90947059674528,48.95738426165316,56.24309517357537,53.93687561845954,48.86449429081428,49.687246685111745,61.43878936767578
2018-04-19,58.89792830844103,59.53258418283309,58.594011475542096,59.27335739135742,8366300,0.0,0,-0.0016560085824087745,1.3643895251966534,54.84774265289307,60.471591096404026,49.22389420938211,56.676622478016796,53.93687561845954,48.38742937612828,49.687246685111745,58.7640266418457
2018-04-20,58.86217112089151,59.09458251936117,58.40628905998887,58.80854034423828,7008400,0.0,0,-0.007841922029996451,1.3536900889215173,55.26295108795166,60.76642121020251,49.75948096570082,57.51240404536128,53.93687561845954,48.26742184095569,49.687246685111745,58.97944641113281
2018-04-23,58.6208161771053,58.66550621038106,57.62860605330074,58.53142929077149,9209700,0.0,0,-0.004712088615781096,1.3473113812642146,55.6088830947876,61.01909002634562,50.19867616322958,57.61073378736127,53.936876994929115,48.2987095679223,49.687246685111745,61.07976150512695
2018-04-24,58.99625200576801,59.55046167670167,57.9682856447412,58.37947082519531,8731600,0.0,0,-0.002596185799962014,1.343813510588049,55.88732738494873,61.26558157039087,50.509073199506595,58.16494033245297,53.936876994929115,48.2987095679223,49.687246685111745,60.48737335205078
2018-04-25,58.06660371864175,58.60293183008883,57.13696514290191,58.15599060058594,9869100,0.0,0,-0.0038280618417823042,1.3386693093656954,56.15191650390625,61.42783332082225,50.87599968699025,58.567191824367,54.17375610980835,48.2987095679223,49.687246685111745,61.295169830322266
2018-04-26,58.77278526837651,60.00634089189109,58.19176017172863,59.86332321166992,10574600,0.0,0,0.029357811524695743,1.3779697106439481,56.520196533203126,61.75202626995348,51.28836679645277,58.64763177554904,54.678793262783856,48.83950824580673,49.687246685111745,60.945125579833984
2018-04-27,59.3806159050514,59.67559877254802,58.057666778564446,58.05766677856445,6398800,0.0,0,-0.03016298354705227,1.3364060329334584,56.773164939880374,61.78148760447044,51.764842275290306,58.64763177554904,55.13021108075379,49.41605860111763,49.687246685111745,60.639949798583984
2018-04-30,57.99510290273972,59.13033766824999,57.88784135120275,58.549312591552734,6381300,0.0,0,0.008468232367371042,1.3477230297574954,57.10434818267822,61.634963710528375,52.57373265482807,58.64763177554904,55.362621994942415,49.41605860111763,49.687246685111745,60.92718124389648
2018-05-01,58.14707100733808,58.7996015440468,57.70012966775757,58.73703002929688,7433800,0.0,0,0.0032061424709404207,1.3520440218022654,57.35821132659912,61.64841286817131,53.06800978502692,58.5716530173965,55.362621994942415,49.81607899696507,49.687246685111745,62.3633041381836
2018-05-02,58.26326287481479,58.99624626777463,58.22750675567255,58.50460815429688,6810000,0.0,0,-0.003956990588119158,1.346693996333271,57.62145919799805,61.48949128062336,53.75342711537274,58.5716530173965,55.362621994942415,50.137872062178985,49.687246685111745,62.31841659545898
2018-05-03,58.01298353239966,59.13927754567144,57.49452997488595,58.98731231689453,7088800,0.0,0,0.008250703283484873,1.3578051689106672,57.86861782073974,61.40477128338398,54.33246435809551,58.5716530173965,55.362621994942415,50.45966650963871,49.687246685111745,63.26984786987305
2018-05-04,58.99626723374772,59.97059625244472,58.63871273504077,59.76500701904297,6302200,0.0,0,0.013184101319457797,1.3757066098296689,58.20829391479492,61.02184192714736,55.39474590244248,58.5716530173965,55.362621994942415,50.4596671978735,49.687246685111745,62.31841659545898
2018-05-07,60.13148110685557,61.35610275667587,59.613034368047714,59.68453979492188,9121500,0.0,0,-0.00134639361952138,1.3738543672278607,58.483163070678714,60.6699076722801,56.29641846907733,59.24653394978888,55.96152416918227,50.4596671978735,49.687246685111745,62.48894119262695
2018-05-08,59.71136022069631,60.55160522460938,58.504613258653485,60.551605224609375,8988400,0.0,0,0.014527471145237225,1.3938129969055215,58.724511528015135,60.69245668040671,56.756566375623564,59.42531636578091,56.538073227713205,50.578106755313115,49.687246685111745,61.15155792236328
2018-05-09,61.32928284718559,62.70586280481718,61.23095522022742,61.40972900390625,9271200,0.0,0,0.014171775894524341,1.4135658023365418,58.968988037109376,60.99544894924761,56.94252712497114,60.10019638985156,57.47665163260501,50.946833050444326,49.687246685111745,58.665287017822266
2018-05-10,62.08907988244776,62.3125505155489,61.36503721353045,61.9818115234375,6512300,0.0,0,0.009315828758906575,1.4267343392905554,59.241621780395505,61.348196940162445,57.135046620628565,60.10019638985156,57.51687737188587,51.172541959429296,49.687246685111745,59.778282165527344
2018-05-11,62.04015846351396,62.73128566047542,61.81576553817304,62.3273811340332,6382200,0.285,0,0.005575338992230394,1.4346888668839561,59.4573413848877,61.88004622203489,57.034636547740504,60.112907817680686,57.52958879971499,51.77591325101052,49.76691137390341,59.47311019897461
2018-05-14,62.3812503151963,63.01852557580132,62.24661315356301,62.46202850341797,8805200,0.0,0,0.0021603245144410366,1.4377882604136811,59.64269752502442,62.373301667834355,56.91209338221448,60.256527775343635,58.10673606181937,51.77591325101052,49.76691137390341,60.55916595458984
2018-05-15,62.42612578360204,63.359594494536736,62.147873849601055,62.91080856323242,5962700,0.0,0,0.007184846066757178,1.448118547741344,59.81563148498535,62.89579654029627,56.73546642967444,60.42706223471134,59.11305208853156,51.77591325101052,49.76691137390341,58.44090270996094
2018-05-16,62.83003357916696,63.00954522164964,62.02221749213449,62.69539642333984,4363400,0.0,0,-0.003424087924034147,1.4431600625094532,59.981817436218265,63.300349094051796,56.66328577838473,60.93210387659511,59.21138183053156,52.6251023413201,50.584812737246374,60.83740615844727
2018-05-17,63.00953527758321,63.72759543005122,62.91080183542064,63.42242431640625,5592700,0.0,0,0.011596192616077916,1.4598952245701438,60.1892707824707,63.81288939082794,56.56565217411346,61.11610434435235,59.949588843380496,52.750249276842005,50.70995967276828,59.36539459228516
2018-05-18,63.27880348611209,63.575003784230766,62.40815786020908,62.42611312866211,5094700,0.0,0,-0.015709131249440622,1.4369615388769397,60.37014942169189,64.0612876143717,56.67901122901209,61.11610434435235,60.351840335294526,53.01841362656325,50.978124022489524,60.44246673583984
2018-05-21,62.83002366343077,63.53012854572606,62.44406752986682,63.42242431640625,5440000,0.0,0,0.01595984657399252,1.4598952245701438,60.61469917297363,64.43343688135134,56.79596146459592,62.47927532513932,60.43228028647656,53.80726564558705,51.47870151224786,61.69908142089844
2018-05-22,63.521138692721735,64.36485818239778,62.77615947414529,62.94669342041016,6079500,0.0,0,-0.007500988824121979,1.4489445668062542,60.84306030273437,64.64585359397884,57.04026701148991,62.86494769796411,60.75091166264984,54.484378454316115,51.92116866882182,61.40289306640625
2018-05-23,62.488954687387526,62.71334764997778,61.28620484698031,62.04016876220703,6407500,0.0,0,-0.014401465890330534,1.4280776410504141,61.03726921081543,64.66198861151813,57.412549810112736,62.82553151468905,60.75091166264984,54.9156780630597,52.33235540792498,62.48894119262695
2018-05-24,61.03488478109042,61.770893411886384,60.50532068543719,61.43878936767578,6404900,0.0,0,-0.009693387470241621,1.4142347311381238,61.11604251861572,64.70316497002443,57.528920067207004,62.43508943391748,60.75091166264984,55.089985396017454,52.50666274088273,61.56445693969727
2018-05-25,59.95779877528942,60.011650891768895,57.83952878665809,58.7640266418457,8315800,0.0,0,-0.04353540740887918,1.3526654459462388,61.151360511779785,64.62838499337377,57.674336030185806,61.10219348452794,60.75091166264984,55.30674904823817,52.50666274088273,62.435089111328125
2018-05-29,58.162659575131606,59.07817986408997,57.749770491167176,58.97944641113281,6310100,0.0,0,0.003665844251961259,1.3576241067960875,61.17286720275879,64.58939239339053,57.75634201212704,61.05731433678248,60.75091166264984,55.72463983191041,52.50666274088273,61.86963272094727
2018-05-30,59.5449077568364,61.699081367984206,59.39232219989542,61.07976150512695,10273400,0.0,0,0.03561096656203433,1.4059704134670146,61.29000377655029,64.51789178465627,58.062115768444315,61.05731433678248,60.75091166264984,55.77380539114519,52.50666274088273,62.5158805847168
2018-05-31,60.65791421442251,61.340063968048334,60.08346871245838,60.48737335205078,8508800,0.0,0,-0.00969859964214903,1.3923344693180912,61.38914203643799,64.37930892425524,58.39897514862074,61.05731433678248,60.75091166264984,56.05090866369105,52.50666274088273,63.72760009765625
2018-06-01,60.8194579434964,61.90551883649636,60.44247263973567,61.295169830322266,7116200,0.0,0,0.013354795116824025,1.4109288108899263,61.50453491210938,64.28350064758132,58.725569176637435,61.05731433678248,60.929694078641866,56.370473967087676,52.50666274088273,64.39179992675781
2018-06-04,61.8875718454617,62.29148325752724,60.67585130512362,60.945125579833984,5599200,0.0,0,-0.005710796649349037,1.402871283364226,61.563540840148924,64.23936361425588,58.88771806604197,61.05731433678248,60.929694078641866,56.66321251916645,53.56144251373529,62.87490081787109
2018-06-05,60.78356457638925,61.53752161607838,60.60404610413266,60.639949798583984,6333100,0.0,0,-0.00500738620761787,1.395846565048845,61.61131134033203,64.18218901451235,59.04043366615171,60.23155907057247,60.929694078641866,56.88892142815141,53.56144251373529,64.13150787353516
2018-06-06,60.77459565654306,61.41187091660486,60.41556550847051,60.92718124389648,6412200,0.0,0,0.004736670235818696,1.4024582299272816,61.630090141296385,64.17480297517328,59.08537730741949,60.02062687434721,60.929694078641866,57.00512688524573,53.56144251373529,64.62516784667969
2018-06-07,61.4836805853331,62.54281579488088,61.2682652277102,62.3633041381836,7693500,0.0,0,0.02357113631333463,1.4355157640386556,61.67776889801026,64.24004333720723,59.11549445881329,60.146293143024025,60.929694078641866,56.96713750616946,53.66870724103727,63.3506088256836
2018-06-08,62.81208387412183,63.16213636338093,61.86963065046732,62.31841659545898,6656100,0.0,0,-0.000719774927658734,1.4344825157834415,61.69459915161133,64.26916680551726,59.1200314977054,60.45595342727405,60.929694078641866,56.96713750616946,53.66870724103727,63.08132553100586
2018-06-11,62.79413580924655,63.71863386637818,62.39920194098416,63.26984786987305,6237300,0.0,0,0.015267256878336743,1.45638312883939,61.74172248840332,64.39505516864543,59.0883898081612,61.555478033136794,61.05731433678248,56.96713750616946,53.66870724103727,63.1441764831543
2018-06-12,62.892862057213904,63.11725502970973,62.04914228929196,62.31841659545898,8329000,0.0,0,-0.015037672863871476,1.4344825157834418,61.73454189300537,64.38072878292945,59.0883550030813,61.90105128941828,61.05731433678248,56.96713750616946,53.66870724103727,62.551753997802734
2018-06-13,62.24659301052496,62.7671862148131,61.63624401016983,62.48894119262695,6741100,0.0,0,0.002736343547926401,1.4384077527601191,61.7134485244751,64.32798970099117,59.09890734795903,62.067099687424346,61.05731433678248,57.604029059485576,54.26760941527712,63.0970458984375
2018-06-14,62.82104184493658,62.84796790047346,60.89126130562565,61.15155792236328,5694600,0.0,0,-0.021401919199448227,1.4076230662596871,61.63625659942627,64.2209442529613,59.05156894589123,62.067099687424346,61.05731433678248,57.98169479674706,54.26760941527712,63.06998443603516
2018-06-15,60.541208588868464,60.8553641630574,58.53064989287396,58.665287017822266,15982700,0.0,0,-0.04065752352045604,1.3503925983352976,61.39839973449707,64.15365340117194,58.6431460678222,61.12464187962607,61.05731433678248,58.78842401122829,54.94248943934778,63.85408401489258
2018-06-18,58.85378428159898,60.819468769361336,58.69222107920852,59.778282165527344,7680100,0.0,0,0.018971954358067977,1.3760121850763876,61.26600818634033,64.06559686327829,58.466419509402364,61.12464187962607,61.05731433678248,58.808536880868715,54.94248943934778,64.44891357421875
2018-06-19,58.98842059859284,60.1732151168829,58.72812395128062,59.47311019897461,5211500,0.0,0,-0.005105064172096885,1.3689875545699854,61.06854248046875,63.786951149413085,58.350133811524415,61.12464187962607,61.05731433678248,58.82124830869784,54.9552008671769,64.71028137207031
2018-06-20,60.28092090854357,60.70277387102606,59.94881690189595,60.55916595458984,6323400,0.0,0,0.018261290724189472,1.393987034301785,60.94916610717773,63.53206492707979,58.366267287275676,61.12464187962607,61.05731433678248,59.1816319185815,55.09882082483985,64.39484405517578
2018-06-21,60.01165342081521,60.101409234706665,58.15367999675048,58.44090270996094,7439700,0.0,0,-0.03497840849091738,1.3452275863849348,60.76920280456543,63.52089126229175,58.017514346839114,60.93615693156433,61.05731433678248,59.77005716162145,55.269355284207556,65.13387298583984
2018-06-22,60.55916113454715,61.4028806882163,60.361694273226426,60.83740615844727,10945200,0.0,0,0.04100729689922922,1.4003917334168554,60.739133644104,63.47380415576168,58.004463132446325,60.63546751323011,61.05731433678248,60.071742853563336,55.331930738140784,65.04375457763672
2018-06-25,60.84638933927035,61.15156044518312,58.6742673625875,59.36539459228516,5274300,0.0,0,-0.024195830478510927,1.366508092431593,60.769202041625974,63.42769403689597,58.110710046355976,60.50082394861197,61.05731433678248,60.532846593866424,55.51593120589803,64.71929931640625
2018-06-26,59.60773174285836,60.71174094823417,59.39230963377182,60.44246673583984,4956700,0.0,0,0.018143097522586693,1.3913007820179835,60.84235305786133,63.376098821409904,58.30860729431276,60.50082394861197,61.05731433678248,60.73397233982344,55.51593120589803,64.4939956665039
2018-06-27,61.24132474968291,62.39918630433784,61.115658402055885,61.69908142089844,7625000,0.0,0,0.02079026143242224,1.4202262890072708,60.8733190536499,63.433201435610535,58.31343667168927,60.276433150544165,61.05731433678248,61.45577780580794,55.51593120589803,64.25064086914062
2018-06-28,62.20173145883888,62.38124308826632,60.98103320452908,61.40289306640625,3958100,0.0,0,-0.004800531023657406,1.4134084486462775,60.919095039367676,63.48251289482637,58.35567718390898,60.276433150544165,60.73420217877268,61.80792968030698,56.04015550556034,64.6471939086914
2018-06-29,61.87859219227182,63.39548363521031,61.672147698182286,62.48894119262695,7132000,0.0,0,0.017687246837802206,1.4384077527601193,60.97878360748291,63.62951694834052,58.3280502666253,60.7745818159804,60.73420217877268,61.788221588669444,56.04015550556034,65.7016830444336
2018-07-02,61.85168653853265,62.22866511510827,61.214404426029816,61.56445693969727,4952800,0.0,0,-0.014794365775535945,1.4171274223314194,61.00975017547607,63.67276240901872,58.34673794193342,60.7745818159804,60.73420217877268,61.59300054828366,56.04015550556034,64.34075927734375
2018-07-03,62.255577499428256,64.12252839407475,62.255577499428256,62.435089111328125,5338400,0.0,0,0.014141798935766392,1.4371681534043912,61.09950714111328,63.827541703769086,58.37147257845747,61.138104195412616,60.93614944262096,60.92655257358889,56.04015550556034,64.66522979736328
2018-07-05,62.87491573662541,63.34165012194686,61.609336042389614,61.86963272094727,5719800,0.0,0,-0.009056708309850947,1.4241521406468005,61.14662971496582,63.89382941159072,58.399430018340915,61.398397878331124,61.138104195412616,60.90411299971616,56.04015550556034,64.83646392822266
2018-07-06,61.65421243236175,62.65948851947776,61.45674553012689,62.5158805847168,4429600,0.0,0,0.010445315986993498,1.4390278597694095,61.15425853729248,63.91589662853954,58.39262044604541,61.398397878331124,61.138104195412616,60.90411299971616,56.04015688202992,64.05237579345703
2018-07-09,62.96466540973502,63.72760009765625,62.722317180156864,63.72760009765625,5271400,0.0,0,0.01938258729791742,1.4669199428855253,61.224717712402345,64.16945296421424,58.279982460590446,61.75741901392328,61.138104195412616,60.90411299971616,56.04015688202992,65.02574157714844
2018-07-10,64.16740697357905,64.62517051548397,64.0507251031807,64.39179992675781,5246400,0.0,0,0.010422483007107575,1.4822088910630369,61.280815315246585,64.41787035674818,58.14376027374499,62.80310186000653,61.38942525611723,60.99350420771218,56.277035996909156,61.12328338623047
2018-07-11,63.65578382032835,64.40974761517143,62.318403894247126,62.87490081787109,5636400,0.0,0,-0.023557333551975868,1.4472920018225606,61.30863952636719,64.49204785502262,58.12523119771176,62.80310186000653,61.38942525611723,60.99350420771218,56.78207314988466,62.556297302246094
2018-07-12,63.60194375310281,64.35590084278886,63.19803914761814,64.13150787353516,6386700,0.0,0,0.019985829628647256,1.4762173331938901,61.390767860412595,64.77252842765743,58.009007293167755,62.919787470756894,61.38942525611723,60.580626574607166,57.23349096785459,62.88072967529297
2018-07-13,64.05970009327575,65.13678348488207,64.04174482292244,64.62516784667969,6313300,0.0,0,0.007697619929941668,1.4875806931588087,61.56444835662842,65.22749734562169,57.90139936763514,63.175593955455945,61.64523174081628,60.47516047649454,57.46590188204323,63.55666732788086
2018-07-16,63.61987621245873,64.2571512634666,62.41713348608766,63.3506088256836,6216200,0.0,0,-0.019722332079971094,1.4582421327325772,61.79871444702148,65.28319880680769,58.31423008723527,63.29676450750448,61.64523174081628,60.53799361083294,57.46590188204323,63.8901596069336
2018-07-17,63.02747343097092,63.44933314238397,62.02219086011273,63.08132553100586,5724000,0.0,0,-0.004250682032412745,1.4520436091000637,61.96386661529541,65.36071647649722,58.56701675409359,63.29676450750448,61.64523174081628,60.69282375295796,57.46590188204323,64.89053344726562
2018-07-18,62.36329337852455,63.27881362641343,61.76191505169102,63.1441764831543,5667700,0.0,0,0.0009963479939485431,1.4534903498371163,62.147419929504395,65.37691929433655,58.91792056467224,63.29676450750448,61.64523174081628,61.30639618495964,57.46590188204323,64.93560791015625
2018-07-19,62.94668076315056,63.22493255792399,62.37223560634788,62.551753997802734,5959200,0.0,0,-0.009382060521600288,1.4398536154073824,62.24704933166504,65.39546947219233,59.098629191137746,63.44934926828655,61.64523174081628,61.47918281310038,57.46590188204323,65.4403076171875
2018-07-20,62.86271699938244,63.21420690994017,62.80864374423501,63.0970458984375,5617200,0.285,0,0.008717451802453313,1.4524054699022844,62.47985649108887,65.10861879777555,59.85109418440219,63.44934926828655,61.64523174081628,61.562207012103414,57.46590188204323,65.64759063720703
2018-07-23,63.53863517355672,63.64678851731417,62.9888677092053,63.06998443603516,7936900,0.0,0,-0.00042888636095417265,1.451782553005668,62.59148540496826,65.11833704153017,60.06463376840636,63.44934926828655,61.64523174081628,61.562207012103414,58.04245094057416,64.93560791015625
2018-07-24,63.71889403264675,64.48496830669043,63.42148432296367,63.85408401489258,4709100,0.0,0,0.012432214560836652,1.4698314252003137,62.81591987609863,64.91336877329006,60.7184709789072,63.44934926828655,61.64523174081628,61.090978108204276,58.30614932139531,66.27848052978516
2018-07-25,63.91716817413378,64.53002343339145,63.52962724730837,64.44891357421875,5148300,0.0,0,0.009315450507244583,1.48352356709576,63.01624221801758,64.9233869131886,61.109097522846575,63.44934926828655,61.64523174081628,61.090978108204276,58.34637506067617,66.29650115966797
2018-07-26,64.18755045161603,64.83645685272506,63.63778291045689,64.71028137207031,7360100,0.0,0,0.004055425970068027,1.489539887096968,63.16680221557617,65.10973581169145,61.22386861946088,63.29918595220804,61.64523174081628,61.090978108204276,58.34637506067617,66.17932891845703
2018-07-27,64.42188755539789,65.13387491212247,64.16052206164188,64.39484405517578,5587200,0.0,0,-0.004874608952491366,1.4822789626282322,63.31639976501465,65.14951873676243,61.48328079326687,63.44789498190674,61.64523174081628,61.090978108204276,58.7799023651176,65.89093017578125
2018-07-30,65.16091648526215,65.73772070406207,65.01671199253784,65.13387298583984,4934100,0.0,0,0.011476523338278977,1.499290371736675,63.44864635467529,65.40288280626523,61.494409903085355,63.749817877876545,62.205994033324785,60.996735634173405,59.61568393246208,65.79179382324219
2018-07-31,65.3772223405899,65.59352222345312,64.78238906765438,65.04375457763672,5422200,0.0,0,-0.0013835874341867616,1.4972159724181429,63.62261123657227,65.49164780120083,61.7535746719437,64.05497815520498,62.205994033324785,60.8463909250063,59.71401367446208,63.57469940185547
2018-08-01,64.45793381449641,64.93560606863797,63.908173061709135,64.71929931640625,5313200,0.0,0,-0.004988261568498409,1.4897474675231874,63.73682174682617,65.58035076315868,61.89329273049367,64.27318222414854,62.56501516891694,60.779069142697224,60.26822021955378,63.28629684448242
2018-08-02,64.31374688571428,64.60214906060783,63.97127145179388,64.4939956665039,4669400,0.0,0,-0.003481243651926036,1.4845612936088994,63.868039894104,65.52332773285003,62.212752055357974,64.36329420663368,63.35937695429558,60.779069142697224,60.670471711467805,64.12445068359375
2018-08-03,64.21458974801595,64.42188197547078,63.63778556211763,64.25064086914062,4028500,0.0,0,-0.003773293852371351,1.4789596076062566,63.9547779083252,65.49408996272686,62.415465853923536,64.57960251351287,63.35937695429558,60.666873743663324,60.75091166264984,64.4128646850586
2018-08-06,64.38582844734458,65.02572035227729,64.05236074644387,64.6471939086914,7177600,0.0,0,0.006171970180942399,1.4880877022032206,64.00075759887696,65.56518568964533,62.436329508108585,64.63367397568521,63.47606256504594,60.50531766465842,60.75091166264984,64.86351013183594
2018-08-07,65.38624424702046,66.4767651615345,65.24203972474584,65.7016830444336,5631400,0.0,0,0.016311444812771914,1.512360562634273,64.06625175476074,65.7937168923423,62.338786617179174,65.0572740359957,63.84558479378216,60.75439199737654,60.75091166264984,65.38622283935547
2018-08-08,65.09781899877785,65.37720656656843,63.74593302397548,64.34075927734375,5784400,0.0,0,-0.02071368196412049,1.4810340069247885,64.13954467773438,65.77987332006418,62.49921603540457,65.05727536182607,63.96675534583069,60.75439199737654,60.75091166264984,66.24242401123047
2018-08-09,65.07079294811162,65.46734847403407,64.45793753352667,64.66522979736328,5975600,0.0,0,0.005043001103249178,1.4885028630556598,64.16623077392578,65.82263025432182,62.50983129352973,65.05727536182607,63.96675534583069,61.03712681901679,60.75091166264984,66.90935516357422
2018-08-10,64.53003281601507,64.91757379918867,64.20557958005351,64.83646392822266,4855500,0.0,0,0.0026480093149898742,1.4924444325024202,64.17679557800292,65.84755831534649,62.50603284065936,65.05727536182607,63.96675534583069,61.268251036871874,60.75091166264984,67.63037109375
2018-08-13,64.8094357345233,65.35919653113797,63.99830253911288,64.05237579345703,4322200,0.0,0,-0.012093320444397593,1.4743958237347112,64.21188392639161,65.84025365770133,62.58351419508189,65.05727536182607,64.11934010661275,61.268251036871874,60.75091166264984,68.07197570800781
2018-08-14,64.82746379167996,65.51242153892099,64.62918600621147,65.02574157714844,5223300,0.0,0,0.015196404062046254,1.4968013384195775,64.30910472869873,65.88671642861861,62.73149302877885,65.05727536182607,64.11934010661275,61.447761604667946,60.75091166264984,67.91877746582031
2018-08-15,64.24163351167968,64.32275026224013,61.02414451112826,61.12328338623047,7944500,0.0,0,-0.06001405130132931,1.4069722261077666,64.20806007385254,66.26361405876875,62.15250608893632,63.750454836331386,63.750454836331386,62.09626355806188,61.05985024518496,68.74791717529297
2018-08-16,61.528857246817466,62.78161171660189,61.48379848957645,62.556297302246094,5453000,0.0,0,0.023444648857630757,1.4399581959013024,64.2082872390747,66.26310186736008,62.15347261078934,63.750454836331386,63.750454836331386,62.09626355806188,61.05985024518496,69.4509048461914
2018-08-17,62.97086092172568,63.187160785857024,62.475166570540615,62.88072967529297,4435200,0.0,0,0.00518624642183263,1.4474261739423842,64.19747142791748,66.27796548493305,62.11697737090191,63.750454836331386,63.750454836331386,62.15460636343706,61.05985024518496,70.39722442626953
2018-08-20,62.7996144301876,64.05236163664296,62.7996144301876,63.55666732788086,4659000,0.0,0,0.01074951986209971,1.4629853103481008,64.22180557250977,66.25946534046938,62.184145804550155,63.26828302502463,63.750454836331386,62.41041284813611,61.31565672988401,69.649169921875
2018-08-21,64.02534964096097,64.49400063273166,63.80003520959894,63.8901596069336,3717600,0.0,0,0.005247164350709266,1.4706618347141707,64.22360935211182,66.26001376010115,62.187204944122506,63.26828302502463,63.750454836331386,62.470998124160374,61.31565672988401,69.86548614501953
2018-08-22,64.40385362128534,65.35017665114395,64.33175137831454,64.89053344726562,5019300,0.0,0,0.01565771390283799,1.493689036969948,64.24569034576416,66.3010830434191,62.19029764810922,63.26828302502463,63.750454836331386,62.470998124160374,61.31565672988401,69.75733184814453
2018-08-23,64.48497914430104,64.9896811617231,64.18756250858476,64.93560791015625,3995500,0.0,0,0.0006946230905506834,1.4947265878651297,64.25695667266845,66.32498078289316,62.18893256244374,63.26828302502463,63.750454836331386,62.470998124160374,61.44327698802462,72.00146484375
2018-08-24,65.55746861679572,66.29649949166458,65.1969642416294,65.4403076171875,4934000,0.0,0,0.007772310497647705,1.506344067015107,64.30922985076904,66.44112097500809,62.177338726529996,63.66032200139642,63.750454836331386,62.54729050455141,61.44327698802462,70.55044555664062
2018-08-27,65.44030527025353,65.95402175172579,65.44030527025353,65.64759063720703,3389300,0.0,0,0.003167512922342741,1.5111154313128716,64.3349157333374,66.51825248248785,62.15157898418694,63.66032200139642,63.750454836331386,62.54729050455141,61.44327698802462,70.81180572509766
2018-08-28,65.64759530928411,65.87290969221172,64.81844003036235,64.93560791015625,4072200,0.0,0,-0.010845527157050783,1.4947265878651295,64.32950839996337,66.50625063625594,62.152766163670805,63.89014899062052,63.750454836331386,62.54729050455141,61.44327698802462,70.55044555664062
2018-08-29,65.58450837116668,66.45872928794485,65.32314973464993,66.27848052978516,4887000,0.0,0,0.020680065419374838,1.5256376314862592,64.40746746063232,66.74218913249858,62.072745788766056,64.46694792924274,63.750454836331386,62.54729050455141,61.44327698802462,70.64957427978516
2018-08-30,66.40465453775369,67.08059767967868,66.0261280285275,66.29650115966797,5141200,0.0,0,0.00027189262244342594,1.5260524411027823,64.49759273529052,66.97510523972794,62.02008023085311,64.94010605493314,64.05237109540347,62.54729050455141,61.44327698802462,70.55044555664062
2018-08-31,65.86389021433673,66.27846777918742,65.76475135360634,66.17932891845703,4152300,0.0,0,-0.0017673970595935007,1.5233553005055918,64.59402713775634,67.17471923612064,62.01333503939204,65.44031644463881,64.05237109540347,62.47220884651216,61.44327698802462,71.55984497070312
2018-09-04,66.62996098120809,66.8192242132755,65.63857919969136,65.89093017578125,3447600,0.0,0,-0.00435783721879579,1.5167167660795986,64.65621395111084,67.29890881326644,62.01351908895524,65.63408009413172,64.05237109540347,62.54656336136151,61.44327698802462,67.67542266845703
2018-09-05,65.64758933079749,65.89093269278577,64.92658749671992,65.79179382324219,5080200,0.0,0,-0.0015045523302613661,1.514434786334847,64.66071949005126,67.31090657036145,62.01053240974108,65.63408009413172,64.05237109540347,62.97790595560066,61.74374559761462,65.60253143310547
2018-09-06,65.04374652500468,65.31412650214675,63.54766277935095,63.57469940185547,5443700,0.0,0,-0.03369864678478318,1.4634003833915605,64.62241649627686,67.312273381589,61.93255961096471,65.31413022951482,64.05237109540347,63.13048609426488,61.74374559761462,66.81983184814453
2018-09-07,63.02493136874637,63.64680118605106,62.56528816134516,63.28629684448242,4370600,0.0,0,-0.004536436036449931,1.4567617611565884,64.55346984863282,67.30604837826536,61.80089131900027,64.82294292051192,64.05237109540347,63.41909869653274,61.74374559761462,66.31298828125
2018-09-10,63.592705363960256,64.57507928027951,63.55665425109979,64.12445068359375,5188600,0.0,0,0.013243843942567501,1.476054886582846,64.51786918640137,67.2733338362532,61.76240453654953,64.82294292051192,64.05237109540347,63.861335580464626,61.74374559761462,66.79267120361328
2018-09-11,63.9802581263563,64.96263222530311,63.62876830568167,64.4128646850586,4172200,0.0,0,0.004497722762382139,1.482693772244755,64.53589363098145,67.28356351180649,61.788223750156405,64.82294292051192,64.05237109540347,63.969489733904226,61.74374559761462,65.5980224609375
2018-09-12,65.02573677377664,65.36821218407378,64.61115910571702,64.86351013183594,6137200,0.0,0,0.006996202528497086,1.4930669981631206,64.52778205871581,67.2705196783222,61.78504443910942,64.82294292051192,64.05237109540347,64.05486827036557,61.74374559761462,65.69755554199219
2018-09-13,64.88151405268768,65.41325945941756,64.09742456669565,65.38622283935547,4038600,0.0,0,0.008058655883055321,1.5050991113116636,64.74092903137208,67.00905418168848,62.472803881055675,64.69225618731033,64.05237109540347,64.45142941488893,62.113267826350835,65.60706329345703
2018-09-14,65.2600566699347,66.62996499817486,65.2600566699347,66.24242401123047,4618500,0.0,0,0.013094519528656035,1.5248076610172971,64.92523536682128,67.04605827775843,62.80441245588414,64.69225618731033,64.05237109540347,64.51201535382839,62.113267826350835,65.20884704589844
2018-09-17,66.43168978667984,67.50418841664583,66.3505799118332,66.90935516357422,6010100,0.0,0,0.010068036644170553,1.5401594804237313,65.12666664123535,67.19660088627987,63.056732396190824,65.0347382889955,64.26416646388705,64.51201535382839,62.113267826350835,62.64754486083984
2018-09-18,67.36900556476074,68.25224103776065,67.26085217743939,67.63037109375,5989500,0.0,0,0.01077601074488177,1.556756255533609,65.33035182952881,67.54076265704634,63.11994100201127,65.40876459955291,64.63819277444446,64.51201535382839,62.31522257914249,59.452728271484375
2018-09-19,67.5943103483804,68.3693923237924,67.27887160863105,68.07197570800781,3952800,0.0,0,0.006529679005393252,1.5669213741718815,65.53944263458251,67.94973539375658,63.129149875408444,65.46734024256878,64.69676841746033,64.58830773421941,62.31522257914249,61.56147766113281
2018-09-20,67.68444855010571,68.63077183876257,67.42308300489525,67.91877746582031,5220300,0.0,0,-0.002250533212737049,1.56339496557756,65.69085483551025,68.29398911140117,63.08772055961932,66.09371304493118,64.82745817494542,64.58830773421941,62.31522257914249,61.97780990600586
2018-09-21,68.2882739505698,69.0903994069116,67.91876197167176,68.74791717529297,15114300,0.0,0,0.01220781263163806,1.582480598386577,65.88147029876708,68.78037346502614,62.982567132508024,66.35958385629664,65.28709894824402,63.750454836331386,62.31522257914249,60.95509719848633
2018-09-24,69.39683159333762,70.20796476639171,69.20756833229991,69.4509048461914,6377300,0.0,0,0.010225585003629467,1.5986623882619735,66.08200016021729,69.36494809586247,62.79905222457211,67.15269466654368,66.34156566846616,63.750454836331386,62.31522257914249,62.919071197509766
2018-09-25,70.25301992463693,70.8478531797978,69.97363229778512,70.39722442626953,6145100,0.0,0,0.013625734353985397,1.620445337286139,66.31948184967041,70.09791200595,62.54105169339082,67.47263887324672,66.70657067057148,63.750454836331386,62.31522257914249,63.26298904418945
2018-09-26,70.06374749568995,70.64956617375063,69.57706768050332,69.649169921875,6148000,0.0,0,-0.010626193155924835,1.6032261721335186,66.55515995025635,70.54343650449577,62.566883396016934,68.05395492486625,66.70657067057148,63.50936893067801,62.31522257914249,62.97335815429688
2018-09-27,70.0457417906971,70.28907831729954,69.67622287409543,69.86548614501953,4367000,0.0,0,0.0031057975764416934,1.6082054680934188,66.73451023101806,70.974373677083,62.49464678495313,68.5992165458155,66.70657067057148,63.50936893067801,62.31522257914249,61.3985710144043
2018-09-28,69.68522959792074,70.91094034752909,69.68522959792074,69.75733184814453,6190100,0.0,0,-0.0015480361311808188,1.6057159079224477,66.9075517654419,71.34196978986951,62.47313374101428,69.08589626248424,66.73811425443712,63.50936893067801,62.31522257914249,62.47557830810547
2018-10-01,70.09079636968744,72.31690360983242,70.06375974345885,72.00146484375,6407200,0.0,0,0.03217056811305152,1.657372700908477,67.19865856170654,72.14442031642102,62.25289680699206,69.79788760923174,67.4410958855888,63.50936893067801,62.31522257914249,62.90095138549805
2018-10-02,71.46071768024039,71.62294432725768,70.49637229965151,70.55044555664062,4534600,0.0,0,-0.02015263564787495,1.6239722727343342,67.43163433074952,72.54698275147214,62.316285910026885,69.86999330736384,67.4410958855888,63.705388418863905,62.31522257914249,63.38063430786133
2018-10-03,70.86587897798837,71.11823686892704,70.19895031348835,70.81180572509766,6825500,0.0,0,0.0037045856534980715,1.6299884171175845,67.68263492584228,72.94366620560744,62.42160364607712,70.11783279075209,67.4410958855888,63.705388418863905,62.31522257914249,60.55688095092773
2018-10-04,70.66761344818364,71.09119875468159,69.92857559706603,70.55044555664062,4457100,0.0,0,-0.003690912352548592,1.623972272734334,68.03142223358154,73.07497382919189,62.98787063797118,70.76223597106616,67.4410958855888,63.82030191347595,62.31522257914249,60.39397430419922
2018-10-05,70.29808440782992,70.81180090346056,69.9285655354391,70.64957427978516,6535600,0.0,0,0.0014050757916892476,1.6262540768611276,68.39958610534669,73.06034884639952,63.73882336429385,70.94698564516787,67.4410958855888,64.10870138278706,62.31522257914249,58.95493698120117
2018-10-08,70.05475799012389,70.99205986616825,69.64017343304084,70.55044555664062,4034400,0.0,0,-0.0014031043237707763,1.6239722727343338,68.72088584899902,73.02730545078396,64.41446624721408,70.94698564516787,67.4410958855888,64.4962385751683,62.61713883821458,57.669769287109375
2018-10-09,70.82982173941875,72.0645469569352,70.42425862563209,71.55984497070312,4869600,0.0,0,0.014307484610456722,1.6472072310342887,69.07823486328125,73.06646819581961,65.0900015307429,70.97853852143663,67.4410958855888,64.74634377002114,62.61713883821458,58.03179168701172
2018-10-10,71.71305931145683,71.78516156202178,67.60332729394115,67.67542266845703,8332100,0.0,0,-0.05428215088834232,1.557793279574917,69.21883049011231,72.7730225958129,65.66463838441172,69.9601154518868,67.4410958855888,64.8432255947676,62.61713883821458,59.01829147338867
2018-10-11,66.83725663046313,67.38701735589089,64.82744946630413,65.60253143310547,9326500,0.0,0,-0.030629897141635776,1.5100782316536059,69.22964591979981,72.73764081489777,65.72165102470184,68.57217653806828,67.4410958855888,64.8432255947676,62.87743252113309,59.84189224243164
2018-10-12,66.7202758125954,67.19995112661447,65.69756506649661,66.81983184814453,6296100,0.305,0,0.018555692721710537,1.5380987793059142,69.25851631164551,72.67503156499272,65.8420010582983,68.44599821161967,67.4410958855888,64.68325066245914,62.87743252113309,60.13150787353516
2018-10-15,66.81982080711201,67.14563925053001,66.07768033154461,66.31298828125,6125000,0.0,0,-0.0075852266142540925,1.5264319515097713,69.2286979675293,72.73688979453658,65.72050614052202,68.44599821161967,67.9367789304661,64.4376570079577,63.236453656725246,57.91413879394531
2018-10-16,66.75646838670029,67.13658760681481,66.27679314632034,66.79267120361328,5726200,0.0,0,0.007233619458209661,1.5374735793758454,69.18681297302246,72.79009351689744,65.58353242914747,68.44599821161967,67.97283595775704,64.4376570079577,64.03081544210389,59.26266098022461
2018-10-17,67.037048546134,67.037048546134,65.36270754396176,65.5980224609375,7302700,0.0,0,-0.01788592552368462,1.5099744414404963,69.06311531066895,72.97138157301589,65.154849048322,68.44599821161967,68.20716408826404,64.4376570079577,64.03081544210389,57.74217224121094
2018-10-18,64.81966311803143,66.23153846479444,64.72010709691544,65.69755554199219,7800900,0.0,0,0.0015173183172398907,1.512265553319058,68.95205421447754,73.10537776218355,64.79873066677153,68.39232702692533,68.20716408826404,64.4376570079577,64.05237109540347,58.55671310424805
2018-10-19,65.76997254663017,66.88318692747704,65.39890568966958,65.60706329345703,5658000,0.0,0,-0.0013774066293428255,1.5101825487205895,68.79501152038574,73.20003502502226,64.38998801574922,68.39232702692533,68.51850535337394,64.3723136413569,64.05237109540347,59.0816535949707
2018-10-22,65.71567277244539,65.86047716360909,64.49385680738678,65.20884704589844,5385700,0.0,0,-0.0060697160879978895,1.5010161694088064,68.5829086303711,73.24505442960553,63.92076283113666,68.13950918470428,68.4053802086096,64.3723136413569,64.05237109540347,60.05005645751953
2018-10-23,63.84221025580464,63.88745860035976,61.7334426790543,62.64754486083984,7502000,0.0,0,-0.03927844611722364,1.4420585866776012,68.1954246520996,73.4476373705669,62.94321193363232,64.56023001747259,67.02517314444336,64.64945237644127,64.26416646388705,60.52068328857422
2018-10-24,63.08197328479844,63.37158896749401,58.82824165052287,59.452728271484375,9260000,0.0,0,-0.050996676668689345,1.3685183911954966,67.68560256958008,74.1324374620672,61.23876767709296,63.01409638856867,65.57257263017765,65.02347868699869,64.63819277444446,59.89619445800781
2018-10-25,61.43477125531454,62.16786620895601,60.22200796963063,61.56147766113281,8727300,0.0,0,0.03546934599904428,1.4170588435188651,67.27040214538575,74.16147464486855,60.37932964590294,62.98694045052644,65.57257263017765,65.08205433001456,64.69676841746033,62.54798889160156
2018-10-26,60.60213041948665,62.5117859440097,60.33966516344046,61.97780990600586,8193800,0.0,0,0.0067628695848525044,1.426642227671645,66.88142604827881,74.04300246632303,59.7198496302346,62.98241462866884,65.57257263017765,65.4605856099383,64.82745817494542,60.56591796875
2018-10-29,62.61133984158317,63.09101508789418,59.93239350172854,60.95509719848633,6853100,0.0,0,-0.016501272133858103,1.4031008160351817,66.32910766601563,73.53017787635963,59.12803745567163,62.932645098328436,65.57257263017765,65.82334140227033,65.05727195901993,60.28535461425781
2018-10-30,60.801257571286925,63.09103290228256,60.51164185560731,62.919071197509766,6506900,0.0,0,0.03222001258776119,1.4483087419897331,65.94753894805908,73.01965554443935,58.875422351678814,62.855714288999955,65.57257263017765,66.74713016750492,65.61605463875999,59.65182495117188
2018-10-31,63.70646155936318,65.00068318546758,63.12723017893714,63.26298904418945,6591400,0.0,0,0.0054660350214021935,1.456225248295252,65.57009811401367,72.36066993559393,58.77952629243342,62.855714288999955,65.57257263017765,67.08960477190911,65.93599884546303,59.009239196777344
2018-11-01,63.534484534594526,64.21327179203669,61.98685041622411,62.97335815429688,7826500,0.0,0,-0.004578204322439827,1.4495583515690607,65.19124374389648,71.66270060466006,58.7197868831329,62.34435940706598,65.57257263017765,67.38026279771887,65.93599884546303,59.22646331787109
2018-11-02,63.07291855649493,63.57974420103005,60.982248962824514,61.3985710144043,5725200,0.0,0,-0.025007196472420223,1.4133089610731355,64.72869358062744,70.88491284561168,58.57247431564319,61.914462417995225,65.57257263017765,67.6528936081935,65.93599884546303,59.07259750366211
2018-11-05,62.16786473128406,62.90095276251948,61.76964066247417,62.47557830810547,4955500,0.0,0,0.01754124364634646,1.4381001579068842,64.32495021820068,69.92972646484874,58.720173971552626,61.914462417995225,65.57257263017765,67.91200525846068,65.96754242932867,59.85093688964844
2018-11-06,62.76519255546841,62.96430458551442,61.7696393102193,62.90095138549805,6150200,0.0,0,0.006808629690385537,1.4478916493397571,63.89200553894043,68.41773124458194,59.36627983329892,62.46653834359806,65.44639430372904,68.61949174741027,66.67052406048035,58.42096328735352
2018-11-07,64.02321881616182,64.49384856349683,62.67469659184057,63.38063430786133,6585500,0.0,0,0.007626004246318541,1.4589332772058312,63.677266120910645,67.85511302867775,59.49941921314353,62.46653834359806,65.44639430372904,68.65554459647632,66.67052406048035,57.126739501953125
2018-11-08,63.13627130904562,63.63404451921911,60.33966404341567,60.55688095092773,9826900,0.0,0,-0.04455230509713215,1.3939344367233981,63.42498359680176,67.71640132745226,59.13356586615126,62.46653834359806,65.44639430372904,68.77946433817044,66.67052406048035,56.0316276550293
2018-11-09,59.48892453249223,60.828394327828775,58.638175537493495,60.39397430419922,9190700,0.0,0,-0.002690142625749181,1.3901845542776687,63.103690719604494,67.29011102044556,58.917270418763415,61.81942936148054,65.35136124721436,69.10166592832748,66.67052406048035,55.4614486694336
2018-11-12,61.17230598705208,61.606732881800895,58.95493698120117,58.95493698120117,6766600,0.0,0,-0.023827498348589216,1.3570599341063834,62.73578815460205,67.02256164658999,58.449014662614104,61.81942936148054,65.35136124721436,69.19404076537833,66.67052406048035,54.30298614501953
2018-11-13,58.629119781113125,59.3531623194059,56.65611111449577,57.669769287109375,11213800,0.0,0,-0.021799153046361375,1.3274771769097133,62.279643058776855,66.68378300076178,57.87550311679194,60.5749798389963,64.3603290357155,69.19404076537833,66.67052406048035,54.12196731567383
2018-11-14,58.6653237416263,59.74233513945261,57.48875977271111,58.03179168701172,9708500,0.0,0,0.006277507338377175,1.3358104246292923,61.90133152008057,66.4001781044667,57.40248493569444,60.5749798389963,64.22063633825877,69.20981720351271,66.67052406048035,51.59689331054688
2018-11-15,57.54306291406255,59.09069710825878,57.2443948489594,59.01829147338867,7782600,0.0,0,0.01699929913757514,1.358518265628657,61.56736831665039,65.87496360298496,57.25977303031582,60.5749798389963,62.02156423519333,68.7006056687378,66.67052406048035,55.66056060791016
2018-11-16,59.36221007244944,60.131507887619605,59.172150452636856,59.84189224243164,7993600,0.0,0,0.013955008667343893,1.37747639980025,61.27910976409912,65.21887896379303,57.3393405644052,60.5749798389963,61.92803112055512,68.00663621182854,66.67052406048035,56.321250915527344
2018-11-19,59.16310491282266,60.393973130828655,58.85538440583034,60.13150787353516,7793900,0.0,0,0.004839680368565746,1.3841429452905258,61.02524280548096,64.54732575259413,57.50315985836779,60.5749798389963,61.90087518251289,67.94354704860423,66.67052406048035,55.814414978027344
2018-11-20,59.33506326530991,59.33506326530991,57.21725002675322,57.91413879394531,7453900,0.0,0,-0.036875328060179124,1.3331022201007552,60.78857250213623,64.47685319583704,57.10029180843543,60.14507781685744,61.89634936065529,68.19138857104289,66.67052406048035,56.42985153198242
2018-11-21,58.29425801882498,59.86904265872177,58.12229635582545,59.26266098022461,6392600,0.0,0,0.02328485261737634,1.3641433088196984,60.779069137573245,64.4821793722036,57.07595890294289,59.13142199814833,61.84657983031489,68.20941708468835,66.67052406048035,57.36205291748047
2018-11-23,56.90952814453232,57.8598296731297,56.48415366547348,57.74217224121094,5361000,0.0,0,-0.025656774668303295,1.3291437913300377,60.58810386657715,64.50045944063496,56.67574829251934,59.04544327363719,61.683670296475256,68.32658114994186,66.67052406048035,56.27599334716797
2018-11-26,58.55671310424804,59.371259219086895,58.40285631171772,58.55671310424805,6355100,0.0,0,0.014106515765192507,1.3478933791766425,60.41704902648926,64.37078971373512,56.4633083392434,58.43906339815106,61.683670296475256,68.29974555759469,66.67052406048035,57.696922302246094
2018-11-27,58.5838803163169,59.37126927318203,58.05894974175185,59.0816535949707,6116400,0.0,0,0.008964650898149129,1.3599767727688876,60.32337684631348,64.3106830686554,56.336070623971565,58.43906339815106,61.17231541454129,68.45541619014963,66.67052406048035,57.44351196289063
2018-11-28,58.92779657147588,60.30346931195045,58.90969170759801,60.05005645751953,5602100,0.0,0,0.01639092346987492,1.3822680479721499,60.17992610931397,63.983637983911265,56.37621423471667,58.43906339815106,60.74241842547053,68.27244469665695,66.67052406048035,58.21280670166016
2018-11-29,60.14960955203328,61.099914614653,59.92334709950307,60.52068328857422,4606000,0.0,0,0.007837242107967324,1.393101217322215,60.0428108215332,63.5774690376297,56.508152605436706,58.79203414006324,60.74241842547053,65.79270158095798,66.67052406048035,60.14056396484375
2018-11-30,59.76043561059756,60.584034221233104,59.21740712593836,59.89619445800781,7175400,0.0,0,-0.010318601784264803,1.3787263606154925,59.88895263671875,63.15483752580987,56.62306774762763,58.79203414006324,60.74241842547053,64.29333450937315,65.57257263017765,61.48908615112305
2018-12-03,61.63388670900117,62.68374773535119,61.1451590144915,62.54798889160156,7497100,0.0,0,0.04427317056767066,1.439766947945166,59.94642353057861,63.35544743984587,56.53739962131136,59.58395070041233,60.74241842547053,64.27975654035204,65.57257263017765,60.08624649047852
2018-12-04,62.83759441292043,63.10005962722527,60.448264005777695,60.56591796875,7532200,0.0,0,-0.03168880339680591,1.3941424561945124,59.85094051361084,63.07100909594987,56.630871931271805,59.792106646349374,60.74241842547053,64.27749362942325,65.57257263017765,59.380313873291016
2018-12-06,58.75581857544108,60.28535461425781,58.20373776515743,60.28535461425781,8412000,0.0,0,-0.004632363611444812,1.3876842814112667,59.72016067504883,62.62824502475782,56.812076325339845,59.792106646349374,60.74241842547053,64.25260886425303,65.57257263017765,59.760440826416016
2018-12-07,61.7605853597922,62.55703346036916,59.56131446339303,59.65182495117188,8095500,0.0,0,-0.010508848577563068,1.3731013174244513,59.53372020721436,61.90188111788614,57.165559296542575,60.57950468448856,60.74241842547053,64.2141434595888,65.57257263017765,59.425575256347656
2018-12-10,58.909683174816486,59.543222124111146,57.28964679401313,59.009239196777344,8750900,0.0,0,-0.010772273185615466,1.3583098949216266,59.45633811950684,61.78612923372552,57.12654700528816,60.1948532106192,60.48900111448515,64.2141434595888,65.57257263017765,60.69263458251953
2018-12-11,59.859995439371374,60.41207639024258,58.58387876464017,59.22646331787109,5569200,0.0,0,0.003681188302892213,1.3633100894185148,59.39796257019043,61.68861172557343,57.10731341480743,60.1948532106192,60.48900111448515,63.95846601862181,65.57257263017765,61.4528694152832
2018-12-12,59.77854214899249,60.69263747688871,59.02734915657789,59.07259750366211,5544900,0.0,0,-0.002597923387442025,1.3597683142528787,59.403845596313474,61.690470576422044,57.117220616204904,60.1948532106192,60.48900111448515,63.743517524086435,65.57257263017765,59.50701141357422
2018-12-13,58.93684162277762,60.71073828663207,58.72867714414492,59.85093688964844,6417200,0.0,0,0.013175980384781294,1.3776845948893217,59.51290397644043,61.66069025927681,57.36511769360404,60.1948532106192,60.48900111448515,63.743517524086435,65.57257263017765,59.6065788269043
2018-12-14,59.84189109829316,59.99574789639289,58.20374637887935,58.42096328735352,6445900,0.0,0,-0.023892250925519498,1.3447686088520034,59.53236255645752,61.63212218854144,57.432602924373604,60.1948532106192,60.48900111448515,63.95646632366355,65.57257263017765,59.84189224243164
2018-12-17,58.43906233566332,58.683422731035016,56.73756783155995,57.126739501953125,7018300,0.0,0,-0.022153413990018245,1.314977393139324,59.43778495788574,61.780744986070744,57.094824929700735,59.91881372939261,60.059099092346294,63.95646632366355,65.57257263017765,60.6292839050293
2018-12-18,57.045282368000855,57.57926183735466,55.63340702377028,56.0316276550293,6806200,0.0,0,-0.019169864348487553,1.2897694548915155,59.24727172851563,62.014121323085945,56.48042213394531,59.09522024206972,59.366733325497776,63.95646632366355,65.57257263017765,59.14500045776367
2018-12-19,56.61991471998338,57.70597167941817,55.045126604817526,55.4614486694336,7699800,0.0,0,-0.010176020391663876,1.2766447346179943,59.01376876831055,62.20355869355387,55.82397884306722,58.80108003259335,59.072593116021395,63.58539530434744,65.47753957366297,59.09974670410156
2018-12-20,54.54734999697103,55.85967285264051,54.00431806402631,54.30298614501953,8372900,0.0,0,-0.02088770762766845,1.2499785526568912,58.83321113586426,62.61280443184202,55.0536178398865,57.35752817532919,58.55218884562579,63.58539530434744,65.47753957366297,59.452728271484375
2018-12-21,53.587987894570176,55.18087718065479,53.2259701131803,54.12196731567383,15043600,0.0,0,-0.0033334967779171665,1.245811753179144,58.576176452636716,62.873691633811696,54.278661271461736,56.96835419990619,58.16301487020279,62.4676544373559,64.4865073621641,61.262821197509766
2018-12-24,53.2440873058172,54.013378340277534,51.59689331054688,51.59689331054688,3842800,0.0,0,-0.04665525165408535,1.1876880923209536,58.26891250610352,63.54100423755926,52.99682077464778,56.15381579858948,57.348476468886076,62.397808088627535,64.4865073621641,62.1588249206543
2018-12-26,52.20327077805712,55.68771099609255,51.36157421949434,55.66056060791016,7263900,0.0,0,0.0787579839915018,1.2812280120828645,58.12410488128662,63.51567281825024,52.732536944323,56.036156253063204,57.230816923359804,61.29827203709482,64.4865073621641,63.290138244628906
2018-12-27,54.87317255800987,56.330303347288094,53.80521347465655,56.321250915527344,6131000,0.0,0,0.011869990176190948,1.2964361759997487,57.98608474731445,63.414137609644364,52.55803188498454,55.678661057943614,57.230816923359804,61.25150547977571,64.4865073621641,62.68375015258789
2018-12-28,56.79187033987735,56.900475340363776,55.34379215842258,55.814414978027344,5053700,0.0,0,-0.008999017764363404,1.2847695238215635,57.77430267333985,63.19413847390471,52.354466872774985,55.022498475264676,57.230816923359804,61.237927510754595,64.4865073621641,62.54798889160156
2018-12-31,56.23074293114605,56.77377140977741,55.83251882449159,56.42985153198242,5290800,0.0,0,0.01102648042082599,1.298936009821256,57.56976108551025,62.86559631223927,52.27392585878123,54.53377294945625,57.230816923359804,61.020713588756365,64.4865073621641,61.07276153564453
2019-01-02,54.92746693149626,57.78742394335679,54.692155520532175,57.36205291748047,5735400,0.0,0,0.01651964979864795,1.320393977814356,57.443054008483884,62.629128002043934,52.25698001492383,54.574499081425564,57.230816923359804,60.48900091423161,64.4865073621641,60.24088668823242
2019-01-03,57.50686155116696,57.66071835042145,55.805367066080656,56.27599334716797,4727300,0.0,0,-0.018933415299394518,1.2953944102735773,57.12945423126221,61.76668783118846,52.492220631335954,54.574499081425564,57.230816923359804,60.36455678505622,64.40052863765295,60.67727279663086
2019-01-04,57.09054061916712,57.84173012600308,56.71041792399825,57.696922302246094,7700100,0.0,0,0.025249291404105145,1.3281022012218238,56.98600444793701,61.356143958820844,52.61586493705318,54.60165217274871,57.230816923359804,60.06136684731316,64.40052863765295,61.3227767944336
2019-01-07,57.841732632355,58.16754766055803,56.73757077055655,57.44351196289063,6272200,0.0,0,-0.00439209457357137,1.3222690507506891,56.843912315368655,60.94973977872606,52.73808485201125,54.764560940026186,57.230816923359804,59.805689406346175,64.40052863765295,61.62279510498047
2019-01-08,58.113250664691215,58.448121598585146,57.43446326989341,58.21280670166016,5774900,0.0,0,0.013392195436562115,1.33997713629806,56.77196140289307,60.72438149539395,52.81954131039219,54.904847909039745,57.230816923359804,59.5907409118108,64.40052863765295,62.82289505004883
2019-01-09,58.89159757053172,60.41208170077295,58.466223006567965,60.14056396484375,8350300,0.0,0,0.0331156900415972,1.3843514038065334,56.82852764129639,60.9383920639106,52.71866321868218,57.10864758771475,57.230816923359804,59.767226282766885,64.40052863765295,63.804786682128906
2019-01-10,59.61563332518862,61.55243936146936,59.21740920016497,61.48908615112305,8811100,0.0,0,0.022422839051984944,1.4153924925254768,56.94165878295898,61.421428863829014,52.46188870208895,58.12229744100077,57.230816923359804,59.767226282766885,64.40052863765295,63.17745590209961
2019-01-11,60.89174013702808,60.94604090713854,59.543218074431074,60.08624649047852,6018300,0.0,0,-0.02281444966016788,1.3831010917553748,56.99234123229981,61.59007625475318,52.39460620984644,58.12229744100077,57.230816923359804,60.16318456294143,64.40052863765295,64.23208618164062
2019-01-14,59.38936630406748,60.02289835878916,59.12690105140235,59.380313873291016,4972000,0.0,0,-0.01174865561454852,1.3668515133482348,56.968810081481934,61.51168262188057,52.4259375410833,58.12229744100077,56.95930383993175,60.26726253590995,64.40052863765295,63.85932922363281
2019-01-15,59.76949325836193,60.4392282177292,59.51608040373553,59.760440826416016,4504100,0.0,0,0.006401565238205675,1.3756015024818737,57.03578395843506,61.70149817142089,52.370069745449236,58.67890321377501,56.95930383993175,60.26726253590995,64.40052863765295,63.61385726928711
2019-01-16,59.49797399508807,59.97764930103164,59.27171153719149,59.425575256347656,5402300,0.0,0,-0.005603465527321494,1.3678933668833848,57.150725746154784,61.93282949156698,52.36862200074259,59.13142864273381,56.45700679048185,60.66096155497955,64.40052863765295,62.95925521850586
2019-01-17,58.88253506590415,60.79219060833191,58.83728672097777,60.69263458251953,5997400,0.0,0,0.021321784782159625,1.397059294857016,57.383776092529295,62.37698755884543,52.39056462621316,59.145005066012956,56.45700679048185,60.341927162552174,64.40052863765295,62.65923690795898
2019-01-18,61.21755458514472,61.82393616186652,60.79218016700299,61.4528694152832,6073800,0.0,0,0.012525981743798376,1.4145588340793989,57.683347129821776,62.895818394087264,52.47087586555629,59.62919971587996,56.59275519068043,60.341927162552174,64.40052863765295,62.93198776245117
2019-01-22,60.63832341763456,60.855533389019605,59.353154638217326,59.50701141357422,6915500,0.0,0,-0.03166423342349334,1.3697679129658442,57.943548393249515,62.969293932282575,52.917802854216454,60.14507958421724,56.59275519068043,60.341927162552174,64.40052863765295,61.68643951416016
2019-01-23,59.93239729881123,60.14960731175524,58.96399431424948,59.6065788269043,5938700,0.0,0,0.0016732047361289748,1.3720598151252161,58.21777896881103,62.967550795582724,53.46800714203934,60.33061144142215,56.59275519068043,60.341927162552174,64.40052863765295,62.66833114624024
2019-01-24,59.70613339828504,60.39397314497459,59.235503659241054,59.84189224243164,5789900,0.0,0,0.003947775902567452,1.3774763998002486,58.630028915405276,62.310139095883464,54.94991873492709,60.33061144142215,56.59275519068043,60.341927162552174,64.27435031120434,63.55022811889648
2019-01-25,60.3215702887584,61.190417264383385,60.20390939608143,60.6292839050293,4504500,0.0,0,0.01315786705754185,1.3956010511437216,58.87846508026123,62.38829797841394,55.36863218210852,60.33061144142215,56.59275519068043,59.98895641086945,64.27435031120434,62.74107360839844
2019-01-28,59.61563019993452,59.61563019993452,58.71962596560291,59.14500045776367,5942800,0.0,0,-0.02448129602834548,1.361434928673202,59.01965255737305,62.3257825681368,55.7135225466093,60.271781063734714,56.59275519068043,59.230976783783746,63.84897699035274,62.08647155761719
2019-01-29,59.92333832005535,59.99574395145247,59.054491458233095,59.09974670410156,5308800,0.0,0,-0.0007651323579653813,1.3603932507560097,59.18391914367676,62.14119387187497,56.22664441547855,60.271781063734714,56.59275519068043,58.93683657430737,63.554836780876364,61.7773551940918
2019-01-30,59.55228430975309,59.82379512822752,58.92779768879159,59.452728271484375,8087400,0.0,0,0.005972640951408925,1.3685183911954955,59.335062980651855,62.006040501152896,56.664085460150815,60.271781063734714,56.59275519068043,57.95485851047749,63.034432510480755,59.48628234863281
2019-01-31,60.22201258005156,61.82394763623999,59.64278127911481,61.262821197509766,9927700,0.0,0,0.030445918608811295,1.4101841907484949,59.53010139465332,62.165363309501515,56.89483947980513,60.27178680092145,56.59276092786716,57.56568453505449,62.64525853505775,59.88631820678711
2019-02-01,61.85110437637798,62.8557102775731,61.63389434246572,62.1588249206543,7486400,0.0,0,0.014625570707164082,1.430808939340412,59.824242973327635,62.2431018258378,57.40538412081747,60.787668121588005,57.10864224853372,56.75114613373778,61.69102743628433,59.66810989379883
2019-02-04,61.71535339030678,63.36254389206461,61.71535339030678,63.290138244628906,5593100,0.0,0,0.01820036536113312,1.4568501847983828,60.10390377044678,62.75878465867291,57.449022882220646,61.041084928833754,58.58387868336058,56.633486588211504,59.37429578769262,61.23185729980469
2019-02-05,63.03671901695927,63.31728224120783,62.54799130360309,62.68375015258789,4483900,0.0,0,-0.009581083386122624,1.4428919816967414,60.36591567993164,62.95153859136038,57.780292768502896,61.041084928833754,59.027349706298395,56.454738990651705,59.2807626730544,60.931827545166016
2019-02-06,62.14071926533432,62.94621299193869,62.0049604215847,62.54798889160156,4071300,0.0,0,-0.0021658126812108547,1.4397669479451651,60.58267478942871,63.13626800965626,58.02908156920115,61.041084928833754,59.027349706298395,56.12665769931224,59.25360673501217,61.45006561279297
2019-02-07,61.87825527878145,62.294577344505335,60.86459705029171,61.07276153564453,6230300,0.0,0,-0.02358552820161275,1.4058092839906546,60.62928466796875,63.18292830147096,58.075641034466535,61.041084928833754,59.027349706298395,55.88229493640803,59.24908091315457,61.46823501586914
2019-02-08,60.73183345724915,60.98639690718366,59.3317275462756,60.24088668823242,6554900,0.305,0,-0.013621045233505491,1.3866606921437359,60.56687469482422,63.09400267124258,58.039746718405866,61.1451707904281,59.58395547907263,55.902658002392684,59.19931138281417,61.23185729980469
2019-02-11,59.622651910011726,60.97729694657413,59.622651910011726,60.67727279663086,5200400,0.0,0,0.007244018678823405,1.3967056880988153,60.596426010131836,63.11408409067025,58.078767929593425,61.1451707904281,60.03648090803143,55.902658002392684,59.122380573485685,61.40460586547852
2019-02-12,61.83191059280992,62.09556755674887,61.13185422116744,61.3227767944336,3958000,0.0,0,0.010638315930352471,1.411564284470531,60.693549156188965,63.16500741640317,58.22209089597476,61.347135719170105,60.05005733131058,55.916234548054256,59.122380573485685,61.95009994506836
2019-02-13,61.55915425326536,62.57741481703983,61.49551340155024,61.62279510498047,5839800,0.0,0,0.004892444964659459,1.418470285046382,60.78666687011719,63.25072616919383,58.32260757104054,61.347135719170105,60.39850358097901,55.99768893169299,58.61102569155172,60.06813049316406
2019-02-14,61.36824181648049,63.359302548375325,61.36824181648049,62.82289505004883,5442800,0.0,0,0.019474935257705717,1.4460949020126397,60.956532859802245,63.49004026081542,58.42302545878907,61.347135719170105,60.91438344931629,56.06783241619978,58.18112870248096,60.97728729248047
2019-02-15,63.58659043768044,63.93206840275164,63.168378079015234,63.804786682128906,5173500,0.0,0,0.015629519004144,1.468696669765442,61.11214046478271,63.931171464834165,58.29310946473126,61.63189797451362,61.32584718417728,57.169732255537276,58.18112870248096,62.33194732666016
2019-02-19,63.20472956182631,63.65022245847092,62.89561883648032,63.17745590209961,5189600,0.0,0,-0.009832033185137257,1.4542563953694077,61.19836978912353,64.15739658795972,58.23934299028734,61.63189797451362,61.32584718417728,57.67655718218029,58.18112870248096,61.740989685058594
2019-02-20,63.150184727685655,64.32300069641846,63.141091195308015,64.23208618164062,5837100,0.0,0,0.016693142585153753,1.478532504732681,61.43462352752685,64.5671253712045,58.30212168384921,61.82736412134703,61.52131333101069,57.67655718218029,58.18112870248096,61.25914001464844
2019-02-21,63.85932922363281,64.40482326204223,63.57749213999344,63.85932922363281,5984300,0.0,0,-0.005803282754256234,1.4699521625463585,61.64726104736328,64.83203337052623,58.46248872420033,61.868275404158915,61.562224613822565,57.54080064046626,58.18112870248096,60.67727279663086
2019-02-22,64.41391470389712,64.5593834754623,63.52294275522528,63.61385726928711,5225500,0.0,0,-0.003843948211326609,1.4643017425604028,61.835859298706055,65.01735271204667,58.654365885365436,62.09101769273701,61.6395047205326,57.81910352685338,58.18112870248096,61.540977478027344
2019-02-25,63.33201370519562,63.65021793997219,62.94107509208952,62.95925521850586,5160900,0.0,0,-0.010290243020639633,1.4492337217739102,61.952357864379884,65.11903323116287,58.785682497596895,62.84561884831487,61.6395047205326,57.79421771660783,58.18112870248096,60.32270812988281
2019-02-26,62.82288580617669,63.21382445545606,62.49558800974128,62.65923690795898,4689900,0.0,0,-0.00476527731317089,1.4423277211980587,62.128069686889646,65.02815675811156,59.227982615667734,62.963812645971394,61.6395047205326,57.801005928247406,57.92771139149558,59.55900955200195
2019-02-27,62.99562861567808,63.95024141408168,62.5137754503411,62.93198776245117,5355700,0.0,0,0.0043529233350358965,1.448606063192431,62.31968173980713,64.87672717001831,59.762636309595955,62.963812645971394,61.6395047205326,58.1109774532802,57.92771139149558,59.24080657958984
2019-02-28,62.86834904141046,62.904716235392485,61.5137040131618,61.68643951416016,8154300,0.0,0,-0.019791973725549084,1.4199352900510551,62.43136730194092,64.64659571547736,60.21613888840448,63.03654374431205,61.6395047205326,58.36891738744883,57.92771139149558,60.11360168457031
2019-03-01,61.90463396717568,62.83198004630172,61.90463396717568,62.66833114624024,7372600,0.0,0,0.01591746321903842,1.4425370578038574,62.50164279937744,64.6516496996154,60.35163589913948,63.03654374431205,61.6395047205326,58.46168331605129,57.92771139149558,60.504539489746094
2019-03-04,63.27747759014984,63.69568998091636,62.486513542185946,63.55022811889648,6625800,0.0,0,0.014072450255588898,1.4628370887916458,62.571212959289554,64.76244758721488,60.379978331364235,63.03654374431205,61.6395047205326,58.46168331605129,57.92771139149558,59.73175048828125
2019-03-05,63.64113920643023,63.69568653469467,62.295580639793165,62.74107360839844,7635500,0.0,0,-0.012732519370098672,1.4442114872233074,62.543759727478026,64.71166028361105,60.375859171345,63.03654374431205,61.6395047205326,58.46168331605129,57.49780936935672,60.88638305664063
2019-03-06,62.37740217241869,62.404675833754304,61.768267281480064,62.08647155761719,7296300,0.0,0,-0.010433389375307467,1.4291434664368148,62.51389579772949,64.68978741242957,60.33800418302942,63.03654374431205,61.74359058212694,58.43226812720757,57.230816923359804,60.34088516235352
2019-03-07,62.15011373717609,62.18648093184285,61.41369712009062,61.7773551940918,6964300,0.0,0,-0.0049788038484120944,1.422028041446186,62.475364112854,64.67489854397127,60.27582968173673,62.681969267086146,61.74359058212694,58.43226812720757,57.230816923359804,61.25004959106445
2019-03-08,60.64091139553636,60.64091139553636,59.01352265146768,59.48628234863281,8068800,0.0,0,-0.037085965209434746,1.3692907589742722,62.39604015350342,64.89027850033284,59.90180180667401,61.48188203277468,61.78645306346499,58.43226812720757,57.230816923359804,60.313602447509766
2019-03-11,60.18633546719386,60.31361719859894,59.40445801065744,59.88631820678711,8703500,0.0,0,0.006724842137718401,1.3784990231690109,62.378311729431154,64.93846386679164,59.81815959207068,61.48188203277468,61.78645306346499,58.432273864394304,57.230816923359804,59.85903930664063
2019-03-12,60.15905664557185,60.38634642307787,59.23171740533407,59.66810989379883,11790200,0.0,0,-0.0036437089392407085,1.3734761739555554,62.32785358428955,65.05625280015066,59.59945436842843,61.35460631619202,61.78645306346499,58.94815518506086,57.230816923359804,59.804481506347656
2019-03-13,60.086315016938,61.24095083198336,60.03176769653143,61.23185729980469,8324800,0.0,0,0.026207423174441358,1.4094714452664212,62.32330760955811,65.05876052725127,59.58785469186495,61.35460631619202,61.78645306346499,59.81248180609717,57.36205905577947,59.91358184814453
2019-03-14,61.16821080568067,61.69552464208566,60.88637376113032,60.931827545166016,7315500,0.0,0,-0.004899896359009004,1.402565181263633,62.28875923156738,65.07625644567557,59.5012620174592,61.35460631619202,61.78645306346499,60.034217317566075,57.36205905577947,60.87728500366211
2019-03-15,60.51363276772403,61.75918334071582,60.48635910215256,61.45006561279297,16733200,0.0,0,0.008505211291140125,1.4144942944798764,62.22011775970459,65.019336294562,59.42089922484718,61.35460459308118,61.78645306346499,60.034217317566075,57.36205905577947,60.41362380981445
2019-03-18,61.71370487180285,62.09555688906831,61.18639797084671,61.46823501586914,7712200,0.0,0,0.0002956775211708784,1.4149125286465785,62.1032901763916,64.8211941538736,59.38538619890961,60.70909924261099,61.78645306346499,60.034217317566075,57.36205905577947,58.82258605957031
2019-03-19,61.95009374259945,62.27739153770422,61.00456754966708,61.23185729980469,6456400,0.0,0,-0.0038455263275971596,1.409471445266421,62.00601024627686,64.70211542532732,59.309905067226396,60.64545709458595,61.78645306346499,60.36456313475036,57.36205905577947,58.158912658691406
2019-03-20,61.26823061450192,61.968286999226194,60.61363495888097,61.40460586547852,7117300,0.0,0,0.0028212204119175688,1.4134478748778216,61.86463623046875,64.36650718471516,59.36276527622233,60.64545709458595,61.78645306346499,60.59082584922976,57.36205905577947,57.07700347900391
2019-03-21,61.577348324415645,62.0773816629823,61.15004244156168,61.95009994506836,5580900,0.0,0,0.008883602001857449,1.4260043832486073,61.76917476654053,64.09715950754419,59.44119002553687,60.75455447151914,61.78645306346499,60.69859652524035,57.36205905577947,56.95882034301758
2019-03-22,61.33186085654352,61.59551777976881,59.44990214057804,60.06813049316406,5182100,0.0,0,-0.030378796056391377,1.3826840869143777,61.591888427734375,63.86992252792234,59.31385432754641,60.75455447151914,61.78645306346499,60.87281965007456,57.36205905577947,57.38611602783203
2019-03-25,60.0408547330371,61.35913236668091,59.56808821955202,60.97728729248047,8070000,0.0,0,0.015135426920267925,1.4036116008656876,61.4927900314331,63.69462319504845,59.290956867817755,60.863646839141126,61.78645306346499,61.130759584243194,57.36205905577947,56.976993560791016
2019-03-26,61.7955467728986,63.27747364805372,61.74099944508112,62.33194732666016,7245200,0.0,0,0.022215813368049675,1.434793974231749,61.47642555236816,63.64766172085899,59.305189383877334,61.36368789431588,61.78645306346499,61.47887257934545,57.64682131112299,55.72235870361328
2019-03-27,62.095561132488776,62.804704027349146,61.44096555682303,61.740989685058594,5015600,0.0,0,-0.009480814685678962,1.421190958449929,61.41687564849853,63.48707069077023,59.34668060622683,61.36368789431588,61.78645306346499,61.47887257934545,57.64682131112299,56.376953125
2019-03-28,61.27732708169397,61.46824966766968,60.695465790244086,61.25914001464844,5122100,0.0,0,-0.007804372311945085,1.4100994550838155,61.39551067352295,63.46292457125984,59.32809677578606,61.36368789431588,61.78645306346499,61.67433872617886,57.8422874579564,56.25876235961914
2019-03-29,62.07737856003306,62.31376185420046,60.53181095614304,60.67727279663086,6810900,0.0,0,-0.009498455542771955,1.396705688098815,61.29595775604248,63.29867196700865,59.293243545076315,61.36368789431588,61.78645306346499,61.715250008990736,57.88319874076828,55.45869827270508
2019-04-01,61.35914150869792,61.93191614166935,61.19549260446794,61.540977478027344,5309000,0.0,0,0.014234401804631647,1.416586958066028,61.195495223999025,62.914424091966346,59.476566356031704,61.36368789431588,61.48188203277468,61.865261206634806,57.96047884747831,55.84964370727539
2019-04-02,61.45006353211424,61.66826672196588,60.0863248090438,60.32270812988281,5833000,0.0,0,-0.019796067564567088,1.3885441069330684,61.074576950073244,62.67664369044016,59.47251020970633,61.36368789431588,61.48188203277468,62.242561784423735,57.96047884747831,55.949649810791016
2019-04-03,60.74091212036217,60.877287361108735,59.24989187722088,59.55900955200195,5490800,0.0,0,-0.012660217048553468,1.3709648371578058,60.94820384979248,62.60935642326038,59.287051276324576,61.2636827626373,61.48188203277468,62.301658683252,57.96047884747831,56.57552337646485
2019-04-04,59.61355818037871,59.79538721447088,59.06806414176916,59.24080657958984,6397900,0.0,0,-0.005342650504190916,1.3636402511793366,60.821376419067384,62.594735643433985,59.04801719470078,61.17276889491144,61.35460631619202,62.301658683252,57.96047884747831,55.90853118896485
2019-04-05,59.55901408331808,60.177242543582864,59.33172431022563,60.11360168457031,8337800,0.0,0,0.01473300509181752,1.3837307699433692,60.85274238586426,62.55030312497703,59.155181646751494,61.17276889491144,61.35460631619202,62.33802423242233,57.96047884747831,56.94099807739258
2019-04-08,60.46817229422143,61.38641796996926,60.17724166635744,60.504539489746094,5705200,0.0,0,0.0065033169569030935,1.3927296097233304,60.883653450012204,62.53093093348103,59.23637596654338,60.93638408455915,61.35460631619202,62.33802423242233,57.96047884747831,56.68516540527344
2019-04-09,60.19542357450388,60.25906443446906,59.50446071178652,59.73175048828125,4707300,0.0,0,-0.012772413573956864,1.3749410911512485,60.88683547973633,62.52482789228088,59.24884306719177,60.69091299798481,61.35460459308118,62.33802423242233,57.96047884747831,57.16941833496094
2019-04-10,60.07723205215238,61.07730562593563,60.03177132484414,60.88638305664063,6629000,0.0,0,0.019330298525001455,1.4015191128974933,60.869561767578126,62.49982062681615,59.2393029083401,60.69091299798481,61.1454981497607,62.33802423242233,57.96047884747831,56.73998260498047
2019-04-11,60.58635503969701,61.459146844954425,59.74993042670024,60.34088516235352,9486900,0.0,0,-0.00895927573460309,1.3889625167177284,60.8400146484375,62.48620462581782,59.193824671057186,60.49999014171925,61.1454981497607,62.3900671632195,57.96047884747831,57.05978012084961
2019-04-12,61.42278509920354,62.02283342021292,61.14094800460821,61.25004959106445,9913100,0.0,0,0.015067137750212511,1.4098902062869962,60.830013847351076,62.46350200674135,59.1965256879608,60.54544878099104,61.1454981497607,62.212779924606544,57.96047884747831,58.12879180908203
2019-04-15,60.96819801254459,61.1227603083068,60.195414279063314,60.313602447509766,7284800,0.0,0,-0.015288920577319898,1.3883345069003332,60.77228221893311,62.392889762593995,59.15167467527222,60.54544878099104,61.17276889491144,61.634167548119834,57.96047884747831,57.60798263549805
2019-04-16,60.69547105494358,60.83184632427929,59.85903930664063,59.85903930664063,7790500,0.0,0,-0.007536660428544839,1.3778711011605942,60.7036413192749,62.35689280794524,59.05038983060456,60.54544878099104,61.17276889491144,61.634167548119834,57.96047884747831,54.364402770996094
2019-04-17,60.44998360280304,60.91365666285777,59.804481506347656,59.804481506347656,7907100,0.0,0,-0.0009114379536478978,1.3766152571437618,60.62363510131836,62.288410757992125,58.95885944464459,60.67727886521928,61.17276889491144,61.570529689828504,57.96047884747831,54.71160507202149
2019-04-18,59.9499490419375,60.35906783352563,59.56809697527787,59.91358184814453,6033400,0.0,0,0.0018242837166859704,1.3791265939415105,60.52180919647217,62.095255955795395,58.948362437148944,60.76364706599972,61.17276889491144,61.570529689828504,59.182298475059426,54.86692810058594
2019-04-22,60.64090172461077,61.186402666472745,60.30451733830616,60.87728500366211,9061600,0.0,0,0.01608488636116201,1.401309688482716,60.56226692199707,62.12848832290449,58.996045521089655,60.76364706599972,61.17276889491144,61.570529689828504,59.62576949799724,54.94915771484375
2019-04-23,60.90457059184418,61.29550931070114,60.39544367848031,60.41362380981445,8133500,0.0,0,-0.007616325100893828,1.3906368583281994,60.53408374786377,62.08955131744702,58.97861617828052,60.79546519774539,61.17276889491144,61.57052882827308,59.62576949799724,53.86187362670898
2019-04-24,60.91365458863882,60.91365458863882,58.81349946349288,58.82258605957031,7624600,0.0,0,-0.026335744322386945,1.3540134015819805,60.358615684509275,61.853170310899955,58.864061058118594,60.418166441852904,61.0454865557733,61.24777615303799,59.62576949799724,53.87100601196289
2019-04-25,58.75895409826109,58.77714116583426,58.12254545987901,58.158912658691406,7305000,0.0,0,-0.011282628754315516,1.338736571043563,60.179511833190915,61.821441609632245,58.537582056749585,60.07268944004596,60.70000955396637,61.21595507902547,60.18237527077147,54.29130935668945
2019-04-26,57.80433348627132,57.86797434168224,56.44059492489468,57.07700347900391,9216800,0.0,0,-0.01860263767372561,1.3138325396718737,59.970405006408704,62.027011698158326,57.91379831465908,58.868052117797916,59.8590342864742,61.21595507902547,60.634900699730274,53.998931884765625
2019-04-29,57.06791846649895,57.386122771722455,56.69516336545136,56.95882034301758,6769300,0.0,0,-0.0020705911099522245,1.3111121296952633,59.78448238372804,62.197490524187366,57.371474243268715,58.868052117797916,59.8590342864742,61.270503767492066,60.64847712300943,52.153282165527344
2019-04-30,57.7770546815454,58.15890327110641,56.86789566698712,57.38611602783203,9358300,0.0,0,0.007501835224837716,1.3209478768535232,59.576739311218276,62.06416891385354,57.08930970858301,58.868052117797916,59.8590342864742,61.270503767492066,60.996923372677855,53.176605224609375
2019-05-01,57.94070336109478,58.66802987633989,56.97699356079101,56.976993560791016,12032000,0.0,0,-0.0071292935532105695,1.3115304516709443,59.40945358276368,62.11651172973165,56.702395435795715,58.868052117797916,59.8590342864742,61.32504995130306,61.512803241015135,53.87100601196289
2019-05-02,56.54969329588418,57.55886039079884,55.71326517098951,55.72235870361328,12614200,0.0,0,-0.022020025606284688,1.282650517541728,59.21762104034425,62.36778452855945,56.06745755212905,58.504387240845325,59.258984599169324,61.57507047889044,61.6395047205326,54.14511489868164
2019-05-03,56.276948539282266,57.16792402308571,55.93146711718161,56.376953125,6883800,0.0,0,0.011747428440143759,1.2977183627102629,59.07442836761476,62.46147035839349,55.687386376836024,58.504387240845325,59.01351351259498,61.57507047889044,61.6395047205326,53.66085815429688
2019-05-06,55.6859911934004,56.68606475001527,55.44051783644951,56.25876235961914,7402400,0.0,0,-0.0020964376190888423,1.2949977771156946,58.8816864013672,62.44629596316698,55.31707683956741,58.17708621254417,58.87713984532498,61.57507047889044,61.6395047205326,53.496395111083984
2019-05-07,55.60416357207076,55.76781246737795,54.82228628741782,55.45869827270508,6452200,0.0,0,-0.014221146242070937,1.2765814243441755,58.62939434051515,62.409020706992514,54.84976797403778,56.79971372662604,58.42255985381537,61.57507047889044,61.6395047205326,53.96237564086914
2019-05-08,55.49507221371014,56.495145834954016,55.42233782109843,55.84964370727539,4809000,0.0,0,0.007049307804664506,1.2855804397420947,58.43528900146485,62.36591750825704,54.50466049467266,56.745158081878856,58.42255985381537,61.42278496354528,61.6395047205326,53.74309921264648
2019-05-09,55.30414770563579,56.213306772558624,55.14049879613636,55.949649810791016,7799800,0.0,0,0.0017906310027648864,1.287882439934045,58.18845233917237,62.09203281151252,54.284871866832226,56.745158081878856,58.42255985381537,61.42278496354528,61.6395047205326,53.91668701171875
2019-05-10,55.98162864469709,56.90445140535328,55.25067940574552,56.57552337646485,6411500,0.305,0,0.011186371457022393,1.3022891713001234,58.00018424987794,61.83213880304582,54.16822969671006,56.745158081878856,58.42255985381537,61.37278239770599,61.6395047205326,54.66592025756836
2019-05-13,56.18264019946358,56.566387237456446,55.57046782424148,55.90853118896485,6280300,0.0,0,-0.011789412588580017,1.2869359469500263,57.73310832977296,61.35865189722185,54.107564762324074,56.745158081878856,58.42255985381537,61.26368760555173,61.6395047205326,54.50144958496094
2019-05-14,56.18263935330592,57.461799612791104,56.13695219528365,56.94099807739258,5259000,0.0,0,0.018467072313849586,1.310701886145645,57.5644781112671,61.001056099607176,54.127900122927024,56.190573339108326,58.42255985381537,61.26368760555173,61.6395047205326,55.4608268737793
2019-05-15,56.64861707388128,56.94099675413703,56.009035216281575,56.68516540527344,6316300,0.0,0,-0.004492943235231306,1.304812976972882,57.40578441619873,60.692124624233756,54.1194442081637,56.14204295010446,58.42255985381537,61.145495200375585,61.6395047205326,55.12276077270508
2019-05-16,57.19682784065897,57.68108451578201,57.10546049803839,57.16941833496094,5312500,0.0,0,0.008542851136188911,1.3159597999957289,57.274031257629396,60.36883094905077,54.179231566208024,56.251685401599914,58.42255985381537,61.022758795532994,61.6395047205326,55.29636764526367
2019-05-17,56.6212057599101,57.16941677152281,56.48415126428662,56.73998260498047,4906100,0.0,0,-0.0075116337106031494,1.3060747920002824,57.11535129547119,59.965777797241984,54.2649247937004,56.251685401599914,58.42255985381537,60.918205573872754,61.6395047205326,54.61109924316406
2019-05-20,56.6760295917193,57.16028629479899,56.53897856987633,57.05978012084961,4794800,0.0,0,0.005636193406958645,1.3134360821319493,56.924476051330565,59.186513187874134,54.662438914786996,56.41079165595919,58.42255985381537,60.822744145739975,61.74359058212694,57.33388137817383
2019-05-21,57.2882010683526,58.43944566662135,57.27906224244332,58.12879180908203,5855300,0.0,0,0.0187349423003087,1.3380432313458348,56.810234451293944,58.51193988406193,55.10852901852596,56.789972231378854,58.05889779905948,60.84547346537587,61.74359058212694,55.98163604736328
2019-05-22,57.62625679945513,58.21101610432003,57.324741807764326,57.60798263549805,5156300,0.0,0,-0.008959573343525373,1.3260549348777841,56.749504280090335,58.22963362571515,55.26937493446552,56.845062536183434,58.05889779905948,60.85910883795124,61.78645306346499,55.73492813110352
2019-05-23,56.5024315235924,56.62121186691469,54.10857140270899,54.364402770996094,8896800,0.0,0,-0.05630434735104328,1.2513922772178603,56.55977878570557,58.23124074343805,54.888316827973085,56.27400853466517,57.70204035670507,60.85910883795124,61.78645306346499,56.87704086303711
2019-05-24,54.839520756392574,55.19585830155231,53.84360130393641,54.71160507202149,6070700,0.0,0,0.006386574363521413,1.2593843870542485,56.44150886535645,58.27828848095566,54.604729249757234,56.14152348527888,57.56955530731878,60.92502388006536,61.78645306346499,54.9126091003418
2019-05-28,54.848653934190594,55.406003810205526,54.6202320824101,54.86692810058594,5685800,0.0,0,0.002838941178201271,1.2629597052498405,56.336914253234866,58.280287942202754,54.39354056426698,56.14152348527888,57.56955530731878,60.96820798045558,61.78645306346499,55.2780876159668
2019-05-29,54.17252484677133,55.141031225481775,53.85273217693391,54.94915771484375,6828300,0.0,0,0.0014987100080956495,1.26485251559992,56.21506633758545,58.1857207160094,54.244411959161496,56.14152348527888,57.56955530731878,60.96820798045558,61.78645306346499,54.72987747192383
2019-05-30,54.885202552077736,55.10448906452005,53.54208094129064,53.86187362670898,5817900,0.0,0,-0.019787092893710723,1.2398247613769007,56.059310340881346,58.24737486901379,53.8712458127489,55.990763303956,57.22786776496473,60.98411704632842,61.78645306346499,54.72073745727539
2019-05-31,53.03955065219282,54.27303068181261,52.82940297724442,53.87100601196289,6939500,0.0,0,0.00016955194164247622,1.2400349760724885,55.96674270629883,58.35384137840273,53.579644034194935,55.63442432193288,55.80327207153934,60.731826498813106,61.686441469477586,54.72073745727539
2019-06-03,53.97152012716355,55.00398797389763,53.92583644943716,54.29130935668945,6541500,0.0,0,0.007802032593065444,1.2497097693723471,55.8624605178833,58.34999006088482,53.37493097488178,55.63442432193288,55.74871642679216,60.386349497006165,61.34096446767065,55.92680740356445
2019-06-04,54.7024717044532,54.82125205983975,53.87101618762994,53.998931884765625,7260500,0.0,0,-0.005385345746644843,1.2429796501813173,55.74946899414063,58.358409812067634,53.14052817621362,55.520209540782226,55.74871642679216,59.36354320213606,60.49998920017849,56.15522766113281
2019-06-05,54.09943395609838,54.18166596735076,52.06191132777966,52.153282165527344,11839200,0.0,0,-0.034179374569425214,1.200495383135597,55.58419818878174,58.63278001534649,52.53561636221699,54.34156159734718,55.36497060205977,59.36354320213606,60.49998920017849,56.4293327331543
2019-06-06,52.42738186577166,53.478120241975446,52.3451498636826,53.176605224609375,7370600,0.0,0,0.019621450781067695,1.224050844208691,55.45054626464844,58.6722481647012,52.22884436459567,53.733957568992594,55.36497060205977,59.36354320213606,60.49998920017849,55.415130615234375
2019-06-07,53.27711131809323,54.190798679837954,53.1309214796317,53.87100601196289,5893000,0.0,0,0.013058388823816047,1.2400349760724885,55.346614074707034,58.6313923547671,52.06183579464697,53.733957568992594,55.25067849720051,59.36354320213606,60.49998920017849,54.59281921386719
2019-06-10,54.20907622459641,54.53800076755874,53.71568418199156,54.14511489868164,5268400,0.0,0,0.005088245180679962,1.246344578063364,55.22509365081787,58.498712967208576,51.95147433442716,53.60147127663072,55.25067849720051,58.88168592000733,60.13632432322591,54.620235443115234
2019-06-11,54.53799718207934,54.70246118546864,53.59690031802777,53.66085815429688,5280300,0.0,0,-0.008943683013526105,1.2351976672315383,55.11270999908447,58.439238788759404,51.78618120940954,53.58320019614986,55.25067849720051,58.75895037672015,60.13632432322591,55.11362457275391
2019-06-12,53.149192932648106,53.55121760834462,52.88422624282354,53.496395111083984,5677400,0.0,0,-0.003064860475022635,1.2314119587224002,54.940479850769044,58.22654293383178,51.65441676770631,53.532949650838646,55.25067849720051,58.52711302893458,59.9999506559559,55.40290069580078
2019-06-13,54.22734232095514,54.474038321399846,53.779637475490766,53.96237564086914,5174200,0.0,0,0.008710503367891587,1.2421381767361137,54.80434036254883,58.01389566321865,51.59478506187901,53.532949650838646,55.25067849720051,57.611136790220705,59.690834881440054,55.5039176940918
2019-06-14,53.96238574926607,54.26390081599658,53.624318860084166,53.74309921264648,3590500,0.0,0,-0.004063505833805325,1.237090741008554,54.63302440643311,57.6792204013997,51.58682841146652,53.44158169380971,55.25067849720051,57.583858967847114,59.38626385074975,55.35697937011719
2019-06-17,53.3136535222615,54.00805783463076,53.24969568894334,53.91668701171875,4575000,0.0,0,0.0032299551312706676,1.2410864885953221,54.49185962677002,57.390980969784216,51.59273828375583,53.38218625662415,55.25067849720051,57.583858967847114,59.38626385074975,55.17332458496094
2019-06-18,54.30044389374763,55.02225779530108,54.09943154510213,54.66592025756836,4980000,0.0,0,0.013896129146191205,1.2583327867224356,54.37216663360596,57.02166023161749,51.722673035594426,53.68370382949184,55.25067849720051,57.583858967847114,59.38626385074975,54.21825408935547
2019-06-19,54.59281692203501,55.086208907292175,54.26388893186357,54.50144958496094,4469100,0.0,0,-0.0030086509443633114,1.25454690259534,54.1907995223999,56.19998699622474,52.18161204857506,53.98521757505786,55.25067849720051,57.583858967847114,59.25898813416709,53.95193099975586
2019-06-20,55.488236380930815,55.91767058198928,55.18672134594149,55.4608268737793,9437900,0.0,0,0.017602784808921745,1.276630421754425,54.083441734313965,55.48178267761881,52.68510079100912,54.40094841240641,55.25067849720051,57.30656659646185,59.25898813416709,53.43767166137695
2019-06-21,55.46082412409623,55.72579429822692,55.0679382756792,55.12276077270508,9147100,0.0,0,-0.006095583497945478,1.2688486144226037,54.12135963439941,55.588324036641104,52.65439523215772,54.40094841240641,55.25067849720051,57.28230140195991,59.25898813416709,54.64987182617188
2019-06-24,55.11362944907758,55.53392486049676,55.06794577139136,55.29636764526367,3701800,0.0,0,0.003149458955338691,1.2728448010542661,54.150597763061526,55.68592788184166,52.615267644281396,54.40094841240641,55.25067849720051,57.33712262770764,59.25898641105624,54.2549934387207
2019-06-25,55.095352475776814,55.62529286919085,54.6019604168274,54.61109924316406,5024000,0.0,0,-0.012392647677976432,1.2570708838860567,54.13780632019043,55.65296447609426,52.622648164286595,54.58368313546631,55.25067849720051,57.33712262770764,59.04987996773577,53.99785614013672
2019-06-26,55.57960333411612,57.83640872503782,55.57046450874295,57.33388137817383,9509900,0.0,0,0.04985766946177317,1.3197455085048668,54.257042503356935,56.29921229890624,52.21487270780763,55.54305220699058,55.25067849720051,57.41667575488728,59.04987996773577,51.85814666748047
2019-06-27,57.17856798066199,57.434399376764375,55.62529846409456,55.98163604736328,6004700,0.0,0,-0.023585448923144514,1.288618718222476,54.36303062438965,56.52978271139573,52.19627853738357,55.54305220699058,55.136463716049846,57.42443501521917,59.04987996773577,50.214332580566406
2019-06-28,55.981624132887504,56.36537114536885,55.44254845908708,55.73492813110352,6108800,0.0,0,-0.004406943663651242,1.282939848127343,54.45622673034668,56.69034532487698,52.22210813581638,55.967920135069974,54.94916002640874,57.45198016762146,59.04987996773577,49.801082611083984
2019-07-01,56.64861901218154,57.38870706371229,56.38364882868328,56.87704086303711,6272200,0.0,0,0.0204918669536458,1.309229680804699,54.585513305664065,57.05595740685673,52.1150692044714,56.050148828450695,54.94916002640874,56.98802444568512,58.69302252538135,48.96540069580078
2019-07-02,56.85876415868322,56.95013498621139,54.73900975619931,54.9126091003418,8132300,0.0,0,-0.03453822021834374,1.2640112177726746,54.631197166442874,57.090204749311326,52.17218958357442,56.21918457093261,54.94916002640874,56.85553939629883,58.56053747599506,50.57247924804688
2019-07-03,55.29636178219192,55.5156448060117,54.81210857626914,55.2780876159668,4881900,0.0,0,0.006655639235009891,1.272424020427175,54.787437438964844,56.976309037150706,52.59856584077898,56.21918457093261,54.94916002640874,56.85553939629883,58.56053747599506,49.59904861450195
2019-07-05,54.99484417294781,55.35118519204237,54.44663311893303,54.72987747192383,4584300,0.0,0,-0.009917313852308873,1.259804992063382,54.86510105133057,56.92490706171319,52.80529504094795,56.141520921985425,54.94916002640874,56.85553939629883,58.56053747599506,48.78173065185547
2019-07-08,54.63850545241536,55.32377099776866,54.5928217798133,54.72073745727539,7176000,0.0,0,-0.00016700228596577826,1.2595946017498363,54.90758762359619,56.917539473347986,52.8976357738444,56.141520921985425,54.94916002640874,56.609315534460364,58.40977729467218,49.47048568725586
2019-07-09,54.802969462135415,54.98570763798445,53.90755623446,54.72073745727539,6057000,0.0,0,0.0,1.2595946017498363,54.936368751525876,56.91780004632097,52.95493745673078,55.87198247974891,54.94916002640874,55.71884819673611,58.05343831264907,47.55116653442383
2019-07-10,55.25981599016811,55.981629904760126,55.04966829707948,55.92680740356445,5983900,0.0,0,0.02204045490488382,1.2873566397681386,55.049666213989255,56.984493492897094,53.114838935081416,55.67097780561219,54.94916002640874,55.69157037436252,58.05343831264907,46.752220153808594
2019-07-11,55.78061596058898,56.16436648712512,55.51564577386653,56.15522766113281,4194600,0.0,0,0.004084271357027269,1.2926145536182225,55.1826078414917,57.035013159963164,53.33020252302024,55.648131649086146,54.94916002640874,55.63446298378719,58.05343831264907,47.2664909362793
2019-07-12,56.1460918676141,56.61207091167624,55.99076319596615,56.4293327331543,4806300,0.0,0,0.004881203112122812,1.298924067800119,55.305955696105954,57.145274811953044,53.466636580258864,55.648131649086146,55.09077929436021,54.853266099703475,57.66969248791669,49.53476333618164
2019-07-15,56.51155247758749,56.56637496488119,55.35117278944512,55.415130615234375,5051000,0.0,0,-0.01797295960800971,1.2755785579956758,55.38955726623535,57.081712661885646,53.697401870585054,55.4288456103357,55.36031748393068,54.54946408552618,57.66969248791669,48.405216217041016
2019-07-16,55.41513922381717,55.57960322580717,54.42835521187718,54.59281921386719,6011300,0.0,0,-0.014839113293384942,1.2566501032589654,55.423363876342776,57.019765257008466,53.82696249567709,55.25981357306812,55.36031748393068,54.49231803309655,57.66969248791669,48.33175277709961
2019-07-17,54.9217539790291,55.31463986710053,54.61110010207591,54.620235443115234,7055900,0.0,0,0.0005021947875716304,1.2572811863906235,55.42107963562012,57.02198289782039,53.82017637341984,55.25981357306812,55.36031748393068,54.426074886915615,57.4333076775644,47.99196243286133
2019-07-18,54.87606737853932,55.22326608658826,54.62937135833136,55.11362457275391,5711600,0.0,0,0.009033083172124368,1.268638311918037,55.45168838500977,57.00321014483317,53.900166625186365,55.25981357306812,55.36031748393068,54.416939346675186,57.18783659099006,46.30223846435547
2019-07-19,55.03556696227137,55.63248340346814,54.51211866904212,55.40290069580078,5136000,0.305,0,0.0052487225307600305,1.2752970424091867,55.44879207611084,57.00045254908898,53.8971316031327,55.25981357306812,55.54305220699058,54.39181407401958,57.18783659099006,47.174652099609375
2019-07-22,55.52228473225828,55.9722684094513,55.07230455821959,55.5039176940918,3320500,0.0,0,0.0018233160542562299,1.277622311980557,55.46784992218018,57.01229283723304,53.92340700712732,55.520213061776715,55.54305220699058,54.39181407401958,57.04237237399629,46.816505432128906
2019-07-23,55.41208047912036,55.522279193972736,54.952915080222496,55.35697937011719,4431900,0.0,0,-0.00264735049486875,1.27423999792068,55.47088050842285,57.01419075884247,53.927570258003236,55.520213061776715,55.54305220699058,54.34613009550511,57.04237237399629,47.70729064941406
2019-07-24,55.21924043135353,55.76105582635711,54.998839464252704,55.17332458496094,4405000,0.0,0,-0.0033176446266753867,1.2700125224384835,55.49899177551269,56.9980079315018,53.99997561952358,55.520213061776715,55.87198247974891,54.31643237691233,57.04237237399629,48.01952362060547
2019-07-25,55.64166620266988,55.65084796975911,54.08968833118121,54.21825408935547,5019300,0.0,0,-0.017310366971538316,1.2480281396166244,55.34321041107178,56.684787492631024,54.001633329512536,55.3280316480312,55.87198247974891,54.46719116334617,57.04237237399629,47.91850662231445
2019-07-26,54.08968201208057,54.512113311917496,53.66724720908987,53.95193099975586,6704100,0.0,0,-0.004912055802473669,1.24189775575177,55.24172515869141,56.6794806781993,53.80396963918352,54.819757809270584,55.751827967063846,54.617948036129185,57.04237237399629,47.78993988037109
2019-07-29,53.89683709291598,54.0070393187564,52.78565758934854,53.43767166137695,6597500,0.0,0,-0.009531805977087915,1.2300602273005632,55.126862335205075,56.74632353849085,53.5074011319193,54.37896299939992,55.31103315719318,54.82581345480346,57.04237237399629,48.9470329284668
2019-07-30,52.43669443620531,54.97128975193694,52.36322978381766,54.64987182617188,5927800,0.0,0,0.022684374657570894,1.257963374348026,55.015503883361816,56.42942724773755,53.60158051898608,54.16774909663448,55.09981925442774,54.82581345480346,57.04237237399629,49.07559967041016
2019-07-31,54.62232371162289,54.8610917170061,53.612161082198725,54.2549934387207,8268500,0.0,0,-0.007225605006123237,1.2488738278928173,54.98262310028076,56.43507216051548,53.53017404004604,54.16774909663448,55.09981925442774,54.82581345480346,57.04237237399629,49.25008010864258
2019-08-01,53.33666027525187,55.356985449763904,53.16217516248911,53.99785614013672,7924200,0.0,0,-0.0047394217985560205,1.242954888049256,54.91861152648926,56.425749341831946,53.41147371114657,54.16774909663448,55.09981925442774,54.91718081633341,57.04237237399629,50.48065185546875
2019-08-02,54.12642159186613,54.46620654467018,51.720395632218896,51.85814666748047,7697700,0.0,0,-0.03962582268272308,1.1937017780527923,54.77502498626709,56.793610560746394,52.75643941178779,53.740725729288,54.577397504491636,55.396865352095546,57.04237237399629,51.72039413452149
2019-08-05,51.0132794618133,51.16021226184898,49.80108298573034,50.214332580566406,7474600,0.0,0,-0.03169828064728886,1.1558634840829072,54.54970474243164,57.39123879050065,51.708170694362636,52.78106940604373,53.59489502472131,55.33975796152021,56.6787103192404,52.52853012084961
2019-08-06,50.52656483843248,50.53574660573563,49.51639878052649,49.801082611083984,6166900,0.0,0,-0.00822972144097267,1.1463510495851128,54.30372200012207,57.82266721214636,50.78477678809779,52.5836233751428,53.45255292211939,55.458540080739354,56.6787103192404,51.74794006347656
2019-08-07,48.92866662100322,49.33273443746795,48.02870280738825,48.96540069580078,9289600,0.0,0,-0.016780396559034072,1.1271148243772098,53.955651664733885,58.093566467703745,49.817736861764025,51.69284412857608,52.48941889679982,55.49965442742972,56.6787103192404,52.65708923339844
2019-08-08,49.3878316197194,50.59084628528693,48.94703323542051,50.57247924804688,7444800,0.0,0,0.0328206964389024,1.164107517879881,53.67651424407959,57.93600573742541,49.41702275073377,51.69284412857608,52.32038685953225,55.58417229867068,56.6787103192404,57.42322540283203
2019-08-09,50.471463639296765,50.939814343509056,49.57149980948508,49.59904861450195,5391700,0.0,0,-0.019248228443981663,1.1417005104423725,53.33500003814697,57.750992080798156,48.91900799549579,51.69284412857608,52.32038685953225,55.58417229867068,56.6787103192404,56.22021865844727
2019-08-12,49.39701410365243,49.52557985392686,48.53378091783167,48.78173065185547,4726100,0.0,0,-0.016478500807523888,1.1228869976590974,53.003330039978025,57.73335451145466,48.27330556850139,51.69284412857608,52.32038685953225,55.54534047419708,56.6787103192404,55.109031677246094
2019-08-13,48.52460596051731,50.35208603299115,48.15727219119807,49.47048568725586,6461800,0.0,0,0.014119118493681304,1.1387411722340601,52.74721336364746,57.65848345519886,47.83594327209606,51.69284412857608,52.32038685953225,55.54534047419708,56.48778295820924,55.072303771972656
2019-08-14,48.17563174332995,48.54296545556434,47.30321680413869,47.55116653442383,7851800,0.0,0,-0.038797257115396944,1.0945611381870068,52.39375991821289,57.71963603466066,47.06788380176513,50.884711674404436,51.95764385790747,55.41057125307883,55.41952624680696,55.85287857055664
2019-08-15,47.20220378013108,47.76238261668625,46.45835458267495,46.752220153808594,6069800,0.0,0,-0.016801825041176444,1.0761705134463178,51.97568969726562,57.68511354616329,46.26626584836796,48.80928342226197,51.53521274717559,55.310068916010465,55.36497060205977,55.26514434814453
2019-08-16,46.88079014975831,47.56953830133112,46.651207432567375,47.2664909362793,5273200,0.0,0,0.01099992215939305,1.0880083053244614,51.56886920928955,57.40301483869295,45.73472357988616,48.69908446309201,51.53521274717559,55.29864583774744,55.36497060205977,54.4570198059082
2019-08-19,48.27665108943548,49.86536299299764,48.175634138391246,49.53476333618164,9315400,0.0,0,0.04798901621362672,1.1402207535292375,51.27041149139404,56.87244670869562,45.668376274092466,48.69908446309201,51.512364773778074,55.36945547172318,55.36497060205977,54.622314453125
2019-08-20,49.1398801653618,49.22253007849502,48.35011861038823,48.405216217041016,5297700,0.0,0,-0.0228031193260102,1.114220163628517,50.92282333374023,56.324444309716775,45.52120235776369,48.69908446309201,51.21531149606312,55.394581547133185,55.36497060205977,52.96932220458984
2019-08-21,48.97458506156763,49.28681418211774,48.11135183553905,48.33175277709961,6044600,0.0,0,-0.001517676103583665,1.1125291383120468,50.58074474334717,55.719697338726036,45.4417921479683,48.69908446309201,51.21531149606312,55.3100655284994,55.25067849720051,53.17135620117188
2019-08-22,48.588878808926914,48.99294306919742,47.96441363195649,47.99196243286133,4316200,0.0,0,-0.007030374954646423,1.1047076413217434,50.26943016052246,55.239006613670334,45.29985370737459,48.40522030783305,51.21531149606312,55.3100655284994,55.25067849720051,52.32648849487305
2019-08-23,47.431788460645926,47.92768444320657,46.03592518779379,46.30223846435547,7133400,0.0,0,-0.03520847831279472,1.0658125662902882,49.88694553375244,54.841280377211824,44.93261069029305,48.194005610392466,51.00409679862254,55.3100655284994,55.25067849720051,50.64594268798828
2019-08-26,46.880786524581225,47.48688471097103,46.55018687688607,47.174652099609375,4989100,0.0,0,0.018841716171573708,1.0858943041564264,49.573794555664065,54.3787049802479,44.76888413108023,47.95064409039571,51.00409679862254,55.401432890029355,55.25067849720051,48.73582077026367
2019-08-27,47.50525355667541,47.6154522757197,46.39407408983071,46.816505432128906,5342100,0.0,0,-0.007591930232452859,1.0776502703594528,49.18212623596192,53.51736297302328,44.84688949890055,47.95064409039571,50.89849050707545,55.53163263438365,55.25067849720051,49.27763748168945
2019-08-28,47.21139112584002,47.97360744946172,47.06445832290931,47.70729064941406,4880300,0.0,0,0.019027161661532954,1.0981548962681769,48.85474109649658,52.542221300322154,45.16726089267101,47.95064409039571,50.89849050707545,55.53163263438365,55.25067849720051,49.13070297241211
2019-08-29,48.0378906589912,48.6256218747172,47.94605546706253,48.01952362060547,6401900,0.0,0,0.006544764268545666,1.1053420611946012,48.55582447052002,51.38937284504706,45.72227609599298,47.95064409039571,50.843386578776446,55.69609777076281,55.25067849720051,50.14086532592773
2019-08-30,48.083806464498025,48.61643656463614,47.404240057392855,47.91850662231445,5131500,0.0,0,-0.002103665148557754,1.1030167916232312,48.35884246826172,50.756606100971005,45.961078835552435,47.66136968495576,50.696455318778845,55.600007063890054,55.25067849720051,49.49803161621094
2019-09-03,46.88079076693828,47.86340452919913,46.59611043589245,47.78993988037109,5142300,0.0,0,-0.0026830289799452123,1.1000573656059398,48.237622833251955,50.48688540464609,45.98836026185782,47.66136968495576,50.696455318778845,55.285792888167215,55.25067849720051,50.45309829711914
2019-09-04,48.47868574282197,49.11233275943653,48.30420064171274,48.9470329284668,5803100,0.0,0,0.02421206327089287,1.1266920241436025,48.19492034912109,50.353468336606326,46.036372361635856,47.57412897361516,50.696455318778845,54.84499807829655,55.25067849720051,51.31633377075195
2019-09-05,49.213350700035086,49.8102671575375,48.93785214393944,49.07559967041016,6014500,0.0,0,0.002626650365738392,1.1296514501608939,48.20043029785156,50.367455045119456,46.033405550583666,47.923096172665645,50.696455318778845,54.63378417553111,55.25067849720051,51.821407318115234
2019-09-06,48.74499888646397,49.39701289151552,48.37766517770468,49.25008010864258,4635000,0.0,0,0.0035553399123844365,1.1336677450487338,48.13431034088135,50.07426912313303,46.19435155862967,48.1021706236841,50.696455318778845,54.63378417553111,55.25067849720051,51.54591369628906
2019-09-09,49.77353662582091,50.55411650751875,49.47048574033421,50.48065185546875,6176800,0.0,0,0.024986187720133834,1.1619937801387823,48.17839050292969,50.28431337254127,46.072467633318105,48.474095298674726,50.25106586623198,54.63378417553111,55.25067849720051,51.380615234375
2019-09-10,51.004097179473966,52.79484307024702,50.86634614820132,51.72039413452149,8567700,0.0,0,0.024558761297343246,1.1905309080142081,48.32532367706299,50.935042830416286,45.71560452370969,49.695476753069734,49.4153841290204,54.159061616889815,55.079920649420124,50.52935791015625
2019-09-11,52.09691346089781,52.78566166133774,51.69284911110867,52.52853012084961,7940300,0.0,0,0.01562509334763007,1.209133064585169,48.47822589874268,51.64414024730751,45.312311550177846,49.695476753069734,49.4153841290204,53.18798221538252,54.006049545025185,50.45532989501953
2019-09-12,51.41734391247368,52.31730769148195,51.04082841816253,51.74794006347656,5712300,0.0,0,-0.014860306495864006,1.19116497665115,48.68806457519531,52.12794840666277,45.24818074372786,49.695476753069734,49.4153841290204,53.018088148631094,53.67640375278215,49.91867065429688
2019-09-13,52.3264895784819,52.987688888314985,52.22547262801806,52.65708923339844,7885300,0.0,0,0.01756879923735455,1.2120923149845022,48.98330802917481,52.71261461623927,45.254001442110344,49.79189966210372,49.511807038054386,52.09113151268795,52.932555766213035,51.77848052978516
2019-09-16,56.43142993284016,57.992593036965786,55.568196714771474,57.42322540283203,17898000,0.0,0,0.09051271611896494,1.3218020826006736,49.49114475250244,54.65557099032284,44.32671851468204,53.14839683933926,52.01425911237979,52.00661549405416,52.932555766213035,52.31514358520508
2019-09-17,57.36813228016888,58.05688045320185,55.2835207227439,56.22021865844727,13487100,0.0,0,-0.02094982885314256,1.294110555192462,49.82541751861573,55.77304688193358,43.87778815529788,53.21727281545326,52.04640282049782,52.00661549405416,52.932555766213035,52.04681396484375
2019-09-18,55.09984991031551,55.43963133721264,54.42946882345184,55.109031677246094,7412500,0.0,0,-0.019764899669848957,1.2685325899073905,50.160608291625984,56.49753117497115,43.82368540828082,53.21727281545326,52.04640282049782,52.00661549405416,52.932555766213035,51.96353530883789
2019-09-19,55.54065097749142,55.73349962075477,54.87026985818003,55.072303771972656,6270700,0.0,0,-0.0006664589116451847,1.2676871650581343,50.497635841369636,57.1232507383362,43.87202094440307,53.763683096768034,52.04640282049782,52.00661549405416,52.932555766213035,52.13933944702149
2019-09-20,55.329430298606376,56.22021228915337,55.21923158428894,55.85287857055664,18124800,0.0,0,0.014173636204070306,1.2856549017562375,50.8906816482544,57.804664416268096,43.976698880240704,54.461613300701586,52.04640282049782,51.42117776615595,52.56981276458826,51.51940536499024
2019-09-23,55.09984453428937,55.71512445007512,54.97127879088063,55.26514434814453,6729300,0.0,0,-0.010522899400245755,1.2721260845616238,51.338826942443845,58.16548424471423,44.51216964017346,54.54885443568219,52.04640282049782,50.17224808471878,52.147381653856385,52.82403945922852
2019-09-24,55.09067034724416,55.15495322779211,53.584604780130434,54.4570198059082,9370200,0.0,0,-0.014622680385045661,1.2535241914175996,51.70294532775879,58.37580023639647,45.03009041912111,54.54885443568219,52.04640282049782,50.1171486051338,52.147381653856385,50.927223205566406
2019-09-25,53.68561663579001,54.64068148913007,53.53868385090338,54.622314453125,5788200,0.0,0,0.0030353230456960922,1.257329042284147,52.09323577880859,58.48123089347122,45.70524066414596,55.141176540609955,52.04640282049782,50.10572461843504,52.147381653856385,51.07527160644531
2019-09-26,54.23661972249771,54.30090259992055,52.61117374376143,52.96932220458984,6655400,0.0,0,-0.03026221545324126,1.2192794799109266,52.35633735656738,58.4220051514408,46.29066956169396,55.33402709848164,52.04640282049782,49.957197979577565,52.147381653856385,52.87955856323242
2019-09-27,52.39995816757552,53.5754205032827,52.308122983127085,53.17135620117188,4329300,0.0,0,0.0038141699416447405,1.223930019053667,52.613928985595706,58.345904364520884,46.88195360667053,55.18250171816447,52.04640282049782,49.957197979577565,52.147381653856385,53.66604232788086
2019-09-30,52.868303806287344,53.18053641800328,52.06017172246598,52.32648849487305,5923700,0.0,0,-0.015889527118742475,1.2044823498244708,52.83432807922363,58.146403696225285,47.52225246222198,54.14019200580968,52.04640282049782,49.810265901948085,52.147381653856385,54.13793182373047
2019-10-01,52.8040185673035,52.98768541947271,50.53574047479446,50.64594268798828,6329000,0.0,0,-0.03211654088061777,1.1657985431963507,52.977128219604495,57.87193107438602,48.08232536482297,53.377976381973916,52.22547727151628,49.599051204507504,51.9361669564158,53.32369613647461
2019-10-02,50.31535104535048,50.54493377123382,48.67153788726869,48.73582077026367,6135600,0.0,0,-0.03771520118585203,1.1218302165975271,52.96656761169434,57.89727478396614,48.035860439422535,52.44587508821103,52.22547727151628,49.47737044450913,51.9361669564158,55.09097290039063
2019-10-03,48.478690554801936,49.41538852222207,48.028706858462606,49.27763748168945,4238200,0.0,0,0.011117422521308429,1.1343020771126129,52.976669502258304,57.875834975797034,48.077504028719574,51.87191565426886,52.32649544454715,49.42456729873558,51.9361669564158,54.73937225341797
2019-10-04,49.15825177830313,49.58068665317352,48.39603895569851,49.13070297241211,5148300,0.0,0,-0.002981768542210328,1.1309198508617146,52.970700645446776,57.88847001157508,48.05293127931847,51.59183004312736,52.32649544454715,49.42456729873558,51.9361669564158,54.5080451965332
2019-10-07,49.72761922685349,51.08674852728524,49.40620131260711,50.14086532592773,8158600,0.0,0,0.02056071442907803,1.1541723709574578,52.953711318969724,57.90838296191499,47.99903967602446,51.334694173796336,52.32649544454715,49.39701533458608,51.9361669564158,53.87886047363281
2019-10-08,49.49803161621094,50.8571607824396,49.341913558271386,49.49803161621094,6968700,0.0,0,-0.012820554761833747,1.1393752408710023,52.8425931930542,58.000673008822304,47.684513377286095,51.16480472919157,52.32649544454715,49.1789125018673,51.9361669564158,53.25892639160156
2019-10-09,50.13168388393987,50.82961382533815,49.85618531504988,50.45309829711914,5632100,0.0,0,0.019295043655744415,1.1613595358838826,52.73882160186768,58.00159054608086,47.47605265765449,50.80206368087265,53.04279365583223,49.1789125018673,51.9361669564158,52.97208786010742
2019-10-10,50.50820156483138,51.43571427036121,50.50820156483138,51.31633377075195,5426500,0.0,0,0.017109662295647476,1.1812300053466858,52.717241287231445,57.99980311079648,47.43467946366641,50.60462163823294,53.04279365583223,49.135292146197,51.9361669564158,53.897369384765625
2019-10-11,51.867323157479,52.335673827189765,51.61019165451873,51.821407318115234,6810600,0.0,0,0.00984235447566495,1.1928560897765994,52.67545719146729,57.97261950178045,47.378294881154126,50.50819613896766,53.04279365583223,49.30977574572225,51.9361669564158,52.46318435668945
2019-10-14,51.27041513066977,51.839779300036895,51.0959300200259,51.54591369628906,4402900,0.0,0,-0.005316212663523445,1.186514613126368,52.381591606140134,57.220090555255766,47.5430926570245,50.18219034282619,53.04279365583223,49.399312971231474,51.9361669564158,52.89806365966797
2019-10-15,51.23368242856018,51.87651476768295,50.884715701067066,51.380615234375,6226000,0.0,0,-0.0032068199021169086,1.1827096744508419,52.139611434936526,56.65598180741426,47.623241062458796,50.18219034282619,53.04279365583223,49.362580582453354,51.9361669564158,54.92442321777344
2019-10-16,51.288084473109954,51.5749215023828,50.483094784054245,50.52935791015625,5190700,0.42,0,-0.01656767479983845,1.1631149251819175,51.91062774658203,56.26114894380078,47.56010654936328,50.36585639144414,53.04279365583223,49.55543044104507,51.73516228227908,55.710899353027344
2019-10-17,50.668143081137615,50.760672855308506,49.946428490854544,50.45532989501953,4364300,0.0,0,-0.0014650495909396266,1.161410904136564,51.679779052734375,55.81724525693867,47.54231284853008,50.838793692730576,53.04279365583223,49.55543044104507,51.712316125753034,55.424072265625
2019-10-18,50.57561615867933,50.77917812947668,49.91867065429688,49.91867065429688,5160400,0.0,0,-0.01063632408784676,1.1490577613610082,51.38306865692139,55.10713006894373,47.659007244899044,50.838793692730576,53.04279365583223,49.55543044104507,51.712316125753034,56.48813247680664
2019-10-21,50.19625830409028,51.91727343926028,50.0389629676921,51.77848052978516,6734100,0.0,0,0.03725679893136724,1.1918679753365622,51.20873546600342,54.48444117842295,47.93302975358389,51.095929571119825,53.04279365583223,49.65185335007905,51.49303008700259,55.61838150024414
2019-10-22,51.75997546736439,53.34220125004251,51.75072425374305,52.31514358520508,6187300,0.0,0,0.010364596448735108,1.2042212059210966,51.10164165496826,54.067784810771386,48.13549849916514,51.63043595216969,53.04279365583223,52.58132797585952,52.01425911237979,55.83119201660156
2019-10-23,52.3891653528437,52.57422139731546,51.41762553143005,52.04681396484375,5252400,0.0,0,-0.00512910033257008,1.1980446345333187,50.9728666305542,53.50375716993492,48.44197609117348,51.63043595216969,52.12445957380799,52.63183781797554,52.04640282049782,55.46108627319336
2019-10-24,52.34289858528916,52.64824156688787,51.56566607626092,51.96353530883789,4552100,0.0,0,-0.001600072120881646,1.19612767671403,50.9225772857666,53.328345342290426,48.516809229242774,51.63043595216969,52.12445957380799,52.63183781797554,52.04640282049782,55.85895156860352
2019-10-25,51.89876906354044,52.46318840244454,51.436130724065,52.13933944702149,3046000,0.0,0,0.0033832212750486423,1.2001744413175635,50.87097644805908,53.11904735987817,48.62290553624,51.63043595216969,52.12445957380799,52.905042958632926,52.04640282049782,54.48953628540039
2019-10-28,52.25962599645409,52.69450716166116,50.760678776533474,51.51940536499024,7574600,0.0,0,-0.011889948906260384,1.185904428531698,50.83062229156494,52.99947193700875,48.661772646121136,51.63043595216969,51.87191565426886,53.2540080605997,52.04640282049782,56.099517822265625
2019-10-29,51.63043183824188,53.63828382815545,50.325792017290205,52.82403945922852,8699200,0.0,0,0.025323159011552576,1.2159352749479106,50.939527130126955,53.27458497234578,48.60446928790813,51.77847724122617,51.59183004312736,53.29762862809,52.04640282049782,55.368560791015625
2019-10-30,53.14788485340651,53.16639080834476,50.84394817316928,50.927223205566406,7907800,0.0,0,-0.035908201513558,1.1722732260676376,51.04909725189209,53.15197157928778,48.9462229244964,51.77847724122617,51.334694173796336,53.29762862809,52.04640282049782,57.33939743041992
2019-10-31,50.769928618786174,51.07527160644531,50.08522587679648,51.07527160644531,6346400,0.0,0,0.0029070581814625296,1.175681092540387,51.13897895812988,53.07677813354078,49.20117978271899,51.838623397923776,51.16480472919157,53.59378968055388,52.04640282049782,57.20985412597656
2019-11-01,51.49164367736962,53.194152745213984,51.32509360869408,52.87955856323242,6483600,0.0,0,0.035326037435294166,1.2172132468274364,51.3264217376709,53.17306183675946,49.47978163858234,51.86175485247597,50.833495343309025,53.69021495948973,52.04640282049782,57.14508056640625
2019-11-04,53.44397439278842,54.19344970286907,52.93507297319543,53.66604232788086,5667900,0.0,0,0.014873115169975915,1.235316999633921,51.50268058776855,53.52925750569933,49.47610366983778,52.13933778983277,51.111078280665836,53.61445226933114,52.04640282049782,57.07107162475586
2019-11-05,54.239712813554725,54.89666187615222,53.99914245277472,54.13793182373047,7545200,0.0,0,0.008793074267830825,1.246179233756016,51.734675598144534,53.85150412387953,49.61784707240954,52.49094387647435,51.46268436730742,53.09329741315375,52.04640282049782,57.91305923461914
2019-11-06,53.89736669063071,54.66534803041181,53.06461626552474,53.32369613647461,5464900,0.0,0,-0.01504002202941479,1.2274366706277262,51.87820549011231,54.017387361264795,49.73902361895982,52.49094387647435,51.46268436730742,52.801726826745096,52.04640282049782,58.01483917236328
2019-11-07,53.94362829484095,55.17424794054867,53.94362829484095,55.09097290039063,9492200,0.0,0,0.03314242807537049,1.2681169022010779,52.06693744659424,54.60764669379095,49.52622819939753,52.62973690867257,51.60147739950564,52.335676179863654,52.04640282049782,58.12587356567383
2019-11-08,54.48954710797782,54.868910433353456,53.59202753320959,54.73937225341797,4769000,0.0,0,-0.006382182569336536,1.260023548611969,52.212835693359374,55.00585480295301,49.41981658376574,52.62973690867257,51.78514344812359,52.099205549408005,52.04640282049782,58.77357864379883
2019-11-11,54.27672604300359,54.81338817342439,53.94362589717691,54.5080451965332,3716200,0.0,0,-0.00422597204465236,1.2546987243199312,52.36094226837158,55.30839092537457,49.413493611368594,52.62973690867257,52.25808074941003,51.959162743837254,52.04640282049782,58.47748565673828
2019-11-12,54.57281798132461,55.00769914896626,53.61052939020922,53.87886047363281,4939900,0.0,0,-0.011542969861271235,1.2402157747601308,52.48585453033447,55.46845498937791,49.50325407129103,52.62973690867257,52.25808074941003,51.83059480917174,52.04640282049782,58.46823120117188
2019-11-13,53.51800272969266,53.68455281265133,52.94433218264079,53.25892639160156,4644200,0.0,0,-0.01150607263371195,1.2259457619742653,52.62233295440674,55.48021050799347,49.764455400820005,53.24967077462138,52.515216627799276,51.74565008686936,52.04640282049782,58.95862579345703
2019-11-14,53.44397739542208,53.71230846925311,52.7037567862764,52.97208786010742,3971200,0.0,0,-0.005385736268603614,1.2193431414206597,52.74817085266113,55.427480748553634,50.06886095676863,53.939002363412534,52.54645929742277,51.92242866835244,52.04640282049782,59.77287292480469
2019-11-15,53.25892971337137,53.93438130098719,53.24967496949069,53.897369384765625,4261900,0.0,0,0.017467341047642915,1.2406418239259587,52.94710578918457,55.32764097053181,50.56657060783733,53.939002363412534,52.54645929742277,51.823707647032585,52.04640282049782,59.83763885498047
2019-11-18,53.38846096428662,53.46248125747632,52.17634733766028,52.46318435668945,5793300,0.0,0,-0.026609555242626537,1.207628896775888,52.98134098052979,55.312312842996946,50.65036911806263,53.67529763910447,52.54645929742277,51.775494897399945,52.04640282049782,60.14298248291016
2019-11-19,52.58347299145344,53.23116381383661,52.09307397352728,52.89806365966797,6588000,0.0,0,0.008289228118938397,1.217639208184285,53.01048698425293,55.321690426098684,50.69928354240717,53.633660957037975,52.54645929742277,51.61249199932921,52.04640282049782,60.12447738647461
2019-11-20,52.83329598517453,55.10022451286879,52.66674590365248,54.92442321777344,10097500,0.0,0,0.038306875864918766,1.2642831621804584,53.154367446899414,55.56493435470226,50.74380053909657,53.59664924319804,52.54645929742277,51.61249199932921,52.04640282049782,59.78212738037109
2019-11-21,55.10021698080868,56.02549351627029,54.961427618279366,55.710899353027344,10527300,0.0,0,0.014319242500473006,1.2823867393689852,53.341735649108884,55.930872224718335,50.75259907349943,54.059283744898785,52.97208208528359,51.704325023638184,52.04640282049782,60.170745849609375
2019-11-22,55.96998562557097,56.80273248555022,55.18349836210968,55.424072265625,6575300,0.0,0,-0.005148491421486212,1.2757843822423163,53.50597229003906,56.185329408082715,50.82661517199541,54.44790322953875,53.36070156992355,51.9407936742814,52.04640282049782,60.568607330322266
2019-11-25,55.51659280858636,56.5899134616997,54.78562348949066,56.48813247680664,7721200,0.0,0,0.0191985209257457,1.300277555401535,53.75440864562988,56.570357253910615,50.938460037349145,54.44790322953875,53.42084772662116,51.9407936742814,52.04640282049782,60.79066848754883
2019-11-26,56.25682113533434,56.77497734402013,55.58136958612721,55.61838150024414,8151100,0.0,0,-0.015397056663532083,1.2802571082026986,53.89412574768066,56.7886208321228,50.99963066323852,54.44790322953875,53.44397918117335,52.069361613476026,52.04640282049782,61.51239013671875
2019-11-27,55.84044322985898,55.96073018010676,54.84114630449737,55.83119201660156,5998400,0.0,0,0.0038262623006475316,1.2851557077109506,54.13932418823242,56.80650725491611,51.47214112154873,54.44790322953875,53.44397918117335,52.33661480400096,52.04640282049782,61.51239013671875
2019-11-29,55.1557467857976,55.79418646282556,54.98919669098151,55.46108627319336,2707100,0.0,0,-0.0066290138189805115,1.276636392764993,54.358614921569824,56.67689075391318,52.04033908922647,54.44790322953875,53.44397918117335,51.87744776298884,52.04640282049782,60.08746337890625
2019-12-02,55.73866814287546,56.71945915390617,55.5351061460274,55.85895156860352,7171500,0.0,0,0.00717377394035057,1.2857946936507136,54.50758457183838,56.80921063189672,52.20595851178004,54.44790322953875,53.44397918117335,51.87744776298884,52.04640282049782,61.13302993774414
2019-12-03,55.27602348253531,55.4333188041723,54.23045997698652,54.48953628540039,6110000,0.0,0,-0.02451559230432876,1.2542726751541033,54.54875926971435,56.817570297451084,52.27994824197762,54.73473919460135,53.44397918117335,51.87744776298884,52.04640282049782,60.53159713745117
2019-12-04,54.92441618843,56.48813227631448,54.75786612822338,56.099517822265625,8036700,0.0,0,0.029546618426565807,1.2913321912897495,54.64683856964111,57.004955286567075,52.28872185271515,55.51659623126837,53.44397918117335,51.751175803219276,52.04640282049782,60.26325607299805
2019-12-05,56.44188167846935,56.69170682421082,54.99844867962441,55.368560791015625,5047000,0.0,0,-0.013029649088354356,1.2745065859807485,54.74908180236817,57.044682970544535,52.4534806341918,55.51659623126837,53.44397918117335,51.685153642176765,52.04640282049782,60.27251434326172
2019-12-06,55.80343827098392,57.48744155917338,55.63688818492997,57.33939743041992,8311100,0.0,0,0.03559486848218918,1.3198724802884172,54.86150302886963,57.42112822170255,52.3018778360367,55.85895076807995,53.78633371798493,51.55658570751125,52.04640282049782,60.14298248291016
2019-12-09,56.97853497495058,57.570711436833065,56.79347894819978,57.20985412597656,5256500,0.0,0,-0.0022592372827174856,1.3168905751725168,54.985027122497556,57.74219764867069,52.22785659632442,55.900585706909794,54.44790252276357,51.50171406355767,52.04640282049782,60.20774841308594
2019-12-10,57.21910438773602,57.37639971358667,56.74721488053398,57.14508056640625,4630200,0.0,0,-0.0011322098362229749,1.3153995787100772,55.11687889099121,58.02016494085536,52.21359284112706,55.900585706909794,54.831892705180174,51.3476250978925,52.04640282049782,60.20774841308594
2019-12-11,56.784234554533285,57.21911576720766,56.46964031061686,57.07107162475586,3959200,0.0,0,-0.0012951060864178077,1.3136959967096182,55.276489448547366,58.240995084382945,52.31198381271179,55.900585706909794,54.831892705180174,51.6252080352493,52.04640282049782,59.24546432495117
2019-12-12,56.895256444485554,58.2461593563792,56.7842207174656,57.91305923461914,5162700,0.0,0,0.014753316976407582,1.333077370159713,55.50919609069824,58.53439170195406,52.48400047944242,56.238309666682866,55.16961666495324,51.97681412189088,52.04640282049782,58.30168151855469
2019-12-13,58.70879657028712,59.28246703093554,57.82053194806057,58.01483917236328,6965000,0.0,0,0.0017574609093229387,1.3354202015268717,55.76133365631104,58.73835391904883,52.78431339357324,56.75646350396103,55.687770502231416,51.97681412189088,52.22547727151628,58.42196273803711
2019-12-16,58.33868675219305,58.81983098983866,57.85754251454744,58.12587356567383,5590000,0.0,0,0.00191389642537243,1.3379760574769441,55.97275886535645,58.991013562403886,52.95450416830901,57.02016657957946,55.687770502231416,52.115607154089105,52.22547727151628,57.94082260131836
2019-12-17,58.19990805627371,59.01414904190592,58.19990805627371,58.77357864379883,6211100,0.0,0,0.011143145700738266,1.3528853196295092,56.288278579711914,59.08166263258702,53.49489452683681,57.140457855279976,55.687770502231416,52.20744017839808,52.32649544454715,56.478885650634766
2019-12-18,58.72731077866212,59.18069436575881,58.43122252963765,58.47748565673828,5598400,0.0,0,-0.005037858743552781,1.3460696744929894,56.56724967956543,59.043825871363026,54.09067348776783,57.45967760793276,55.687770502231416,52.4439088290413,52.32649544454715,56.60842514038086
2019-12-19,58.27392394860308,58.6347812832738,58.209154864413485,58.46823120117188,5197100,0.0,0,-0.00015825672842229022,1.3458566499100757,56.74444007873535,59.232701014961904,54.2561791425088,57.8760536707762,55.687770502231416,52.4439088290413,52.32649544454715,55.96998977661133
2019-12-20,59.15293303139176,59.23620453652083,58.50523870862592,58.95862579345703,11008000,0.0,0,0.008387368357319458,1.3571448453890194,56.906826400756835,59.52600341872714,54.287649382786526,57.8760536707762,55.687770502231416,52.88244370121033,52.32649544454715,56.340087890625
2019-12-23,58.91236531839088,59.98568967017625,58.71805806007821,59.77287292480469,7019800,0.0,0,0.013810483544852481,1.3758876719442459,57.12426643371582,59.93232642454968,54.316206442881956,58.227664990396555,56.03938182185176,53.242730830417656,53.04279365583223,54.98918914794922
2019-12-24,59.92091742375134,60.61487490653949,59.7821245153336,59.83763885498047,3188400,0.0,0,0.0010835338341066425,1.3773784927887276,57.29174175262451,60.32135546158163,54.26212804366739,58.69954781200255,56.35397444003338,53.242730830417656,53.04279365583223,54.75787353515625
2019-12-26,60.22625399326834,60.82768522995757,60.00418957301255,60.14298248291016,4835200,0.0,0,0.005102868926190496,1.3844070746991823,57.51797180175781,60.68801193376625,54.34793166974937,59.32410858900907,56.460379601742424,53.11087846826362,53.04279365583223,52.26887893676758
2019-12-27,60.32803231141278,60.72590153716067,59.78212249850073,60.12447738647461,5414300,0.0,0,-0.00030768504772460403,1.3839811133423332,57.732636070251466,60.99778355743916,54.46748858306377,59.3426138722525,56.747215566805025,53.09006012723037,53.04279365583223,54.38776016235352
2019-12-30,60.20775380976308,60.37430389598612,59.70810355109399,59.78212738037109,3665200,0.0,0,-0.005694020488576146,1.3761006965271596,57.94868812561035,61.1546863323754,54.74268991884531,59.51379664311564,57.529072603472045,53.0715542703104,53.04279365583223,54.045406341552734
2019-12-31,59.356504851951165,60.30028402970724,59.12518566473335,60.170745849609375,3639800,0.0,0,0.006500579458567302,1.3850461484479242,58.16427783966064,61.35893447708794,54.96962120223334,59.51842004718553,57.529072603472045,53.51568291509119,53.04279365583223,53.65679168701172
2020-01-02,60.40205725461173,60.77216931833519,60.004188021486605,60.568607330322266,4122800,0.0,0,0.006612207894303168,1.3942043615246658,58.46823139190674,61.344120852967016,55.592341930846466,59.51842004718553,57.529072603472045,53.90430239973115,53.04279365583223,53.54576110839844
2020-01-03,62.03054277569234,62.11381427943552,60.20774678344634,60.79066848754883,6333200,0.0,0,0.0036662747752398417,1.399315897806853,58.7027889251709,61.53198824225005,55.87358960809175,60.30952649403072,58.17213712821102,53.93437547807996,53.04279365583223,54.32299423217773
2020-01-06,61.32733058516209,61.93801651634895,60.95721854134885,61.51239013671875,8823800,0.0,0,0.011872243999385246,1.4159289175778347,59.00998039245606,61.65025865689867,56.369702128013444,60.41593616975686,58.17213712821102,53.94594120535605,53.04279365583223,55.29452896118164
2020-01-07,61.475378226407415,61.52163781982152,60.82768038490922,61.51239013671875,5974800,0.0,0,0.0,1.4159289175778347,59.218630027771,61.95667053290125,56.48058952264075,60.61949997208444,58.17213712821102,53.94594120535605,53.04279365583223,54.80997848510742
2020-01-08,61.4846259323527,61.65117599916553,59.69884185014292,60.08746337890625,6470100,0.0,0,-0.023164873851356238,1.3831291028196568,59.36251049041748,61.96056917892517,56.764451801909786,60.61949997208444,58.17213712821102,53.94594120535605,52.41571967200642,54.62361526489258
2020-01-09,59.74511491836811,61.20705376634306,59.48603857757272,61.13302993774414,6005100,0.0,0,0.017400743849755207,1.4071965780489635,59.56190795898438,62.057659755882675,57.06615616208608,60.61949997208444,58.17213712821102,53.94594120535605,52.41571967200642,54.32543563842773
2020-01-10,60.93872112504158,61.25331179959732,60.44832562688077,60.53159713745117,7233100,0.0,0,-0.009838098993382949,1.393352438810968,59.73493423461914,61.980684590597235,57.48918387864104,60.61949997208444,58.43584020382945,54.089359187887354,52.41571967200642,55.21997833251953
2020-01-13,60.47607277468786,60.61486566193777,60.03193694734802,60.26325607299805,3675300,0.0,0,-0.004433074247880753,1.3871756039962533,59.852444076538085,61.943586969988026,57.76130118308814,60.61949997208444,58.55613147952997,54.480287706220864,52.41571967200642,54.86588668823242
2020-01-14,60.3465381620353,60.448319148024005,59.82838554922,60.27251434326172,6119400,0.0,0,0.00015363043530958187,1.387388716388146,59.96532783508301,61.88216795249671,58.04848771766931,60.79992642850412,58.87535123218275,54.480287706220864,52.41571967200642,54.45588302612305
2020-01-15,60.14298248291016,60.44832547282478,59.62482981587975,60.14298248291016,3933300,0.0,0,-0.0021491033145530913,1.3844070746991826,60.06618328094483,61.78531038003525,58.347056181854406,60.79992642850412,59.29172729502619,54.82264224303244,52.75807420881799,52.53632736206055
2020-01-16,60.5038366443538,60.70739862696925,59.920914924473394,60.20774841308594,4315200,0.0,0,0.0010768659534663438,1.385897895543664,60.13789176940918,61.750601544438894,58.525181994379466,60.71202754696084,59.29172729502619,55.17424411483668,52.79970914764783,50.1601791381836
2020-01-17,60.40205565304607,60.54084855567481,59.99493168781516,60.20774841308594,4765500,0.0,0,0.0,1.385897895543664,60.224404907226564,61.64360457600145,58.80520523845168,60.56860728836912,59.29172729502619,55.36623920604498,52.79970914764783,47.68151092529297
2020-01-21,59.74511457618092,60.00419091549246,59.16218928307954,59.24546432495117,6974000,0.0,0,-0.01598272836134851,1.3637474659426252,60.26326656341553,61.51953163892973,59.00700148790133,60.406682641122536,59.44901749845056,55.36623920604498,52.79970914764783,43.91694259643555
2020-01-22,59.03265093616062,59.03265093616062,58.13513496496195,58.30168151855469,6755800,0.0,0,-0.01593004320499536,1.3420229098894563,60.23041934967041,61.64734652551058,58.81349217383025,59.69422338227963,59.967173113748046,55.70396316581805,53.137433107420904,45.11899185180664
2020-01-23,57.376399213590936,58.62552471527,57.0155419118781,58.42196273803711,6199900,0.0,0,0.002063083196736759,1.344791614804485,60.16287384033203,61.77785647619133,58.547891204472734,59.134426855737715,59.56467809565682,56.22211700309622,53.655586944699074,45.873779296875
2020-01-24,58.01484642725234,58.01484642725234,57.41341519531472,57.94082260131836,5689500,0.0,0,-0.00823560377244037,1.333716443908455,60.06803302764892,61.95183812779259,58.184227927505255,58.86147026942368,59.56467809565682,56.35396854090544,53.655586944699074,44.83945083618164
2020-01-27,56.784225099377245,57.20985502649884,56.29382962097105,56.478885650634766,7321100,0.0,0,-0.02523155324774984,1.3000647064365793,59.88482818603516,62.33767563299706,57.43198073907325,58.50061412397015,59.20382195020329,56.414114178755696,53.839252993317025,46.06013870239258
2020-01-28,57.00629437811319,57.07106346056727,56.34934881056456,56.60842514038086,4824700,0.0,0,0.0022935914590700435,1.3030465237435007,59.70902557373047,62.54633695454322,56.87171419291772,58.50061412397015,59.20382195020329,56.57372405508209,54.31219029460347,44.44808197021485
2020-01-29,56.98779274639968,57.071067791538766,55.76642777079345,55.96998977661133,4102500,0.0,0,-0.011278097954258604,1.2883506374097653,59.51841869354248,62.79393819164366,56.2428991954413,58.23691319888135,58.940121025114486,56.78191208650381,54.31219029460347,42.239654541015625
2020-01-30,55.285273200990254,56.4326176623078,55.13722909594765,56.340087890625,6931500,0.0,0,0.006612438478027505,1.2968697767377648,59.32688579559326,62.86766526779992,55.786106323386605,57.83903882581123,58.62552168769159,56.78191208650381,54.56932617299271,31.747297286987305
2020-01-31,55.51659653263726,55.89595980109095,54.70235212852321,54.98918914794922,7673000,0.0,0,-0.023977576060909445,1.2657739830249404,59.04791488647461,63.012127375590445,55.08370239735877,57.35327152200783,58.408083203979366,57.133523406124155,54.952180162236566,32.502079010009766
2020-02-03,54.970686745395774,55.83119432964495,54.46178528354905,54.75787353515625,7015300,0.0,0,-0.0042065652608662685,1.2604494221598392,58.74627513885498,63.04210444353128,54.45044583417869,56.747218109854835,58.28779978149228,57.526761126017966,55.26677278041819,30.34024810791016
2020-02-04,54.5265526672668,55.35004831196712,52.21336106770398,52.26887893676758,13403000,0.0,0,-0.04545455178771063,1.2031562586244848,58.28409957885742,63.23652676930719,53.331672388407654,55.41944289148699,57.16358767356975,57.892244095375744,55.37317794212723,26.277482986450195
2020-02-05,52.999845192333744,54.54505902770725,52.57421878197709,54.38776016235352,12891800,0.0,0,0.040538103527134606,1.251929931595924,57.92786808013916,62.92543907380275,52.930297086475576,55.114103747478154,57.16358767356975,58.04491471952876,55.37317794212723,29.240686416625977
2020-02-06,54.65608875949372,54.65608875949372,53.601273994836575,54.045406341552734,5901700,0.0,0,-0.006294685050070581,1.2440494269717712,57.62576522827148,62.79407036037111,52.45746009617186,54.71160804710141,57.16358767356975,58.52143462329384,55.37317794212723,24.30200958251953
2020-02-07,53.49024161632941,54.00839425431869,53.25892246589845,53.65679168701172,5081800,0.0,0,-0.007190521467912991,1.2351040628599859,57.251953315734866,62.43309647024123,52.0708101612285,54.642214429621376,57.16358767356975,58.52374632532879,55.37317794212723,24.460420608520508
2020-02-10,53.16639780635571,53.79558623847298,52.93507863365526,53.54576110839844,6756300,0.0,0,-0.0020692735275887886,1.2325482947188924,56.90266151428223,62.094324679037086,51.71099834952737,54.642214429621376,57.16358767356975,58.52374632532879,55.37317794212723,21.124488830566406
2020-02-11,54.452532405486814,54.60057653636155,53.86035588198786,54.32299423217773,6143000,0.0,0,0.01451530630418807,1.2504391107514419,56.60564842224121,61.671089870474674,51.540206974007745,54.32298936500589,57.07568879202647,59.24083181112087,56.076388623563815,23.845415115356445
2020-02-12,55.424070652192064,56.5806664209803,55.09097050603703,55.29452896118164,5906800,0.0,0,0.01788441051042855,1.272802477126416,56.35674915313721,61.156450281453225,51.55704802482119,54.39701374434214,56.93226853343475,59.29403664898394,56.099520078116,25.01020050048828
2020-02-13,55.0615718097891,55.397029576031336,54.60497572692998,54.80997848510742,5995600,0.42,0,-0.008763081722142685,1.2616488050032115,56.09009895324707,60.59951647469222,51.58068143180192,54.39701374434214,56.93226853343475,59.39581855014773,56.099520078116,22.876317977905277
2020-02-14,54.85657166313631,55.07089112296463,54.21361328365133,54.62361526489258,4204500,0.0,0,-0.003400169556087018,1.2573589851459661,55.810892295837405,59.937186125666535,51.684598466008275,54.39701374434214,56.73333643365065,59.39581855014773,56.099520078116,28.64431953430176
2020-02-18,54.42793703046965,54.57702899490349,53.77565835308429,54.32543563842773,3937800,0.0,0,-0.00545880431053225,1.2504953084979649,55.516776657104494,59.15186233925698,51.88169097495201,54.577442601478694,56.73333643365065,59.39581855014773,56.099520078116,28.830684661865234
2020-02-19,54.74474888496061,55.31316301659242,54.6795213834257,55.21997833251953,5267400,0.0,0,0.016466369456208163,1.2710864262509474,55.31550235748291,58.518122604636766,52.11288211032906,54.75787252731778,56.46037984733661,59.52767008795695,56.099520078116,29.90228271484375
2020-02-20,55.21066112952485,55.49020806988713,54.58633974787013,54.86588668823242,5755000,0.0,0,-0.006412382890751411,1.2629357333985893,55.1437126159668,58.037729448960384,52.24969578297321,54.75787252731778,56.46037984733661,59.587815725807204,56.099520078116,27.255897521972656
2020-02-21,54.34406495713716,54.61429521559935,53.83156162343349,54.45588302612305,5216300,0.0,0,-0.007472833974946247,1.2534980243418747,54.94540863037109,57.423120566662064,52.46769669408012,54.75787252731778,56.46037984733661,59.83763883034344,56.099520078116,27.293174743652344
2020-02-24,52.32200790453777,53.05814741354816,52.17291595345095,52.53632736206055,10350200,0.0,0,-0.03524973900692552,1.2093125461381269,54.675183868408205,56.95620746468169,52.39416027213472,54.37679118721563,56.4401572902101,60.04582686176516,56.099520078116,28.70022964477539
2020-02-25,52.6667889915637,52.82519765434292,49.88994883206652,50.1601791381836,10447900,0.0,0,-0.04522867020188581,1.1546169478178427,54.35924854278564,57.2338498539976,51.48464723157369,53.23530762652341,55.21539869387067,60.001877420993516,56.7194539440648,27.600675582885746
2020-02-26,50.3372158331324,50.55153527965154,47.62560366815113,47.68151092529297,11646700,0.0,0,-0.049415059026449715,1.0975614831884848,53.91290283203125,57.8436718353524,49.9821338287101,51.55790586901913,53.814897291821794,59.93016729169766,57.103444126481406,31.551612854003903
2020-02-27,46.21854946752664,46.22786971434861,43.916942596435554,43.91694259643555,14676100,0.0,0,-0.07895237075762385,1.0109064020385,53.310250473022464,59.08340472190779,47.53709622413714,49.70357533316134,51.474796766298084,59.927850069786544,57.103444126481406,30.666378021240234
2020-02-28,42.32351517534875,45.13762878953891,42.04396821862945,45.11899185180664,16558800,0.0,0,0.027370968567121068,1.038575889392997,52.749195671081544,59.36482593427658,46.13356540788651,48.767088144258295,50.334746466949724,59.83069824801384,57.103444126481406,30.563879013061523
2020-03-02,45.95764375299712,46.01355457528953,43.68399029926724,45.873779296875,10672800,0.0,0,0.016728818931669887,1.0559500373934505,52.29342517852783,59.4676728752484,45.11917748180727,48.767088144258295,50.0294073229409,59.349552475697266,57.103444126481406,31.00183868408203
2020-03-03,46.15332490601597,47.97970594481249,44.21512933527553,44.83945083618164,11785400,0.0,0,-0.02254726941069407,1.0321412474161078,51.7975040435791,59.5744769875434,44.02053109961481,48.767088144258295,49.62691162256415,59.21307418254025,57.103444126481406,33.247535705566406
2020-03-04,45.42649702364093,46.17195677669213,44.48535475190739,46.06013870239258,8924200,0.0,0,0.027223524005025146,1.0602397694417167,51.48706703186035,59.65420986994366,43.31992419377704,48.3291317171144,49.557518005084106,58.85221803708672,57.103444126481406,32.362300872802734
2020-03-05,44.70899200155004,45.323996757292,43.590800567119416,44.44808197021485,9603800,0.0,0,-0.034998955226636985,1.0231324852215262,50.99008312225342,59.593579660670656,42.38658658383618,47.55105781608881,49.557518005084106,58.85221803708672,57.103444126481406,31.961618423461918
2020-03-06,42.845339025103904,43.32057205354815,41.6339665022949,42.239654541015625,14504800,0.0,0,-0.049685550676385026,0.9722975842783963,50.39979553222656,59.68447895662719,41.11511210782594,47.22958207831891,49.1073164616376,58.588517111997916,57.103444126481406,31.75661849975586
2020-03-09,31.635479212470404,33.732086771482884,29.81841861706642,31.747297286987305,29828600,0.0,0,-0.24840064077323387,0.7307782413213753,49.30432081222534,61.53349070479314,37.075150919657546,40.18497694835898,43.19954251902336,58.23228025675141,57.103444126481406,30.004783630371094
2020-03-10,34.142090556805506,34.86891341162453,30.750245828139803,32.502079010009766,20337700,0.0,0,0.023774676508662385,0.7481522576083601,48.25213670730591,62.34183465526533,34.162438759346486,38.899062280939454,43.19954251902336,57.880677362993595,57.103444126481406,28.95182228088379
2020-03-11,31.300027505841832,31.635485349096875,29.361829990855146,30.34024810791016,18460700,0.0,0,-0.06651361906522413,0.6983899433430102,47.05299940109253,62.868269144755054,31.237729657430002,38.67076796783382,42.971248205917725,57.517508945673555,57.103444126481406,32.85617446899414
2020-03-12,28.271589228688438,29.268642349807557,25.92338825836232,26.277482986450195,16581700,0.0,0,-0.13390678635883468,0.6048707904046191,45.60214710235596,63.35452318017824,27.849771024533673,36.9515471015874,41.25202733967131,56.291515282528366,57.103444126481406,32.21321105957031
2020-03-13,28.51386358932372,29.576144199883192,25.709068332453608,29.240686416625977,17506900,0.0,0,0.11276587760341195,0.6730795759212654,44.32368249893189,62.91186497868666,25.735500019177117,36.844387138633046,41.14486737671695,56.13884571052395,57.16358767356975,30.92728614807129
2020-03-16,25.615883428508823,29.026364702436283,24.143599172427116,24.30200958251953,13774100,0.0,0,-0.16889743160401194,0.5593981642830461,42.80760221481323,62.70300481815846,22.912199611468,35.15777797455962,40.362132796703705,55.93759786033558,57.16358767356975,32.59526062011719
2020-03-17,24.562921987430727,25.0195162921785,22.72722452237559,24.460420608520508,18692900,0.0,0,0.006518433196361029,0.5630445638470921,41.31435146331787,62.00368424691573,20.625018679720007,34.02561063983379,39.65394547167794,55.90290105159556,57.16358767356975,33.71344757080078
2020-03-18,22.596773375264156,23.85473843409267,19.419247859319544,21.124488830566406,17039700,0.0,0,-0.13638080192259927,0.4862560947114655,39.60957698822021,61.04828376038208,18.170870216058344,31.369909956433844,37.999957140149924,55.90290105159556,57.16358767356975,33.629581451416016
2020-03-19,21.553123419991408,24.21814496658601,19.568335851371405,23.845415115356445,15655100,0.0,0,0.12880436097714965,0.5488880002620202,38.05855340957642,59.344120435882424,16.772986383270414,27.144080635472037,37.999957140149924,55.699339078516175,57.16358767356975,34.6173210144043
2020-03-20,25.21520150293556,26.45452954199726,24.12496542516576,25.01020050048828,23790200,0.0,0,0.048847351975085385,0.5756997256057199,36.586269283294676,57.186547706933766,15.985990859655587,27.144080635472037,37.454727964603336,55.66464113888844,57.16358767356975,35.856651306152344
2020-03-23,24.926335027545843,25.13133602158338,21.758128314087383,22.876317977905277,16239400,0.0,0,-0.08532048843596207,0.5265807438245905,35.10326881408692,55.154309039067286,15.052228589106551,25.52736660420821,37.454727964603336,55.66464113888844,57.16358767356975,39.33235931396485
2020-03-24,24.64678852236061,28.76545786099726,24.64678852236061,28.64431953430176,16724400,0.0,0,0.2521385461579706,0.6593520470073055,34.02747583389282,53.000105389695676,15.054846278089972,24.497696029601368,37.454727964603336,55.5651750889964,57.16358767356975,39.2298583984375
2020-03-25,29.10091316260009,30.340242921131686,27.47953682624207,28.830684661865234,14295900,0.0,0,0.006506181001796785,0.6636419107690403,33.08493452072143,51.0886554586827,15.081213582760164,24.879745390225615,37.454727964603336,55.65538951756467,57.16358767356975,36.47165298461914
2020-03-26,28.998412550829705,30.247057180808223,28.32749700224373,29.90228271484375,13576900,0.0,0,0.037168664759319237,0.6883085944706488,32.384201526641846,49.71835899629755,15.050044056986135,24.879745390225615,37.454727964603336,55.60912618732719,57.16358767356975,37.60848236083984
2020-03-27,28.066586537978665,28.20636001596144,26.83657531070813,27.255897521972656,10647200,0.0,0,-0.08850110936705868,0.6273925202731155,31.491046810150145,47.91586369535011,15.066229924950179,24.879745390225615,37.01677153745945,55.60912618732719,57.16358767356975,38.13030242919922
2020-03-30,26.56635008078595,28.08522514177051,25.64384288021499,27.293174743652344,11089600,0.0,0,0.0013676754416043213,0.6282505896153393,30.562016582489015,45.66241114074771,15.461622024230323,24.879745390225615,36.238697636433855,55.60912618732719,57.16358767356975,37.729618072509766
2020-03-31,27.982725236643308,29.743875167001956,27.68453953220972,28.70022964477539,13481100,0.0,0,0.05155336139304545,0.6606390193071727,29.755055522918703,43.35189913367388,16.158211912163523,24.954289386251546,36.122222756831235,55.40847423871287,57.143365116443235,39.52804565429688
2020-04-01,27.321126831139438,28.44863675294853,26.86453249166842,27.600675582885746,11101400,0.0,0,-0.038311681665927355,0.6353288275033859,28.83208236694336,40.17291726136232,17.4912474725244,26.049185617609535,34.98539156948554,54.22535316019704,56.00188155575103,40.54447937011719
2020-04-02,29.11954766433729,33.00525839844296,28.616361027585796,31.551612854003903,14693200,0.0,0,0.1431463972413778,0.7262738602240844,28.187258911132812,37.082352450237096,19.292165372028528,27.381693356265174,33.69947690206602,52.686401580420466,54.86970897379332,39.78215789794922
2020-04-03,32.25048213167515,32.59525658215348,29.455005544307284,30.666378021240234,11505000,0.0,0,-0.02805672207185861,0.7058969963797214,27.608595085144042,33.860391795575154,21.35679837471293,28.826023460401785,33.69947690206602,50.58918604972971,53.01537843793554,39.13276290893555
2020-04-06,31.19752070634408,31.495704614402623,29.622736719745348,30.563879013061523,13532900,0.0,0,-0.003342390422100605,0.7035376130200321,27.549424171447754,33.66280232714107,21.436046015754435,29.324550639328976,33.69947690206602,49.55091730560401,52.07889124903249,37.54223251342773
2020-04-07,32.50207849522233,33.4898113736382,30.7688822799828,31.00183868408203,11704200,0.0,0,0.01432932223142691,0.7136188301789251,27.474412155151366,33.37365834707911,21.57516596322363,29.566827126926594,33.69947690206602,49.3982477335996,52.07889124903249,37.57987594604492
2020-04-08,31.728659073034223,33.443218216761004,31.56093019068675,33.247535705566406,8171100,0.0,0,0.07243754295894167,0.7653116248463208,27.61977653503418,33.92801208610682,21.311540983961542,29.566827126926594,32.795602318005834,49.19699988341122,52.07889124903249,38.46455001831055
2020-04-09,35.34414333892494,35.3907339054234,31.020473362632316,32.362300872802734,14176800,0.0,0,-0.026625577324080107,0.7449347610019577,27.924017429351807,34.52725823833463,21.32077662036898,30.517288392819196,32.371622308305774,48.943324861099256,52.07889124903249,41.03387451171875
2020-04-13,33.48981188913459,33.527085767476045,31.467751976652075,31.961618423461918,10222000,0.0,0,-0.012381148389778107,0.7357116131852885,28.060064029693603,34.87721610924581,21.242911950141398,31.12763319854591,31.369909956433844,48.55428791058645,52.07889124903249,40.15860366821289
2020-04-14,32.02684522517535,32.1200299189688,31.374566587151627,31.75661849975586,11082200,0.0,0,-0.006413940651878058,0.7309928025614206,28.43279447555542,35.20177309226017,21.66381585885067,31.12763319854591,27.40499088237147,48.168449269978254,51.87389039086521,41.55150604248047
2020-04-15,29.976826446525923,30.750243364648203,28.63499892482712,30.004783630371094,11354700,0.0,0,-0.055164402009560076,0.6906680217348274,28.71001262664795,35.253516809983424,22.166508443312477,32.0035474665046,27.40499088237147,41.69225973369117,45.96611644825097,41.14681243896485
2020-04-16,29.669328448516183,30.032739878501992,28.439318891041424,28.95182228088379,13220600,0.0,0,-0.0350931158997424,0.6664303287998413,29.101379299163817,34.6309248346419,23.57183376368573,31.915026398232413,27.40499088237147,41.04930239998141,45.96611644825097,40.732704162597656
2020-04-17,29.79978713828766,32.95867587051008,29.678650572482383,32.85617446899414,13162600,0.0,0,0.13485687188292483,0.756303038269697,29.551917266845702,34.75000312263404,24.353831411057364,31.915026398232413,27.40499088237147,40.82100808687577,45.737822135145336,41.09975051879883
2020-04-20,30.256378700044245,33.238217808915856,30.191151191702215,32.21321105957031,13226400,0.0,0,-0.019569028342924732,0.7415029226779573,29.912067794799803,34.78618166348119,25.037953926118416,31.915026398232413,27.40499088237147,39.101787220629355,44.01860126889892,42.04090118408203
2020-04-21,30.703650025298057,31.80320436705735,30.386829222509245,30.92728614807129,13639500,0.0,0,-0.039919178163301594,0.711902735398967,30.314616203308105,33.9617193819024,26.667513024713813,31.915026398232413,27.40499088237147,38.994627257675,43.911441305944564,40.47859191894531
2020-04-22,32.800263399402645,33.10776401369808,32.18525861617903,32.59526062011719,12048400,0.0,0,0.05393213177710132,0.750297167536983,30.51216325759888,34.20419830133009,26.82012821386767,31.915026398232413,27.40499088237147,37.75995538563166,43.12870672593132,39.69745635986328
2020-04-23,34.11413282844845,34.66391002699067,32.95866762054145,33.71344757080078,9849600,0.0,0,0.03430520049265895,0.7760362622984133,30.756301403045654,34.61512466668962,26.89747813940169,31.551614459016047,27.40499088237147,36.83977805575587,42.420519400905555,40.83623123168945
2020-04-24,34.44958886267651,34.75708942025414,33.340714275215866,33.629581451416016,8683900,0.0,0,-0.0024876162311386896,0.7741057818963676,30.94266633987427,34.97650141669661,26.90883126305193,31.59820415564778,27.479534878397402,34.68493354829188,40.766531069377535,41.59855651855469
2020-04-27,33.42458187912597,34.85959409623584,32.31571074115875,34.6173210144043,8302500,0.0,0,0.029371152430643477,0.7968421608138883,31.310737514495848,35.27381166337277,27.347663365618924,31.64945649363863,28.574431109755395,32.572018887810984,40.678632187834246,42.46440887451172
2020-04-28,35.306874019416675,36.33188438779874,34.999373397145035,35.856651306152344,9445700,0.0,0,0.03580087237924512,0.8253698053195881,31.73891134262085,35.7238088307334,27.754013854508297,32.38560163942008,29.045006350943062,32.299404300037686,40.535211929242536,42.07854080200195
2020-04-29,37.33825301804026,39.64918017296622,36.93756770946109,39.33235931396485,12958100,0.0,0,0.09693342465631027,0.9053757271571279,32.27051782608032,37.2230942775984,27.317941374562245,34.663915372724304,32.14798434766341,31.491047284405774,40.535211929242536,45.73018264770508
2020-04-30,39.677137838004576,40.60896348694259,38.05575964481401,39.2298583984375,11760700,0.0,0,-0.002606020012914878,0.9030162998929491,32.85197696685791,38.19464701453917,27.509306919176648,35.4000573393224,33.12640318357879,30.976211997102354,40.336279829458434,47.34894561767578
2020-05-01,37.77621023106859,38.48439611466834,36.07096769697964,36.47165298461914,9256700,0.0,0,-0.07030882920363069,0.8395262810956812,33.09797897338867,38.63030318043908,27.565654766338263,35.49789635472592,33.12640318357879,31.167236677414476,40.336279829458434,45.767826080322266
2020-05-04,35.98710422796473,37.64575623852263,35.549148606406135,37.60848236083984,12515600,0.0,0,0.031170218051266296,0.8656944983372022,33.445084190368654,39.1929009128731,27.69726746786421,36.39711105156081,33.12640318357879,31.167236677414476,40.063323243144396,43.20791244506836
2020-05-05,40.16168255265149,40.599641728835024,37.88802933353058,38.13030242919922,10096700,0.0,0,0.013875063166673529,0.8777060641846727,33.82340536117554,39.757922483905915,27.888888238445166,36.46233711405067,33.12640318357879,30.94825846384253,40.063323243144396,39.64097595214844
2020-05-06,38.28871198049339,38.97826445133008,37.10529310578342,37.729618072509766,8213000,0.0,0,-0.010508292123658003,0.868482872463514,34.159794330596924,40.179456880903146,28.1401317802907,36.46233711405067,33.736747989305506,30.559221513329735,40.063323243144396,41.15621948242188
2020-05-07,39.13668055497103,40.39464386524188,39.05281609731077,39.52804565429688,9520700,0.0,0,0.04766620161197643,0.9098801521589083,34.47381982803345,40.91556079613342,28.032078859933478,36.46233711405067,33.736747989305506,30.53825607154139,40.063323243144396,40.798583984375
2020-05-08,40.58212239612794,40.79858505395018,39.584512198354034,40.54447937011719,6974200,0.42,0,0.02571424159721425,0.9332770302160325,34.88292875289917,41.76544449005397,28.000413015744368,37.898979225547606,34.6189519724958,30.51728859354754,39.98004820749718,42.45500183105469
2020-05-11,39.74451127575054,40.73271177229908,39.60334182777475,39.78215789794922,7076800,0.0,0,-0.018802102875930093,0.9157294594821681,35.273955726623534,42.33641033290623,28.211501120340834,38.173866830178156,34.6189519724958,30.540585129165596,39.711719387406,41.42915344238281
2020-05-12,40.11154978196468,40.61035846254544,39.08570284440952,39.13276290893555,7375900,0.0,0,-0.016323774861070284,0.9007812979519316,35.64276294708252,42.70233055774507,28.58319533641996,38.173866830178156,34.6189519724958,31.2627501812339,39.22594939774008,41.83384323120117
2020-05-13,38.60572620830637,38.7563091003988,37.2128335589066,37.54223251342773,7666400,0.0,0,-0.04064446967900237,0.864169519799912,36.019635391235354,42.62006582590147,29.41920495656924,38.173866830178156,34.6189519724958,31.512013770697497,39.02238628729477,41.12799072265625
2020-05-14,36.63873205276092,38.07868106062816,35.556415139412685,37.57987594604492,6718700,0.0,0,0.0010026956336102177,0.8650360188041144,36.45103807449341,42.213427330813204,30.688648818173615,38.173866830178156,34.6189519724958,31.633152014496304,38.71704714328594,40.99622344970703
2020-05-15,37.523406122456365,39.10452815470572,37.382236692185664,38.46455001831055,7242300,0.0,0,0.023541165317729984,0.885399974728573,36.73145685195923,42.307653313070155,31.155260390848305,38.17750009668143,34.6189519724958,31.181214722466216,38.31455144290919,41.23151016235352
2020-05-18,40.89270507426279,41.98443190541335,40.62918232868905,41.03387451171875,9047300,0.0,0,0.066797206575538,0.9445422197424936,37.17249002456665,42.642635430743226,31.702344618390075,38.77042352241302,35.21187539822739,31.444455350562485,38.24515782542915,38.57748794555664
2020-05-19,41.12798421014939,41.29739037902456,40.10213733870692,40.15860366821289,6126300,0.0,0,-0.021330445977161938,0.9243947129511277,37.63405590057373,42.42759095261778,32.84052084852968,38.77042352241302,35.21187539822739,31.248771577489876,38.24515782542915,39.58451461791992
2020-05-20,41.02446414798676,42.1632474442997,40.751531546007215,41.55150604248047,7203000,0.0,0,0.03468503003181156,0.9564573713310854,38.081868171691895,42.5692344578902,33.59450188549359,38.859831291856196,35.30128316767056,29.266312040458693,37.999957140149924,37.97514724731445
2020-05-21,41.77737712840469,42.22912576938677,41.05269589489833,41.14681243896485,6646000,0.0,0,-0.009739565230243996,0.9471418923730587,38.453536415100096,42.65101193930779,34.2560608908924,38.892770454399724,35.3342223302141,29.704269174438036,37.999957140149924,38.86924362182617
2020-05-22,40.38448194776367,40.8079973929287,39.81038363211538,40.732704162597656,4674000,0.0,0,-0.010064164192097769,0.9376097008550021,38.80869255065918,42.47665790900247,35.14072719231589,38.892770454399724,35.953888170934576,29.660008640301943,37.999957140149924,39.5468635559082
2020-05-26,42.17265753170909,42.46440982971354,40.93975778636786,41.09975051879883,7702600,0.0,0,0.00901109719443105,0.946058592999848,39.13281402587891,42.379111848059026,35.88651620369879,39.01041248456311,36.327780510707875,29.660008640301943,37.999957140149924,38.34220886230469
2020-05-27,41.730325527818174,42.05031463467821,40.43154578936514,42.04090118408203,5768100,0.0,0,0.022899181951304692,0.9677225608575468,39.44202651977539,42.55515600379731,36.32889703575347,39.01041248456311,36.42561952611139,29.660008640301943,37.999957140149924,39.32098388671875
2020-05-28,42.08795049222984,42.08795049222984,40.26212928292918,40.47859191894531,5871500,0.0,0,-0.037161650229521115,0.9317603935317422,39.499338150024414,42.64466917125773,36.354007128791096,39.9233232609496,37.32483422294628,29.660008640301943,37.999957140149924,39.17982482910156
2020-05-29,40.10214858902263,40.26214135441232,39.21747088333492,39.69745635986328,10172200,0.0,0,-0.019297498308394334,0.9137797489137346,39.522718048095705,42.66662486233884,36.378811233852566,40.84094035652423,37.39006028543615,29.660008640301943,37.999957140149924,38.24808883666992
2020-06-01,39.772737671912665,41.12798711875852,39.18922948795342,40.83623123168945,6344300,0.0,0,0.02868634356576938,0.9399927487345164,39.74094696044922,42.59720827592993,36.88468564496851,40.82681965883348,37.39006028543615,29.478302670693758,37.999957140149924,38.62454605102539
2020-06-02,41.42915034798987,42.05971496828664,41.12798462035877,41.59855651855469,5858300,0.0,0,0.01866786586010072,0.9575404072773598,39.94045066833496,42.72891607241866,37.15198526425126,40.82681965883348,37.39006028543615,29.53886951702259,37.999957140149924,36.09286117553711
2020-06-03,42.45499901583052,42.56793527089896,41.42915209099685,42.46440887451172,8024200,0.0,0,0.020814480799852486,0.9774711136997173,40.157155990600586,43.022667712708746,37.291644268492426,40.87858237942619,38.783654334021996,30.111943801697013,37.999957140149924,37.354000091552734
2020-06-04,42.05030763527186,42.47382308711753,41.57973570881644,42.07854080200195,5577000,0.0,0,-0.00908685844774293,0.9685889720527703,40.37460212707519,43.126854293139175,37.62234996101121,40.87858237942619,39.058541938652546,30.71530399518157,37.454727964603336,37.32576751708984
2020-06-05,44.600809239714174,45.90899869781683,44.26199685829899,45.73018264770508,11578800,0.0,0,0.08678157027558786,1.0526446439991273,40.684708976745604,44.2680541687813,37.10136378470991,42.54911409288512,40.72907365211148,33.40594986019386,37.454727964603336,38.87865829467773
2020-06-08,47.25482908407105,47.80069420844253,45.93722992521271,47.34894561767578,10242200,0.0,0,0.03539813043042672,1.0899062964042985,41.024932289123534,45.64531750403826,36.40454707420881,43.494961848197974,41.674921407424335,34.263230261450595,37.454727964603336,39.17041015625
2020-06-09,45.41019041481047,46.294864334572445,45.06196819822677,45.767826080322266,8203600,0.0,0,-0.03339291966753466,1.0535111430033295,41.324215698242185,46.34634038818157,36.3020910083028,43.494961848197974,41.674921407424335,34.312149769152356,37.454727964603336,39.14217376708984
2020-06-10,45.21254977821819,45.44783573219704,43.17026583078885,43.20791244506836,7882300,0.0,0,-0.05593260275813128,0.9945855227404594,41.52797317504883,46.50796048830515,36.547985861792505,43.494961848197974,41.67855467392761,34.7617571175698,37.454727964603336,37.99176406860352
2020-06-11,39.603332928587946,41.64561325652617,39.33981022259238,39.64097595214844,8435200,0.0,0,-0.08255285412028834,0.9124796491715156,41.632910346984865,46.35135120224954,36.91446949172019,43.494961848197974,41.67855467392761,34.79437014881473,37.01677153745945,37.392799377441406
2020-06-12,42.6432284653218,42.73734141277016,39.63156747464989,41.15621948242188,8928400,0.0,0,0.03822417319146054,0.9473584293151307,41.81172752380371,46.15441582617039,37.46903922143703,43.570252215517456,41.67855467392761,35.099542551678084,36.238697636433855,39.608036041259766
2020-06-15,38.65277718032293,41.32562582667675,38.44572438688674,40.798583984375,7992100,0.0,0,-0.008689707231239518,0.9391261619213352,41.928429222106935,46.02063621902899,37.83622222518488,43.12320929766463,41.67855467392761,35.099542551678084,36.122222756831235,38.87596893310547
2020-06-16,42.6338178792854,42.991453565925866,41.033872533977046,42.45500183105469,6932400,0.0,0,0.04059988570471118,0.9772545767576455,41.99948558807373,46.07624976033711,37.92272141581035,43.12320929766463,41.67855467392761,36.25896559902171,34.98539156948554,38.46714019775391
2020-06-17,42.34206414192646,42.44558695151172,41.32562704261861,41.42915344238281,5967200,0.0,0,-0.02416319266111755,0.9536409861404916,42.06301307678223,46.06104575902354,38.06498039454091,43.12320929766463,41.67855467392761,36.39640940133698,33.69947690206602,38.2960090637207
2020-06-18,40.96798905582427,42.20088874406469,40.63859015714643,41.83384323120117,7293700,0.0,0,0.009768236982712564,0.9629563772895396,42.07712993621826,46.06977034941056,38.084489523025965,43.12320929766463,41.67855467392761,36.39640940133698,33.69947690206602,37.81113052368164
2020-06-19,43.1985080999636,43.1985080999636,40.82682495034018,41.12799072265625,13702800,0.0,0,-0.01687276267312854,0.9467086428709576,42.07618885040283,46.06972440923633,38.08265329156933,42.37029436072959,41.67855467392761,36.39640940133698,33.69947690206602,37.04101943969727
2020-06-22,40.69505773392963,41.391502105347925,40.14919263022151,40.99622344970703,5009100,0.0,0,-0.003203834435720032,0.9436755451203338,42.0893648147583,46.066612708842904,38.11211692067369,41.946780059541894,42.5914654503141,36.39640940133698,33.69947690206602,37.972755432128906
2020-06-23,41.52326243550581,41.90913124046417,41.02445738255878,41.23151016235352,4962200,0.0,0,0.00573922895447021,0.9490915151325139,42.09595279693603,46.06698641158556,38.124919182286504,40.82211624342517,43.12320929766463,36.39822603458862,32.795602318005834,35.786041259765625
2020-06-24,40.4691855021408,40.62917823316573,38.52101802215903,38.57748794555664,7137200,0.0,0,-0.0643687850953405,0.887999647359138,41.92278213500977,46.18309356748225,37.662470702537284,40.82211624342517,43.12320929766463,36.9911494603202,32.371622308305774,35.54835510253906
2020-06-25,38.26691169217548,39.64098095547696,38.125738667924594,39.58451461791992,5981000,0.0,0,0.026103998108546467,0.9111799884741908,41.87807826995849,46.21696505718861,37.53919148272838,40.66212338394409,42.963216438183565,36.9911494603202,31.369909956433844,34.901851654052734
2020-06-26,39.12334372191454,39.17040018936014,37.79633123494983,37.97514724731445,8399400,0.0,0,-0.040656488683504244,0.8741346095841543,41.79196281433106,46.365193929841794,37.21873169882032,40.49741966745671,42.798512721696184,37.08055722976338,30.79124765180962,35.786041259765625
2020-06-29,38.02221623826114,38.916300100327696,37.57046399214477,38.86924362182617,5764800,0.0,0,0.023544250366927644,0.8947154536866002,41.69361343383789,46.42835788286284,36.95886898481294,40.38448604605418,42.68557910029365,37.113496392306914,30.824186814353155,36.14733123779297
2020-06-30,38.46454673207256,39.84802928963697,37.90927173735162,39.5468635559082,6313900,0.0,0,0.0174333192761571,0.9103133138520305,41.59102878570557,46.41857682387707,36.76348074753407,40.38448604605418,42.68557910029365,37.42332931266715,30.824186814353155,36.17584609985352
2020-07-01,39.85744771511127,40.30920000298324,38.28573892877581,38.34220886230469,5600000,0.0,0,-0.030461447136015507,0.8825838529649158,41.384918785095216,46.39623413428876,36.37360343590167,40.38448604605418,42.68557910029365,37.66909649763549,30.941828844516543,36.413536071777344
2020-07-02,39.358630497557904,40.00801837873052,39.13275801287978,39.32098388671875,4775000,0.0,0,0.025527351017492483,0.9051138807819222,41.24704093933106,46.326452758410824,36.16762912025129,39.73979761630447,42.68557910029365,37.71801600533725,30.941828844516543,37.68753433227539
2020-07-06,40.12096880757505,40.346841351908246,38.9257155240922,39.17982482910156,5825100,0.0,0,-0.0035899167229349604,0.9018645973251427,40.919523048400876,45.627704343690965,36.21134175311079,39.73979761630447,42.68557910029365,38.62407874194794,30.941828844516543,37.75408935546875
2020-07-07,38.72807425267372,39.17982290938488,38.18220904861908,38.24808883666992,5995100,0.0,0,-0.02378101475684946,0.8804173420274733,40.46448020935058,44.26113441782931,36.667826000871855,39.09982111265525,42.68557910029365,39.11550032098019,30.941828844516543,39.608036041259766
2020-07-08,38.19162072389848,39.1233511631421,37.92809799376029,38.62454605102539,4896800,0.0,0,0.009842510457530151,0.8890828589233697,40.107316207885745,43.090023173790215,37.124609241981275,38.9586526720265,42.68557910029365,39.10843997213482,30.941828844516543,38.62876892089844
2020-07-09,38.26690451840072,38.483367148874486,36.03639484856564,36.09286117553711,9189500,0.0,0,-0.06554600983902237,0.8308070251046724,39.75156364440918,42.86595379902902,36.63717348978934,38.191618100236944,41.918544528504086,39.10843997213482,31.016372840542473,38.80941009521485
2020-07-10,36.10228057167984,37.47634980378,35.97052100013312,37.354000091552734,9218300,0.0,0,0.03494150574214916,0.8598366735429852,39.6372148513794,42.92451254755468,36.34991715520412,38.15868117602068,41.88560760428783,39.83111835672409,32.16303179249317,38.69532012939453
2020-07-13,37.76810630589995,38.12573840859239,36.70461267693352,37.32576751708984,5887000,0.0,0,-0.00075581127573221,0.8591867992898333,39.445692253112796,42.80303122670361,36.08835327952198,38.15868117602068,41.88560760428783,39.968562159039365,32.16303179249317,38.343544006347656
2020-07-14,37.11871650388714,38.906891464630974,36.95872375391306,38.87865829467773,4953500,0.0,0,0.04160371992021039,0.8949321662466295,39.34969596862793,42.655660146659365,36.04373179059649,38.15868117602068,41.88560760428783,41.6390938724983,35.27789361008872,37.69704055786133
2020-07-15,39.706861920022085,39.92332459749335,38.63395839247792,39.17041015625,5777100,0.0,0,0.007504164864974516,0.901647884765113,39.1854663848877,42.164918329222004,36.20601444055339,38.15868117602068,41.132692667352785,42.584941627811155,36.722268544328756,36.86038589477539
2020-07-16,38.85983132361938,39.58451253564022,38.26690967920616,39.14217376708984,4655700,0.0,0,-0.0007208601862357389,0.9009979227029822,39.07111740112305,41.865180586405536,36.27705421584056,38.15868117602068,40.70917836616508,42.584941627811155,36.722268544328756,36.28042984008789
2020-07-17,39.31329885531341,39.61753692303927,37.82062970215724,37.99176406860352,6699300,0.42,0,-0.029390541908368983,0.8745171054964268,38.87901344299316,41.39890759300002,36.35911929298631,37.94692279881323,39.584514550048354,42.58675826106279,36.722268544328756,36.9554557800293
2020-07-20,37.99176606466887,38.353050149126425,37.30723218972262,37.392799377441406,6407600,0.0,0,-0.01576564568258898,0.8607297786678069,38.69225387573242,41.06559990549104,36.3189078459738,37.94692279881323,39.584514550048354,42.58675826106279,36.722268544328756,36.93644332885742
2020-07-21,38.12487255484503,40.00735082201941,38.02979950679975,39.608036041259766,7950900,0.0,0,0.05924233276727553,0.9117214186383485,38.622844505310056,40.79300115724158,36.452687853378535,37.98893591107627,39.584514550048354,42.62440344472253,37.332613350055475,35.709983825683594
2020-07-22,39.04710335170208,39.218237770298686,38.3340444831512,38.87596893310547,5158400,0.0,0,-0.01848279241595574,0.8948702609164753,38.50506744384766,40.319044961885155,36.69108992581016,37.98893591107627,39.584514550048354,42.40088198579612,37.332613350055475,36.27092361450195
2020-07-23,38.53369205478637,39.10414120666997,38.248469292246654,38.46714019775391,5953500,0.0,0,-0.010516232690046534,0.885459597025275,38.49955005645752,40.31328150084662,36.685818612068424,38.35598174947647,39.584514550048354,42.40088198579612,38.12000654974197,36.489593505859375
2020-07-24,38.733354538641706,39.32281544813806,38.181920674386944,38.2960090637207,5202600,0.0,0,-0.0044487615443583595,0.8815203984209459,38.43512477874756,40.17960380511124,36.69064575238387,38.48303728796624,39.584514550048354,42.40088198579612,38.12000654974197,36.02372741699219
2020-07-27,37.95374010302439,38.48615862892898,37.49738292087952,37.81113052368164,5312400,0.0,0,-0.012661333436397304,0.8703591747255525,38.42692394256592,40.18159835087698,36.67224953425486,38.657291505871015,39.584514550048354,42.40088198579612,38.12000654974197,35.329689025878906
2020-07-28,37.62097439342478,37.99176431418726,36.88890040485102,37.04101943969727,6188300,0.0,0,-0.020367311776145813,0.8526322980566882,38.335512733459474,40.17776306474947,36.49326240216948,38.44812561343522,38.93982612029865,42.0244245173286,38.12000654974197,34.588104248046875
2020-07-29,37.05053521343745,37.972755432128906,36.69875693881879,37.972755432128906,6305200,0.0,0,0.025154167097061197,0.8740795533543574,38.25680732727051,40.01713588235312,36.4964787721879,38.3530538804191,38.93982612029865,42.26912275492799,38.12000654974197,34.217315673828125
2020-07-30,36.242398425059896,36.57516135151496,34.13174698892446,35.786041259765625,13421000,0.0,0,-0.05758639707544355,0.823744461119367,38.12899894714356,40.19431485019458,36.063683044092535,37.06954890547193,37.3804626110451,41.9726627705449,38.12000654974197,34.09371566772461
2020-07-31,35.225101656259035,35.74801068285203,34.901848209979015,35.54835510253906,7719900,0.0,0,-0.006641867858510397,0.8182732592594324,37.94036750793457,40.21652517467674,35.664209841192395,37.06954890547193,37.23929417041636,41.9726627705449,38.12000654974197,32.38237762451172
2020-08-03,35.43427021423014,35.54835861040932,34.88283631688875,34.901851654052734,8064700,0.0,0,-0.018186592505377353,0.8033916569352341,37.726468849182126,40.28615543604812,35.16678226231613,36.72728121853126,37.23929417041636,41.81266991106383,38.12000654974197,32.76267623901367
2020-08-04,34.85431159393929,36.19486190036756,34.67367134938667,35.786041259765625,5808100,0.0,0,0.02533360162311671,0.8237444611193669,37.603366470336915,40.28608852404931,34.92064441662452,36.72728121853126,37.23929417041636,41.64796619457645,38.12000654974197,31.298526763916016
2020-08-05,36.603688477096014,36.78432875094359,35.85259893401592,36.14733123779297,7315000,0.0,0,0.010095835284064991,0.8320608495149889,37.479505729675296,40.19110389879999,34.767907560550604,36.72728121853126,37.23929417041636,41.535032573173915,38.12000654974197,31.47916984558105
2020-08-06,35.78604079950288,36.53713021111645,35.75751961041517,36.17584609985352,6588700,0.0,0,0.0007888511014262356,0.8327172216325824,37.48365497589111,40.186903995838776,34.78040595594345,36.30895280892672,37.23929417041636,41.535032573173915,38.73967239046246,31.868974685668945
2020-08-07,36.004715394615495,36.49910327459738,35.51032751463361,36.413536071777344,4445300,0.0,0,0.006570405327016804,0.8381885113014957,37.436631774902345,40.18012462295271,34.69313892685198,36.061755651555856,37.23929417041636,41.535032573173915,38.99592270007237,32.13518142700195
2020-08-10,36.61319137804159,37.71605552405352,36.55614899448532,37.68753433227539,5612600,0.0,0,0.034986941613876166,0.867514163807823,37.45472011566162,40.199838162474336,34.70960206884891,36.052251210526684,37.23929417041636,41.21268835829906,39.093761715475885,33.35213851928711
2020-08-11,38.57173077167483,39.12316470420636,37.63049509622268,37.75408935546875,7975900,0.0,0,0.0017659691559168689,0.8690461670634286,37.39849166870117,40.06889413658231,34.72808920082003,36.62745584656541,37.06954890547193,41.21268835829906,39.99297641231078,34.31238555908203
2020-08-12,38.38157413673244,39.62705137622968,38.267485753717246,39.608036041259766,11822500,0.0,0,0.04910585098041742,0.9117214186383483,37.42037296295166,40.155588927288015,34.685156998615305,37.15036136280818,37.06954890547193,40.89270010647445,40.05820247480064,34.10322189331055
2020-08-13,39.12315673762625,39.769663603593074,38.61925944024363,38.62876892089844,8286400,0.0,0,-0.024723950446349452,0.8891800634630583,37.39470272064209,40.07324195550681,34.716163485777365,37.22166747648987,37.06954890547193,40.82211588616008,40.05820247480064,32.6676025390625
2020-08-14,38.2389645535011,38.98054448308982,37.99176882576866,38.80941009521485,3349800,0.0,0,0.004676337852917767,0.8933381698518904,37.43558502197266,40.17427051547431,34.696899528471015,37.22166747648987,37.06954890547193,40.05508131437051,40.05820247480064,32.61055374145508
2020-08-17,38.74285665145881,38.96152755439778,37.94423074964492,38.69532012939453,6089300,0.0,0,-0.0029397500642347474,0.890711978909685,37.50071105957032,40.29422816626148,34.70719395287916,37.639995559113345,37.06954890547193,40.02214439015425,41.400033802793786,31.298526763916016
2020-08-18,38.61925727420149,39.29428891746795,38.15339429876279,38.343544006347656,5711500,0.0,0,-0.009090921637824878,0.8826145861075452,37.43748645782471,40.089526317490275,34.78544659815915,37.639995559113345,37.06954890547193,40.02214439015425,41.674921407424335,31.945030212402344
2020-08-19,38.13438238577089,38.334037964581206,37.57344269282451,37.69704055786133,4526200,0.0,0,-0.016860816214049,0.867732983783347,37.37854003906251,39.95040877872852,34.80667129939649,37.639995559113345,37.06954890547193,40.02214439015425,41.674921407424335,32.04010772705078
2020-08-20,37.136102828744,37.373789090412544,36.82235522247533,36.86038589477539,3943200,0.0,0,-0.022194173619590973,0.8484743672858136,37.29820232391358,39.8286349905396,34.76776965728756,38.16290629903919,37.06954890547193,39.64568692168673,41.674921407424335,32.04961395263672
2020-08-21,36.736787014747584,36.89841555418372,36.08077425620011,36.28042984008789,5034200,0.0,0,-0.0157338573812843,0.8351245925992632,37.19742336273194,39.72134011227791,34.67350661318597,37.92521892989659,37.06954890547193,39.43392977109288,41.674921407424335,30.861183166503903
2020-08-24,36.45156210907504,37.61147212714023,36.21387586778656,36.9554557800293,5357400,0.0,0,0.01860578672625146,0.8506627426590128,37.15463962554932,39.66430887313344,34.6449703779652,37.92521892989659,37.06954890547193,38.765718674430794,41.67855467392761,31.222469329833984
2020-08-25,37.46886185655504,37.50689252856297,36.55614748919157,36.93644332885742,4160600,0.0,0,-0.0005144694002705563,0.8502251027079645,37.14941082000733,39.66045545596568,34.638366184048984,37.92521892989659,37.06954890547193,38.765718674430794,41.67855467392761,30.832664489746094
2020-08-26,36.91743042172129,37.04102466152982,35.67195315490972,35.709983825683594,6753300,0.0,0,-0.033204591255694305,0.8219937256972158,37.03627223968506,39.59272413216024,34.47982034720988,37.483121036188834,36.95070529625877,38.78672523056231,41.67855467392761,31.44113540649414
2020-08-27,35.90963949487519,36.39451785461279,35.6529379067302,36.27092361450195,6231600,0.0,0,0.015708206185602203,0.8349057726237391,37.06051635742188,39.577551482303804,34.54348123253996,37.47361341209908,36.95070529625877,38.78672523056231,41.67855467392761,32.59153747558594
2020-08-28,36.442056982014456,36.56565121865039,36.01422101380161,36.489593505859375,5058100,0.0,0,0.006028793026654267,0.8399392467236465,37.1075782775879,39.54275402696774,34.67240252820805,37.47361341209908,36.95070529625877,38.97024814976241,41.67855467392761,31.659809112548828
2020-08-31,36.46106924591911,36.55614592186258,35.719489307581775,36.02372741699219,6165700,0.0,0,-0.012767094508531085,0.8292156629793013,37.16367206573487,39.43769436056405,34.88964977090569,36.99348793565571,36.95070529625877,39.0337759190073,41.67855467392761,32.63907241821289
2020-09-01,35.57688116486538,35.748015579088644,34.8162857832091,35.329689025878906,6267700,0.0,0,-0.01926614597871701,0.8132398729685034,37.140854454040536,39.478675321372506,34.803033586708565,36.213878955174664,36.95070529625877,39.120903027959685,41.67855467392761,33.779964447021484
2020-09-02,35.17756513480047,35.33919004455373,34.588104248046875,34.588104248046875,7441600,0.0,0,-0.020990413396756002,0.7961696318441692,37.062893104553225,39.62391321183533,34.50187299727112,36.09978818759355,36.95070529625877,38.693975866866936,41.67855467392761,33.39967727661133
2020-09-03,34.25534271915498,35.0539686998912,34.07470246673774,34.217315673828125,8733400,0.0,0,-0.010720118441868265,0.7876345990909811,36.96496658325195,39.793065487748734,34.136867678755166,35.84308729693899,36.9221830351654,38.64644000035887,41.88560760428783,33.83702087402344
2020-09-04,34.569088159183565,34.88283211760824,33.91307179981547,34.09371566772461,8285300,0.0,0,-0.003612206383508121,0.7847895003642728,36.848975563049315,39.939141300262904,33.758809825835726,35.70998216418922,36.84136770170427,37.22500575825852,40.96622059868349,33.1619873046875
2020-09-08,33.56129945243803,33.56129945243803,32.07813949944658,32.38237762451172,9338600,0.0,0,-0.050195116891672775,0.7453968996581306,36.58371772766113,40.210865513936845,32.95656994138542,34.5595820804882,35.923901551519826,37.154421537944145,40.96622059868349,32.829227447509766
2020-09-09,33.13346625862868,33.13346625862868,32.53449943931437,32.76267623901367,6440000,0.0,0,0.011743999125440663,0.7541508401958219,36.33414707183838,40.28122412350397,32.38707002017279,34.32189535904848,35.923901551519826,36.98328769447381,40.96622059868349,33.656368255615234
2020-09-10,32.734153887339204,32.81972109089956,31.241484379412256,31.298526763916016,8582800,0.0,0,-0.044689556628898064,0.7204481735161596,35.91867160797119,40.14256263749171,31.694780578450676,33.90356779903132,35.505573991502665,36.98328769447381,40.96622059868349,32.50144958496094
2020-09-11,31.260498914714336,31.79291383271866,31.032318502137755,31.47916984558105,6769100,0.0,0,0.005771616121986289,0.7246063238094811,35.561191654205324,40.01365988689213,31.108723421518516,33.79423221200017,35.400991052865415,36.98328769447381,40.96622059868349,31.471643447875977
2020-09-14,31.60276723078917,32.20173400426867,31.38409267650413,31.868974685668945,5436000,0.0,0,0.012382945357201525,0.7335790843226966,35.214169883728026,39.681894046650406,30.746445720805646,33.3901670406132,35.400991052865415,36.77412348967154,40.96622059868349,31.35615539550781
2020-09-15,32.06862956475977,32.53449622725959,31.95454117617379,32.13518142700195,8333400,0.0,0,0.008353163035794697,0.7397067900136931,34.8861629486084,39.24415216131522,30.528173735901582,33.185754273345744,35.400991052865415,36.65052491098611,40.96622059868349,29.48902702331543
2020-09-16,32.43942050330091,33.779970895787834,31.992572790341654,33.35213851928711,9240700,0.0,0,0.0378699306568282,0.7677194348578966,34.63659267425537,38.73526699439633,30.537918354114407,33.04314360101448,35.400991052865415,36.64577269047152,40.96622059868349,30.711320877075195
2020-09-17,32.70562789134066,34.331400893391915,32.47744750642622,34.31238555908203,13147700,0.0,0,0.02879116849552621,0.7898229744641805,34.467359924316405,38.315839461621515,30.618880387011295,32.95757530987299,35.400991052865415,36.84850237601867,40.96622059868349,31.31765365600586
2020-09-18,34.03667003392557,34.6546557302768,33.6563742126977,34.10322189331055,12409800,0.0,0,-0.0060958648710486285,0.7850083203397972,34.329501724243165,38.01771264269725,30.641290805789083,32.84348711620728,35.400991052865415,37.10995513414005,40.96622059868349,29.181047439575195
2020-09-21,33.095438563650696,33.352140178403616,32.41090092430958,32.6676025390625,11316000,0.0,0,-0.04209629690529759,0.7519623770136441,34.14886035919189,37.79026353162666,30.507457186757133,32.84348711620728,35.163303709802854,37.1456081909809,40.96622059868349,29.123300552368164
2020-09-22,32.64858441301563,33.09543573684097,32.33483681284776,32.61055374145508,7963000,0.0,0,-0.001746341732277612,0.7506491937335625,33.93161525726318,37.38918452618698,30.474045988339384,32.84348711620728,35.163303709802854,37.1456081909809,40.96622059868349,27.70852279663086
2020-09-23,32.66760202088168,32.88627295735709,31.26049971651508,31.298526763916016,7714500,0.0,0,-0.04023320143353448,0.7204481735161599,33.649719429016116,36.997806696559195,30.301632161473034,32.84348711620728,35.163303709802854,37.35477223229264,40.96622059868349,28.06462287902832
2020-09-24,31.19394442669422,32.57252176071297,30.861181504120754,31.945030212402344,7084000,0.0,0,0.020656034495261988,0.7353297758403582,33.461471748352054,36.74715461576801,30.175788880936096,32.757918617198776,34.59760973435098,37.35477223229264,40.96622059868349,27.54490852355957
2020-09-25,31.46015268768104,32.31582465180105,31.355570155754773,32.04010772705078,5240900,0.0,0,0.0029762850126064944,0.7375183268315152,33.249930953979494,36.320329507424525,30.179532400534463,32.757918617198776,34.23632681563049,37.35477223229264,40.96622059868349,29.094425201416016
2020-09-28,32.648584334458604,33.02888379554015,31.96404675523359,32.04961395263672,8958400,0.0,0,0.0002966976786382691,0.7377371468070393,33.02793197631836,35.74772968191799,30.30813427071873,32.757918617198776,34.23632681563049,37.61622760225556,40.21330566174845,28.208988189697266
2020-09-29,32.05912394941032,32.11616633072667,30.58546623412653,30.861183166503903,6662600,0.0,0,-0.03708097039449809,0.710381137507366,32.76980476379394,35.2723023844831,30.267307143104787,32.620060982201665,34.09846918063338,37.49738391768426,39.789791360560756,29.238792419433597
2020-09-30,31.11788678820772,31.650305351575653,30.94675237951105,31.222469329833984,8111700,0.0,0,0.01170681504273019,0.718697438094009,32.564443778991695,34.85597110181068,30.27291645617271,32.620060982201665,34.04617938134475,37.49738391768426,38.66512754444403,28.988563537597656
2020-10-01,30.64251474064414,31.12739678219436,30.12911331951271,30.832664489746094,7929600,0.0,0,-0.012484753719188446,0.7097246775807936,32.37667179107665,34.58730333845122,30.166040243702085,31.740626748958164,33.585068990521265,37.49738391768426,38.66512754444403,28.09349632263184
2020-10-02,30.02452563958496,31.65030045740291,29.900929593195126,31.44113540649414,7069100,0.0,0,0.019734619982337387,0.7237308243849375,32.23786277770996,34.31173028544279,30.16399526997712,31.49818266501805,33.23329040592276,37.216913166223804,38.66512754444403,32.126102447509766
2020-10-05,31.907003541053346,32.62006229184455,31.59325594983912,32.59153747558594,5652500,0.0,0,0.0365890752423077,0.7502114659735354,32.162753868103025,34.06197109950341,30.263536636702636,31.46490669436764,33.23329040592276,37.21215935417892,38.66512754444403,34.195335388183594
2020-10-06,33.161988016895386,33.35213775029178,31.48867471517252,31.659809112548828,6645600,0.0,0,-0.028588045707725773,0.728764386293824,32.12662544250488,34.03532653900132,30.21792434600844,31.626533671743452,33.228537757528855,37.21215935417892,38.66512754444403,33.95472717285156
2020-10-07,31.821431267504288,32.829218486634986,31.67881808938394,32.63907241821289,6633200,0.0,0,0.030930802588949202,0.751305653660135,32.120445251464844,34.02157198757731,30.219318515352377,31.626533671743452,32.82447258614189,36.97209661595724,38.66512754444403,32.73243713378906
2020-10-08,32.80069838058419,33.86553163134734,32.61054867910408,33.779964447021484,6758800,0.0,0,0.034954793267101714,0.7775673874642297,32.244517135620114,34.237573823596854,30.251460447643378,31.883230612271234,32.62005981887443,36.58229212571672,38.66512754444403,34.0317268371582
2020-10-09,34.16977850716406,34.1983033271583,33.12396031976426,33.39967727661133,6382000,0.0,0,-0.01125777296203423,0.7688137103534753,32.340542507171634,34.36201585996868,30.31906915437459,32.049616460176715,32.477449146543165,36.52524674192616,38.02043911469431,36.64955139160156
2020-10-12,33.34263294852713,34.07470716742714,33.019379444425894,33.83702087402344,7214600,0.0,0,0.013094246204539361,0.7788807463622691,32.438944816589355,34.54963878467521,30.328250848503497,32.049616460176715,32.39188085540168,36.3826351660522,37.991916853600955,37.390621185302734
2020-10-13,33.77996939144798,34.226820711311966,32.99085291098659,33.1619873046875,8121000,0.0,0,-0.019949556784242706,0.7633424206845617,32.490285110473636,34.61899752864979,30.361572692297482,32.063875152253544,32.277792661735965,36.27567493294674,37.2711250164906,37.708229064941406
2020-10-14,32.363364375191075,33.77997255634519,32.363364375191075,32.829227447509766,9817400,0.0,0,-0.0100343762308448,0.755682755642449,32.46413955688477,34.56216138617692,30.366117727592616,32.063875152253544,32.277792661735965,35.24174181600401,36.212490425677416,37.98733139038086
2020-10-15,32.201726207143324,33.72292010322073,32.01157651678319,33.656368255615234,8633700,0.0,0,0.025195256556919343,0.7747223765465003,32.431338691711424,34.42985237950459,30.432825003918264,32.85774771324225,32.277792661735965,35.12289845528416,36.212490425677416,38.16057586669922
2020-10-16,33.502383457218386,33.65637300130412,32.48220043302518,32.50144958496094,8312900,0.43,0,-0.03431501170544771,0.7481377691268349,32.351250076293944,34.19623097610003,30.50626917648786,32.85774771324225,32.277792661735965,34.704570895267,35.794162865660255,41.10562133789063
2020-10-19,32.83830017653063,32.915296783362024,31.452394296168126,31.471643447875977,21684100,0.0,0,-0.031684929448853594,0.7244330766940285,32.29145212173462,34.169135651465545,30.4137685920037,32.83960750374005,32.277792661735965,34.59761163243279,35.689579927023004,42.74176406860352
2020-10-20,31.673757252461964,31.80849765670922,30.865311155577768,31.35615539550781,19243000,0.0,0,-0.003669590771751108,0.7217747037610408,32.22873220443725,34.1434309312345,30.314033477640002,32.546065933444865,32.277792661735965,34.39557904673931,35.689579927023004,41.99106979370117
2020-10-21,30.96155235775026,31.19253852364227,29.43128139969256,29.48902702331543,19210200,0.0,0,-0.05954583234588351,0.6787960282593861,32.13825721740723,34.36887371948025,29.90764071533421,31.829051055502262,32.042968564984676,34.29337266310558,35.689579927023004,41.172996520996094
2020-10-22,29.469779866083996,30.76906650101192,29.325413052691744,30.711320877075195,15029400,0.0,0,0.04144910758816711,0.70693151786513,32.076571750640866,34.39268950260796,29.76045399867377,31.776116882001855,31.990034391484272,34.22206732693995,35.689579927023004,38.07395553588867
2020-10-23,31.057795617121457,31.943234560223647,30.72094280771946,31.31765365600586,15335200,0.0,0,0.01974297300196115,0.7208884477365767,32.04044904708862,34.380386747994294,29.70051134618295,31.776116882001855,31.990034391484272,34.1792831813692,35.51983466207858,37.79484939575195
2020-10-26,30.56695523378016,30.73056936112172,28.950063113157743,29.181047439575195,11522800,0.0,0,-0.06822370027778002,0.6717067703444823,31.897020721435545,34.55130799595485,29.24273344691624,31.36501783475147,31.588441912234856,34.122239084536346,35.51983466207858,38.46855163574219
2020-10-27,29.02705662828139,29.53714814095118,28.83456878010784,29.123300552368164,13017800,0.0,0,-0.001978917560331084,0.6703775180212543,31.81012659072876,34.70033701865223,28.919916162805293,31.278744441664287,31.5306947457099,34.003395413005066,35.51983466207858,39.65234375
2020-10-28,28.25711081454896,28.690205748626276,27.47753662894928,27.70852279663086,15274500,0.0,0,-0.04857889486781619,0.6378113190515523,31.634429264068604,35.03444788409682,28.234410644040384,30.5669548151267,30.852178670130623,34.003395413005066,35.51983466207858,42.60702133178711
2020-10-29,27.063690776427872,28.093496608837096,26.495853606757315,28.06462287902832,15560100,0.0,0,0.012851644420422081,0.6460082433313232,31.496027183532714,35.22822487370492,27.76382949336051,29.70557519505967,30.36133715903464,34.003395413005066,35.51983466207858,41.21149826049805
2020-10-30,27.84326305470374,27.88175952531898,26.59209563495349,27.54490852355957,15681700,0.0,0,-0.018518487054287602,0.634045148040229,31.301215839385986,35.41602701543131,27.18640466334066,29.219544083490483,30.36133715903464,33.67776417577488,35.434266163070085,41.07675552368164
2020-11-02,28.31485294763145,29.402404272753127,27.439036775129026,29.094425201416016,13762900,0.0,0,0.056254195817390995,0.6697128479551507,31.12636022567749,35.3044040840505,26.948316367304482,29.219544083490483,30.36133715903464,33.49712271641464,35.434266163070085,41.09600067138672
2020-11-03,29.56602229982547,29.585271453258567,28.045374056916547,28.208988189697266,12131300,0.0,0,-0.03043321892730355,0.6493313302349036,30.95381917953491,35.312600576341154,26.595037782728667,29.219544083490483,30.36133715903464,33.49712271641464,35.434266163070085,42.34716796875
2020-11-04,28.478469257821207,29.46977857647301,28.112742705592293,29.238792419433597,15178400,0.0,0,0.03650624484689757,0.6730359787632207,30.783805179595948,35.13151260083537,26.436097758356524,29.219544083490483,30.36133715903464,33.35926508141752,35.29640852807297,41.84669494628906
2020-11-05,28.969314383397503,29.74888677150002,28.911568756497413,28.988563537597656,10316600,0.0,0,-0.008558112737570678,0.6672760609805238,30.544235134124754,34.728378700843756,26.360091567405753,28.613211483939516,30.36133715903464,33.33312018177321,35.29640852807297,40.73027420043945
2020-11-06,28.998184485686725,29.49865144973854,27.698897864433363,28.09349632263184,10484500,0.0,0,-0.030876563228285914,0.6466728694929371,30.278926086425788,34.376270588706156,26.18158158414542,28.122370189128667,30.36133715903464,32.662847869739714,35.06823207076606,41.1922492980957
2020-11-09,31.91436543346764,33.52163484920452,31.635258218848573,32.126102447509766,17614500,0.0,0,0.14354233729282395,0.7394978046438107,30.1933801651001,34.05198033739002,26.334779992810176,30.008744227980916,30.36133715903464,32.365736535470404,34.8352965983941,40.73027420043945
2020-11-10,33.059661096599974,34.204961800082,32.328211662539545,34.195335388183594,20650600,0.0,0,0.06440970995640405,0.787128643754316,30.245047569274902,34.28662827222764,26.203466866322167,30.35040770341966,30.36133715903464,32.3490985501452,34.8352965983941,40.39342498779297
2020-11-11,34.60918368188208,34.840169843881284,33.74299383503615,33.95472717285156,17225000,0.0,0,-0.00703628762814168,0.7815901802165116,30.301322555541994,34.514851419338115,26.087793691745873,30.71613273941739,30.6680117253193,32.42753571463615,34.8352965983941,39.440616607666016
2020-11-12,33.30027435391858,33.88736072896446,32.33783863650589,32.73243713378906,10944500,0.0,0,-0.0359976398231755,0.7534547784197468,30.255125999450684,34.33731755294161,26.172934445959754,31.139603309505155,30.6680117253193,32.22550312894267,34.8352965983941,38.72840881347656
2020-11-13,33.059664727094805,34.22421471085995,32.96342262594435,34.0317268371582,11997500,0.0,0,0.03969425490862433,0.7833626044564613,30.33163986206055,34.633284047851035,26.029995676270065,31.269533854157324,30.6680117253193,32.251645215572836,34.8352965983941,37.56386184692383
2020-11-16,35.56199807681468,36.69767243992297,35.03265920247792,36.64955139160156,18701200,0.0,0,0.07692305967809543,0.843621252828654,30.590535259246828,35.693566661840315,25.48750385665334,32.198285152178165,31.59676302334014,32.26353280335994,34.8352965983941,38.57442474365234
2020-11-17,36.11058376033474,37.660105646927896,35.841102970109986,37.390621185302734,14466800,0.0,0,0.02022043287195574,0.860679639740831,30.89225854873657,36.80019850720639,24.984318590266753,32.67950175568063,32.077979626842605,32.2207486577892,34.8352965983941,38.00658416748047
2020-11-18,37.49649204706945,39.33474399191961,37.198139345232406,37.708229064941406,23319600,0.0,0,0.00849431941942469,0.867990527518585,31.303218650817872,37.8770981332021,24.729339168433647,33.516820928176486,32.91529879933846,32.17083390699476,34.8352965983941,37.82371520996094
2020-11-19,37.255878334553714,38.12207177661213,36.93827652006575,37.98733139038086,12504100,0.0,0,0.007401629096895013,0.8744150714628958,31.667019176483155,38.8533359979418,24.480702355024512,35.48500110538409,32.91529879933846,32.17083390699476,34.8352965983941,37.60236358642578
2020-11-20,37.83334759133456,38.43005668003457,37.66973161795187,38.16057586669922,12037800,0.0,0,0.004560585594655109,0.8784029162415588,32.00916528701782,39.733844348822544,24.2844862252131,35.83147782722958,32.91529879933846,32.5677701874891,34.8352965983941,38.50704574584961
2020-11-23,38.84389927063446,41.23073898701296,38.75727992453442,41.10562133789063,14643900,0.0,0,0.0771750793666981,0.9461937310184401,32.6053939819336,41.16963679194458,24.04115117192262,36.784288811759424,33.86329629688514,32.5677701874891,34.8352965983941,38.48780059814453
2020-11-24,42.424162235531725,43.65607860618661,42.13542862368416,42.74176406860352,15439200,0.0,0,0.039803381568270124,0.9838554411316722,33.286317157745366,42.76228377220163,23.8103505432891,37.99695862134625,35.07596610647197,32.55870008273801,34.8352965983941,38.08358001708984
2020-11-25,42.34716996771016,42.770640345682985,41.73121171924032,41.99106979370117,15644800,0.0,0,-0.01756348366196192,0.9665755121656238,34.000444507598885,43.83719548339469,24.163693531803084,38.30975061606548,35.07596610647197,32.41192929759042,34.8352965983941,40.26830673217773
2020-11-27,41.76970927593857,42.26054984904215,40.80727361217409,41.172996520996094,4694000,0.0,0,-0.019482077420847066,0.9477446132045182,34.65586318969727,44.57061804603748,24.741108333357058,39.34436890433227,35.07596610647197,31.93600981024347,34.60047250164281,41.87557601928711
2020-11-30,40.35492699241664,40.4607955010632,38.05470638237106,38.07395553588867,20248600,0.0,0,-0.07526877436591417,0.8764090377567167,35.18231554031372,44.633242647953786,25.73138843267366,39.7485907881483,35.07596610647197,31.883075636743065,34.54753832814241,43.02087020874024
2020-12-01,39.3636205739084,39.41174162337562,37.74672834628473,37.79484939575195,12424900,0.0,0,-0.007330631561872525,0.8699844060034271,35.617336750030525,44.69704732378775,26.5376261762733,40.29717756312618,35.07596610647197,31.883075636743065,34.54753832814241,43.02087020874024
2020-12-02,37.70822663991741,39.4309872239557,37.37137565260284,38.46855163574219,12460200,0.0,0,0.017825239437677443,0.8854920863474838,36.13031492233277,44.611106578916996,27.64952326574855,40.29717756312618,35.07596610647197,31.476729873493163,34.35986335837541,43.65607833862305
2020-12-03,38.545541444836125,40.5666582188658,38.141320292870255,39.65234375,16215400,0.0,0,0.03077298374701276,0.9127413199287633,36.650992488861085,44.63428948140279,28.667695496319382,40.513727129394724,35.07596610647197,31.404719593687094,34.0644288487879,45.6386947631836
2020-12-04,40.701399423933765,42.68401426501947,40.52816073491071,42.60702133178711,12730500,0.0,0,0.07451457599620737,0.9807538523774737,37.33191537857056,44.89230663528607,29.771524121855045,40.513727129394724,35.07596610647197,30.70956674262866,33.38591277320862,45.26334381103516
2020-12-07,41.72158802992183,41.80820739372974,40.92276827160536,41.21149826049805,10586100,0.0,0,-0.032753359133508075,0.9486308692289828,37.98781547546387,44.40704433684818,31.568586614079557,40.513727129394724,35.12408712057005,30.033456177047157,32.89507126211264,46.07179641723633
2020-12-08,40.42229896107597,41.80820503232286,40.1335689884913,41.07675552368164,10575500,0.0,0,-0.0032695423001779522,0.945529280474784,38.43534812927246,44.38334127266795,32.487354985876976,40.071007999142914,35.54755769065782,29.79044062126256,32.41494578566926,43.42509460449219
2020-12-09,41.65421140777423,41.86594841368005,40.15281422815232,41.09600067138672,10773100,0.0,0,0.00046851674285663947,0.9459722767735477,38.78038139343262,44.49821560555167,33.06254718131357,40.02769495881115,35.67748823530999,29.79044062126256,32.05366286694877,44.27204132080078
2020-12-10,41.00938302261586,42.558904983441934,40.855393467767335,42.34716796875,14997800,0.0,0,0.030444989218486374,0.9747723925409053,39.200003433227536,44.66310335178938,33.73690351466569,40.02769495881115,35.67748823530999,29.79044062126256,32.05366286694877,43.65607833862305
2020-12-11,41.87556683633538,42.173923161947535,41.54833862067691,41.84669494628906,14242300,0.0,0,-0.011818335120550638,0.9632522057395959,39.65571632385254,44.34234998300493,34.969082664700146,40.02769495881115,35.67748823530999,29.79044062126256,32.05366286694877,41.56759262084961
2020-12-14,42.42416290835438,42.58777519768911,40.67252674287402,40.73027420043945,17094500,0.0,0,-0.02667882725941806,0.9375537665354158,39.990643692016604,43.90845910667205,36.07282827736116,40.02769495881115,35.67748823530999,29.487274321487078,32.00137306766014,41.08637237548828
2020-12-15,41.05750888074106,41.36548802652338,40.14319418546186,41.1922492980957,9853600,0.0,0,0.011342302666139892,0.9481877851212399,40.21777858734131,43.84759532358139,36.58796185110123,40.412667278944866,37.645668412517594,29.241853674081653,31.768439134143566,40.980506896972656
2020-12-16,41.24036389236589,41.32698324301382,40.54741275858291,40.73027420043945,9311000,0.0,0,-0.01121509763434081,0.9375537665354159,40.38476123809814,43.77590518711795,36.99361728907834,41.40879162675539,37.99214513436308,30.18504069350778,31.53075241270385,40.11431503295898
2020-12-17,41.16337276555373,41.16337276555373,40.05657031093472,40.39342498779297,9294200,0.0,0,-0.008270241712314608,0.929799970267877,40.51902103424072,43.677902236886936,37.36013983159451,41.322172754311914,37.99695862134625,30.355872431227148,31.53075241270385,39.12301254272461
2020-12-18,40.41267877147676,40.61478939790833,39.20000767008528,39.440616607666016,20819300,0.0,0,-0.023588204773794086,0.9078676581705306,40.59168529510498,43.57436739781622,37.60900319239374,40.89389143388719,37.99695862134625,30.692072232368346,31.525999764309947,39.56573486328125
2020-12-21,37.92958553096608,39.38286162104376,37.46761689958907,38.72840881347656,10998100,0.0,0,-0.01805772463635935,0.8914736339930307,40.620076942443845,43.518368698982115,37.721785185905574,40.027696048639086,38.30975061606548,30.903807517412226,31.12193459292298,38.52629470825195
2020-12-22,38.68991345462948,38.76690639668593,37.41949870379274,37.56386184692383,9189600,0.0,0,-0.03006957946972244,0.864667396710515,40.44298896789551,43.62326493451884,37.262713001272175,40.003636950740926,39.34436890433227,30.96877278973831,30.917521825655523,39.18075180053711
2020-12-23,37.92959091342799,39.18075659321453,37.85259796630616,38.57442474365234,6137600,0.0,0,0.026902529373754147,0.8879291367490472,40.23462200164795,43.32914854859905,37.14009545469685,40.003636950740926,39.7485907881483,31.89752408775915,31.59676302334014,39.43098831176758
2020-12-24,38.50704745797172,38.50704745797172,37.496490793425096,38.00658416748047,3530300,0.0,0,-0.014720649237039085,0.8748582433796175,40.03539772033692,43.165176968213984,36.90561847245985,40.003636950740926,40.29717756312618,32.37874069126162,32.077979626842605,41.58684158325195
2020-12-28,38.07395050119954,38.94976667773435,37.63122737163897,37.82371520996094,6178200,0.0,0,-0.0048115073091993255,0.8706488565470831,39.867933654785155,43.09430489449393,36.64156241507638,39.39249336515806,40.29717756312618,33.21605986375747,32.91529879933846,42.35679244995117
2020-12-29,37.88147082858683,38.439681641508,37.31363360240442,37.60236358642578,7003100,0.0,0,-0.005852191470521184,0.8655536527349793,39.84435405731201,43.12982277989317,36.55888533473085,39.32030842270912,40.48485610429552,34.20014995236127,32.91529879933846,42.75138473510742
2020-12-30,37.52536469004131,38.53592130965599,37.35212599280447,38.50704574584961,6268900,0.0,0,0.02405918333682644,0.88637816675399,39.879963874816895,43.08955584559232,36.67037190404147,39.23850318397908,40.48485610429552,34.37338831328402,32.91529879933846,45.022735595703125
2020-12-31,38.41080398919522,38.77653053890368,38.12207404843608,38.48780059814453,7612500,0.0,0,-0.0004997825029761094,0.8859351704552263,39.880926322937015,43.08881745765124,36.67303518822279,38.96421150015638,40.48485610429552,35.32379255432228,33.86329629688514,45.11898040771485
2021-01-04,38.97864550385336,39.12301232613166,37.70823068484724,38.08358001708984,8597600,0.0,0,-0.01050256379353054,0.8766305798105879,39.8024881362915,43.10525746858924,36.499718803993765,38.34824761172409,40.0421369740437,36.53646236390911,35.07596610647197,45.4750862121582
2021-01-05,38.72841119938722,41.259614251949095,38.49742503376837,40.26830673217773,12393600,0.0,0,0.057366631868839724,0.9269199235675494,39.68555240631103,42.73621802509055,36.634886787531514,39.28662392717676,39.99882393371195,36.69285836126872,35.07596610647197,45.105995178222656
2021-01-06,40.93238946647416,42.2990500802976,40.3453030974557,41.87557601928711,11035300,0.0,0,0.03991400228967268,0.9639170075191678,39.71875629425048,42.849418193970976,36.58809439452999,39.80634184135101,39.99882393371195,37.21016750540212,35.07596610647197,45.80531692504883
2021-01-07,42.395285627016825,43.299977401903,41.962188891316025,43.02087020874024,9648200,0.0,0,0.02734993278482012,0.9902800728849619,39.81596202850342,43.2210507802633,36.410873276743544,40.30680550215371,40.30680550215371,37.41227844731013,35.07596610647197,47.44676971435547
2021-01-08,43.309600142074,43.77156876968809,42.53002601781256,43.02087020874024,9448700,0.0,0,0.0,0.9902800728849619,39.91220550537109,43.55948691203161,36.26492409871057,40.542601186046255,40.542601186046255,37.686571834799075,35.07596610647197,47.94212341308594
2021-01-11,42.44340745621665,43.992929321846844,41.68308614102574,43.65607833862305,10839600,0.0,0,0.014765115786843364,1.004901672822512,39.977651023864745,43.84036476145982,36.11493728626967,40.65328146212563,40.65328146212563,37.686571834799075,35.07596610647197,46.32009506225586
2021-01-12,44.29128711499819,45.87930366515247,44.00255716691564,45.6386947631836,13013700,0.0,0,0.045414441700011965,1.0505387212571544,40.16725101470947,44.70029935765052,35.63420267176842,41.61571482897847,41.59646863377844,37.794846617933345,35.07596610647197,47.02912139892578
2021-01-13,45.57132290059939,45.68681781273624,44.849496221045655,45.26334381103516,11839900,0.0,0,-0.008224401554341343,1.0418986689651513,40.393904495239255,45.446388122524375,35.341420867954135,41.79376717499986,41.59646863377844,37.794846617933345,35.07596610647197,49.41846084594727
2021-01-14,45.63869961338538,46.47602132463084,45.01311860462368,46.07179641723633,12857900,0.0,0,0.017861088866440777,1.060508113681364,40.63788185119629,46.2660515953819,35.00971210701068,42.09212600473904,41.89482746351763,37.81890712498239,35.07596610647197,50.60341262817383
2021-01-15,45.50395541876573,45.50395541876573,42.857257435846144,43.42509460449219,30004600,0.0,0,-0.05744733261049828,0.9995847513385787,40.77262287139892,46.53212572918097,35.01312001361688,42.48672317919961,41.89482746351763,37.809282844900366,35.07596610647197,53.09959030151367
2021-01-19,43.453972460607154,44.41640814149413,43.17486523201375,44.27204132080078,14498800,0.0,0,0.019503623976468765,1.0190802764612983,40.966553688049316,46.92194743156384,35.011159944534796,43.410662211043274,41.89482746351763,37.85259159706057,35.07596610647197,51.50669860839844
2021-01-20,44.62813665549769,44.743631568089015,43.59833088232738,43.65607833862305,21178000,0.0,0,-0.013913137135791565,1.004901672822512,41.17732677459717,47.200516907398004,35.154136641796335,44.07955373282829,41.89482746351763,37.85259159706057,35.07596610647197,50.51599884033203
2021-01-21,43.70420084715573,43.98330805483365,41.09600122853911,41.56759262084961,16897000,0.0,0,-0.04783951736511638,0.9568276617952849,41.31928596496582,47.23667995885057,35.40189197108107,43.78601127658497,41.89482746351763,37.85259159706057,35.07596610647197,51.09876251220703
2021-01-22,40.4800406213975,41.365479566584185,40.18168427870184,41.08637237548828,9535400,0.0,0,-0.011576812969437023,0.9457506469106971,41.495411491394044,47.156644605430714,35.834178377357375,43.32885280166634,41.89482746351763,37.85259159706057,35.07596610647197,50.77824401855469
2021-01-25,40.54741017136769,41.02862793950649,39.69084313150465,40.980506896972656,10739700,0.0,0,-0.002576656745164052,0.9433137721270914,41.61571559906006,47.12203255890415,36.10939863921597,43.08343222806775,41.89482746351763,39.02916784573123,35.07596610647197,52.11860275268555
2021-01-26,41.45209989389273,42.05843533373045,40.04694483646594,40.11431503295898,7616300,0.0,0,-0.02113668008527403,0.923375250705608,41.72110214233398,47.02173469235643,36.420469592311534,43.08343222806775,41.89482746351763,39.70046838055923,35.07596610647197,54.02230453491211
2021-01-27,39.44061441353405,40.50891862438554,38.69953848644426,39.12301254272461,8841600,0.0,0,-0.02471193860395937,0.9005568582017555,41.78606700897217,46.92155623915016,36.65057777879417,42.58777990553755,41.89482746351763,39.65956568782909,35.07596610647197,56.66416931152344
2021-01-28,39.56573486328125,40.07582464358261,38.863157195813,39.56573486328125,10283300,0.0,0,0.011316161302076688,0.9107477048708579,41.884235572814944,46.761945088468465,37.00652605716142,42.101746952605,41.89482746351763,39.44542502761672,35.07596610647197,57.091529846191406
2021-01-29,39.08450910135594,39.90257786763556,38.47817366401204,38.52629470825195,11660400,0.0,0,-0.026271220757583924,0.8868212508617327,41.88519802093506,46.76021942243514,37.01017661943497,41.610902616050524,41.89482746351763,39.168723332352286,35.07596610647197,56.236812591552734
2021-02-01,38.91127101147297,39.440609849163415,38.20869347469831,39.18075180053711,9229400,0.0,0,0.016987283548578036,0.9018859349070256,41.91984558105469,46.70587374632412,37.13381741578525,41.47616252139366,41.89482746351763,39.6740029275366,35.07596610647197,57.71314239501953
2021-02-02,39.98919905920298,40.71102577027668,39.36361811244608,39.43098831176758,8834000,0.0,0,0.00638672051277589,0.9076460283076804,41.987215995788574,46.587710243509434,37.386721748067714,41.096000764765975,41.89482746351763,39.87611386944461,35.07596610647197,58.111366271972656
2021-02-03,39.70046867984281,41.99106644621132,39.46948251938024,41.58684158325195,11133600,0.0,0,0.0546740866457307,0.9572707459030279,42.05314273834229,46.58987985066545,37.51640562601913,40.13356440421438,41.89482746351763,40.150407256933555,35.07596610647197,57.48975372314453
2021-02-04,41.97182038271329,42.36641886268754,40.99013555344548,42.35679244995117,11372300,0.0,0,0.018514290515615706,0.9749939345947767,42.07720355987549,46.615034546919844,37.53937257283114,40.28755616869292,41.89482746351763,39.84483546414212,35.07596610647197,56.48933792114258
2021-02-05,43.20373061175127,43.23260250297528,42.43378291744276,42.75138473510742,9543400,0.0,0,0.009315915165731603,0.9840768953765645,42.06372928619385,46.591755789446914,37.53570278294078,40.720647988836795,41.914073658717655,39.90258226350232,35.07596610647197,54.95472717285156
2021-02-08,43.55021032209158,45.45583234423604,43.40584351544714,45.022735595703125,12181600,0.0,0,0.05312929334732108,1.036360205427347,42.16382255554199,46.85930923614844,37.46833587493554,41.832262909467175,42.09212600473904,39.8616796441373,35.07596610647197,55.197547912597656
2021-02-09,44.48377308036828,45.657941975523855,44.13729568883373,45.11898040771485,8990300,0.0,0,0.002137693561670373,1.0385756259660606,42.23696765899658,47.06826470885616,37.405670609137005,41.93331772511108,42.09212600473904,39.72453380222595,35.07596610647197,51.84664535522461
2021-02-10,45.41733874923214,46.19691297743056,44.66664008819714,45.4750862121582,10853200,0.0,0,0.007892594230308969,1.0467726819592997,42.22878723144531,47.03727087679362,37.420303586097,42.20280322606443,42.34235739966458,39.195192292883895,35.07596610647197,51.089054107666016
2021-02-11,45.16427299334719,45.18369893172204,43.911327756561285,45.105995178222656,8939100,0.43,0,-0.0081163350018425,1.038276724201741,42.22091979980469,47.009780456789606,37.432059142819774,42.20280322606443,42.34235739966458,39.642723930444355,35.07596610647197,50.73939514160156
2021-02-12,44.78547918161726,45.86359474371773,44.630075370285965,45.80531692504883,8805400,0.0,0,0.015503964474412157,1.0543741296483737,42.20759582519531,46.95436955073382,37.4608220996568,42.78026554493832,42.34235739966458,39.90258288753148,35.07596610647197,50.22461318969727
2021-02-16,46.621187664838274,47.81585515413546,46.4463579146856,47.44676971435547,11066700,0.0,0,0.03583542041620502,1.0921580698602935,42.40867958068848,47.66401331970448,37.153345841672476,43.64266883675785,43.012274314416885,40.30680550215371,35.07596610647197,51.68152618408203
2021-02-17,47.77700477492789,48.0586753484733,46.87371893915756,47.94212341308594,9055700,0.0,0,0.010440198599665607,1.1035604170118625,42.592183685302736,48.33423708530632,36.85013028529915,44.52440545095939,43.133684411585804,40.542601186046255,35.133711188222705,52.03118515014648
2021-02-18,47.592466416624944,47.71873318128616,46.26182094404254,46.32009506225586,8382200,0.0,0,-0.03383305192500796,1.0662236001207166,42.72538452148437,48.681933049320676,36.76883599364807,45.246229132958035,43.133684411585804,40.65328146212563,35.24439146430208,53.45896530151367
2021-02-19,46.28124310539126,47.17481409279927,46.14526152872041,47.02912139892578,8502500,0.0,0,0.015307100206011448,1.0825443916097788,42.998460960388186,49.21560456514794,36.78131735562843,45.732259431960216,43.133684411585804,41.606091731378456,36.18757863595489,52.293434143066406
2021-02-22,47.75757818979415,50.1954799132334,47.40792238835476,49.41846084594727,12331000,0.0,0,0.05080553018955758,1.1375436333792457,43.415065383911134,50.16379400707859,36.666336760743675,47.05340383489734,44.20208669396585,41.69511790438915,36.18757863595489,51.89521026611328
2021-02-23,50.506286635921626,50.99192400742087,48.23350358910039,50.60341262817383,10796500,0.0,0,0.023977917602905796,1.1648195608901233,43.89621067047119,51.235039449322414,36.55738189161997,47.45162588199108,44.60030874105959,41.993476734128336,36.534058479792165,51.448429107666016
2021-02-24,50.506288424336695,53.31327193817787,49.98179915531689,53.09959030151367,12286600,0.0,0,0.04932824771486022,1.222278068732826,44.545474433898924,52.693345635362974,36.397603232434875,48.61229984736958,45.760982706438085,42.190775321358615,36.95752904987994,52.46826171875
2021-02-25,53.39097398741427,53.9154595345028,50.52571274493074,51.50669860839844,12864500,0.0,0,-0.029998191776440586,1.1856119368228413,45.16465873718262,53.452619362754085,36.876698111611155,49.27276745239438,46.062076504600554,42.65274483728045,37.087459594532106,50.71025466918945
2021-02-26,51.08905109923944,51.34158461272092,49.39903508491532,50.51599884033203,13234100,0.0,0,-0.019234386882347576,1.1628074181376613,45.712171936035155,53.893243032778216,37.531100839292094,50.030360531611606,46.062076504600554,42.98719059817296,37.087459594532106,51.06962585449219
2021-03-01,51.93405934624776,52.4099818739377,50.67139927332911,51.09876251220703,7182500,0.0,0,0.011536219915535328,1.1762218202327133,46.34079532623291,54.13554527935708,38.54604537310873,50.030360531611606,46.062076504600554,42.8404193700513,37.087459594532106,50.87537384033203
2021-03-02,51.00163677204605,51.759233615537646,50.7393958434704,50.77824401855469,7741100,0.0,0,-0.006272529468316912,1.1688439342040262,46.92066993713379,54.2017547778228,39.639585096444776,50.030360531611606,46.062076504600554,42.611840132591986,37.087459594532106,49.76811981201172
2021-03-03,51.14732800611659,53.18700349186376,51.04048719117495,52.11860275268555,8007500,0.0,0,0.02639631913307361,1.199697111708033,47.555050659179685,54.30099686894,40.80910444941937,50.030360531611606,46.062076504600554,42.48912984579269,39.055639771739706,49.75840377807617
2021-03-04,52.4099884794115,55.35295370806578,52.13803271502712,54.02230453491211,15181000,0.0,0,0.03652633957322404,1.2435176557952967,48.1768238067627,54.89985972525074,41.453787888274654,51.38043804821027,46.780823591382045,42.48912984579269,39.4021164935852,49.39904022216797
2021-03-05,56.33393574687149,57.78113676096597,55.46950180840236,56.66416931152344,18699600,0.0,0,0.04890322246256651,1.3043296763527834,48.892192649841306,56.02281683613547,41.76156846354714,53.00732017503318,47.994915117832136,42.241303684527594,39.406929980568364,49.3310432434082
2021-03-08,57.08181872873515,58.21820843219764,56.032840197736654,57.091529846191406,11283400,0.0,0,0.007541988876929695,1.3141669162636853,49.609199905395506,57.007540641988705,42.21085916880231,53.808621758556484,48.213450953447975,41.99828720806131,39.406929980568364,51.17646789550781
2021-03-09,56.94584275332768,57.88797679302132,55.79973818905603,56.236812591552734,10193200,0.0,0,-0.014970999322339806,1.2944925242508603,50.16990375518799,57.791724973399894,42.54808253697608,53.808621758556484,48.213450953447975,41.752865039784076,39.7197219752876,50.40916061401367
2021-03-10,56.19795619492878,58.05309077192329,55.73174477143016,57.71314239501953,12002400,0.0,0,0.026252017769736735,1.3284755650002853,50.79961185455322,58.7264721817272,42.872751527379236,53.808621758556484,48.79091327232186,41.685494992455645,40.75434026355438,49.62242889404297
2021-03-11,57.800554963582094,59.3837337400164,57.69371786036656,58.111366271972656,9328100,0.0,0,0.006900055350087753,1.3376421199300264,51.43142585754394,59.57379005787705,43.28906165721084,55.027566506672756,49.42660812969832,41.4954141141418,41.15856214737042,49.42816925048828
2021-03-12,58.50959522094224,58.732987978948415,57.28578690563272,57.48975372314453,6758400,0.0,0,-0.0106969184981619,1.3233334711934264,52.05061378479004,60.055546130105675,44.0456814394744,55.0615647917434,50.18693464673094,41.014195933866006,41.707148922348296,47.25252151489258
2021-03-15,56.22709330048421,56.88756041063439,55.333522330939296,56.48933792114258,9825200,0.0,0,-0.017401636591099168,1.3003053030388805,52.584814834594724,60.26741923342454,44.90221043576491,55.21211046559567,50.90875832872958,41.09119181610528,41.707148922348296,48.60258483886719
2021-03-16,55.44036454819969,55.75117217201296,54.36224898210778,54.95472717285156,9399900,0.0,0,-0.027166378732094265,1.2649807167091756,52.96021270751953,60.32570227798662,45.59472313705244,55.76088322752176,51.39478862773177,41.31736082377722,41.89482746351763,48.039249420166016
2021-03-17,54.7021956964602,55.48892960761537,53.92517660803989,55.197547912597656,9461700,0.0,0,0.004418559644238318,1.2705701094547663,53.32298393249512,60.36847737393745,46.27749049105279,56.65445517402814,51.647530748288844,41.96219445710311,41.89482746351763,48.29178237915039
2021-03-18,54.78960655780136,54.954725186112256,51.584400737403065,51.84664535522461,12297200,0.0,0,-0.06070745321294024,1.1934370339812808,53.599311447143556,59.91242720562896,47.286195688658154,55.484067238709734,51.647530748288844,42.01272186492506,41.89482746351763,48.80655288696289
2021-03-19,51.75923610549952,52.56539228034812,50.84623540239171,51.089054107666016,26925500,0.0,0,-0.01461215556701878,1.1759983463813048,53.802308082580566,59.4798847983107,48.12473136685043,55.11498457120406,51.647530748288844,42.272580312864505,41.89482746351763,49.82639694213867
2021-03-22,51.34158445594913,51.48727344701818,50.54513944839032,50.73939514160156,11003000,0.0,0,-0.006844107258818566,1.167949687562478,53.86835479736328,59.36638756698056,48.370322027746,54.96443659420336,52.00690455515118,42.272580312864505,41.89482746351763,51.51641082763672
2021-03-23,49.651560976000994,51.263876808670666,49.07850876230472,50.22461318969727,11853800,0.0,0,-0.010145606790692985,1.1561001292811564,53.84941482543945,59.39522808493318,48.303601565945726,54.23112125116056,52.76449763436841,42.56131147230145,41.89482746351763,51.60382843017578
2021-03-24,51.244451825636894,52.40027109631614,51.16675177586829,51.68152618408203,9671100,0.0,0,0.02900794853077371,1.189636222327765,53.77851161956787,59.397432809200644,48.1595904299351,53.90574837062657,52.76449763436841,43.32747157558737,42.56474437826994,49.67099380493164
2021-03-25,50.56456198995081,52.25457788553423,50.08863575882463,52.03118515014648,9275200,0.0,0,0.006765647067368263,1.1976848811465919,53.80473594665527,59.385352585446654,48.22411930786389,52.98303458646956,52.76449763436841,43.8290449312726,42.68615447543886,51.22502899169922
2021-03-26,53.08987984408266,53.53666535800903,52.4779756892848,53.45896530151367,8723100,0.0,0,0.02744085392725637,1.2305503770210189,53.951884269714355,59.32711053370974,48.57665800571897,52.41484046715884,52.76449763436841,44.18995677227192,42.68615447543886,51.05990982055664
2021-03-29,52.93447534769613,52.95390128785088,51.59411511797245,52.293434143066406,7901000,0.0,0,-0.021802351614431004,1.203721485021936,54.01161785125733,59.283131715858325,48.74010398665633,52.28371918496005,53.39582806418558,44.43297192177301,42.68615447543886,53.847469329833984
2021-03-30,51.67181751789524,52.6042403900538,51.51641370586881,51.89521026611328,7910200,0.0,0,-0.0076151792950458486,1.1945549300921952,54.06746616363525,59.221887314200195,48.91304501307031,52.01661697420849,53.808618664558395,45.627745264431596,43.75455675781891,54.10000228881836
2021-03-31,51.77866269920645,52.1477444681897,51.13762145740673,51.448429107666016,9293100,0.0,0,-0.008609294695140823,1.184270654669498,54.03395748138428,59.24763917568424,48.82027578708431,51.30758706015688,54.23112125116056,46.025967311525335,44.15277880491264,55.45978546142578
2021-04-01,51.59411297371232,52.4876876580974,51.02106073088075,52.46826171875,10165000,0.0,0,0.019822424683750395,1.20774577052686,53.95625534057617,59.214932208947054,48.69757847220529,51.30758706015688,54.23112125116056,47.18664127690383,45.31345277029115,55.36266708374024
2021-04-05,52.36142251324548,52.36142251324548,50.45772486015462,50.71025466918945,10460000,0.0,0,-0.033506104299474204,1.1672789147723381,53.65855960845947,58.94468007523637,48.37243914168257,51.30758706015688,54.23112125116056,47.66742197849747,45.61454656845361,54.11942672729492
2021-04-06,51.10847402686806,52.11860061102009,50.9045072276986,51.06962585449219,6253600,0.0,0,0.007086755679834633,1.1755511352515522,53.35746440887451,58.51001684875298,48.20491196899604,51.812650558416834,54.23112125116056,48.04621851810608,45.61454656845361,54.09029006958008
2021-04-07,51.27359635056919,51.63296698051023,50.642266263674536,50.87537384033203,12408400,0.0,0,-0.003803670203373355,1.1710797264258541,53.089392471313474,58.17147489825207,48.007310044374876,51.812650558416834,54.23112125116056,48.04621851810608,45.61454656845361,53.09188461303711
2021-04-08,50.13720154926482,50.33145724025648,49.57386412102005,49.76811981201172,10040800,0.0,0,-0.021764047018019594,1.1455922921980723,52.69214134216308,57.49808747317409,47.88619521115208,51.55526473951454,54.23112125116056,48.04621851810608,45.61454656845361,55.3236198425293
2021-04-09,49.89438164692366,50.49657464484689,49.45730727911455,49.75840377807617,6665300,0.0,0,-0.00019522605981991958,1.1453686427287064,52.27449321746826,56.53994367219223,48.00904276274429,51.205604283482714,54.23112125116056,48.04621851810608,45.61454656845361,57.0659408569336
2021-04-12,50.2634742591192,50.73940057317797,49.36018833834286,49.39904022216797,8564000,0.0,0,-0.007222168088650394,1.1370965978674503,51.869957542419435,55.57194542525529,48.167969659583584,50.98221436419833,54.23112125116056,49.080630819796156,46.3332936552351,56.07732009887695
2021-04-13,49.02994675048296,49.85553247426419,48.942531878673634,49.3310432434082,6980000,0.0,0,-0.0013764838032066518,1.1355314028178043,51.51204280853271,54.701959439303764,48.32212617776166,50.71510976838552,54.163132809345015,50.50111764643266,47.5473851816852,54.40351486206055
2021-04-14,49.9041002783528,52.02147963948022,49.9041002783528,51.17646789550781,8342200,0.0,0,0.03740899301468148,1.178010489133767,51.32312984466553,54.09037696846911,48.55588272086195,50.71510976838552,54.163132809345015,51.01103635600223,47.76592101730103,54.21753692626953
2021-04-15,51.18617966693152,51.29302048141756,50.2828938600648,50.40916061401367,6763700,0.0,0,-0.014993361461772436,1.1603481520644252,51.083710479736325,53.21904825655691,48.94837270291574,50.65197719595956,54.163132809345015,51.01103635600223,47.76592101730103,54.47203826904297
2021-04-16,50.73939637839472,50.79767049419513,49.57386589583621,49.62242889404297,7665500,0.0,0,-0.01560691966277239,1.1422386916743092,50.97249965667724,53.168794298504395,48.77620501485009,50.53056624484687,54.163132809345015,51.29976751543917,47.76592101730103,54.912506103515625
2021-04-19,49.81668061536792,50.244040152640345,49.12707646256958,49.42816925048828,6587700,0.0,0,-0.003914754837363588,1.1377671072306534,50.88945541381836,53.186255172038194,48.59265565559853,50.48200575907693,53.837759928811025,52.22708731818554,48.34868367121041,53.71833419799805
2021-04-20,49.04937845135999,49.185356333455545,47.02912504559913,47.25252151489258,11928600,0.0,0,-0.04401635279207128,1.0876867488435746,50.71511173248291,53.51193864105926,47.91828482390656,49.525302342539675,51.95834272811676,52.62424971923717,48.34868367121041,54.24689865112305
2021-04-21,46.65032069887729,48.68999970640582,46.47549096380002,48.60258483886719,7718900,0.0,0,0.02857124404565603,1.1187633123900105,50.634010314941406,53.57498354495589,47.69303708492692,49.248485301640116,51.113331567906485,53.060434397162624,48.34868367121041,54.35457611083984
2021-04-22,48.60259056739496,48.64144244757335,47.77700478664074,48.039249420166016,6582700,0.0,0,-0.011590647299290935,1.1057961214247114,50.4518964767456,53.559089282146566,47.34470367134464,49.248485301640116,50.982210285707694,53.577835927626765,48.367929866410435,54.56013488769531
2021-04-23,48.01011180878505,48.56373812702358,47.74786717828482,48.29178237915039,5670100,0.0,0,0.005256804842549645,1.1116090758306894,50.2649263381958,53.419673310625676,47.11017936576592,49.248485301640116,50.715108074956134,54.150992961158494,48.545982212431824,57.03657531738281
2021-04-26,48.214074736710096,49.45730514699867,48.17522286010885,48.80655288696289,6642400,0.0,0,0.01065958808003642,1.1234583706850745,50.03230571746826,52.8785177740586,47.18609366087792,49.248485301640116,50.00607816090452,53.565798993499286,48.545982212431824,57.74134063720703
2021-04-27,48.99110001389033,50.20519352468864,48.81627025192583,49.82639694213867,8309600,0.0,0,0.02089563787751536,1.1469337499693733,49.90895385742188,52.557393416202906,47.26051429864085,48.884255722608785,50.00607816090452,53.38125765974645,48.79621360735736,58.21117401123047
2021-04-28,50.21490258521124,51.81750361248629,50.185761824814975,51.51641082763672,8897100,0.0,0,0.03391804323039027,1.185835498483228,49.89001388549805,52.48569137952543,47.29433639147067,49.14649728814315,50.00607816090452,53.48567057467727,48.79621360735736,58.583133697509766
2021-04-29,52.44883642401828,52.93447379831474,51.33186898108875,51.60382843017578,9446900,0.0,0,0.0016968884503918424,1.187847729044669,49.89778385162354,52.513144501702996,47.28242320154408,49.70498238105738,50.00607816090452,53.497809442764485,48.79621360735736,58.543983459472656
2021-04-30,50.68112050905395,51.48727668466274,49.50587886364673,49.67099380493164,9448200,0.0,0,-0.03745525640330005,1.1433565877852232,49.75792045593262,52.08932970448634,47.4265112073789,49.70498238105738,50.00607816090452,53.33512300249749,48.79621360735736,59.19001007080078
2021-05-03,50.428580333911576,51.409569849716,50.07892455637224,51.22502899169922,9325100,0.0,0,0.03128657326387718,1.1791282974357022,49.78365917205811,52.16790128772409,47.399417056392124,49.70498238105738,50.00607816090452,52.873766110418984,48.79621360735736,58.41672897338867
2021-05-04,50.24403893812606,51.50669528578511,50.15662406839711,51.05990982055664,12834300,0.0,0,-0.0032234080564275125,1.1753274857821863,49.783173370361325,52.16635949142057,47.39998724930208,50.34117048829978,49.714696125825455,52.589669050763625,48.79621360735736,58.89635467529297
2021-05-05,52.78877973315505,54.07086207159498,51.69124196343176,53.847469329833984,12715300,0.0,0,0.05459389801262593,1.239493194672415,49.93177814483643,52.879480725730076,46.98407556394278,50.9093646249399,50.2731765176975,52.839773624572814,48.79621360735736,58.70059585571289
2021-05-06,53.90574660507358,54.119428227704745,52.14773803960582,54.10000228881836,9648200,0.0,0,0.00468978323637681,1.2453061490783928,50.14837226867676,53.61343898081296,46.68330555654056,51.1473255439068,50.297459595752386,52.91261781938344,48.79621360735736,59.03339767456055
2021-05-07,53.48809895012428,55.69289302629171,53.24528026823517,55.45978546142578,9645500,0.0,0,0.025134623199239092,1.2766064499031737,50.43344135284424,54.59893204640467,46.26795065928381,52.25458163910877,51.08419199504587,52.76935415565872,48.79621360735736,59.875186920166016
2021-05-10,56.53790877646462,57.63545040696172,55.32381520006681,55.36266708374024,8801700,0.0,0,-0.0017511495379491926,1.2743709211082828,50.73162269592285,55.38866923757248,46.074576154273224,53.570664635304226,52.05547068538087,52.76935415565872,48.79621360735736,59.83604049682617
2021-05-11,54.18741565895282,55.09070141397218,53.5658004522984,54.11942672729492,9741400,0.0,0,-0.022456294501939755,1.2457532723991669,50.97104187011719,55.80635355177352,46.13573018846086,53.570664635304226,52.05547068538087,52.76935415565872,48.79621360735736,57.76091003417969
2021-05-12,54.49822739558552,56.052265530084384,53.86689731931582,54.09029006958008,7925100,0.0,0,-0.0005383770574965974,1.2450825874180058,51.1167329788208,56.141981075566356,46.09148488207524,53.570664635304226,52.05547068538087,53.0218859047887,48.79621360735736,56.31223678588867
2021-05-13,53.45405164826366,54.25669412306315,52.43606479546178,53.09188461303711,7581500,0.43,0,-0.01845812723981788,1.2221006945953625,51.25086917877197,56.336920592584484,46.16481776495946,53.85718748166698,52.05547068538087,53.0218859047887,48.79621360735736,59.1704330444336
2021-05-14,53.87494802054327,55.45086912797304,53.86515760338216,55.3236198425293,6419900,0.0,0,0.04203533639384438,1.2734721083998295,51.53592872619629,56.86105147820945,46.21080597418313,53.896037237679415,52.05547068538087,52.89319299533755,48.79621360735736,59.50323867797852
2021-05-17,54.88314456784974,57.095308374546455,54.88314456784974,57.0659408569336,11441900,0.0,0,0.031493257660355045,1.313577893632941,51.91781730651856,57.66691260062729,46.16872201240982,54.663346185196744,52.05547068538087,52.718362767321636,48.79621360735736,59.47386932373047
2021-05-18,57.03657559108353,57.398742604663056,55.75430355118035,56.07732009887695,10322000,0.0,0,-0.017324182221671536,1.2908212308412845,52.35905723571777,57.95926468537748,46.758849786058065,54.891594223283775,52.05547068538087,52.60666780767944,48.79621360735736,60.09053421020508
2021-05-19,54.755891443158994,55.333402796388185,53.65960003385861,54.40351486206055,9406200,0.0,0,-0.029848167385051805,1.2522925826789553,52.64910373687744,58.03558049483054,47.262626978924345,55.035757601211756,52.05547068538087,52.439121288865266,48.79621360735736,60.01223373413086
2021-05-20,54.47203549238829,54.48182217541592,53.473625795818606,54.21753692626953,8798800,0.0,0,-0.003418491181361394,1.248011631528583,52.958018112182614,57.94088315321494,47.97515307115029,55.035757601211756,52.05547068538087,52.439121288865266,48.79621360735736,58.3286361694336
2021-05-21,54.873359504733294,55.23552653841719,54.39372986503011,54.47203826904297,6032300,0.0,0,0.004694077916514994,1.2538698953676952,53.26703090667725,57.795148945577175,48.73891286777732,54.91740370006242,52.05547068538087,52.40755500265229,48.79621360735736,57.80006790161133
2021-05-24,54.932083203139385,55.06911916655576,54.09028658906742,54.912506103515625,6372800,0.0,0,0.008086127276845101,1.2640088469302428,53.57232856750488,57.652972692096064,49.4916844429137,54.91740370006242,52.05547068538087,52.34684952709594,49.37367592623124,59.61090850830078
2021-05-25,54.814625665808194,55.18658309976077,53.61066201443677,53.71833419799805,8090600,0.0,0,-0.021746811250363374,1.2365206851172614,53.76692543029785,57.46364198020275,50.070208880392954,54.91740370006242,52.05547068538087,52.159882843943976,49.42660812969832,61.54899597167969
2021-05-26,53.90430874890371,54.383938345960665,53.51277423155314,54.24689865112305,6716000,0.0,0,0.00983955405573056,1.2486874972395017,53.903449821472165,57.45490983182073,50.3519898111236,55.43618420024083,52.05547068538087,50.74182253532822,50.18693464673094,61.4217529296875
2021-05-27,54.55034338853464,55.12785480406166,53.95325487184311,54.35457611083984,7484100,0.0,0,0.0019849514422805026,1.251166081288105,54.040987205505374,57.43337457974393,50.648599831266814,55.43618420024083,52.69165879262327,50.1809084347733,50.90875832872958,59.0040283203125
2021-05-28,54.6188624584028,54.76568885307216,54.14902322299131,54.56013488769531,5745400,0.0,0,0.003781811791454315,1.255897755927388,54.285444259643555,57.01673529598884,51.55415322329827,55.43618420024083,52.69165879262327,50.115347793673905,51.39478862773177,57.76091003417969
2021-06-01,55.87176588256796,57.24212926459426,55.84239836585918,57.03657531738281,9943600,0.0,0,0.04538919184831425,1.3129019401130435,54.57602157592773,57.17507781627806,51.976965335577404,55.35787753020644,52.905336633535285,49.981796688298125,51.647530748288844,57.9566764831543
2021-06-02,57.41832406498025,58.15244856482263,56.51779980413641,57.74134063720703,6103300,0.0,0,0.01235637511373211,1.329124648972627,54.91009311676025,57.32461169943655,52.49557453408395,55.81303718032062,53.48435940837423,49.62728173127232,51.647530748288844,58.857208251953125
2021-06-03,57.47704958526318,58.72995407738339,57.32043652374816,58.21117401123047,8280800,0.0,0,0.008136862927645483,1.339939554055072,55.12827835083008,57.88733182394075,52.36922487771941,56.12136415446827,54.117916470515055,49.44516694175665,51.647530748288844,58.5341911315918
2021-06-04,58.55376991232821,58.85720938368879,57.653245649890806,58.583133697509766,6504800,0.0,0,0.006389833096434927,1.3485015441647954,55.352434921264646,58.45223241034801,52.25263743218128,56.18499180762096,54.18154412366776,49.57628772452384,52.00690455515118,58.20138549804688
2021-06-07,58.54398345947266,59.24874044426172,58.32863907675778,58.543983459472656,5405100,0.0,0,-0.0006682851456745187,1.3476003606139109,55.506644821166994,58.908078144183115,52.10521149815087,56.380757337907426,54.37730965395423,49.85553027098095,52.76449763436841,56.44927597045898
2021-06-08,58.17202324392719,59.336832724285344,57.38895789015911,59.19001007080078,7345200,0.0,0,0.011034893308470295,1.3624709868157414,55.69801197052002,59.461070442920416,51.934953498119626,56.42480347791924,54.70787864032879,49.85553027098095,52.76449763436841,55.87176513671875
2021-06-09,59.34662067595848,59.59132882221632,58.31884720846553,58.41672897338867,7026300,0.0,0,-0.01306438529892362,1.344671140885376,55.91287708282471,59.781280478520415,52.044473687129,56.77229184702971,54.87397644530671,49.85553027098095,52.76449763436841,54.32521057128906
2021-06-10,59.71857419365172,59.982859438904526,58.02519427461704,58.89635467529297,9396000,0.0,0,0.008210416953040811,1.355711451616766,56.153180313110354,60.1355304231606,52.170830203060106,57.06594133094792,55.83705070116814,50.02793330706262,52.76449763436841,52.56331253051758
2021-06-11,59.21937597100804,59.64027431381552,58.53419236174352,58.70059585571289,8117000,0.0,0,-0.0033237849890597193,1.351205358244386,56.43361587524414,60.30121727673371,52.56601447375458,57.912628902381854,56.06529873925517,50.5912705713187,52.92961235190821,53.3170166015625
2021-06-14,59.366200920458354,59.7773088356526,58.5831318237928,59.03339767456055,7744300,0.0,0,0.005669479397887089,1.358865989185267,56.6191047668457,60.61118004517833,52.627029488513074,58.250329621520464,56.20946211718315,50.722392569829594,52.92961235190821,55.81303787231445
2021-06-15,59.41513814823585,60.25693476156971,59.19000710368493,59.875186920166016,7835700,0.0,0,0.014259542543122672,1.3782427965684567,56.75956707000732,60.99750760065208,52.521626539362565,58.78868564265893,56.34649977851575,51.669386817077324,52.92961235190821,55.47044372558594
2021-06-16,59.79688629496811,60.472279474243685,59.27810618917457,59.83604049682617,9745800,0.0,0,-0.0006538004364318173,1.3773417008265512,56.947503089904785,61.37885306985561,52.51615310995396,58.9306186822014,56.45417213485273,52.81306766034255,52.92961235190821,54.58275985717773
2021-06-17,59.61090678313209,60.26672283228106,57.31064793470874,57.76091003417969,13667200,0.0,0,-0.03468027706072152,1.3295751090346009,57.115372848510745,61.3988454111019,52.83190028591959,58.89146370447621,56.45417213485273,52.81306766034255,52.92961235190821,56.09182357788086
2021-06-18,56.65483042714971,57.95667580888182,56.26329590397994,56.31223678588867,18583800,0.0,0,-0.02508051288377855,1.2962286833825072,57.220107841491696,61.31111265001174,53.129103032971656,58.36778768911181,56.45417213485273,52.81306766034255,52.92961235190821,55.5592155456543
2021-06-21,56.99742341779505,59.248737712933554,56.97784631718252,59.1704330444336,8234300,0.0,0,0.05075621963681565,1.36202035113581,57.45502758026123,61.42432532486779,53.48572983565467,58.36778768911181,56.97295263503115,52.956329083523926,52.92961235190821,55.943878173828125
2021-06-22,58.87678636900537,59.82625151618954,58.37757961820157,59.50323867797852,6745100,0.0,0,0.005624525906291922,1.36968106988567,57.684564208984376,61.56830613951931,53.800822278449445,58.36778768911181,56.97295263503115,52.975753961530145,52.92961235190821,56.298954010009766
2021-06-23,59.80667256934699,61.03021336441506,59.46408264030801,59.47386932373047,8184000,0.0,0,-0.0004935757263061502,1.3690050285567934,57.972340965270995,61.4673741309989,54.47730779954309,58.6467546341975,57.251919580116834,53.359408435288806,52.92961235190821,55.29290771484375
2021-06-24,59.67942630028242,60.20799307961868,59.04318360088767,60.09053421020508,6424400,0.0,0,0.010368669358268079,1.3831997890477052,58.2645227432251,61.42221782975965,55.10682765669055,58.6467546341975,57.251919580116834,53.47353245433232,52.92961235190821,54.62221145629883
2021-06-25,60.3939778868548,60.4429187747001,59.72837135709754,60.01223373413086,8099200,0.0,0,-0.0013030417702780683,1.3813974219459362,58.54740562438965,61.22584195391801,55.86896929486129,58.6467546341975,57.251919580116834,53.54561414329631,52.92961235190821,55.86497116088867
2021-06-28,59.82624888815767,59.87518977253065,58.11329179745231,58.3286361694336,7647300,0.0,0,-0.028054239276545045,1.3426433681346623,58.73583068847656,60.691758268334034,56.77990310861909,58.6467546341975,57.2714937979841,53.54561414329631,52.92961235190821,54.17837142944336
2021-06-29,58.82784144916202,58.92572695565988,57.59451393889125,57.80006790161133,6437000,0.0,0,-0.009061899995173595,1.330476468203443,58.77400531768799,60.621433662525995,56.92657697284998,58.6467546341975,57.2714937979841,53.486437192721645,52.92961235190821,55.18441390991211
2021-06-30,59.1997968630969,59.659849392885725,58.54398079496829,59.61090850830078,9309600,0.0,0,0.03132938545629238,1.3721594783163151,58.86748371124268,60.68508014745504,57.049887275030315,58.6467546341975,57.2714937979841,53.486437192721645,52.92961235190821,55.72689056396485
2021-07-01,61.36301538481464,62.224389132849815,61.0302121458431,61.54899597167969,11637200,0.0,0,0.03251229534790645,1.4167715325397645,59.03437480926514,61.16927060136109,56.899479017169185,59.60111772501617,57.86858168220148,53.486437192721645,52.604239471374214,54.691253662109375
2021-07-02,61.13789054589621,61.83286087811587,60.286307128472814,61.4217529296875,7635000,0.0,0,-0.0020673455347790526,1.4138425762381663,59.17630577087402,61.540104565049276,56.81250697669877,59.90945153587053,58.08882200234646,53.74582744281085,52.05547068538087,55.70716094970703
2021-07-06,61.45110983636992,61.55878202050846,58.9355103365789,59.0040283203125,11699400,0.0,0,-0.0393626768051164,1.3581899478563904,59.19930801391602,61.546767134394635,56.8518488934374,59.90945153587053,58.18670617792056,54.06392149643205,52.05547068538087,56.407447814941406
2021-07-07,58.72995595029761,59.49344418278746,57.38895633493849,57.76091003417969,8239600,0.0,0,-0.021068362983360234,1.3295751090346009,59.12785301208496,61.55853763550398,56.69716838866594,59.80667273389415,59.0333937493545,54.06392149643205,52.05547068538087,56.25949478149414
2021-07-08,57.01699809735448,58.37757479357609,56.76250326809827,57.9566764831543,10551500,0.0,0,0.0033892549279221917,1.334081378024939,59.104850387573244,61.57085433902445,56.63884643612204,59.49344620047404,59.24384251841488,54.13160708187086,52.05547068538087,55.204139709472656
2021-07-09,58.485250799687535,59.18022108459016,58.08392956280501,58.857208251953125,6973700,0.0,0,0.015538016039628788,1.3548103558748605,59.10289306640625,61.569625789067814,56.63616034374469,59.49344620047404,59.24384251841488,54.648698294347426,52.313969764311324,54.06001281738281
2021-07-12,57.66303067932884,59.16064342382806,57.486840505393616,58.5341911315918,6063100,0.0,0,-0.0054881488598400585,1.3473749549649665,59.09457283020019,61.56786212382469,56.621283536575696,59.49344620047404,59.24384251841488,55.11964031249166,52.602722520591705,53.77397918701172
2021-07-13,58.23075301513199,58.72016931511681,57.55535613142491,58.20138549804688,6510400,0.0,0,-0.005685662125179625,1.3397142362151067,59.05297222137451,61.557110492172356,56.548833950576665,59.49344620047404,59.24384251841488,55.18326796564436,52.666350173744405,52.79752731323242
2021-07-14,58.6222856035633,59.32704629191068,56.12626314426654,56.44927597045898,8489600,0.0,0,-0.030104258044625132,1.2993831331420291,58.88167667388916,61.59940682306967,56.16394652470865,59.17532613855818,59.17532613855818,55.37903349593083,52.86211570403087,51.722442626953125
2021-07-15,55.79345673847404,56.98763367405624,55.5879027940066,55.87176513671875,8723300,0.0,0,-0.010230615429725809,1.2860896440109808,58.683462905883786,61.662518941177495,55.70440687059008,58.71038183606124,58.90614596342821,55.566341059124014,52.906161844042686,52.04792785644531
2021-07-16,56.47864308847253,56.674410359843776,54.13923371715895,54.32521057128906,8805300,0.0,0,-0.027680431460242128,1.2504901277682077,58.51167793273926,62.036421672975266,54.986934192503256,57.84900786883371,58.18181142500438,55.823134146168215,53.03340989300817,54.04029083251953
2021-07-19,52.29902727459242,53.15061060994008,51.701938777941145,52.56331253051758,13342100,0.0,0,-0.03243241990676515,1.2099337068551648,58.324231719970705,62.6204761290398,54.02798731090161,55.597691480364304,56.96316395539548,56.45149601605803,53.22917520135228,54.65180206298828
2021-07-20,52.36754771908141,54.08050488746258,52.15220333733511,53.3170166015625,9358200,0.0,0,0.014338975889453875,1.2272829171055986,58.03156089782715,62.83113346167104,53.23198833398326,55.514492534925914,56.96316395539548,56.98896382081851,53.22917520135228,55.253456115722656
2021-07-21,54.550342863972965,56.20456868998881,54.43288399206568,55.81303787231445,9378000,0.0,0,0.04681472126253228,1.2847378247801646,57.84705085754395,62.6901352263235,53.0039664887644,55.514492534925914,56.96316395539548,57.22989586935181,53.22917520135228,54.375633239746094
2021-07-22,55.81303738877692,55.99901424551475,54.99081782464882,55.47044372558594,6765500,0.0,0,-0.006138245825505484,1.2768517881903387,57.64687957763672,62.53567843614485,52.758080719128586,55.514492534925914,56.96316395539548,57.56759271058734,53.36621286268486,55.96360778808594
2021-07-23,55.23372865149901,55.50989609075677,53.99097141233992,54.58275985717773,10623800,0.43,0,-0.01600282616810511,1.2564185509814947,57.37149085998535,62.299435274758466,52.443546445212235,55.514492534925914,56.96316395539548,57.69239540852706,53.47388521902185,55.43099212646485
2021-07-26,54.94769648075639,56.5652550909152,54.80961275976711,56.09182357788086,8756300,0.0,0,0.0276472594030015,1.2911550805792233,57.17547035217285,61.976551432293554,52.37438927205215,55.514492534925914,56.96316395539548,57.67281791966447,53.47388521902185,54.77016067504883
2021-07-27,55.39153976817581,55.84524449841301,54.58276046210106,55.5592155456543,7363600,0.0,0,-0.009495288230147558,1.2788951909393043,57.03699932098389,61.856973243771336,52.21702539819644,54.34478622599869,56.96316395539548,57.41097991198227,53.47388521902185,53.90220260620117
2021-07-28,55.70716053679183,56.36799460841456,55.04633022766829,55.943878173828125,6167200,0.0,0,0.006923471190080743,1.2877495849489053,56.944189834594724,61.77339126180144,52.114988407388005,54.188174568892464,56.96316395539548,57.67037016207148,53.47388521902185,55.82551574707031
2021-07-29,56.63429804603715,57.04855297951092,56.081963151404494,56.298954010009766,6306400,0.0,0,0.006347000740248188,1.2959229325178303,56.778592109680176,61.45369902589111,52.10348519346924,54.375245878726034,56.96316395539548,57.67037016207148,53.47388521902185,55.4704475402832
2021-07-30,55.9833262969287,56.12141377584477,54.95755993390289,55.29290771484375,8659700,0.0,0,-0.017869715572107148,1.2727651583103656,56.465787696838376,60.625843233571594,52.30573216010516,54.60037815842301,56.96316395539548,57.94933710715716,53.75285216410754,55.21400451660156
2021-08-02,55.75647322847111,56.969642130446175,54.5728963814216,54.62221145629883,8469500,0.0,0,-0.012129878609456246,1.2573266714417155,56.125810623168945,59.66978635751571,52.58183488882218,55.51976219592542,56.96316395539548,57.94933710715716,53.75285216410754,54.523582458496094
2021-08-03,54.3361811960072,55.99319337133011,53.76411576672942,55.86497116088867,9888200,0.0,0,0.022751911199789587,1.2859332562194845,55.968857765197754,59.25503176798552,52.68268376240999,55.406334373120174,56.96316395539548,57.94933710715716,53.75285216410754,54.81947708129883
2021-08-04,54.57289957655807,55.72688819874482,54.1586446458377,54.17837142944336,7629600,0.0,0,-0.030190648923597907,1.247110096741783,55.789730834960935,59.05592960612486,52.523532063797006,55.406334373120174,56.96316395539548,57.9591242160908,53.75285216410754,54.96742248535156
2021-08-05,54.701117125777394,55.84524421857677,54.29672747476639,55.18441390991211,6573100,0.0,0,0.018569079393220944,1.2702677831402687,55.65111770629883,58.76801214169479,52.534223270902864,55.406334373120174,56.96316395539548,57.9591242160908,53.75285216410754,56.80197143554688
2021-08-06,55.8156592127083,56.3877209115555,55.33236240010514,55.72689056396485,5038900,0.0,0,0.009830251254245859,1.2827548346087114,55.494601821899415,58.240293216625396,52.748910427173435,55.406334373120174,56.96316395539548,57.9591242160908,53.75285216410754,56.160865783691406
2021-08-09,54.90824074545157,55.40139902236419,54.47426281626813,54.691253662109375,5410600,0.0,0,-0.01858415015398618,1.2589159261515914,55.30245494842529,57.67984008502999,52.9250698118206,55.406334373120174,56.76739982802851,58.73484970360882,54.34994004832492,58.50830078125
2021-08-10,55.08578044006772,56.00305517632125,54.99701179583354,55.70716094970703,6781800,0.0,0,0.018575315421988314,1.2823006865696218,55.1777437210083,57.158406213459095,53.1970812285575,55.406334373120174,56.6303603992248,58.999136769108496,54.34994004832492,58.41952896118164
2021-08-11,55.60853373706505,56.57512360181014,55.18441727689637,56.407447814941406,6071800,0.0,0,0.01257085899363286,1.298420307687927,55.17565231323242,57.150963107418654,53.200341519046184,55.3668789485878,55.597691480364304,59.04807885689554,54.986128155567314,58.11377334594727
2021-08-12,56.35812492775421,56.792106601295885,55.75647125307062,56.25949478149414,4729200,0.0,0,-0.0026229343673314087,1.2950146364396513,55.19503879547119,57.20498214450122,53.18509544644116,55.3668789485878,55.514492534925914,59.420033241624324,54.986128155567314,56.2890853881836
2021-08-13,56.17072949801856,56.446896934031926,55.08577901189625,55.204139709472656,7397900,0.0,0,-0.018758701551095824,1.270721843370379,55.238985252380374,57.20852897930379,53.269441525456955,55.27811118401265,55.514492534925914,59.36864435944446,55.199805996479334,58.51816940307617
2021-08-16,54.4644024625366,54.81947703145195,53.852883477182765,54.06001281738281,7464600,0.0,0,-0.02072538215632258,1.2443856475521413,55.31382026672363,56.953934537525534,53.67370599592173,55.32249503923933,55.514492534925914,59.36864435944446,55.52032969238782,61.4080696105957
2021-08-17,53.66548376364528,54.68138861425998,53.50767326488476,53.77397918701172,6497900,0.0,0,-0.005291038892967448,1.2378015546930925,55.33666839599609,56.87325633960432,53.80008045238787,55.14988993309032,55.514492534925914,59.36864435944446,55.86513399824827,62.83823013305664
2021-08-18,53.63589869532844,54.30659429600554,52.72848545103031,52.79752731323242,6647700,0.0,0,-0.018158445563112524,1.215325002544262,55.18589286804199,57.063885175739664,53.307900560344315,54.7602960261631,55.514492534925914,59.36864435944446,55.86513399824827,64.13031005859375
2021-08-19,51.94929499993326,52.25505450916701,50.70653770393353,51.722442626953125,11306400,0.0,0,-0.02036240598733219,1.1905780614359,54.99849281311035,57.405530900335215,52.59145472588549,53.74932215261471,53.877545341722225,59.17532613855818,55.86513399824827,65.79718017578125
2021-08-20,51.16024140423222,52.26491871420836,50.884073957987816,52.04792785644531,7068200,0.0,0,0.006292920692855475,1.1980702747551697,54.87175121307373,57.60198159239132,52.14152083375614,53.74932215261471,53.877545341722225,58.80826389974472,56.151656844611026,66.87226867675781
2021-08-23,53.40904877062288,54.37563864821456,53.28082655101904,54.04029083251953,8022200,0.0,0,0.03827939090235066,1.2439316751310094,54.769174575805664,57.46183380158538,52.07651535002595,53.74932215261471,53.877545341722225,58.015409646919046,56.190506600623465,67.10897827148438
2021-08-24,54.42494969894763,54.92796950399443,53.89233783772216,54.65180206298828,6245500,0.0,0,0.011315838998052996,1.2580078056913704,54.72380390167236,57.391888506494844,52.05571929684988,53.74932215261471,53.877545341722225,56.28042771787989,56.957815548140786,66.84266662597656
2021-08-25,54.69125595744721,55.61839220245427,54.296727814359535,55.253456115722656,6125200,0.0,0,0.011008860275841359,1.2718570378501444,54.68928279876709,57.31027526395982,52.06829033357436,53.57671731898273,53.877545341722225,56.2388282451607,56.96316395539548,69.14078521728516
2021-08-26,54.98714845607172,55.3224962384114,54.2079574673267,54.375633239746094,5209000,0.0,0,-0.015887203040078623,1.2516507868518663,54.593116760253906,57.10871096760627,52.07752255290154,53.1624649531939,53.877545341722225,56.2388282451607,56.96316395539548,70.51177215576172
2021-08-27,55.0266062279379,56.33840540214565,54.76030028373797,55.96360778808594,6549100,0.0,0,0.029203789523486456,1.2882037329879943,54.626651763916016,57.19655728905906,52.05674623877297,53.522471553039594,53.877545341722225,56.2388282451607,56.96316395539548,70.74849700927734
2021-08-30,56.200317849007696,56.358128350106206,55.41126534351513,55.43099212646485,4838600,0.0,0,-0.009517178800157233,1.2759436677301175,54.667090797424315,57.2610466072917,52.07313498755693,53.53233302701987,53.877545341722225,56.2388282451607,56.96316395539548,70.827392578125
2021-08-31,54.98715153533153,55.55921698062254,54.54330830407114,54.77016067504883,10500500,0.0,0,-0.011921696258085146,1.2607322548810118,54.61235027313232,57.147801353322414,52.07689919294223,53.53233302701987,53.877545341722225,56.2388282451607,56.96316395539548,70.53150939941406
2021-09-01,54.79975054357117,55.15482135189955,53.67534648178423,53.90220260620117,9319800,0.0,0,-0.01584727994495483,1.2407530779022782,54.598541831970216,57.14640905090605,52.05067461303438,53.62110115404701,53.877545341722225,55.65397509069709,56.96316395539548,73.89483642578125
2021-09-02,54.5038514072104,56.20031709307512,54.45453633174902,55.82551574707031,6696600,0.0,0,0.03568153151218123,1.2850250479502843,54.63059692382812,57.22336777404525,52.037826073610994,54.81947745056262,53.877545341722225,55.575669262143975,56.96316395539548,72.95783233642578
2021-09-03,55.56907769581832,56.17073142708061,55.17454954867933,55.4704475402832,7954200,0.0,0,-0.006360321119034951,1.2768518759993173,54.61777477264404,57.190984172906326,52.044565372381754,55.016737415945215,53.83808991718985,55.66920491706075,56.96316395539548,72.40550994873047
2021-09-07,55.125235869368304,55.707162831786455,54.563035691057465,55.21400451660156,6632600,0.0,0,-0.004623056691500649,1.2709489173899235,54.64391231536865,57.23030530250697,52.057519328230335,55.016737415945215,53.83808991718985,55.78177105690925,56.96316395539548,72.22797393798828
2021-09-08,55.54935266339529,55.83538539096323,54.43481381071637,54.523582458496094,5228900,0.0,0,-0.012504473532577665,1.255056370291163,54.584733390808104,57.12434351378018,52.045123267836026,55.016737415945215,53.74932215261471,56.24146307566045,56.96316395539548,72.8394775390625
2021-09-09,54.39536065276419,55.76634009093464,54.07973964955225,54.81947708129883,6285800,0.0,0,0.005426910878938873,1.2618674493607778,54.50533485412598,56.90607160471398,52.104598103537974,55.016737415945215,53.74932215261471,56.18474916425782,56.96316395539548,73.1255111694336
2021-09-10,55.83538212820049,55.96360433694503,54.70111655757408,54.96742248535156,5055200,0.0,0,0.002698774448966823,1.2652729449910955,54.44073123931885,56.71398432470824,52.16747815392946,55.016737415945215,53.74932215261471,56.18474916425782,56.96316395539548,73.48058319091797
2021-09-13,55.79592808231495,57.285268210506,55.79592808231495,56.80197143554688,8456500,0.0,0,0.03337520420725948,1.3075016879080938,54.52062282562256,57.00081098230899,52.04043466893613,55.48030734614511,53.99590295721976,56.18474916425782,56.96316395539548,74.28936767578125
2021-09-14,57.42335358871152,57.49239544963068,55.835383262572414,56.160865783691406,7880700,0.0,0,-0.011286679593206284,1.2927443352890988,54.625665473937985,57.19622716294831,52.05510378492766,55.583870965707455,54.099466576782106,56.18474916425782,56.96316395539548,74.97978973388672
2021-09-15,57.29513180707278,58.64638450412394,57.265543512885294,58.50830078125,10766000,0.0,0,0.04179841184428934,1.3467789954248846,54.862381553649904,57.909102901386284,51.815660205913524,56.36306207683809,54.67646110402873,56.08686710057434,56.96316395539548,73.56935119628906
2021-09-16,58.46884403631367,58.84364537981541,57.95595897744261,58.41952896118164,8773100,0.0,0,-0.00151725172126016,1.344735592675919,55.14348163604736,58.4083377924794,51.87862547961532,56.46169251468383,54.775091541874474,56.018347386172486,56.96316395539548,74.68389892578125
2021-09-17,58.26172234369634,59.09022845359271,57.975689621381086,58.11377334594727,13741300,0.0,0,-0.005233791176877389,1.3376975273957388,55.46304817199707,58.5717199340375,52.35437640995664,56.58498405157248,54.89838307876312,55.48228521447605,56.96316395539548,75.47294616699219
2021-09-20,56.70334029701282,57.21622159365997,55.529621190745885,56.2890853881836,10001800,0.0,0,-0.03139854552037824,1.2956957706893062,55.675106048583984,58.36988117310436,52.98033092406361,56.58498405157248,54.89838307876312,55.44068574175685,56.96316395539548,75.97596740722656
2021-09-21,57.66993647116752,59.01132773441847,56.93019897415408,58.51816940307617,13923100,0.0,0,0.039600643704196914,1.3470061572534082,55.898999977111814,58.754350655939476,53.04364929828415,56.58498405157248,54.89838307876312,55.39630185946928,56.96316395539548,73.85256958007812
2021-09-22,59.38612134132402,62.02945011956674,59.38612134132402,61.4080696105957,15753000,0.0,0,0.04938466525864382,1.4135276054307,56.236813354492185,59.912880873643374,52.560745835340995,58.36528333857041,56.36799391175013,55.418493787082625,56.96316395539548,74.56698608398438
2021-09-23,61.39820878974282,63.24262355395223,61.39820878974282,62.83823013305664,11886800,0.0,0,0.023289455791884572,1.4464478941079868,56.616052055358885,61.25798335323981,51.97412075747796,59.38612237234906,56.974580628942874,55.33219123400812,56.96316395539548,73.91210174560547
2021-09-24,62.917144702544206,64.79114798241686,62.67056552163989,64.13031005859375,11128300,0.0,0,0.0205620037802019,1.4761897611745003,57.10378589630127,62.67039420950006,51.537177583102476,60.16038458658137,57.7488428431752,55.137394280544505,56.96316395539548,74.01132202148438
2021-09-27,65.7873149026778,66.03389405527405,64.89963597333018,65.79718017578125,13508700,0.0,0,0.02599192356413904,1.5145587726131127,57.59546451568603,64.30569503409586,50.8852339972762,60.781757623009966,58.45898400663093,53.81343374716847,56.46546341839167,72.46342468261719
2021-09-28,66.62568952606917,67.70077101107235,66.2508844010234,66.87226867675781,14995200,0.0,0,0.01633943123556958,1.5393058015304533,58.167528343200686,65.92361193097729,50.41144475542408,61.61519610090912,60.4907987810457,53.81343374716847,56.46546341839167,72.1756820678711
2021-09-29,66.70458487816435,67.54295995699891,65.6985453185601,67.10897827148438,10563700,0.0,0,0.003539727295192474,1.5447545242917788,58.78446922302246,67.29616480276142,50.2727736432835,61.61519610090912,60.68805874642829,53.81343374716847,56.46546341839167,72.74125671386719
2021-09-30,67.28651357083564,67.94734382707276,66.79335531543519,66.84266662597656,15845900,0.0,0,-0.003968346000299272,1.5386244038538615,59.43149242401123,68.32337974964088,50.53960509838158,61.73848250890932,60.811345154428494,53.81343374716847,56.46546341839167,74.86465454101562
2021-10-01,67.44431963151192,69.36764132352133,67.37527777743965,69.14078521728516,13482300,0.0,0,0.03438101301625052,1.5915238695098817,60.097255897521975,69.77737362784966,50.417138167194295,63.1489201488377,61.52149390265278,53.72713133035248,56.46546341839167,75.34093475341797
2021-10-04,69.88053012902797,71.61644946504505,69.66353927140102,70.51177215576172,12423500,0.0,0,0.019828917681047997,1.623082065305816,60.849322128295896,71.29054141386052,50.408102842731275,65.50128540318454,62.64589797341464,53.520005147458065,56.46546341839167,75.1623306274414
2021-10-05,71.11342935580925,71.86303212098113,69.74244980667845,70.74849700927734,11270100,0.0,0,0.003357238745789859,1.6285311393030573,61.62604675292969,72.57921218428986,50.67288132156951,66.63062045536198,62.76918930138268,53.70000844738091,56.46546341839167,72.43366241455078
2021-10-06,69.43669008629988,71.12329056787425,68.83503635880861,70.827392578125,10613500,0.0,0,0.0011151554051715973,1.6303472046055414,62.44123725891113,73.5858982015036,51.296576316318664,67.26679882131052,62.76918930138268,53.70493918437104,56.46546341839167,71.58032989501953
2021-10-07,71.02466774994136,71.14302093806839,69.64382286346508,70.53150939941406,11521300,0.0,0,-0.0041775246545263656,1.6235363889628636,63.22683887481689,74.32621429522835,52.12746345440542,68.38133404715566,62.76918930138268,53.70493918437104,56.46546341839167,71.79862976074219
2021-10-08,71.20219637426027,74.07237371132096,71.20219637426027,73.89483642578125,12308500,0.0,0,0.047685453707235315,1.7009554582807642,64.17320957183838,75.52186159937918,52.8245575442976,69.88545951494052,64.07605668043661,53.74932324788462,56.46546341839167,72.15583801269531
2021-10-11,74.10195555758428,74.4866183886201,72.74084150353426,72.95783233642578,9585200,0.0,0,-0.01268023768205484,1.6793869387831757,64.98100261688232,76.41647790250411,53.54552733126053,70.0925818535901,64.28317901908618,54.34851139614243,56.46546341839167,72.07645416259766
2021-10-12,73.12551689977414,73.58908693606199,72.0208395265988,72.40550994873047,7635600,0.0,0,-0.007570433084530537,1.6666732523400831,65.79323482513428,76.90711722217756,54.679352428090986,70.63998685202765,64.28317901908618,54.42741366656753,56.46546341839167,71.41165924072266
2021-10-13,71.45864060498506,72.75072057547831,70.482189196749,72.22797393798828,8517500,0.0,0,-0.002451968239266633,1.66258662246011,66.47921848297119,77.39970671595304,55.55873024998934,70.93094808302988,64.28317901908618,54.42741366656753,56.46546341839167,72.15583801269531
2021-10-14,73.27345923994466,73.58908024285941,71.84329569158224,72.8394775390625,8152600,0.0,0,0.008466298689192575,1.6766625774025132,67.20021591186523,77.79267342203984,56.60775840169062,71.66082737371435,64.28317901908618,54.38302978427996,56.46546341839167,69.06996154785156
2021-10-15,73.60880419013843,73.90470217628331,73.11564589656253,73.1255111694336,6944100,0.0,0,0.003926903926757319,1.6832466702615623,67.95080280303955,77.96714945941113,57.934456146667976,71.66082737371435,64.59386747309709,54.38302978427996,56.46546341839167,71.33226776123047
2021-10-18,73.74688534920132,74.71347888204076,73.1156433573463,73.48058319091797,9917700,0.0,0,0.004855651821177309,1.6914199300215085,68.81037769317626,77.52961648784593,60.0911388985066,71.77425762042469,65.12155003639333,54.38302978427996,56.46546341839167,73.20760345458984
2021-10-19,73.81593238617252,74.81211428149595,73.36222764300508,74.28936767578125,6589400,0.0,0,0.011006778250002291,1.7100370141188896,69.59893760681152,77.22536149106217,61.972513722560855,72.2279685724805,65.17086773612093,54.73810515168243,56.46546341839167,74.24947357177734
2021-10-20,73.69758258145185,75.05869687326704,73.52004528034561,74.97978973388672,5506000,0.0,0,0.00929368602407088,1.7259295612176502,70.27752361297607,77.24813420802613,63.306913017926014,72.77044303500801,65.29415903200646,54.841668771244784,56.46546341839167,70.92545318603516
2021-10-21,74.61485190380664,74.61485190380664,73.0959234447703,73.56935119628906,5836300,0.0,0,-0.018810916149584966,1.693463244961495,70.8140796661377,77.01298257514979,64.61517675712561,72.77044303500801,65.29415903200646,55.51976159043341,56.2696992910247,71.59026336669922
2021-10-22,74.09211043298562,75.0389735264584,73.96388445079728,74.68389892578125,7170200,0.0,0,0.015149620206905023,1.7191185699570146,71.34175910949708,76.93603703380502,65.74748118518913,72.77044303500801,65.29415903200646,55.61839202827915,56.13265986222099,69.58592987060547
2021-10-25,75.51239973568886,76.91297508692459,75.15732514241769,75.47294616699219,7471200,0.0,0,0.010565158656152596,1.7372813303973487,71.82554740905762,77.07763459041527,66.57346022769997,73.69758214183679,66.22129813883524,55.7416835651678,55.099990943360496,68.66313934326172
2021-10-26,75.64062337119502,76.56775586934013,75.42363251258705,75.97596740722656,5898200,0.0,0,0.006664921217218511,1.7488601735965916,72.28073234558106,77.3075378851034,67.25392680605871,74.37813538925342,66.92158703053934,55.7416835651678,55.016791997922105,70.70716094970703
2021-10-27,74.97380027255663,76.06527248759501,73.6739657239996,73.85256958007812,9025600,0.46,0,-0.027948282853275885,1.699982534794085,72.61791191101074,77.07892179847013,68.15690202355134,75.00444926584746,68.14954821412431,55.7416835651678,55.016791997922105,70.5583267211914
2021-10-28,73.79303855317393,74.75550691187057,73.54497805892927,74.56698608398438,5195900,0.0,0,0.009673549721673558,1.716427400370392,73.00412788391114,76.65403251316596,69.35422325465632,75.00444926584746,69.1555919383337,57.36663862516027,56.36799391175013,72.24513244628906
2021-10-29,73.85256965025786,74.71582288382525,73.3961392554469,73.91210174560547,8078200,0.0,0,-0.008782497091156638,1.7013528817194576,73.24269371032715,76.44278483338265,70.04260258727165,75.00444926584746,69.79177030428224,58.18035150064597,56.974580628942874,73.9914779663086
2021-11-01,74.36852972236645,74.824967672542,73.84264271001372,74.01132202148438,11944600,0.0,0,0.0013424090715266068,1.7036367932617458,73.41767120361328,76.37204253356141,70.46329987366515,75.00444926584746,70.90630553012738,58.954613714878285,57.7488428431752,73.53504943847656
2021-11-02,73.96171206996884,74.6662029099303,72.24513025357463,72.46342468261719,10891900,0.0,0,-0.02091433170749002,1.668006368258385,73.50341758728027,76.23145573854076,70.77537943601978,74.57905267024961,71.30576020274233,59.62037081482045,58.37021587960379,71.98715209960938
2021-11-03,72.08638392019955,73.11831652445915,71.68948560006805,72.1756820678711,9311800,0.0,0,-0.003970866902942793,1.6613829369767699,73.57083206176758,76.0872480393107,71.05441608422446,74.30123034349631,71.30576020274233,61.05299744097741,59.20365435750294,72.91986083984375
2021-11-04,73.42590609860372,74.19985362732909,72.30467539291253,72.74125671386719,8573500,0.0,0,0.0078360831486739,1.674401671812708,73.68131942749024,75.81542559763437,71.5472132573461,74.30123034349631,71.85316520117989,61.1516274236687,59.20365435750294,70.4690170288086
2021-11-05,73.98155978233126,75.22186226028185,73.34652551923699,74.86465454101562,6987600,0.0,0,0.02919110726256724,1.7232793106152147,73.72981033325195,75.92498806376152,71.53463260274238,74.1286207347041,72.14412643218212,61.27491383166891,59.32694076550314,70.13166046142578
2021-11-08,75.08294971584708,76.55147119485954,74.87457980595714,75.34093475341797,6957700,0.0,0,0.0063618835259755535,1.734242612872072,73.84896545410156,76.12178850013925,71.57614240806387,74.1204783974638,72.8740057228666,62.33520702574524,60.03708951372742,70.16142272949219
2021-11-09,75.22186272428448,75.4004665850193,74.1403225905388,75.1623306274414,6049800,0.0,0,-0.002370612026000418,1.7301313964779952,73.9868064880371,76.22653406578033,71.74707891029388,74.1204783974638,72.8740057228666,64.07359168829959,61.16149358448929,71.14374542236328
2021-11-10,73.92202534087717,74.38838026902562,72.3642057807971,72.43366241455078,7484700,0.0,0,-0.03630366687823805,1.6673212826046773,73.99709091186523,76.20575867347291,71.78842315025754,74.1204783974638,72.8740057228666,64.69990487837234,61.284784912457326,68.07772064208984
2021-11-11,72.73133413005885,73.08854181885003,71.43149209632239,71.58032989501953,7784500,0.0,0,-0.011780883239721818,1.6476787652512084,73.93413352966309,76.33666808592288,71.53159897340329,73.99148164559097,73.27839897519483,65.0179940613466,61.284784912457326,68.06779479980469
2021-11-12,71.03459920233581,71.97723361866267,70.94530105847832,71.79862976074219,5329000,0.0,0,0.0030497186314006886,1.6527037218801583,73.86778945922852,76.42595830589696,71.30962061256008,73.74838612666893,73.69758214183679,65.57526167426917,61.284784912457326,70.13166046142578
2021-11-15,71.66964156204598,72.82063832259213,71.18343754119111,72.15583801269531,6181400,0.0,0,0.004975140237960973,1.6609261546683123,73.80155220031739,76.46402185036536,71.13908255026942,73.74838612666893,73.69758214183679,66.98075809768856,62.38945570762725,70.528564453125
2021-11-16,72.43366186783628,73.23737541952056,72.0069975293682,72.07645416259766,7451100,0.0,0,-0.0011001722422472326,1.6590988498165238,73.6909065246582,76.4464161548142,70.9353968945022,73.74838612666893,73.69758214183679,67.18788043633813,62.59657804627682,70.63770294189453
2021-11-17,71.56049705745137,73.35645268741536,71.17352327608019,71.41165924072266,7628600,0.0,0,-0.009223468740225282,1.6437962034382974,73.5125,76.37232704007315,70.65267295992686,73.74838612666893,73.69758214183679,67.46158293555692,62.59657804627682,72.64202880859375
2021-11-18,71.56049433860555,72.64203446334466,71.05444880903676,72.15583801269531,6548800,0.0,0,0.010420970187292378,1.6609261546683123,73.44182434082032,76.36242264092064,70.52122604072,73.74838612666893,73.92913807270145,67.60706355105802,62.59657804627682,72.552734375
2021-11-19,70.3697960573544,70.74685283674987,68.87151618937355,69.06996154785156,8817100,0.0,0,-0.04276683009766735,1.5898936080068407,73.16112747192383,76.59097270214556,69.7312822417021,72.13599138719643,72.89224563814906,67.97200319640027,62.59657804627682,72.35427856445312
2021-11-22,69.09972354332248,72.26497754584422,69.06995749831647,71.33226776123047,7445600,0.0,0,0.03275383629411155,1.6419687229685511,72.95409355163574,76.29866753767465,69.60951956559683,71.62994822919958,72.89224563814906,68.12734742340572,62.59657804627682,71.71924591064453
2021-11-23,72.34435787854947,74.14031322844966,72.27489368073003,73.20760345458984,9107200,0.0,0,0.026290145430910128,1.6851363194884001,72.8156753540039,75.8612219307914,69.7701287772164,71.5059147089116,72.89224563814906,68.44790382840901,62.71000829298714,71.8187484741211
2021-11-24,72.66188782391978,74.90434938080348,72.63211420378616,74.24947357177734,7215800,0.0,0,0.014231720040306595,1.7091187078171117,72.83552055358886,75.91318752307652,69.75785358410121,71.88793278508851,72.89224563814906,68.69941815430072,62.759325992714736,73.40078735351562
2021-11-26,69.98281885428737,71.06436644415297,68.80204859008117,70.92545318603516,10258700,0.0,0,-0.044768268727573446,1.632604422218232,72.6534439086914,75.73069520570202,69.57619261168078,71.85319898544233,72.85751183850289,69.03230103350724,62.88261728860029,76.58477783203125
2021-11-29,72.90994707217004,74.12047597945136,71.39181042027174,71.59026336669922,9191600,0.0,0,0.009373365284255364,1.6479074198323742,72.5373519897461,75.59074501697891,69.48395896251328,71.85319898544233,72.85751183850289,69.03230103350724,62.88261728860029,75.2713851928711
2021-11-30,70.14159054741562,71.67956113039712,69.46686567359357,69.58592987060547,15723700,0.0,0,-0.027997291836002414,1.6017704748806134,72.31608238220215,75.54829532373132,69.08386944067298,71.85319898544233,72.85751183850289,69.03230103350724,62.88261728860029,78.09716796875
2021-12-01,71.4513443474099,71.62002366066365,68.61353178829575,68.66313934326172,10070500,0.0,0,-0.013261165426109445,1.5805291316385637,72.12606811523438,75.73090142373378,68.52123480673497,71.7589405845496,72.59064382881795,69.95944014033601,63.80975639542906,80.23640441894531
2021-12-02,68.6532204894195,71.09413469076084,67.71058612848441,70.70716094970703,8410900,0.0,0,0.02976883413714626,1.6275796412072399,72.05264205932617,75.7104544418717,68.39482967678065,71.30746775464394,72.13102866167198,70.64986120989639,63.80975639542906,80.62445068359375
2021-12-03,71.61010078139351,72.37413133358989,69.63554139113688,70.5583267211914,6995700,0.0,0,-0.00210493854535454,1.6241536860848285,71.94349555969238,75.64309369842532,68.24389742095944,71.30746775464394,72.13102866167198,71.57699873998588,63.80975639542906,83.17163848876953
2021-12-06,71.93753987068695,72.93970633888776,71.07428666696485,72.24513244628906,6200100,0.0,0,0.023906543755820797,1.662981587247393,71.81251945495606,75.26371276924799,68.36132614066413,71.30746775464394,72.13102866167198,72.08002060209057,63.80975639542906,83.97759246826172
2021-12-07,73.58466272499112,75.37069359770538,73.52512306342388,73.9914779663086,8136600,0.0,0,0.02417250077460742,1.7031800109532884,71.74504661560059,74.9598703633267,68.53022286787447,71.5406398630949,72.13102866167198,72.39810978506485,63.80975639542906,83.20149230957031
2021-12-08,74.04109493830885,74.78527637974246,73.01907939976773,73.53504943847656,6313200,0.0,0,-0.006168663478243519,1.6926736666228466,71.66368255615234,74.59540976515974,68.73195534714493,71.5406398630949,72.13102866167198,72.95537739798742,63.80975639542906,86.30587768554688
2021-12-09,73.38620922707051,73.38620922707051,71.89784639306237,71.98715209960938,6511600,0.0,0,-0.02104978987145778,1.6570432416194856,71.64135704040527,74.55585401575169,68.72686006505884,71.5406398630949,72.13102866167198,72.94240643649597,63.8985245224562,87.072021484375
2021-12-10,72.82063815608991,73.07862319001431,71.03459956769879,72.91986083984375,6065000,0.0,0,0.012956600074187863,1.678512888206785,71.70833358764648,74.67580607833378,68.74086109695918,71.5406398630949,72.13102866167198,72.80349527311932,65.09690081897182,86.84317016601562
2021-12-13,72.30467061616721,72.56264806189563,69.97289607443166,70.4690170288086,5719100,0.0,0,-0.03361009994818864,1.622097902269832,71.6418529510498,74.65796238996167,68.62574351213793,71.5406398630949,72.13102866167198,73.07719777233811,65.2941607843544,85.20143127441406
2021-12-14,70.01258870362453,71.18343449295182,69.48670168786151,70.13166046142578,6669300,0.0,0,-0.004787303436415091,1.614332427408094,71.54064407348633,74.6168771387169,68.46441100825577,71.5406398630949,72.13102866167198,73.13637358344312,65.2941607843544,82.30599975585938
2021-12-15,70.06220005510447,70.66746821013578,68.13724837712262,70.16142272949219,6805600,0.0,0,0.00042437706266462705,1.6150175130618016,71.44489250183105,74.5678243136071,68.321960690055,71.753970987414,71.55552635675186,73.4972420601652,65.2941607843544,82.6044921875
2021-12-16,71.17351904010168,72.49319509203279,70.76669620326945,71.14374542236328,7068200,0.0,0,0.014000894717577816,1.6376292032292243,71.43149681091309,74.55721123038511,68.30578239144107,71.753970987414,71.5406398630949,73.4972420601652,65.2941607843544,86.67402648925781
2021-12-17,70.3499556109069,70.54840097237872,67.96857342221877,68.07772064208984,22913100,0.0,0,-0.0430961957663486,1.5670536144941682,71.22759094238282,74.65834399137204,67.7968378933936,71.66963350996207,71.5406398630949,73.4972420601652,65.2941607843544,86.62427520751953
2021-12-20,66.52982435232921,68.10748538538023,65.54749939229599,68.06779479980469,11485000,0.0,0,-0.00014580162484201242,1.5668251355309604,71.17748260498047,74.76041020035389,67.59455500960705,70.16638788601922,70.4590964950007,73.63494031039289,65.2941607843544,89.21126556396484
2021-12-21,68.89135803926573,70.29041523495555,68.76236931263496,70.13166046142578,6324800,0.0,0,0.030320736373069757,1.614332427408094,71.11745223999023,74.72842124326274,67.50648323671771,69.46685430968324,70.4590964950007,73.72298413425287,65.2941607843544,88.77346801757812
2021-12-22,69.95306226586142,71.06437605124566,69.31802797998638,70.528564453125,3775100,0.0,0,0.005659412440655487,1.6234686004311207,70.98350028991699,74.46966499185682,67.49733558797716,69.31306129115515,70.4590964950007,73.72298413425287,65.49635736823842,88.17646789550781
2021-12-23,70.73692561737376,71.58032971425446,70.48886514357326,70.63770294189453,3902700,0.0,0,0.0015474366962631159,1.6259808153186588,70.80291175842285,73.9475856462246,67.65823787062111,69.05507372709582,70.4590964950007,73.72298413425287,65.49635736823842,91.08185577392578
2021-12-27,70.63770349546839,72.68171939313746,69.91336357540429,72.64202880859375,3967800,0.0,0,0.028374731669119413,1.6721175846524616,70.88874053955078,74.13528095659208,67.64220012250948,69.11460939271672,70.4590964950007,73.72298413425287,65.49635736823842,91.74849700927734
2021-12-28,72.84048544997853,73.34652339578409,72.32451539477381,72.552734375,3383700,0.0,0,-0.0012292392580200984,1.6700621520733812,70.93686408996582,74.25213072637814,67.6215974535535,69.44701139404003,70.4590964950007,73.8387620996852,65.49635736823842,90.41520690917967
2021-12-29,72.69164475177766,73.20760721625604,71.87800668496617,72.35427856445312,3947300,0.0,0,-0.002735331924516138,1.6654939777528888,71.07528152465821,74.38446985467864,67.76609319463778,69.44701139404003,70.4590964950007,72.51411851267275,65.49635736823842,91.4102020263672
2021-12-30,72.51304248739156,73.12822764267555,71.6398647389288,71.71924591064453,3340200,0.0,0,-0.00877671184632034,1.6508764170283698,71.22808685302735,74.35278328124251,68.10339042481219,69.44701139404003,70.4590964950007,72.26109693367432,65.80704582224934,92.47484588623048
2021-12-31,71.45059754478946,72.30629396015786,71.32125091128879,71.8187484741211,3453900,0.2,0,0.0013873899845591176,1.6531668264350998,71.28366622924804,74.40887173043008,68.158460728066,69.44701139404003,70.4590964950007,72.19908017353033,66.22129813883524,90.87290954589844
2022-01-03,71.66949795395018,73.58983885728331,71.65954587711757,73.40078735351562,5769900,0.0,0,0.022028215654086525,1.689583141799994,71.42578926086426,74.66386086783568,68.18771765389285,71.17610408495914,70.4590964950007,72.39008921161879,66.22129813883524,92.48479461669922
2022-01-04,74.18683587919439,76.99272189568595,73.90823845207206,76.58477783203125,9189300,0.0,0,0.04337815156097391,1.7628741353998607,71.64277153015136,75.58488925600678,67.70065380429595,73.15537493783617,71.27011064399096,72.35535541197261,66.22129813883524,91.45000457763672
2022-01-05,77.58972573203705,77.87826764748411,75.14203096400453,75.2713851928711,9034500,0.0,0,-0.017149526006861815,1.7326416795679969,71.70676689147949,75.83842087317618,67.5751129097828,73.89581561144419,71.71288351989006,72.35535541197261,66.22129813883524,93.5199966430664
2022-01-06,77.43052303356102,78.39566955318033,76.51512930841696,78.09716796875,8679000,0.0,0,0.0375412617774773,1.797687234427227,71.93487281799317,76.87867420283177,66.99107143315456,74.15451656429231,71.97158447273816,72.35535541197261,66.22129813883524,
2022-01-07,78.47526642851668,80.524953909474,77.9877133628595,80.23640441894531,10837700,0.0,0,0.027391984957140902,1.8469294561103018,72.34733543395996,78.48628013818637,66.20839072973354,75.92310241038139,73.036226650885,72.17479220668378,66.22129813883524,
2022-01-10,80.24635528337605,80.75380490327592,78.81355992893411,80.62445068359375,9125400,0.0,0,0.004836286813430624,1.8558617366842247,72.73256492614746,79.8650533742337,65.60007647806123,76.03752790728235,73.15065214778596,71.71924820815795,66.92158703053934,
2022-01-11,81.2015524010215,83.35073791412938,80.22645384268223,83.17163848876953,8510600,0.0,0,0.03159324229286331,1.9144944261933434,73.36769599914551,81.74854684898064,64.98684514931038,77.33599441270908,74.44911865321268,71.71924820815795,68.14954821412431,
2022-01-12,83.57959288864511,84.11689118244595,82.68409573231037,83.97759246826172,7740100,0.0,0,0.009690250115741206,1.9330463560283493,74.0599925994873,83.49098998602614,64.62899521294847,77.71907104686737,74.83219528737098,71.71924820815795,69.1555919383337,
2022-01-13,83.51989043529952,84.4352840978697,82.77364411644577,83.20149230957031,6814000,0.0,0,-0.00924175289955742,1.9151816192625455,74.71199607849121,84.76425883728378,64.65973331969865,78.04741498749362,74.99139174508284,71.83583426238343,69.79177030428224,
2022-01-14,83.79849323315086,86.43523191417115,83.45024644687513,86.30587768554688,7944900,0.0,0,0.03731165499322997,1.986640215089845,75.4701026916504,86.57539333509386,64.36481204820693,80.1717351831216,75.99136565323357,71.83583426238343,70.90630553012738,
2022-01-18,87.55956694752126,88.66401209245156,85.39047737176381,87.072021484375,10782900,0.0,0,0.008877075575542515,2.00427577042061,76.41981773376465,88.07514505640744,64.76449041112186,81.90302152822804,77.10575574237377,71.83583426238343,71.30576020274233,
2022-01-19,87.45011777769112,87.99736811320511,85.29098025613605,86.84317016601562,7370100,0.0,0,-0.002628299130512768,1.9990079341559055,77.3585865020752,89.19691675114379,65.52025625300661,82.58957070043425,77.10575574237377,71.83583426238343,71.30576020274233,
2022-01-20,85.6193350033632,88.02722142505021,84.97258664283788,85.20143127441406,7707700,0.0,0,-0.018904640266621975,1.961217408270565,78.11207504272461,89.93268817784379,66.29146190760544,83.32586272765553,77.10575574237377,71.83583426238343,71.85316520117989,
2022-01-21,84.48504155648499,84.68403754935586,81.73885282584578,82.30599975585938,10625600,0.0,0,-0.0339833671247749,1.8945686370738068,78.70094680786133,90.11379480278856,67.2880988129341,83.73878601069283,77.10575574237377,71.83583426238343,72.14412643218212,
2022-01-24,80.29610379415846,83.03234039619397,78.38571497026413,82.6044921875,9505400,0.0,0,0.003626618138726556,1.901439514058081,79.29928627014161,90.19610904902494,68.40246349125827,83.52486353135785,77.10575574237377,71.65474867208292,72.31178060770449,
2022-01-25,82.70399804116542,86.82327727718528,80.91300376845659,86.67402648925781,8514800,0.0,0,0.0492652904701667,1.9951144840296051,80.00088615417481,90.8997763879512,69.10199592039841,83.52486353135785,77.10575574237377,71.64730542525444,72.31178060770449,
2022-01-26,88.27597079796878,88.74361973240227,85.92778163998703,86.62427520751953,9416400,0.0,0,-0.0005740045057724963,1.9939692793262402,80.70446319580078,91.40200974672254,70.00691664487903,83.5646673513332,77.14555956234912,71.60513668652848,72.31178060770449,
2022-01-27,88.50481235276817,89.29085940376409,87.37051853011842,89.21126556396484,9624600,0.0,0,0.02986449641567379,2.0535181677216423,81.54731254577636,92.13497590200615,70.95964918954658,83.83828718701412,79.02661435819952,70.31274219050997,71.23023723961029,
2022-01-28,87.53967616378844,89.27096558988806,87.26107114667805,88.77346801757812,11561400,0.0,0,-0.004907424456083054,2.0434406824443543,82.40002365112305,92.40934138256871,72.39070591967739,83.83828718701412,79.30444369187524,69.96297540234197,71.23023723961029,
2022-01-31,88.33566316299648,88.98241149184261,86.48497168227865,88.17646789550781,7539800,0.0,0,-0.006724983662371953,2.02969857723989,83.21790962219238,92.25063345776489,74.18518578661987,83.83828718701412,79.60211148958419,69.88607889307792,71.23023723961029,
2022-02-01,86.96257651304762,91.4301025537178,86.78347708469595,91.08185577392578,9424900,0.0,0,0.03294969675878767,2.096576529871687,84.10196304321289,92.55460845626916,75.64931763015662,84.90790876199097,80.67173306456104,69.75708511104826,71.23023723961029,
2022-02-02,89.99730351252505,92.14649656643152,88.53466709613944,91.74849700927734,8803400,0.0,0,0.007319144188346671,2.1119216757957218,84.86014900207519,93.19796853568805,76.52232946846233,85.26610576834783,81.73387373886015,69.7868529438587,71.23023723961029,
2022-02-03,92.31564359096598,92.48479093502668,89.02221225957548,90.41520690917967,13258500,0.0,0,-0.014532010262389927,2.0812312083296947,85.61734008789062,93.02341089761265,78.2112692781686,85.43525295264541,81.90302092315773,69.95305394452036,71.23023723961029,
2022-02-04,91.53954865576252,94.45488458507816,91.29079988224144,91.4102020263672,12032800,0.0,0,0.011004731960487346,2.104134599925164,86.28299179077149,93.24062191086512,79.32536167067786,87.68394417676737,82.88806774818347,69.95305394452036,71.23023723961029,
2022-02-07,89.96745401398056,93.7583904603948,89.23115977457198,92.47484588623048,8420600,0.0,0,0.011646882254523261,2.128641207858161,86.89491386413575,93.76906004191056,80.02076768636093,90.19133311253259,82.88806774818347,69.95305394452036,71.23023723961029,
2022-02-08,91.4898016851026,92.68380042869144,89.54956416468532,90.87290954589844,7481500,0.0,0,-0.017322941444021134,2.0917668808591037,87.40733680725097,93.84486635125687,80.96980726324507,90.46992813367841,83.05721523109787,69.95305394452036,71.23023723961029,
2022-02-09,91.07190334910592,93.5693432595775,90.7933059263366,92.48479461669922,6973200,0.0,0,0.017737795332575468,2.1288702136752424,87.87299461364746,94.36529731972357,81.38069190757136,90.46992813367841,84.18156151857511,70.81760028997991,71.23023723961029,
2022-02-10,91.77834719595886,93.85789093178728,90.83310487407977,91.45000457763672,7149900,0.0,0,-0.011188758577571178,2.105050798811448,88.24661521911621,94.65789213583618,81.83533830239624,90.46992813367841,84.79845777454135,72.21274279091357,71.27011064399096,
2022-02-11,91.83999633789062,93.69000244140624,91.3499984741211,93.5199966430664,9576000,0.46,0,0.0226352319498504,2.152699111908763,88.76254043579101,95.12684045126625,82.39824042031577,90.61918083488706,85.48500694674756,72.80434956566712,71.71288351989006,
